week,year,district,state,disease_code,disease_name,cases_reported,deaths,trend
1,2024,Jaipur,Rajasthan,DIS-CHL,Cholera,5,0,stable
1,2024,Jaipur,Rajasthan,DIS-DEN,Dengue,0,0,declining
1,2024,Jaipur,Rajasthan,DIS-RSP,Respiratory infections,46,0,declining
1,2024,Jaipur,Rajasthan,DIS-SNK,Snakebite,3,0,stable
1,2024,Jaipur,Rajasthan,DIS-MAL,Malaria,0,0,rising
2,2024,Jaipur,Rajasthan,DIS-CHL,Cholera,3,0,stable
2,2024,Jaipur,Rajasthan,DIS-DEN,Dengue,3,0,stable
2,2024,Jaipur,Rajasthan,DIS-RSP,Respiratory infections,73,0,declining
2,2024,Jaipur,Rajasthan,DIS-SNK,Snakebite,1,0,declining
2,2024,Jaipur,Rajasthan,DIS-MAL,Malaria,4,0,rising
3,2024,Jaipur,Rajasthan,DIS-CHL,Cholera,0,0,stable
3,2024,Jaipur,Rajasthan,DIS-DEN,Dengue,2,0,stable
3,2024,Jaipur,Rajasthan,DIS-RSP,Respiratory infections,62,1,declining
3,2024,Jaipur,Rajasthan,DIS-SNK,Snakebite,2,0,stable
3,2024,Jaipur,Rajasthan,DIS-MAL,Malaria,3,0,stable
4,2024,Jaipur,Rajasthan,DIS-CHL,Cholera,4,0,declining
4,2024,Jaipur,Rajasthan,DIS-DEN,Dengue,0,0,stable
4,2024,Jaipur,Rajasthan,DIS-RSP,Respiratory infections,42,1,declining
4,2024,Jaipur,Rajasthan,DIS-SNK,Snakebite,4,0,rising
4,2024,Jaipur,Rajasthan,DIS-MAL,Malaria,0,0,stable
5,2024,Jaipur,Rajasthan,DIS-CHL,Cholera,0,0,stable
5,2024,Jaipur,Rajasthan,DIS-DEN,Dengue,3,0,rising
5,2024,Jaipur,Rajasthan,DIS-RSP,Respiratory infections,37,0,declining
5,2024,Jaipur,Rajasthan,DIS-SNK,Snakebite,2,0,declining
5,2024,Jaipur,Rajasthan,DIS-MAL,Malaria,2,0,declining
6,2024,Jaipur,Rajasthan,DIS-CHL,Cholera,3,0,declining
6,2024,Jaipur,Rajasthan,DIS-DEN,Dengue,1,0,rising
6,2024,Jaipur,Rajasthan,DIS-RSP,Respiratory infections,54,0,declining
6,2024,Jaipur,Rajasthan,DIS-SNK,Snakebite,0,0,declining
6,2024,Jaipur,Rajasthan,DIS-MAL,Malaria,0,0,declining
7,2024,Jaipur,Rajasthan,DIS-CHL,Cholera,2,0,declining
7,2024,Jaipur,Rajasthan,DIS-DEN,Dengue,0,0,stable
7,2024,Jaipur,Rajasthan,DIS-RSP,Respiratory infections,110,5,declining
7,2024,Jaipur,Rajasthan,DIS-SNK,Snakebite,1,0,stable
7,2024,Jaipur,Rajasthan,DIS-MAL,Malaria,2,0,stable
8,2024,Jaipur,Rajasthan,DIS-CHL,Cholera,1,0,stable
8,2024,Jaipur,Rajasthan,DIS-DEN,Dengue,1,0,rising
8,2024,Jaipur,Rajasthan,DIS-RSP,Respiratory infections,98,0,declining
8,2024,Jaipur,Rajasthan,DIS-SNK,Snakebite,3,0,declining
8,2024,Jaipur,Rajasthan,DIS-MAL,Malaria,2,0,declining
9,2024,Jaipur,Rajasthan,DIS-CHL,Cholera,3,0,stable
9,2024,Jaipur,Rajasthan,DIS-DEN,Dengue,2,0,stable
9,2024,Jaipur,Rajasthan,DIS-RSP,Respiratory infections,1,0,declining
9,2024,Jaipur,Rajasthan,DIS-SNK,Snakebite,0,0,stable
9,2024,Jaipur,Rajasthan,DIS-MAL,Malaria,3,0,declining
10,2024,Jaipur,Rajasthan,DIS-CHL,Cholera,4,0,stable
10,2024,Jaipur,Rajasthan,DIS-DEN,Dengue,1,0,declining
10,2024,Jaipur,Rajasthan,DIS-RSP,Respiratory infections,4,0,stable
10,2024,Jaipur,Rajasthan,DIS-SNK,Snakebite,3,0,stable
10,2024,Jaipur,Rajasthan,DIS-MAL,Malaria,2,0,rising
11,2024,Jaipur,Rajasthan,DIS-CHL,Cholera,0,0,declining
11,2024,Jaipur,Rajasthan,DIS-DEN,Dengue,0,0,rising
11,2024,Jaipur,Rajasthan,DIS-RSP,Respiratory infections,0,0,stable
11,2024,Jaipur,Rajasthan,DIS-SNK,Snakebite,0,0,stable
11,2024,Jaipur,Rajasthan,DIS-MAL,Malaria,0,0,stable
12,2024,Jaipur,Rajasthan,DIS-CHL,Cholera,0,0,rising
12,2024,Jaipur,Rajasthan,DIS-DEN,Dengue,0,0,declining
12,2024,Jaipur,Rajasthan,DIS-RSP,Respiratory infections,0,0,rising
12,2024,Jaipur,Rajasthan,DIS-SNK,Snakebite,2,0,rising
12,2024,Jaipur,Rajasthan,DIS-MAL,Malaria,4,0,declining
13,2024,Jaipur,Rajasthan,DIS-CHL,Cholera,0,0,rising
13,2024,Jaipur,Rajasthan,DIS-DEN,Dengue,0,0,rising
13,2024,Jaipur,Rajasthan,DIS-RSP,Respiratory infections,2,0,stable
13,2024,Jaipur,Rajasthan,DIS-SNK,Snakebite,2,0,rising
13,2024,Jaipur,Rajasthan,DIS-MAL,Malaria,0,0,rising
14,2024,Jaipur,Rajasthan,DIS-CHL,Cholera,5,0,rising
14,2024,Jaipur,Rajasthan,DIS-DEN,Dengue,0,0,stable
14,2024,Jaipur,Rajasthan,DIS-RSP,Respiratory infections,2,0,stable
14,2024,Jaipur,Rajasthan,DIS-SNK,Snakebite,1,0,stable
14,2024,Jaipur,Rajasthan,DIS-MAL,Malaria,4,0,stable
15,2024,Jaipur,Rajasthan,DIS-CHL,Cholera,0,0,stable
15,2024,Jaipur,Rajasthan,DIS-DEN,Dengue,1,0,declining
15,2024,Jaipur,Rajasthan,DIS-RSP,Respiratory infections,5,0,declining
15,2024,Jaipur,Rajasthan,DIS-SNK,Snakebite,0,0,declining
15,2024,Jaipur,Rajasthan,DIS-MAL,Malaria,0,0,rising
16,2024,Jaipur,Rajasthan,DIS-CHL,Cholera,3,0,rising
16,2024,Jaipur,Rajasthan,DIS-DEN,Dengue,0,0,declining
16,2024,Jaipur,Rajasthan,DIS-RSP,Respiratory infections,1,0,stable
16,2024,Jaipur,Rajasthan,DIS-SNK,Snakebite,3,0,rising
16,2024,Jaipur,Rajasthan,DIS-MAL,Malaria,0,0,declining
17,2024,Jaipur,Rajasthan,DIS-CHL,Cholera,5,0,stable
17,2024,Jaipur,Rajasthan,DIS-DEN,Dengue,5,0,stable
17,2024,Jaipur,Rajasthan,DIS-RSP,Respiratory infections,2,0,stable
17,2024,Jaipur,Rajasthan,DIS-SNK,Snakebite,4,0,stable
17,2024,Jaipur,Rajasthan,DIS-MAL,Malaria,4,0,stable
18,2024,Jaipur,Rajasthan,DIS-CHL,Cholera,3,0,stable
18,2024,Jaipur,Rajasthan,DIS-DEN,Dengue,4,0,stable
18,2024,Jaipur,Rajasthan,DIS-RSP,Respiratory infections,2,0,declining
18,2024,Jaipur,Rajasthan,DIS-SNK,Snakebite,2,0,rising
18,2024,Jaipur,Rajasthan,DIS-MAL,Malaria,0,0,declining
19,2024,Jaipur,Rajasthan,DIS-CHL,Cholera,2,0,declining
19,2024,Jaipur,Rajasthan,DIS-DEN,Dengue,0,0,stable
19,2024,Jaipur,Rajasthan,DIS-RSP,Respiratory infections,3,0,rising
19,2024,Jaipur,Rajasthan,DIS-SNK,Snakebite,0,0,declining
19,2024,Jaipur,Rajasthan,DIS-MAL,Malaria,0,0,rising
20,2024,Jaipur,Rajasthan,DIS-CHL,Cholera,2,0,declining
20,2024,Jaipur,Rajasthan,DIS-DEN,Dengue,5,0,rising
20,2024,Jaipur,Rajasthan,DIS-RSP,Respiratory infections,2,0,stable
20,2024,Jaipur,Rajasthan,DIS-SNK,Snakebite,39,1,rising
20,2024,Jaipur,Rajasthan,DIS-MAL,Malaria,4,0,stable
21,2024,Jaipur,Rajasthan,DIS-CHL,Cholera,1,0,declining
21,2024,Jaipur,Rajasthan,DIS-DEN,Dengue,5,0,declining
21,2024,Jaipur,Rajasthan,DIS-RSP,Respiratory infections,0,0,stable
21,2024,Jaipur,Rajasthan,DIS-SNK,Snakebite,47,1,rising
21,2024,Jaipur,Rajasthan,DIS-MAL,Malaria,0,0,stable
22,2024,Jaipur,Rajasthan,DIS-CHL,Cholera,0,0,declining
22,2024,Jaipur,Rajasthan,DIS-DEN,Dengue,2,0,stable
22,2024,Jaipur,Rajasthan,DIS-RSP,Respiratory infections,3,0,rising
22,2024,Jaipur,Rajasthan,DIS-SNK,Snakebite,87,4,rising
22,2024,Jaipur,Rajasthan,DIS-MAL,Malaria,2,0,declining
23,2024,Jaipur,Rajasthan,DIS-CHL,Cholera,3,0,stable
23,2024,Jaipur,Rajasthan,DIS-DEN,Dengue,0,0,declining
23,2024,Jaipur,Rajasthan,DIS-RSP,Respiratory infections,4,0,stable
23,2024,Jaipur,Rajasthan,DIS-SNK,Snakebite,73,2,rising
23,2024,Jaipur,Rajasthan,DIS-MAL,Malaria,1,0,stable
24,2024,Jaipur,Rajasthan,DIS-CHL,Cholera,4,0,stable
24,2024,Jaipur,Rajasthan,DIS-DEN,Dengue,4,0,declining
24,2024,Jaipur,Rajasthan,DIS-RSP,Respiratory infections,1,0,stable
24,2024,Jaipur,Rajasthan,DIS-SNK,Snakebite,20,0,rising
24,2024,Jaipur,Rajasthan,DIS-MAL,Malaria,0,0,rising
25,2024,Jaipur,Rajasthan,DIS-CHL,Cholera,39,1,rising
25,2024,Jaipur,Rajasthan,DIS-DEN,Dengue,4,0,stable
25,2024,Jaipur,Rajasthan,DIS-RSP,Respiratory infections,2,0,stable
25,2024,Jaipur,Rajasthan,DIS-SNK,Snakebite,67,3,rising
25,2024,Jaipur,Rajasthan,DIS-MAL,Malaria,4,0,stable
26,2024,Jaipur,Rajasthan,DIS-CHL,Cholera,51,1,rising
26,2024,Jaipur,Rajasthan,DIS-DEN,Dengue,2,0,stable
26,2024,Jaipur,Rajasthan,DIS-RSP,Respiratory infections,0,0,rising
26,2024,Jaipur,Rajasthan,DIS-SNK,Snakebite,57,1,rising
26,2024,Jaipur,Rajasthan,DIS-MAL,Malaria,4,0,stable
27,2024,Jaipur,Rajasthan,DIS-CHL,Cholera,48,1,rising
27,2024,Jaipur,Rajasthan,DIS-DEN,Dengue,2,0,rising
27,2024,Jaipur,Rajasthan,DIS-RSP,Respiratory infections,1,0,declining
27,2024,Jaipur,Rajasthan,DIS-SNK,Snakebite,74,2,rising
27,2024,Jaipur,Rajasthan,DIS-MAL,Malaria,3,0,stable
28,2024,Jaipur,Rajasthan,DIS-CHL,Cholera,82,3,rising
28,2024,Jaipur,Rajasthan,DIS-DEN,Dengue,3,0,stable
28,2024,Jaipur,Rajasthan,DIS-RSP,Respiratory infections,4,0,declining
28,2024,Jaipur,Rajasthan,DIS-SNK,Snakebite,87,0,rising
28,2024,Jaipur,Rajasthan,DIS-MAL,Malaria,30,0,rising
29,2024,Jaipur,Rajasthan,DIS-CHL,Cholera,104,4,rising
29,2024,Jaipur,Rajasthan,DIS-DEN,Dengue,0,0,stable
29,2024,Jaipur,Rajasthan,DIS-RSP,Respiratory infections,4,0,rising
29,2024,Jaipur,Rajasthan,DIS-SNK,Snakebite,45,1,rising
29,2024,Jaipur,Rajasthan,DIS-MAL,Malaria,79,0,rising
30,2024,Jaipur,Rajasthan,DIS-CHL,Cholera,112,2,declining
30,2024,Jaipur,Rajasthan,DIS-DEN,Dengue,56,2,rising
30,2024,Jaipur,Rajasthan,DIS-RSP,Respiratory infections,2,0,stable
30,2024,Jaipur,Rajasthan,DIS-SNK,Snakebite,77,1,declining
30,2024,Jaipur,Rajasthan,DIS-MAL,Malaria,38,1,rising
31,2024,Jaipur,Rajasthan,DIS-CHL,Cholera,46,0,declining
31,2024,Jaipur,Rajasthan,DIS-DEN,Dengue,22,0,rising
31,2024,Jaipur,Rajasthan,DIS-RSP,Respiratory infections,5,0,stable
31,2024,Jaipur,Rajasthan,DIS-SNK,Snakebite,54,1,declining
31,2024,Jaipur,Rajasthan,DIS-MAL,Malaria,73,0,rising
32,2024,Jaipur,Rajasthan,DIS-CHL,Cholera,96,1,declining
32,2024,Jaipur,Rajasthan,DIS-DEN,Dengue,85,1,rising
32,2024,Jaipur,Rajasthan,DIS-RSP,Respiratory infections,0,0,stable
32,2024,Jaipur,Rajasthan,DIS-SNK,Snakebite,78,3,declining
32,2024,Jaipur,Rajasthan,DIS-MAL,Malaria,87,3,rising
33,2024,Jaipur,Rajasthan,DIS-CHL,Cholera,32,0,declining
33,2024,Jaipur,Rajasthan,DIS-DEN,Dengue,57,0,rising
33,2024,Jaipur,Rajasthan,DIS-RSP,Respiratory infections,3,0,stable
33,2024,Jaipur,Rajasthan,DIS-SNK,Snakebite,27,1,declining
33,2024,Jaipur,Rajasthan,DIS-MAL,Malaria,66,2,rising
34,2024,Jaipur,Rajasthan,DIS-CHL,Cholera,59,2,declining
34,2024,Jaipur,Rajasthan,DIS-DEN,Dengue,20,0,rising
34,2024,Jaipur,Rajasthan,DIS-RSP,Respiratory infections,1,0,stable
34,2024,Jaipur,Rajasthan,DIS-SNK,Snakebite,52,0,declining
34,2024,Jaipur,Rajasthan,DIS-MAL,Malaria,43,1,rising
35,2024,Jaipur,Rajasthan,DIS-CHL,Cholera,24,0,declining
35,2024,Jaipur,Rajasthan,DIS-DEN,Dengue,25,0,rising
35,2024,Jaipur,Rajasthan,DIS-RSP,Respiratory infections,4,0,stable
35,2024,Jaipur,Rajasthan,DIS-SNK,Snakebite,28,0,declining
35,2024,Jaipur,Rajasthan,DIS-MAL,Malaria,64,0,declining
36,2024,Jaipur,Rajasthan,DIS-CHL,Cholera,2,0,rising
36,2024,Jaipur,Rajasthan,DIS-DEN,Dengue,66,2,rising
36,2024,Jaipur,Rajasthan,DIS-RSP,Respiratory infections,4,0,stable
36,2024,Jaipur,Rajasthan,DIS-SNK,Snakebite,31,1,declining
36,2024,Jaipur,Rajasthan,DIS-MAL,Malaria,81,2,declining
37,2024,Jaipur,Rajasthan,DIS-CHL,Cholera,3,0,stable
37,2024,Jaipur,Rajasthan,DIS-DEN,Dengue,58,2,declining
37,2024,Jaipur,Rajasthan,DIS-RSP,Respiratory infections,4,0,rising
37,2024,Jaipur,Rajasthan,DIS-SNK,Snakebite,91,0,declining
37,2024,Jaipur,Rajasthan,DIS-MAL,Malaria,25,0,declining
38,2024,Jaipur,Rajasthan,DIS-CHL,Cholera,2,0,stable
38,2024,Jaipur,Rajasthan,DIS-DEN,Dengue,32,1,declining
38,2024,Jaipur,Rajasthan,DIS-RSP,Respiratory infections,0,0,rising
38,2024,Jaipur,Rajasthan,DIS-SNK,Snakebite,83,1,declining
38,2024,Jaipur,Rajasthan,DIS-MAL,Malaria,69,0,declining
39,2024,Jaipur,Rajasthan,DIS-CHL,Cholera,3,0,stable
39,2024,Jaipur,Rajasthan,DIS-DEN,Dengue,49,1,declining
39,2024,Jaipur,Rajasthan,DIS-RSP,Respiratory infections,5,0,rising
39,2024,Jaipur,Rajasthan,DIS-SNK,Snakebite,98,1,declining
39,2024,Jaipur,Rajasthan,DIS-MAL,Malaria,29,1,declining
40,2024,Jaipur,Rajasthan,DIS-CHL,Cholera,3,0,stable
40,2024,Jaipur,Rajasthan,DIS-DEN,Dengue,58,2,declining
40,2024,Jaipur,Rajasthan,DIS-RSP,Respiratory infections,2,0,stable
40,2024,Jaipur,Rajasthan,DIS-SNK,Snakebite,40,1,declining
40,2024,Jaipur,Rajasthan,DIS-MAL,Malaria,30,1,declining
41,2024,Jaipur,Rajasthan,DIS-CHL,Cholera,5,0,declining
41,2024,Jaipur,Rajasthan,DIS-DEN,Dengue,31,0,declining
41,2024,Jaipur,Rajasthan,DIS-RSP,Respiratory infections,4,0,rising
41,2024,Jaipur,Rajasthan,DIS-SNK,Snakebite,4,0,stable
41,2024,Jaipur,Rajasthan,DIS-MAL,Malaria,72,3,declining
42,2024,Jaipur,Rajasthan,DIS-CHL,Cholera,3,0,stable
42,2024,Jaipur,Rajasthan,DIS-DEN,Dengue,100,2,declining
42,2024,Jaipur,Rajasthan,DIS-RSP,Respiratory infections,1,0,stable
42,2024,Jaipur,Rajasthan,DIS-SNK,Snakebite,3,0,stable
42,2024,Jaipur,Rajasthan,DIS-MAL,Malaria,67,0,declining
43,2024,Jaipur,Rajasthan,DIS-CHL,Cholera,2,0,stable
43,2024,Jaipur,Rajasthan,DIS-DEN,Dengue,19,0,declining
43,2024,Jaipur,Rajasthan,DIS-RSP,Respiratory infections,4,0,rising
43,2024,Jaipur,Rajasthan,DIS-SNK,Snakebite,3,0,rising
43,2024,Jaipur,Rajasthan,DIS-MAL,Malaria,3,0,rising
44,2024,Jaipur,Rajasthan,DIS-CHL,Cholera,2,0,declining
44,2024,Jaipur,Rajasthan,DIS-DEN,Dengue,90,2,declining
44,2024,Jaipur,Rajasthan,DIS-RSP,Respiratory infections,4,0,declining
44,2024,Jaipur,Rajasthan,DIS-SNK,Snakebite,5,0,stable
44,2024,Jaipur,Rajasthan,DIS-MAL,Malaria,5,0,declining
45,2024,Jaipur,Rajasthan,DIS-CHL,Cholera,3,0,rising
45,2024,Jaipur,Rajasthan,DIS-DEN,Dengue,55,1,declining
45,2024,Jaipur,Rajasthan,DIS-RSP,Respiratory infections,44,1,declining
45,2024,Jaipur,Rajasthan,DIS-SNK,Snakebite,4,0,declining
45,2024,Jaipur,Rajasthan,DIS-MAL,Malaria,0,0,declining
46,2024,Jaipur,Rajasthan,DIS-CHL,Cholera,0,0,declining
46,2024,Jaipur,Rajasthan,DIS-DEN,Dengue,1,0,rising
46,2024,Jaipur,Rajasthan,DIS-RSP,Respiratory infections,101,3,declining
46,2024,Jaipur,Rajasthan,DIS-SNK,Snakebite,1,0,declining
46,2024,Jaipur,Rajasthan,DIS-MAL,Malaria,2,0,declining
47,2024,Jaipur,Rajasthan,DIS-CHL,Cholera,0,0,declining
47,2024,Jaipur,Rajasthan,DIS-DEN,Dengue,3,0,declining
47,2024,Jaipur,Rajasthan,DIS-RSP,Respiratory infections,109,1,declining
47,2024,Jaipur,Rajasthan,DIS-SNK,Snakebite,4,0,stable
47,2024,Jaipur,Rajasthan,DIS-MAL,Malaria,0,0,rising
48,2024,Jaipur,Rajasthan,DIS-CHL,Cholera,1,0,stable
48,2024,Jaipur,Rajasthan,DIS-DEN,Dengue,4,0,rising
48,2024,Jaipur,Rajasthan,DIS-RSP,Respiratory infections,81,2,declining
48,2024,Jaipur,Rajasthan,DIS-SNK,Snakebite,3,0,rising
48,2024,Jaipur,Rajasthan,DIS-MAL,Malaria,2,0,stable
49,2024,Jaipur,Rajasthan,DIS-CHL,Cholera,1,0,declining
49,2024,Jaipur,Rajasthan,DIS-DEN,Dengue,5,0,stable
49,2024,Jaipur,Rajasthan,DIS-RSP,Respiratory infections,18,0,declining
49,2024,Jaipur,Rajasthan,DIS-SNK,Snakebite,3,0,rising
49,2024,Jaipur,Rajasthan,DIS-MAL,Malaria,1,0,declining
50,2024,Jaipur,Rajasthan,DIS-CHL,Cholera,0,0,stable
50,2024,Jaipur,Rajasthan,DIS-DEN,Dengue,4,0,stable
50,2024,Jaipur,Rajasthan,DIS-RSP,Respiratory infections,85,1,declining
50,2024,Jaipur,Rajasthan,DIS-SNK,Snakebite,4,0,stable
50,2024,Jaipur,Rajasthan,DIS-MAL,Malaria,2,0,rising
51,2024,Jaipur,Rajasthan,DIS-CHL,Cholera,1,0,rising
51,2024,Jaipur,Rajasthan,DIS-DEN,Dengue,5,0,stable
51,2024,Jaipur,Rajasthan,DIS-RSP,Respiratory infections,31,1,declining
51,2024,Jaipur,Rajasthan,DIS-SNK,Snakebite,3,0,declining
51,2024,Jaipur,Rajasthan,DIS-MAL,Malaria,0,0,stable
52,2024,Jaipur,Rajasthan,DIS-CHL,Cholera,0,0,rising
52,2024,Jaipur,Rajasthan,DIS-DEN,Dengue,0,0,stable
52,2024,Jaipur,Rajasthan,DIS-RSP,Respiratory infections,78,1,declining
52,2024,Jaipur,Rajasthan,DIS-SNK,Snakebite,3,0,stable
52,2024,Jaipur,Rajasthan,DIS-MAL,Malaria,4,0,declining
1,2024,Jodhpur,Rajasthan,DIS-CHL,Cholera,1,0,stable
1,2024,Jodhpur,Rajasthan,DIS-DEN,Dengue,0,0,rising
1,2024,Jodhpur,Rajasthan,DIS-RSP,Respiratory infections,63,0,declining
1,2024,Jodhpur,Rajasthan,DIS-SNK,Snakebite,1,0,stable
1,2024,Jodhpur,Rajasthan,DIS-MAL,Malaria,0,0,rising
2,2024,Jodhpur,Rajasthan,DIS-CHL,Cholera,5,0,rising
2,2024,Jodhpur,Rajasthan,DIS-DEN,Dengue,1,0,rising
2,2024,Jodhpur,Rajasthan,DIS-RSP,Respiratory infections,73,2,declining
2,2024,Jodhpur,Rajasthan,DIS-SNK,Snakebite,2,0,stable
2,2024,Jodhpur,Rajasthan,DIS-MAL,Malaria,1,0,declining
3,2024,Jodhpur,Rajasthan,DIS-CHL,Cholera,1,0,stable
3,2024,Jodhpur,Rajasthan,DIS-DEN,Dengue,1,0,stable
3,2024,Jodhpur,Rajasthan,DIS-RSP,Respiratory infections,81,2,declining
3,2024,Jodhpur,Rajasthan,DIS-SNK,Snakebite,4,0,declining
3,2024,Jodhpur,Rajasthan,DIS-MAL,Malaria,2,0,stable
4,2024,Jodhpur,Rajasthan,DIS-CHL,Cholera,1,0,stable
4,2024,Jodhpur,Rajasthan,DIS-DEN,Dengue,5,0,stable
4,2024,Jodhpur,Rajasthan,DIS-RSP,Respiratory infections,37,1,declining
4,2024,Jodhpur,Rajasthan,DIS-SNK,Snakebite,5,0,rising
4,2024,Jodhpur,Rajasthan,DIS-MAL,Malaria,0,0,rising
5,2024,Jodhpur,Rajasthan,DIS-CHL,Cholera,1,0,rising
5,2024,Jodhpur,Rajasthan,DIS-DEN,Dengue,2,0,declining
5,2024,Jodhpur,Rajasthan,DIS-RSP,Respiratory infections,68,2,declining
5,2024,Jodhpur,Rajasthan,DIS-SNK,Snakebite,3,0,rising
5,2024,Jodhpur,Rajasthan,DIS-MAL,Malaria,2,0,stable
6,2024,Jodhpur,Rajasthan,DIS-CHL,Cholera,3,0,stable
6,2024,Jodhpur,Rajasthan,DIS-DEN,Dengue,4,0,declining
6,2024,Jodhpur,Rajasthan,DIS-RSP,Respiratory infections,75,0,declining
6,2024,Jodhpur,Rajasthan,DIS-SNK,Snakebite,0,0,stable
6,2024,Jodhpur,Rajasthan,DIS-MAL,Malaria,2,0,rising
7,2024,Jodhpur,Rajasthan,DIS-CHL,Cholera,0,0,rising
7,2024,Jodhpur,Rajasthan,DIS-DEN,Dengue,3,0,rising
7,2024,Jodhpur,Rajasthan,DIS-RSP,Respiratory infections,43,1,declining
7,2024,Jodhpur,Rajasthan,DIS-SNK,Snakebite,0,0,stable
7,2024,Jodhpur,Rajasthan,DIS-MAL,Malaria,3,0,stable
8,2024,Jodhpur,Rajasthan,DIS-CHL,Cholera,3,0,stable
8,2024,Jodhpur,Rajasthan,DIS-DEN,Dengue,4,0,rising
8,2024,Jodhpur,Rajasthan,DIS-RSP,Respiratory infections,36,0,declining
8,2024,Jodhpur,Rajasthan,DIS-SNK,Snakebite,0,0,stable
8,2024,Jodhpur,Rajasthan,DIS-MAL,Malaria,5,0,rising
9,2024,Jodhpur,Rajasthan,DIS-CHL,Cholera,3,0,declining
9,2024,Jodhpur,Rajasthan,DIS-DEN,Dengue,0,0,rising
9,2024,Jodhpur,Rajasthan,DIS-RSP,Respiratory infections,4,0,rising
9,2024,Jodhpur,Rajasthan,DIS-SNK,Snakebite,1,0,stable
9,2024,Jodhpur,Rajasthan,DIS-MAL,Malaria,1,0,stable
10,2024,Jodhpur,Rajasthan,DIS-CHL,Cholera,0,0,stable
10,2024,Jodhpur,Rajasthan,DIS-DEN,Dengue,1,0,rising
10,2024,Jodhpur,Rajasthan,DIS-RSP,Respiratory infections,2,0,stable
10,2024,Jodhpur,Rajasthan,DIS-SNK,Snakebite,5,0,stable
10,2024,Jodhpur,Rajasthan,DIS-MAL,Malaria,4,0,stable
11,2024,Jodhpur,Rajasthan,DIS-CHL,Cholera,0,0,declining
11,2024,Jodhpur,Rajasthan,DIS-DEN,Dengue,0,0,stable
11,2024,Jodhpur,Rajasthan,DIS-RSP,Respiratory infections,1,0,stable
11,2024,Jodhpur,Rajasthan,DIS-SNK,Snakebite,2,0,rising
11,2024,Jodhpur,Rajasthan,DIS-MAL,Malaria,0,0,declining
12,2024,Jodhpur,Rajasthan,DIS-CHL,Cholera,4,0,stable
12,2024,Jodhpur,Rajasthan,DIS-DEN,Dengue,4,0,rising
12,2024,Jodhpur,Rajasthan,DIS-RSP,Respiratory infections,5,0,declining
12,2024,Jodhpur,Rajasthan,DIS-SNK,Snakebite,4,0,stable
12,2024,Jodhpur,Rajasthan,DIS-MAL,Malaria,0,0,stable
13,2024,Jodhpur,Rajasthan,DIS-CHL,Cholera,2,0,declining
13,2024,Jodhpur,Rajasthan,DIS-DEN,Dengue,2,0,stable
13,2024,Jodhpur,Rajasthan,DIS-RSP,Respiratory infections,2,0,stable
13,2024,Jodhpur,Rajasthan,DIS-SNK,Snakebite,3,0,stable
13,2024,Jodhpur,Rajasthan,DIS-MAL,Malaria,0,0,rising
14,2024,Jodhpur,Rajasthan,DIS-CHL,Cholera,0,0,stable
14,2024,Jodhpur,Rajasthan,DIS-DEN,Dengue,2,0,stable
14,2024,Jodhpur,Rajasthan,DIS-RSP,Respiratory infections,1,0,stable
14,2024,Jodhpur,Rajasthan,DIS-SNK,Snakebite,4,0,rising
14,2024,Jodhpur,Rajasthan,DIS-MAL,Malaria,3,0,rising
15,2024,Jodhpur,Rajasthan,DIS-CHL,Cholera,2,0,stable
15,2024,Jodhpur,Rajasthan,DIS-DEN,Dengue,0,0,stable
15,2024,Jodhpur,Rajasthan,DIS-RSP,Respiratory infections,5,0,stable
15,2024,Jodhpur,Rajasthan,DIS-SNK,Snakebite,2,0,stable
15,2024,Jodhpur,Rajasthan,DIS-MAL,Malaria,5,0,declining
16,2024,Jodhpur,Rajasthan,DIS-CHL,Cholera,2,0,declining
16,2024,Jodhpur,Rajasthan,DIS-DEN,Dengue,3,0,rising
16,2024,Jodhpur,Rajasthan,DIS-RSP,Respiratory infections,4,0,declining
16,2024,Jodhpur,Rajasthan,DIS-SNK,Snakebite,2,0,declining
16,2024,Jodhpur,Rajasthan,DIS-MAL,Malaria,3,0,stable
17,2024,Jodhpur,Rajasthan,DIS-CHL,Cholera,2,0,stable
17,2024,Jodhpur,Rajasthan,DIS-DEN,Dengue,0,0,stable
17,2024,Jodhpur,Rajasthan,DIS-RSP,Respiratory infections,1,0,rising
17,2024,Jodhpur,Rajasthan,DIS-SNK,Snakebite,0,0,stable
17,2024,Jodhpur,Rajasthan,DIS-MAL,Malaria,0,0,stable
18,2024,Jodhpur,Rajasthan,DIS-CHL,Cholera,4,0,declining
18,2024,Jodhpur,Rajasthan,DIS-DEN,Dengue,4,0,stable
18,2024,Jodhpur,Rajasthan,DIS-RSP,Respiratory infections,5,0,stable
18,2024,Jodhpur,Rajasthan,DIS-SNK,Snakebite,2,0,stable
18,2024,Jodhpur,Rajasthan,DIS-MAL,Malaria,0,0,stable
19,2024,Jodhpur,Rajasthan,DIS-CHL,Cholera,3,0,stable
19,2024,Jodhpur,Rajasthan,DIS-DEN,Dengue,2,0,stable
19,2024,Jodhpur,Rajasthan,DIS-RSP,Respiratory infections,3,0,rising
19,2024,Jodhpur,Rajasthan,DIS-SNK,Snakebite,0,0,declining
19,2024,Jodhpur,Rajasthan,DIS-MAL,Malaria,4,0,declining
20,2024,Jodhpur,Rajasthan,DIS-CHL,Cholera,0,0,rising
20,2024,Jodhpur,Rajasthan,DIS-DEN,Dengue,2,0,rising
20,2024,Jodhpur,Rajasthan,DIS-RSP,Respiratory infections,5,0,rising
20,2024,Jodhpur,Rajasthan,DIS-SNK,Snakebite,81,2,rising
20,2024,Jodhpur,Rajasthan,DIS-MAL,Malaria,5,0,rising
21,2024,Jodhpur,Rajasthan,DIS-CHL,Cholera,3,0,declining
21,2024,Jodhpur,Rajasthan,DIS-DEN,Dengue,3,0,declining
21,2024,Jodhpur,Rajasthan,DIS-RSP,Respiratory infections,0,0,stable
21,2024,Jodhpur,Rajasthan,DIS-SNK,Snakebite,37,1,rising
21,2024,Jodhpur,Rajasthan,DIS-MAL,Malaria,0,0,rising
22,2024,Jodhpur,Rajasthan,DIS-CHL,Cholera,1,0,declining
22,2024,Jodhpur,Rajasthan,DIS-DEN,Dengue,4,0,stable
22,2024,Jodhpur,Rajasthan,DIS-RSP,Respiratory infections,3,0,rising
22,2024,Jodhpur,Rajasthan,DIS-SNK,Snakebite,114,5,rising
22,2024,Jodhpur,Rajasthan,DIS-MAL,Malaria,4,0,rising
23,2024,Jodhpur,Rajasthan,DIS-CHL,Cholera,0,0,stable
23,2024,Jodhpur,Rajasthan,DIS-DEN,Dengue,0,0,rising
23,2024,Jodhpur,Rajasthan,DIS-RSP,Respiratory infections,1,0,stable
23,2024,Jodhpur,Rajasthan,DIS-SNK,Snakebite,56,1,rising
23,2024,Jodhpur,Rajasthan,DIS-MAL,Malaria,5,0,rising
24,2024,Jodhpur,Rajasthan,DIS-CHL,Cholera,0,0,stable
24,2024,Jodhpur,Rajasthan,DIS-DEN,Dengue,1,0,stable
24,2024,Jodhpur,Rajasthan,DIS-RSP,Respiratory infections,4,0,stable
24,2024,Jodhpur,Rajasthan,DIS-SNK,Snakebite,35,1,rising
24,2024,Jodhpur,Rajasthan,DIS-MAL,Malaria,1,0,stable
25,2024,Jodhpur,Rajasthan,DIS-CHL,Cholera,68,0,rising
25,2024,Jodhpur,Rajasthan,DIS-DEN,Dengue,3,0,stable
25,2024,Jodhpur,Rajasthan,DIS-RSP,Respiratory infections,3,0,stable
25,2024,Jodhpur,Rajasthan,DIS-SNK,Snakebite,45,1,rising
25,2024,Jodhpur,Rajasthan,DIS-MAL,Malaria,0,0,stable
26,2024,Jodhpur,Rajasthan,DIS-CHL,Cholera,29,0,rising
26,2024,Jodhpur,Rajasthan,DIS-DEN,Dengue,4,0,declining
26,2024,Jodhpur,Rajasthan,DIS-RSP,Respiratory infections,1,0,stable
26,2024,Jodhpur,Rajasthan,DIS-SNK,Snakebite,58,2,rising
26,2024,Jodhpur,Rajasthan,DIS-MAL,Malaria,2,0,rising
27,2024,Jodhpur,Rajasthan,DIS-CHL,Cholera,26,0,rising
27,2024,Jodhpur,Rajasthan,DIS-DEN,Dengue,0,0,stable
27,2024,Jodhpur,Rajasthan,DIS-RSP,Respiratory infections,3,0,declining
27,2024,Jodhpur,Rajasthan,DIS-SNK,Snakebite,21,0,rising
27,2024,Jodhpur,Rajasthan,DIS-MAL,Malaria,4,0,declining
28,2024,Jodhpur,Rajasthan,DIS-CHL,Cholera,56,1,rising
28,2024,Jodhpur,Rajasthan,DIS-DEN,Dengue,1,0,stable
28,2024,Jodhpur,Rajasthan,DIS-RSP,Respiratory infections,3,0,stable
28,2024,Jodhpur,Rajasthan,DIS-SNK,Snakebite,89,1,rising
28,2024,Jodhpur,Rajasthan,DIS-MAL,Malaria,52,0,rising
29,2024,Jodhpur,Rajasthan,DIS-CHL,Cholera,32,0,rising
29,2024,Jodhpur,Rajasthan,DIS-DEN,Dengue,0,0,stable
29,2024,Jodhpur,Rajasthan,DIS-RSP,Respiratory infections,3,0,rising
29,2024,Jodhpur,Rajasthan,DIS-SNK,Snakebite,73,0,rising
29,2024,Jodhpur,Rajasthan,DIS-MAL,Malaria,36,1,rising
30,2024,Jodhpur,Rajasthan,DIS-CHL,Cholera,59,1,declining
30,2024,Jodhpur,Rajasthan,DIS-DEN,Dengue,101,2,rising
30,2024,Jodhpur,Rajasthan,DIS-RSP,Respiratory infections,0,0,stable
30,2024,Jodhpur,Rajasthan,DIS-SNK,Snakebite,99,4,declining
30,2024,Jodhpur,Rajasthan,DIS-MAL,Malaria,25,0,rising
31,2024,Jodhpur,Rajasthan,DIS-CHL,Cholera,65,1,declining
31,2024,Jodhpur,Rajasthan,DIS-DEN,Dengue,35,1,rising
31,2024,Jodhpur,Rajasthan,DIS-RSP,Respiratory infections,2,0,rising
31,2024,Jodhpur,Rajasthan,DIS-SNK,Snakebite,63,0,declining
31,2024,Jodhpur,Rajasthan,DIS-MAL,Malaria,89,2,rising
32,2024,Jodhpur,Rajasthan,DIS-CHL,Cholera,71,0,declining
32,2024,Jodhpur,Rajasthan,DIS-DEN,Dengue,36,1,rising
32,2024,Jodhpur,Rajasthan,DIS-RSP,Respiratory infections,0,0,stable
32,2024,Jodhpur,Rajasthan,DIS-SNK,Snakebite,90,1,declining
32,2024,Jodhpur,Rajasthan,DIS-MAL,Malaria,100,0,rising
33,2024,Jodhpur,Rajasthan,DIS-CHL,Cholera,22,0,declining
33,2024,Jodhpur,Rajasthan,DIS-DEN,Dengue,32,0,rising
33,2024,Jodhpur,Rajasthan,DIS-RSP,Respiratory infections,2,0,stable
33,2024,Jodhpur,Rajasthan,DIS-SNK,Snakebite,80,3,declining
33,2024,Jodhpur,Rajasthan,DIS-MAL,Malaria,27,1,rising
34,2024,Jodhpur,Rajasthan,DIS-CHL,Cholera,25,0,declining
34,2024,Jodhpur,Rajasthan,DIS-DEN,Dengue,66,1,rising
34,2024,Jodhpur,Rajasthan,DIS-RSP,Respiratory infections,2,0,rising
34,2024,Jodhpur,Rajasthan,DIS-SNK,Snakebite,42,1,declining
34,2024,Jodhpur,Rajasthan,DIS-MAL,Malaria,91,1,rising
35,2024,Jodhpur,Rajasthan,DIS-CHL,Cholera,83,4,declining
35,2024,Jodhpur,Rajasthan,DIS-DEN,Dengue,62,1,rising
35,2024,Jodhpur,Rajasthan,DIS-RSP,Respiratory infections,0,0,stable
35,2024,Jodhpur,Rajasthan,DIS-SNK,Snakebite,85,0,declining
35,2024,Jodhpur,Rajasthan,DIS-MAL,Malaria,45,1,declining
36,2024,Jodhpur,Rajasthan,DIS-CHL,Cholera,1,0,stable
36,2024,Jodhpur,Rajasthan,DIS-DEN,Dengue,70,1,rising
36,2024,Jodhpur,Rajasthan,DIS-RSP,Respiratory infections,0,0,stable
36,2024,Jodhpur,Rajasthan,DIS-SNK,Snakebite,76,1,declining
36,2024,Jodhpur,Rajasthan,DIS-MAL,Malaria,105,2,declining
37,2024,Jodhpur,Rajasthan,DIS-CHL,Cholera,1,0,declining
37,2024,Jodhpur,Rajasthan,DIS-DEN,Dengue,98,3,declining
37,2024,Jodhpur,Rajasthan,DIS-RSP,Respiratory infections,2,0,stable
37,2024,Jodhpur,Rajasthan,DIS-SNK,Snakebite,104,4,declining
37,2024,Jodhpur,Rajasthan,DIS-MAL,Malaria,111,4,declining
38,2024,Jodhpur,Rajasthan,DIS-CHL,Cholera,0,0,rising
38,2024,Jodhpur,Rajasthan,DIS-DEN,Dengue,99,0,declining
38,2024,Jodhpur,Rajasthan,DIS-RSP,Respiratory infections,2,0,stable
38,2024,Jodhpur,Rajasthan,DIS-SNK,Snakebite,62,1,declining
38,2024,Jodhpur,Rajasthan,DIS-MAL,Malaria,93,3,declining
39,2024,Jodhpur,Rajasthan,DIS-CHL,Cholera,2,0,declining
39,2024,Jodhpur,Rajasthan,DIS-DEN,Dengue,23,0,declining
39,2024,Jodhpur,Rajasthan,DIS-RSP,Respiratory infections,1,0,rising
39,2024,Jodhpur,Rajasthan,DIS-SNK,Snakebite,73,1,declining
39,2024,Jodhpur,Rajasthan,DIS-MAL,Malaria,50,0,declining
40,2024,Jodhpur,Rajasthan,DIS-CHL,Cholera,0,0,declining
40,2024,Jodhpur,Rajasthan,DIS-DEN,Dengue,26,0,declining
40,2024,Jodhpur,Rajasthan,DIS-RSP,Respiratory infections,0,0,stable
40,2024,Jodhpur,Rajasthan,DIS-SNK,Snakebite,95,4,declining
40,2024,Jodhpur,Rajasthan,DIS-MAL,Malaria,21,0,declining
41,2024,Jodhpur,Rajasthan,DIS-CHL,Cholera,5,0,declining
41,2024,Jodhpur,Rajasthan,DIS-DEN,Dengue,93,4,declining
41,2024,Jodhpur,Rajasthan,DIS-RSP,Respiratory infections,4,0,stable
41,2024,Jodhpur,Rajasthan,DIS-SNK,Snakebite,3,0,declining
41,2024,Jodhpur,Rajasthan,DIS-MAL,Malaria,54,0,declining
42,2024,Jodhpur,Rajasthan,DIS-CHL,Cholera,5,0,rising
42,2024,Jodhpur,Rajasthan,DIS-DEN,Dengue,49,0,declining
42,2024,Jodhpur,Rajasthan,DIS-RSP,Respiratory infections,1,0,declining
42,2024,Jodhpur,Rajasthan,DIS-SNK,Snakebite,2,0,stable
42,2024,Jodhpur,Rajasthan,DIS-MAL,Malaria,35,0,declining
43,2024,Jodhpur,Rajasthan,DIS-CHL,Cholera,0,0,stable
43,2024,Jodhpur,Rajasthan,DIS-DEN,Dengue,60,0,declining
43,2024,Jodhpur,Rajasthan,DIS-RSP,Respiratory infections,0,0,rising
43,2024,Jodhpur,Rajasthan,DIS-SNK,Snakebite,1,0,declining
43,2024,Jodhpur,Rajasthan,DIS-MAL,Malaria,1,0,declining
44,2024,Jodhpur,Rajasthan,DIS-CHL,Cholera,2,0,stable
44,2024,Jodhpur,Rajasthan,DIS-DEN,Dengue,91,2,declining
44,2024,Jodhpur,Rajasthan,DIS-RSP,Respiratory infections,3,0,stable
44,2024,Jodhpur,Rajasthan,DIS-SNK,Snakebite,0,0,rising
44,2024,Jodhpur,Rajasthan,DIS-MAL,Malaria,2,0,declining
45,2024,Jodhpur,Rajasthan,DIS-CHL,Cholera,1,0,rising
45,2024,Jodhpur,Rajasthan,DIS-DEN,Dengue,38,0,declining
45,2024,Jodhpur,Rajasthan,DIS-RSP,Respiratory infections,25,0,declining
45,2024,Jodhpur,Rajasthan,DIS-SNK,Snakebite,3,0,stable
45,2024,Jodhpur,Rajasthan,DIS-MAL,Malaria,4,0,stable
46,2024,Jodhpur,Rajasthan,DIS-CHL,Cholera,0,0,rising
46,2024,Jodhpur,Rajasthan,DIS-DEN,Dengue,2,0,declining
46,2024,Jodhpur,Rajasthan,DIS-RSP,Respiratory infections,80,0,declining
46,2024,Jodhpur,Rajasthan,DIS-SNK,Snakebite,1,0,rising
46,2024,Jodhpur,Rajasthan,DIS-MAL,Malaria,5,0,declining
47,2024,Jodhpur,Rajasthan,DIS-CHL,Cholera,0,0,stable
47,2024,Jodhpur,Rajasthan,DIS-DEN,Dengue,2,0,rising
47,2024,Jodhpur,Rajasthan,DIS-RSP,Respiratory infections,33,0,declining
47,2024,Jodhpur,Rajasthan,DIS-SNK,Snakebite,3,0,stable
47,2024,Jodhpur,Rajasthan,DIS-MAL,Malaria,2,0,declining
48,2024,Jodhpur,Rajasthan,DIS-CHL,Cholera,5,0,rising
48,2024,Jodhpur,Rajasthan,DIS-DEN,Dengue,1,0,rising
48,2024,Jodhpur,Rajasthan,DIS-RSP,Respiratory infections,59,2,declining
48,2024,Jodhpur,Rajasthan,DIS-SNK,Snakebite,0,0,stable
48,2024,Jodhpur,Rajasthan,DIS-MAL,Malaria,0,0,stable
49,2024,Jodhpur,Rajasthan,DIS-CHL,Cholera,0,0,rising
49,2024,Jodhpur,Rajasthan,DIS-DEN,Dengue,4,0,stable
49,2024,Jodhpur,Rajasthan,DIS-RSP,Respiratory infections,18,0,declining
49,2024,Jodhpur,Rajasthan,DIS-SNK,Snakebite,1,0,stable
49,2024,Jodhpur,Rajasthan,DIS-MAL,Malaria,1,0,declining
50,2024,Jodhpur,Rajasthan,DIS-CHL,Cholera,0,0,rising
50,2024,Jodhpur,Rajasthan,DIS-DEN,Dengue,0,0,rising
50,2024,Jodhpur,Rajasthan,DIS-RSP,Respiratory infections,71,1,declining
50,2024,Jodhpur,Rajasthan,DIS-SNK,Snakebite,1,0,rising
50,2024,Jodhpur,Rajasthan,DIS-MAL,Malaria,3,0,stable
51,2024,Jodhpur,Rajasthan,DIS-CHL,Cholera,1,0,stable
51,2024,Jodhpur,Rajasthan,DIS-DEN,Dengue,2,0,rising
51,2024,Jodhpur,Rajasthan,DIS-RSP,Respiratory infections,57,1,declining
51,2024,Jodhpur,Rajasthan,DIS-SNK,Snakebite,5,0,declining
51,2024,Jodhpur,Rajasthan,DIS-MAL,Malaria,5,0,rising
52,2024,Jodhpur,Rajasthan,DIS-CHL,Cholera,1,0,stable
52,2024,Jodhpur,Rajasthan,DIS-DEN,Dengue,2,0,rising
52,2024,Jodhpur,Rajasthan,DIS-RSP,Respiratory infections,29,0,declining
52,2024,Jodhpur,Rajasthan,DIS-SNK,Snakebite,4,0,stable
52,2024,Jodhpur,Rajasthan,DIS-MAL,Malaria,0,0,stable
1,2024,Udaipur,Rajasthan,DIS-CHL,Cholera,4,0,stable
1,2024,Udaipur,Rajasthan,DIS-DEN,Dengue,5,0,rising
1,2024,Udaipur,Rajasthan,DIS-RSP,Respiratory infections,65,2,declining
1,2024,Udaipur,Rajasthan,DIS-SNK,Snakebite,2,0,stable
1,2024,Udaipur,Rajasthan,DIS-MAL,Malaria,3,0,stable
2,2024,Udaipur,Rajasthan,DIS-CHL,Cholera,1,0,stable
2,2024,Udaipur,Rajasthan,DIS-DEN,Dengue,2,0,stable
2,2024,Udaipur,Rajasthan,DIS-RSP,Respiratory infections,92,1,declining
2,2024,Udaipur,Rajasthan,DIS-SNK,Snakebite,4,0,stable
2,2024,Udaipur,Rajasthan,DIS-MAL,Malaria,0,0,rising
3,2024,Udaipur,Rajasthan,DIS-CHL,Cholera,2,0,stable
3,2024,Udaipur,Rajasthan,DIS-DEN,Dengue,2,0,rising
3,2024,Udaipur,Rajasthan,DIS-RSP,Respiratory infections,42,0,declining
3,2024,Udaipur,Rajasthan,DIS-SNK,Snakebite,3,0,stable
3,2024,Udaipur,Rajasthan,DIS-MAL,Malaria,1,0,declining
4,2024,Udaipur,Rajasthan,DIS-CHL,Cholera,3,0,declining
4,2024,Udaipur,Rajasthan,DIS-DEN,Dengue,0,0,rising
4,2024,Udaipur,Rajasthan,DIS-RSP,Respiratory infections,61,0,declining
4,2024,Udaipur,Rajasthan,DIS-SNK,Snakebite,3,0,stable
4,2024,Udaipur,Rajasthan,DIS-MAL,Malaria,4,0,declining
5,2024,Udaipur,Rajasthan,DIS-CHL,Cholera,4,0,stable
5,2024,Udaipur,Rajasthan,DIS-DEN,Dengue,3,0,declining
5,2024,Udaipur,Rajasthan,DIS-RSP,Respiratory infections,35,1,declining
5,2024,Udaipur,Rajasthan,DIS-SNK,Snakebite,2,0,declining
5,2024,Udaipur,Rajasthan,DIS-MAL,Malaria,0,0,rising
6,2024,Udaipur,Rajasthan,DIS-CHL,Cholera,5,0,rising
6,2024,Udaipur,Rajasthan,DIS-DEN,Dengue,0,0,stable
6,2024,Udaipur,Rajasthan,DIS-RSP,Respiratory infections,46,1,declining
6,2024,Udaipur,Rajasthan,DIS-SNK,Snakebite,4,0,stable
6,2024,Udaipur,Rajasthan,DIS-MAL,Malaria,0,0,stable
7,2024,Udaipur,Rajasthan,DIS-CHL,Cholera,0,0,declining
7,2024,Udaipur,Rajasthan,DIS-DEN,Dengue,2,0,rising
7,2024,Udaipur,Rajasthan,DIS-RSP,Respiratory infections,53,1,declining
7,2024,Udaipur,Rajasthan,DIS-SNK,Snakebite,2,0,stable
7,2024,Udaipur,Rajasthan,DIS-MAL,Malaria,1,0,stable
8,2024,Udaipur,Rajasthan,DIS-CHL,Cholera,5,0,stable
8,2024,Udaipur,Rajasthan,DIS-DEN,Dengue,4,0,stable
8,2024,Udaipur,Rajasthan,DIS-RSP,Respiratory infections,31,1,declining
8,2024,Udaipur,Rajasthan,DIS-SNK,Snakebite,2,0,stable
8,2024,Udaipur,Rajasthan,DIS-MAL,Malaria,5,0,rising
9,2024,Udaipur,Rajasthan,DIS-CHL,Cholera,0,0,stable
9,2024,Udaipur,Rajasthan,DIS-DEN,Dengue,0,0,rising
9,2024,Udaipur,Rajasthan,DIS-RSP,Respiratory infections,4,0,stable
9,2024,Udaipur,Rajasthan,DIS-SNK,Snakebite,0,0,declining
9,2024,Udaipur,Rajasthan,DIS-MAL,Malaria,2,0,rising
10,2024,Udaipur,Rajasthan,DIS-CHL,Cholera,0,0,rising
10,2024,Udaipur,Rajasthan,DIS-DEN,Dengue,0,0,declining
10,2024,Udaipur,Rajasthan,DIS-RSP,Respiratory infections,2,0,rising
10,2024,Udaipur,Rajasthan,DIS-SNK,Snakebite,4,0,declining
10,2024,Udaipur,Rajasthan,DIS-MAL,Malaria,1,0,declining
11,2024,Udaipur,Rajasthan,DIS-CHL,Cholera,4,0,declining
11,2024,Udaipur,Rajasthan,DIS-DEN,Dengue,2,0,stable
11,2024,Udaipur,Rajasthan,DIS-RSP,Respiratory infections,2,0,stable
11,2024,Udaipur,Rajasthan,DIS-SNK,Snakebite,4,0,stable
11,2024,Udaipur,Rajasthan,DIS-MAL,Malaria,3,0,rising
12,2024,Udaipur,Rajasthan,DIS-CHL,Cholera,0,0,rising
12,2024,Udaipur,Rajasthan,DIS-DEN,Dengue,4,0,stable
12,2024,Udaipur,Rajasthan,DIS-RSP,Respiratory infections,2,0,stable
12,2024,Udaipur,Rajasthan,DIS-SNK,Snakebite,0,0,stable
12,2024,Udaipur,Rajasthan,DIS-MAL,Malaria,3,0,stable
13,2024,Udaipur,Rajasthan,DIS-CHL,Cholera,3,0,stable
13,2024,Udaipur,Rajasthan,DIS-DEN,Dengue,0,0,rising
13,2024,Udaipur,Rajasthan,DIS-RSP,Respiratory infections,1,0,stable
13,2024,Udaipur,Rajasthan,DIS-SNK,Snakebite,2,0,rising
13,2024,Udaipur,Rajasthan,DIS-MAL,Malaria,0,0,rising
14,2024,Udaipur,Rajasthan,DIS-CHL,Cholera,2,0,stable
14,2024,Udaipur,Rajasthan,DIS-DEN,Dengue,0,0,stable
14,2024,Udaipur,Rajasthan,DIS-RSP,Respiratory infections,4,0,declining
14,2024,Udaipur,Rajasthan,DIS-SNK,Snakebite,5,0,stable
14,2024,Udaipur,Rajasthan,DIS-MAL,Malaria,1,0,stable
15,2024,Udaipur,Rajasthan,DIS-CHL,Cholera,2,0,rising
15,2024,Udaipur,Rajasthan,DIS-DEN,Dengue,0,0,rising
15,2024,Udaipur,Rajasthan,DIS-RSP,Respiratory infections,0,0,declining
15,2024,Udaipur,Rajasthan,DIS-SNK,Snakebite,4,0,stable
15,2024,Udaipur,Rajasthan,DIS-MAL,Malaria,4,0,stable
16,2024,Udaipur,Rajasthan,DIS-CHL,Cholera,1,0,rising
16,2024,Udaipur,Rajasthan,DIS-DEN,Dengue,1,0,rising
16,2024,Udaipur,Rajasthan,DIS-RSP,Respiratory infections,4,0,stable
16,2024,Udaipur,Rajasthan,DIS-SNK,Snakebite,0,0,stable
16,2024,Udaipur,Rajasthan,DIS-MAL,Malaria,2,0,stable
17,2024,Udaipur,Rajasthan,DIS-CHL,Cholera,0,0,stable
17,2024,Udaipur,Rajasthan,DIS-DEN,Dengue,0,0,declining
17,2024,Udaipur,Rajasthan,DIS-RSP,Respiratory infections,4,0,stable
17,2024,Udaipur,Rajasthan,DIS-SNK,Snakebite,2,0,stable
17,2024,Udaipur,Rajasthan,DIS-MAL,Malaria,4,0,rising
18,2024,Udaipur,Rajasthan,DIS-CHL,Cholera,4,0,stable
18,2024,Udaipur,Rajasthan,DIS-DEN,Dengue,4,0,stable
18,2024,Udaipur,Rajasthan,DIS-RSP,Respiratory infections,2,0,stable
18,2024,Udaipur,Rajasthan,DIS-SNK,Snakebite,0,0,declining
18,2024,Udaipur,Rajasthan,DIS-MAL,Malaria,4,0,declining
19,2024,Udaipur,Rajasthan,DIS-CHL,Cholera,3,0,declining
19,2024,Udaipur,Rajasthan,DIS-DEN,Dengue,0,0,stable
19,2024,Udaipur,Rajasthan,DIS-RSP,Respiratory infections,1,0,declining
19,2024,Udaipur,Rajasthan,DIS-SNK,Snakebite,3,0,declining
19,2024,Udaipur,Rajasthan,DIS-MAL,Malaria,3,0,declining
20,2024,Udaipur,Rajasthan,DIS-CHL,Cholera,4,0,stable
20,2024,Udaipur,Rajasthan,DIS-DEN,Dengue,1,0,stable
20,2024,Udaipur,Rajasthan,DIS-RSP,Respiratory infections,5,0,stable
20,2024,Udaipur,Rajasthan,DIS-SNK,Snakebite,57,2,rising
20,2024,Udaipur,Rajasthan,DIS-MAL,Malaria,2,0,stable
21,2024,Udaipur,Rajasthan,DIS-CHL,Cholera,2,0,stable
21,2024,Udaipur,Rajasthan,DIS-DEN,Dengue,3,0,stable
21,2024,Udaipur,Rajasthan,DIS-RSP,Respiratory infections,0,0,declining
21,2024,Udaipur,Rajasthan,DIS-SNK,Snakebite,40,1,rising
21,2024,Udaipur,Rajasthan,DIS-MAL,Malaria,2,0,stable
22,2024,Udaipur,Rajasthan,DIS-CHL,Cholera,3,0,stable
22,2024,Udaipur,Rajasthan,DIS-DEN,Dengue,5,0,stable
22,2024,Udaipur,Rajasthan,DIS-RSP,Respiratory infections,2,0,declining
22,2024,Udaipur,Rajasthan,DIS-SNK,Snakebite,61,0,rising
22,2024,Udaipur,Rajasthan,DIS-MAL,Malaria,3,0,rising
23,2024,Udaipur,Rajasthan,DIS-CHL,Cholera,4,0,stable
23,2024,Udaipur,Rajasthan,DIS-DEN,Dengue,2,0,rising
23,2024,Udaipur,Rajasthan,DIS-RSP,Respiratory infections,0,0,stable
23,2024,Udaipur,Rajasthan,DIS-SNK,Snakebite,56,1,rising
23,2024,Udaipur,Rajasthan,DIS-MAL,Malaria,1,0,declining
24,2024,Udaipur,Rajasthan,DIS-CHL,Cholera,1,0,declining
24,2024,Udaipur,Rajasthan,DIS-DEN,Dengue,2,0,stable
24,2024,Udaipur,Rajasthan,DIS-RSP,Respiratory infections,2,0,rising
24,2024,Udaipur,Rajasthan,DIS-SNK,Snakebite,77,2,rising
24,2024,Udaipur,Rajasthan,DIS-MAL,Malaria,1,0,declining
25,2024,Udaipur,Rajasthan,DIS-CHL,Cholera,107,4,rising
25,2024,Udaipur,Rajasthan,DIS-DEN,Dengue,4,0,stable
25,2024,Udaipur,Rajasthan,DIS-RSP,Respiratory infections,1,0,declining
25,2024,Udaipur,Rajasthan,DIS-SNK,Snakebite,36,1,rising
25,2024,Udaipur,Rajasthan,DIS-MAL,Malaria,4,0,stable
26,2024,Udaipur,Rajasthan,DIS-CHL,Cholera,94,1,rising
26,2024,Udaipur,Rajasthan,DIS-DEN,Dengue,0,0,declining
26,2024,Udaipur,Rajasthan,DIS-RSP,Respiratory infections,2,0,declining
26,2024,Udaipur,Rajasthan,DIS-SNK,Snakebite,78,3,rising
26,2024,Udaipur,Rajasthan,DIS-MAL,Malaria,4,0,declining
27,2024,Udaipur,Rajasthan,DIS-CHL,Cholera,54,1,rising
27,2024,Udaipur,Rajasthan,DIS-DEN,Dengue,1,0,stable
27,2024,Udaipur,Rajasthan,DIS-RSP,Respiratory infections,3,0,rising
27,2024,Udaipur,Rajasthan,DIS-SNK,Snakebite,89,2,rising
27,2024,Udaipur,Rajasthan,DIS-MAL,Malaria,2,0,rising
28,2024,Udaipur,Rajasthan,DIS-CHL,Cholera,96,0,rising
28,2024,Udaipur,Rajasthan,DIS-DEN,Dengue,5,0,declining
28,2024,Udaipur,Rajasthan,DIS-RSP,Respiratory infections,0,0,stable
28,2024,Udaipur,Rajasthan,DIS-SNK,Snakebite,22,0,rising
28,2024,Udaipur,Rajasthan,DIS-MAL,Malaria,35,0,rising
29,2024,Udaipur,Rajasthan,DIS-CHL,Cholera,47,1,rising
29,2024,Udaipur,Rajasthan,DIS-DEN,Dengue,5,0,rising
29,2024,Udaipur,Rajasthan,DIS-RSP,Respiratory infections,0,0,stable
29,2024,Udaipur,Rajasthan,DIS-SNK,Snakebite,29,0,rising
29,2024,Udaipur,Rajasthan,DIS-MAL,Malaria,54,0,rising
30,2024,Udaipur,Rajasthan,DIS-CHL,Cholera,24,0,declining
30,2024,Udaipur,Rajasthan,DIS-DEN,Dengue,62,2,rising
30,2024,Udaipur,Rajasthan,DIS-RSP,Respiratory infections,5,0,stable
30,2024,Udaipur,Rajasthan,DIS-SNK,Snakebite,90,2,declining
30,2024,Udaipur,Rajasthan,DIS-MAL,Malaria,77,2,rising
31,2024,Udaipur,Rajasthan,DIS-CHL,Cholera,83,3,declining
31,2024,Udaipur,Rajasthan,DIS-DEN,Dengue,32,1,rising
31,2024,Udaipur,Rajasthan,DIS-RSP,Respiratory infections,5,0,rising
31,2024,Udaipur,Rajasthan,DIS-SNK,Snakebite,55,2,declining
31,2024,Udaipur,Rajasthan,DIS-MAL,Malaria,105,3,rising
32,2024,Udaipur,Rajasthan,DIS-CHL,Cholera,28,0,declining
32,2024,Udaipur,Rajasthan,DIS-DEN,Dengue,89,3,rising
32,2024,Udaipur,Rajasthan,DIS-RSP,Respiratory infections,2,0,stable
32,2024,Udaipur,Rajasthan,DIS-SNK,Snakebite,55,2,declining
32,2024,Udaipur,Rajasthan,DIS-MAL,Malaria,56,0,rising
33,2024,Udaipur,Rajasthan,DIS-CHL,Cholera,73,1,declining
33,2024,Udaipur,Rajasthan,DIS-DEN,Dengue,92,3,rising
33,2024,Udaipur,Rajasthan,DIS-RSP,Respiratory infections,2,0,rising
33,2024,Udaipur,Rajasthan,DIS-SNK,Snakebite,30,0,declining
33,2024,Udaipur,Rajasthan,DIS-MAL,Malaria,85,3,rising
34,2024,Udaipur,Rajasthan,DIS-CHL,Cholera,35,0,declining
34,2024,Udaipur,Rajasthan,DIS-DEN,Dengue,55,0,rising
34,2024,Udaipur,Rajasthan,DIS-RSP,Respiratory infections,4,0,stable
34,2024,Udaipur,Rajasthan,DIS-SNK,Snakebite,22,0,declining
34,2024,Udaipur,Rajasthan,DIS-MAL,Malaria,26,0,rising
35,2024,Udaipur,Rajasthan,DIS-CHL,Cholera,63,2,declining
35,2024,Udaipur,Rajasthan,DIS-DEN,Dengue,51,1,rising
35,2024,Udaipur,Rajasthan,DIS-RSP,Respiratory infections,5,0,declining
35,2024,Udaipur,Rajasthan,DIS-SNK,Snakebite,52,1,declining
35,2024,Udaipur,Rajasthan,DIS-MAL,Malaria,30,1,declining
36,2024,Udaipur,Rajasthan,DIS-CHL,Cholera,2,0,stable
36,2024,Udaipur,Rajasthan,DIS-DEN,Dengue,18,0,rising
36,2024,Udaipur,Rajasthan,DIS-RSP,Respiratory infections,2,0,stable
36,2024,Udaipur,Rajasthan,DIS-SNK,Snakebite,47,2,declining
36,2024,Udaipur,Rajasthan,DIS-MAL,Malaria,86,3,declining
37,2024,Udaipur,Rajasthan,DIS-CHL,Cholera,4,0,stable
37,2024,Udaipur,Rajasthan,DIS-DEN,Dengue,32,0,declining
37,2024,Udaipur,Rajasthan,DIS-RSP,Respiratory infections,5,0,rising
37,2024,Udaipur,Rajasthan,DIS-SNK,Snakebite,66,1,declining
37,2024,Udaipur,Rajasthan,DIS-MAL,Malaria,51,0,declining
38,2024,Udaipur,Rajasthan,DIS-CHL,Cholera,5,0,rising
38,2024,Udaipur,Rajasthan,DIS-DEN,Dengue,113,2,declining
38,2024,Udaipur,Rajasthan,DIS-RSP,Respiratory infections,3,0,stable
38,2024,Udaipur,Rajasthan,DIS-SNK,Snakebite,83,1,declining
38,2024,Udaipur,Rajasthan,DIS-MAL,Malaria,87,1,declining
39,2024,Udaipur,Rajasthan,DIS-CHL,Cholera,3,0,stable
39,2024,Udaipur,Rajasthan,DIS-DEN,Dengue,57,0,declining
39,2024,Udaipur,Rajasthan,DIS-RSP,Respiratory infections,0,0,declining
39,2024,Udaipur,Rajasthan,DIS-SNK,Snakebite,19,0,declining
39,2024,Udaipur,Rajasthan,DIS-MAL,Malaria,63,0,declining
40,2024,Udaipur,Rajasthan,DIS-CHL,Cholera,3,0,stable
40,2024,Udaipur,Rajasthan,DIS-DEN,Dengue,86,4,declining
40,2024,Udaipur,Rajasthan,DIS-RSP,Respiratory infections,3,0,stable
40,2024,Udaipur,Rajasthan,DIS-SNK,Snakebite,50,1,declining
40,2024,Udaipur,Rajasthan,DIS-MAL,Malaria,63,0,declining
41,2024,Udaipur,Rajasthan,DIS-CHL,Cholera,3,0,declining
41,2024,Udaipur,Rajasthan,DIS-DEN,Dengue,36,0,declining
41,2024,Udaipur,Rajasthan,DIS-RSP,Respiratory infections,2,0,stable
41,2024,Udaipur,Rajasthan,DIS-SNK,Snakebite,2,0,stable
41,2024,Udaipur,Rajasthan,DIS-MAL,Malaria,109,2,declining
42,2024,Udaipur,Rajasthan,DIS-CHL,Cholera,2,0,stable
42,2024,Udaipur,Rajasthan,DIS-DEN,Dengue,38,0,declining
42,2024,Udaipur,Rajasthan,DIS-RSP,Respiratory infections,3,0,stable
42,2024,Udaipur,Rajasthan,DIS-SNK,Snakebite,2,0,declining
42,2024,Udaipur,Rajasthan,DIS-MAL,Malaria,44,1,declining
43,2024,Udaipur,Rajasthan,DIS-CHL,Cholera,1,0,stable
43,2024,Udaipur,Rajasthan,DIS-DEN,Dengue,82,1,declining
43,2024,Udaipur,Rajasthan,DIS-RSP,Respiratory infections,4,0,stable
43,2024,Udaipur,Rajasthan,DIS-SNK,Snakebite,0,0,declining
43,2024,Udaipur,Rajasthan,DIS-MAL,Malaria,2,0,declining
44,2024,Udaipur,Rajasthan,DIS-CHL,Cholera,4,0,rising
44,2024,Udaipur,Rajasthan,DIS-DEN,Dengue,49,0,declining
44,2024,Udaipur,Rajasthan,DIS-RSP,Respiratory infections,0,0,rising
44,2024,Udaipur,Rajasthan,DIS-SNK,Snakebite,3,0,stable
44,2024,Udaipur,Rajasthan,DIS-MAL,Malaria,0,0,stable
45,2024,Udaipur,Rajasthan,DIS-CHL,Cholera,5,0,rising
45,2024,Udaipur,Rajasthan,DIS-DEN,Dengue,50,2,declining
45,2024,Udaipur,Rajasthan,DIS-RSP,Respiratory infections,77,0,declining
45,2024,Udaipur,Rajasthan,DIS-SNK,Snakebite,0,0,declining
45,2024,Udaipur,Rajasthan,DIS-MAL,Malaria,2,0,stable
46,2024,Udaipur,Rajasthan,DIS-CHL,Cholera,2,0,stable
46,2024,Udaipur,Rajasthan,DIS-DEN,Dengue,3,0,stable
46,2024,Udaipur,Rajasthan,DIS-RSP,Respiratory infections,66,1,declining
46,2024,Udaipur,Rajasthan,DIS-SNK,Snakebite,1,0,stable
46,2024,Udaipur,Rajasthan,DIS-MAL,Malaria,3,0,stable
47,2024,Udaipur,Rajasthan,DIS-CHL,Cholera,0,0,stable
47,2024,Udaipur,Rajasthan,DIS-DEN,Dengue,3,0,stable
47,2024,Udaipur,Rajasthan,DIS-RSP,Respiratory infections,43,1,declining
47,2024,Udaipur,Rajasthan,DIS-SNK,Snakebite,4,0,rising
47,2024,Udaipur,Rajasthan,DIS-MAL,Malaria,4,0,declining
48,2024,Udaipur,Rajasthan,DIS-CHL,Cholera,0,0,declining
48,2024,Udaipur,Rajasthan,DIS-DEN,Dengue,1,0,rising
48,2024,Udaipur,Rajasthan,DIS-RSP,Respiratory infections,106,1,declining
48,2024,Udaipur,Rajasthan,DIS-SNK,Snakebite,3,0,declining
48,2024,Udaipur,Rajasthan,DIS-MAL,Malaria,4,0,stable
49,2024,Udaipur,Rajasthan,DIS-CHL,Cholera,3,0,stable
49,2024,Udaipur,Rajasthan,DIS-DEN,Dengue,0,0,rising
49,2024,Udaipur,Rajasthan,DIS-RSP,Respiratory infections,85,3,declining
49,2024,Udaipur,Rajasthan,DIS-SNK,Snakebite,2,0,stable
49,2024,Udaipur,Rajasthan,DIS-MAL,Malaria,0,0,stable
50,2024,Udaipur,Rajasthan,DIS-CHL,Cholera,1,0,stable
50,2024,Udaipur,Rajasthan,DIS-DEN,Dengue,5,0,rising
50,2024,Udaipur,Rajasthan,DIS-RSP,Respiratory infections,93,4,declining
50,2024,Udaipur,Rajasthan,DIS-SNK,Snakebite,1,0,stable
50,2024,Udaipur,Rajasthan,DIS-MAL,Malaria,0,0,declining
51,2024,Udaipur,Rajasthan,DIS-CHL,Cholera,3,0,stable
51,2024,Udaipur,Rajasthan,DIS-DEN,Dengue,5,0,rising
51,2024,Udaipur,Rajasthan,DIS-RSP,Respiratory infections,83,0,declining
51,2024,Udaipur,Rajasthan,DIS-SNK,Snakebite,2,0,declining
51,2024,Udaipur,Rajasthan,DIS-MAL,Malaria,2,0,stable
52,2024,Udaipur,Rajasthan,DIS-CHL,Cholera,4,0,rising
52,2024,Udaipur,Rajasthan,DIS-DEN,Dengue,1,0,stable
52,2024,Udaipur,Rajasthan,DIS-RSP,Respiratory infections,37,0,declining
52,2024,Udaipur,Rajasthan,DIS-SNK,Snakebite,4,0,stable
52,2024,Udaipur,Rajasthan,DIS-MAL,Malaria,5,0,rising
1,2024,Ajmer,Rajasthan,DIS-CHL,Cholera,4,0,declining
1,2024,Ajmer,Rajasthan,DIS-DEN,Dengue,0,0,stable
1,2024,Ajmer,Rajasthan,DIS-RSP,Respiratory infections,53,2,rising
1,2024,Ajmer,Rajasthan,DIS-SNK,Snakebite,0,0,rising
1,2024,Ajmer,Rajasthan,DIS-MAL,Malaria,4,0,stable
2,2024,Ajmer,Rajasthan,DIS-CHL,Cholera,5,0,declining
2,2024,Ajmer,Rajasthan,DIS-DEN,Dengue,5,0,declining
2,2024,Ajmer,Rajasthan,DIS-RSP,Respiratory infections,48,1,declining
2,2024,Ajmer,Rajasthan,DIS-SNK,Snakebite,0,0,stable
2,2024,Ajmer,Rajasthan,DIS-MAL,Malaria,4,0,declining
3,2024,Ajmer,Rajasthan,DIS-CHL,Cholera,1,0,rising
3,2024,Ajmer,Rajasthan,DIS-DEN,Dengue,3,0,stable
3,2024,Ajmer,Rajasthan,DIS-RSP,Respiratory infections,25,0,declining
3,2024,Ajmer,Rajasthan,DIS-SNK,Snakebite,4,0,stable
3,2024,Ajmer,Rajasthan,DIS-MAL,Malaria,0,0,stable
4,2024,Ajmer,Rajasthan,DIS-CHL,Cholera,2,0,rising
4,2024,Ajmer,Rajasthan,DIS-DEN,Dengue,2,0,stable
4,2024,Ajmer,Rajasthan,DIS-RSP,Respiratory infections,54,0,declining
4,2024,Ajmer,Rajasthan,DIS-SNK,Snakebite,0,0,rising
4,2024,Ajmer,Rajasthan,DIS-MAL,Malaria,5,0,stable
5,2024,Ajmer,Rajasthan,DIS-CHL,Cholera,4,0,stable
5,2024,Ajmer,Rajasthan,DIS-DEN,Dengue,0,0,rising
5,2024,Ajmer,Rajasthan,DIS-RSP,Respiratory infections,66,0,declining
5,2024,Ajmer,Rajasthan,DIS-SNK,Snakebite,0,0,stable
5,2024,Ajmer,Rajasthan,DIS-MAL,Malaria,3,0,declining
6,2024,Ajmer,Rajasthan,DIS-CHL,Cholera,2,0,stable
6,2024,Ajmer,Rajasthan,DIS-DEN,Dengue,4,0,rising
6,2024,Ajmer,Rajasthan,DIS-RSP,Respiratory infections,72,2,declining
6,2024,Ajmer,Rajasthan,DIS-SNK,Snakebite,4,0,declining
6,2024,Ajmer,Rajasthan,DIS-MAL,Malaria,0,0,stable
7,2024,Ajmer,Rajasthan,DIS-CHL,Cholera,0,0,declining
7,2024,Ajmer,Rajasthan,DIS-DEN,Dengue,3,0,declining
7,2024,Ajmer,Rajasthan,DIS-RSP,Respiratory infections,57,0,declining
7,2024,Ajmer,Rajasthan,DIS-SNK,Snakebite,3,0,rising
7,2024,Ajmer,Rajasthan,DIS-MAL,Malaria,4,0,stable
8,2024,Ajmer,Rajasthan,DIS-CHL,Cholera,2,0,declining
8,2024,Ajmer,Rajasthan,DIS-DEN,Dengue,0,0,rising
8,2024,Ajmer,Rajasthan,DIS-RSP,Respiratory infections,44,0,declining
8,2024,Ajmer,Rajasthan,DIS-SNK,Snakebite,4,0,stable
8,2024,Ajmer,Rajasthan,DIS-MAL,Malaria,2,0,stable
9,2024,Ajmer,Rajasthan,DIS-CHL,Cholera,3,0,rising
9,2024,Ajmer,Rajasthan,DIS-DEN,Dengue,1,0,stable
9,2024,Ajmer,Rajasthan,DIS-RSP,Respiratory infections,3,0,stable
9,2024,Ajmer,Rajasthan,DIS-SNK,Snakebite,2,0,declining
9,2024,Ajmer,Rajasthan,DIS-MAL,Malaria,0,0,stable
10,2024,Ajmer,Rajasthan,DIS-CHL,Cholera,2,0,stable
10,2024,Ajmer,Rajasthan,DIS-DEN,Dengue,4,0,declining
10,2024,Ajmer,Rajasthan,DIS-RSP,Respiratory infections,2,0,rising
10,2024,Ajmer,Rajasthan,DIS-SNK,Snakebite,2,0,stable
10,2024,Ajmer,Rajasthan,DIS-MAL,Malaria,0,0,rising
11,2024,Ajmer,Rajasthan,DIS-CHL,Cholera,0,0,stable
11,2024,Ajmer,Rajasthan,DIS-DEN,Dengue,5,0,stable
11,2024,Ajmer,Rajasthan,DIS-RSP,Respiratory infections,1,0,stable
11,2024,Ajmer,Rajasthan,DIS-SNK,Snakebite,5,0,declining
11,2024,Ajmer,Rajasthan,DIS-MAL,Malaria,4,0,rising
12,2024,Ajmer,Rajasthan,DIS-CHL,Cholera,0,0,rising
12,2024,Ajmer,Rajasthan,DIS-DEN,Dengue,0,0,stable
12,2024,Ajmer,Rajasthan,DIS-RSP,Respiratory infections,2,0,rising
12,2024,Ajmer,Rajasthan,DIS-SNK,Snakebite,2,0,stable
12,2024,Ajmer,Rajasthan,DIS-MAL,Malaria,3,0,stable
13,2024,Ajmer,Rajasthan,DIS-CHL,Cholera,1,0,stable
13,2024,Ajmer,Rajasthan,DIS-DEN,Dengue,5,0,stable
13,2024,Ajmer,Rajasthan,DIS-RSP,Respiratory infections,4,0,stable
13,2024,Ajmer,Rajasthan,DIS-SNK,Snakebite,1,0,stable
13,2024,Ajmer,Rajasthan,DIS-MAL,Malaria,1,0,declining
14,2024,Ajmer,Rajasthan,DIS-CHL,Cholera,0,0,stable
14,2024,Ajmer,Rajasthan,DIS-DEN,Dengue,0,0,rising
14,2024,Ajmer,Rajasthan,DIS-RSP,Respiratory infections,4,0,declining
14,2024,Ajmer,Rajasthan,DIS-SNK,Snakebite,0,0,declining
14,2024,Ajmer,Rajasthan,DIS-MAL,Malaria,1,0,rising
15,2024,Ajmer,Rajasthan,DIS-CHL,Cholera,4,0,declining
15,2024,Ajmer,Rajasthan,DIS-DEN,Dengue,0,0,rising
15,2024,Ajmer,Rajasthan,DIS-RSP,Respiratory infections,3,0,stable
15,2024,Ajmer,Rajasthan,DIS-SNK,Snakebite,0,0,stable
15,2024,Ajmer,Rajasthan,DIS-MAL,Malaria,0,0,declining
16,2024,Ajmer,Rajasthan,DIS-CHL,Cholera,0,0,stable
16,2024,Ajmer,Rajasthan,DIS-DEN,Dengue,1,0,stable
16,2024,Ajmer,Rajasthan,DIS-RSP,Respiratory infections,1,0,rising
16,2024,Ajmer,Rajasthan,DIS-SNK,Snakebite,3,0,declining
16,2024,Ajmer,Rajasthan,DIS-MAL,Malaria,0,0,rising
17,2024,Ajmer,Rajasthan,DIS-CHL,Cholera,1,0,rising
17,2024,Ajmer,Rajasthan,DIS-DEN,Dengue,5,0,stable
17,2024,Ajmer,Rajasthan,DIS-RSP,Respiratory infections,1,0,declining
17,2024,Ajmer,Rajasthan,DIS-SNK,Snakebite,3,0,stable
17,2024,Ajmer,Rajasthan,DIS-MAL,Malaria,1,0,stable
18,2024,Ajmer,Rajasthan,DIS-CHL,Cholera,2,0,rising
18,2024,Ajmer,Rajasthan,DIS-DEN,Dengue,3,0,rising
18,2024,Ajmer,Rajasthan,DIS-RSP,Respiratory infections,4,0,rising
18,2024,Ajmer,Rajasthan,DIS-SNK,Snakebite,0,0,stable
18,2024,Ajmer,Rajasthan,DIS-MAL,Malaria,3,0,stable
19,2024,Ajmer,Rajasthan,DIS-CHL,Cholera,2,0,stable
19,2024,Ajmer,Rajasthan,DIS-DEN,Dengue,2,0,declining
19,2024,Ajmer,Rajasthan,DIS-RSP,Respiratory infections,2,0,stable
19,2024,Ajmer,Rajasthan,DIS-SNK,Snakebite,0,0,rising
19,2024,Ajmer,Rajasthan,DIS-MAL,Malaria,0,0,stable
20,2024,Ajmer,Rajasthan,DIS-CHL,Cholera,3,0,stable
20,2024,Ajmer,Rajasthan,DIS-DEN,Dengue,0,0,stable
20,2024,Ajmer,Rajasthan,DIS-RSP,Respiratory infections,4,0,rising
20,2024,Ajmer,Rajasthan,DIS-SNK,Snakebite,87,2,rising
20,2024,Ajmer,Rajasthan,DIS-MAL,Malaria,3,0,declining
21,2024,Ajmer,Rajasthan,DIS-CHL,Cholera,0,0,stable
21,2024,Ajmer,Rajasthan,DIS-DEN,Dengue,1,0,stable
21,2024,Ajmer,Rajasthan,DIS-RSP,Respiratory infections,0,0,stable
21,2024,Ajmer,Rajasthan,DIS-SNK,Snakebite,81,3,rising
21,2024,Ajmer,Rajasthan,DIS-MAL,Malaria,4,0,rising
22,2024,Ajmer,Rajasthan,DIS-CHL,Cholera,1,0,stable
22,2024,Ajmer,Rajasthan,DIS-DEN,Dengue,4,0,declining
22,2024,Ajmer,Rajasthan,DIS-RSP,Respiratory infections,0,0,rising
22,2024,Ajmer,Rajasthan,DIS-SNK,Snakebite,80,0,rising
22,2024,Ajmer,Rajasthan,DIS-MAL,Malaria,4,0,rising
23,2024,Ajmer,Rajasthan,DIS-CHL,Cholera,5,0,stable
23,2024,Ajmer,Rajasthan,DIS-DEN,Dengue,5,0,rising
23,2024,Ajmer,Rajasthan,DIS-RSP,Respiratory infections,0,0,rising
23,2024,Ajmer,Rajasthan,DIS-SNK,Snakebite,39,1,rising
23,2024,Ajmer,Rajasthan,DIS-MAL,Malaria,0,0,declining
24,2024,Ajmer,Rajasthan,DIS-CHL,Cholera,0,0,stable
24,2024,Ajmer,Rajasthan,DIS-DEN,Dengue,3,0,declining
24,2024,Ajmer,Rajasthan,DIS-RSP,Respiratory infections,1,0,stable
24,2024,Ajmer,Rajasthan,DIS-SNK,Snakebite,27,0,rising
24,2024,Ajmer,Rajasthan,DIS-MAL,Malaria,4,0,stable
25,2024,Ajmer,Rajasthan,DIS-CHL,Cholera,76,0,rising
25,2024,Ajmer,Rajasthan,DIS-DEN,Dengue,4,0,rising
25,2024,Ajmer,Rajasthan,DIS-RSP,Respiratory infections,2,0,rising
25,2024,Ajmer,Rajasthan,DIS-SNK,Snakebite,59,2,rising
25,2024,Ajmer,Rajasthan,DIS-MAL,Malaria,2,0,stable
26,2024,Ajmer,Rajasthan,DIS-CHL,Cholera,24,0,rising
26,2024,Ajmer,Rajasthan,DIS-DEN,Dengue,1,0,rising
26,2024,Ajmer,Rajasthan,DIS-RSP,Respiratory infections,4,0,declining
26,2024,Ajmer,Rajasthan,DIS-SNK,Snakebite,49,0,rising
26,2024,Ajmer,Rajasthan,DIS-MAL,Malaria,1,0,stable
27,2024,Ajmer,Rajasthan,DIS-CHL,Cholera,38,0,rising
27,2024,Ajmer,Rajasthan,DIS-DEN,Dengue,1,0,stable
27,2024,Ajmer,Rajasthan,DIS-RSP,Respiratory infections,1,0,declining
27,2024,Ajmer,Rajasthan,DIS-SNK,Snakebite,101,2,rising
27,2024,Ajmer,Rajasthan,DIS-MAL,Malaria,1,0,rising
28,2024,Ajmer,Rajasthan,DIS-CHL,Cholera,35,0,rising
28,2024,Ajmer,Rajasthan,DIS-DEN,Dengue,3,0,stable
28,2024,Ajmer,Rajasthan,DIS-RSP,Respiratory infections,4,0,declining
28,2024,Ajmer,Rajasthan,DIS-SNK,Snakebite,77,3,rising
28,2024,Ajmer,Rajasthan,DIS-MAL,Malaria,20,0,rising
29,2024,Ajmer,Rajasthan,DIS-CHL,Cholera,37,1,rising
29,2024,Ajmer,Rajasthan,DIS-DEN,Dengue,2,0,stable
29,2024,Ajmer,Rajasthan,DIS-RSP,Respiratory infections,4,0,declining
29,2024,Ajmer,Rajasthan,DIS-SNK,Snakebite,92,2,rising
29,2024,Ajmer,Rajasthan,DIS-MAL,Malaria,61,0,rising
30,2024,Ajmer,Rajasthan,DIS-CHL,Cholera,34,1,declining
30,2024,Ajmer,Rajasthan,DIS-DEN,Dengue,30,0,rising
30,2024,Ajmer,Rajasthan,DIS-RSP,Respiratory infections,4,0,stable
30,2024,Ajmer,Rajasthan,DIS-SNK,Snakebite,70,2,declining
30,2024,Ajmer,Rajasthan,DIS-MAL,Malaria,106,5,rising
31,2024,Ajmer,Rajasthan,DIS-CHL,Cholera,20,0,declining
31,2024,Ajmer,Rajasthan,DIS-DEN,Dengue,71,1,rising
31,2024,Ajmer,Rajasthan,DIS-RSP,Respiratory infections,2,0,stable
31,2024,Ajmer,Rajasthan,DIS-SNK,Snakebite,43,0,declining
31,2024,Ajmer,Rajasthan,DIS-MAL,Malaria,78,0,rising
32,2024,Ajmer,Rajasthan,DIS-CHL,Cholera,37,1,declining
32,2024,Ajmer,Rajasthan,DIS-DEN,Dengue,73,3,rising
32,2024,Ajmer,Rajasthan,DIS-RSP,Respiratory infections,0,0,declining
32,2024,Ajmer,Rajasthan,DIS-SNK,Snakebite,53,1,declining
32,2024,Ajmer,Rajasthan,DIS-MAL,Malaria,72,2,rising
33,2024,Ajmer,Rajasthan,DIS-CHL,Cholera,74,2,declining
33,2024,Ajmer,Rajasthan,DIS-DEN,Dengue,47,1,rising
33,2024,Ajmer,Rajasthan,DIS-RSP,Respiratory infections,5,0,declining
33,2024,Ajmer,Rajasthan,DIS-SNK,Snakebite,107,1,declining
33,2024,Ajmer,Rajasthan,DIS-MAL,Malaria,58,1,rising
34,2024,Ajmer,Rajasthan,DIS-CHL,Cholera,46,1,declining
34,2024,Ajmer,Rajasthan,DIS-DEN,Dengue,96,3,rising
34,2024,Ajmer,Rajasthan,DIS-RSP,Respiratory infections,1,0,stable
34,2024,Ajmer,Rajasthan,DIS-SNK,Snakebite,105,1,declining
34,2024,Ajmer,Rajasthan,DIS-MAL,Malaria,33,1,rising
35,2024,Ajmer,Rajasthan,DIS-CHL,Cholera,34,1,declining
35,2024,Ajmer,Rajasthan,DIS-DEN,Dengue,37,1,rising
35,2024,Ajmer,Rajasthan,DIS-RSP,Respiratory infections,2,0,stable
35,2024,Ajmer,Rajasthan,DIS-SNK,Snakebite,55,2,declining
35,2024,Ajmer,Rajasthan,DIS-MAL,Malaria,60,0,declining
36,2024,Ajmer,Rajasthan,DIS-CHL,Cholera,5,0,rising
36,2024,Ajmer,Rajasthan,DIS-DEN,Dengue,82,1,rising
36,2024,Ajmer,Rajasthan,DIS-RSP,Respiratory infections,0,0,declining
36,2024,Ajmer,Rajasthan,DIS-SNK,Snakebite,100,1,declining
36,2024,Ajmer,Rajasthan,DIS-MAL,Malaria,72,1,declining
37,2024,Ajmer,Rajasthan,DIS-CHL,Cholera,4,0,stable
37,2024,Ajmer,Rajasthan,DIS-DEN,Dengue,64,2,declining
37,2024,Ajmer,Rajasthan,DIS-RSP,Respiratory infections,1,0,declining
37,2024,Ajmer,Rajasthan,DIS-SNK,Snakebite,104,4,declining
37,2024,Ajmer,Rajasthan,DIS-MAL,Malaria,62,1,declining
38,2024,Ajmer,Rajasthan,DIS-CHL,Cholera,1,0,declining
38,2024,Ajmer,Rajasthan,DIS-DEN,Dengue,35,1,declining
38,2024,Ajmer,Rajasthan,DIS-RSP,Respiratory infections,0,0,declining
38,2024,Ajmer,Rajasthan,DIS-SNK,Snakebite,93,0,declining
38,2024,Ajmer,Rajasthan,DIS-MAL,Malaria,23,0,declining
39,2024,Ajmer,Rajasthan,DIS-CHL,Cholera,0,0,stable
39,2024,Ajmer,Rajasthan,DIS-DEN,Dengue,72,0,declining
39,2024,Ajmer,Rajasthan,DIS-RSP,Respiratory infections,5,0,stable
39,2024,Ajmer,Rajasthan,DIS-SNK,Snakebite,23,0,declining
39,2024,Ajmer,Rajasthan,DIS-MAL,Malaria,33,0,declining
40,2024,Ajmer,Rajasthan,DIS-CHL,Cholera,1,0,stable
40,2024,Ajmer,Rajasthan,DIS-DEN,Dengue,92,4,declining
40,2024,Ajmer,Rajasthan,DIS-RSP,Respiratory infections,3,0,stable
40,2024,Ajmer,Rajasthan,DIS-SNK,Snakebite,43,0,declining
40,2024,Ajmer,Rajasthan,DIS-MAL,Malaria,68,0,declining
41,2024,Ajmer,Rajasthan,DIS-CHL,Cholera,4,0,stable
41,2024,Ajmer,Rajasthan,DIS-DEN,Dengue,103,1,declining
41,2024,Ajmer,Rajasthan,DIS-RSP,Respiratory infections,5,0,declining
41,2024,Ajmer,Rajasthan,DIS-SNK,Snakebite,2,0,stable
41,2024,Ajmer,Rajasthan,DIS-MAL,Malaria,72,3,declining
42,2024,Ajmer,Rajasthan,DIS-CHL,Cholera,0,0,declining
42,2024,Ajmer,Rajasthan,DIS-DEN,Dengue,48,1,declining
42,2024,Ajmer,Rajasthan,DIS-RSP,Respiratory infections,0,0,declining
42,2024,Ajmer,Rajasthan,DIS-SNK,Snakebite,2,0,stable
42,2024,Ajmer,Rajasthan,DIS-MAL,Malaria,71,3,declining
43,2024,Ajmer,Rajasthan,DIS-CHL,Cholera,0,0,rising
43,2024,Ajmer,Rajasthan,DIS-DEN,Dengue,51,1,declining
43,2024,Ajmer,Rajasthan,DIS-RSP,Respiratory infections,2,0,rising
43,2024,Ajmer,Rajasthan,DIS-SNK,Snakebite,4,0,stable
43,2024,Ajmer,Rajasthan,DIS-MAL,Malaria,0,0,stable
44,2024,Ajmer,Rajasthan,DIS-CHL,Cholera,0,0,rising
44,2024,Ajmer,Rajasthan,DIS-DEN,Dengue,60,0,declining
44,2024,Ajmer,Rajasthan,DIS-RSP,Respiratory infections,1,0,declining
44,2024,Ajmer,Rajasthan,DIS-SNK,Snakebite,3,0,rising
44,2024,Ajmer,Rajasthan,DIS-MAL,Malaria,1,0,stable
45,2024,Ajmer,Rajasthan,DIS-CHL,Cholera,4,0,declining
45,2024,Ajmer,Rajasthan,DIS-DEN,Dengue,61,2,declining
45,2024,Ajmer,Rajasthan,DIS-RSP,Respiratory infections,64,0,declining
45,2024,Ajmer,Rajasthan,DIS-SNK,Snakebite,1,0,stable
45,2024,Ajmer,Rajasthan,DIS-MAL,Malaria,5,0,rising
46,2024,Ajmer,Rajasthan,DIS-CHL,Cholera,1,0,stable
46,2024,Ajmer,Rajasthan,DIS-DEN,Dengue,0,0,stable
46,2024,Ajmer,Rajasthan,DIS-RSP,Respiratory infections,34,1,declining
46,2024,Ajmer,Rajasthan,DIS-SNK,Snakebite,0,0,stable
46,2024,Ajmer,Rajasthan,DIS-MAL,Malaria,3,0,stable
47,2024,Ajmer,Rajasthan,DIS-CHL,Cholera,3,0,stable
47,2024,Ajmer,Rajasthan,DIS-DEN,Dengue,1,0,declining
47,2024,Ajmer,Rajasthan,DIS-RSP,Respiratory infections,97,0,declining
47,2024,Ajmer,Rajasthan,DIS-SNK,Snakebite,3,0,stable
47,2024,Ajmer,Rajasthan,DIS-MAL,Malaria,4,0,stable
48,2024,Ajmer,Rajasthan,DIS-CHL,Cholera,3,0,stable
48,2024,Ajmer,Rajasthan,DIS-DEN,Dengue,3,0,declining
48,2024,Ajmer,Rajasthan,DIS-RSP,Respiratory infections,25,0,declining
48,2024,Ajmer,Rajasthan,DIS-SNK,Snakebite,0,0,stable
48,2024,Ajmer,Rajasthan,DIS-MAL,Malaria,2,0,declining
49,2024,Ajmer,Rajasthan,DIS-CHL,Cholera,1,0,declining
49,2024,Ajmer,Rajasthan,DIS-DEN,Dengue,1,0,rising
49,2024,Ajmer,Rajasthan,DIS-RSP,Respiratory infections,36,0,declining
49,2024,Ajmer,Rajasthan,DIS-SNK,Snakebite,0,0,declining
49,2024,Ajmer,Rajasthan,DIS-MAL,Malaria,0,0,stable
50,2024,Ajmer,Rajasthan,DIS-CHL,Cholera,3,0,declining
50,2024,Ajmer,Rajasthan,DIS-DEN,Dengue,1,0,declining
50,2024,Ajmer,Rajasthan,DIS-RSP,Respiratory infections,69,0,declining
50,2024,Ajmer,Rajasthan,DIS-SNK,Snakebite,3,0,stable
50,2024,Ajmer,Rajasthan,DIS-MAL,Malaria,5,0,stable
51,2024,Ajmer,Rajasthan,DIS-CHL,Cholera,3,0,declining
51,2024,Ajmer,Rajasthan,DIS-DEN,Dengue,4,0,declining
51,2024,Ajmer,Rajasthan,DIS-RSP,Respiratory infections,42,0,declining
51,2024,Ajmer,Rajasthan,DIS-SNK,Snakebite,2,0,stable
51,2024,Ajmer,Rajasthan,DIS-MAL,Malaria,5,0,stable
52,2024,Ajmer,Rajasthan,DIS-CHL,Cholera,2,0,stable
52,2024,Ajmer,Rajasthan,DIS-DEN,Dengue,4,0,declining
52,2024,Ajmer,Rajasthan,DIS-RSP,Respiratory infections,100,3,declining
52,2024,Ajmer,Rajasthan,DIS-SNK,Snakebite,3,0,stable
52,2024,Ajmer,Rajasthan,DIS-MAL,Malaria,0,0,declining
1,2024,Kota,Rajasthan,DIS-CHL,Cholera,2,0,stable
1,2024,Kota,Rajasthan,DIS-DEN,Dengue,2,0,stable
1,2024,Kota,Rajasthan,DIS-RSP,Respiratory infections,62,1,rising
1,2024,Kota,Rajasthan,DIS-SNK,Snakebite,3,0,rising
1,2024,Kota,Rajasthan,DIS-MAL,Malaria,1,0,declining
2,2024,Kota,Rajasthan,DIS-CHL,Cholera,2,0,rising
2,2024,Kota,Rajasthan,DIS-DEN,Dengue,5,0,stable
2,2024,Kota,Rajasthan,DIS-RSP,Respiratory infections,50,0,declining
2,2024,Kota,Rajasthan,DIS-SNK,Snakebite,0,0,stable
2,2024,Kota,Rajasthan,DIS-MAL,Malaria,2,0,declining
3,2024,Kota,Rajasthan,DIS-CHL,Cholera,5,0,declining
3,2024,Kota,Rajasthan,DIS-DEN,Dengue,2,0,stable
3,2024,Kota,Rajasthan,DIS-RSP,Respiratory infections,31,0,declining
3,2024,Kota,Rajasthan,DIS-SNK,Snakebite,1,0,stable
3,2024,Kota,Rajasthan,DIS-MAL,Malaria,4,0,rising
4,2024,Kota,Rajasthan,DIS-CHL,Cholera,3,0,declining
4,2024,Kota,Rajasthan,DIS-DEN,Dengue,5,0,stable
4,2024,Kota,Rajasthan,DIS-RSP,Respiratory infections,93,4,declining
4,2024,Kota,Rajasthan,DIS-SNK,Snakebite,1,0,stable
4,2024,Kota,Rajasthan,DIS-MAL,Malaria,0,0,rising
5,2024,Kota,Rajasthan,DIS-CHL,Cholera,0,0,declining
5,2024,Kota,Rajasthan,DIS-DEN,Dengue,3,0,rising
5,2024,Kota,Rajasthan,DIS-RSP,Respiratory infections,28,0,declining
5,2024,Kota,Rajasthan,DIS-SNK,Snakebite,3,0,stable
5,2024,Kota,Rajasthan,DIS-MAL,Malaria,1,0,declining
6,2024,Kota,Rajasthan,DIS-CHL,Cholera,4,0,declining
6,2024,Kota,Rajasthan,DIS-DEN,Dengue,0,0,rising
6,2024,Kota,Rajasthan,DIS-RSP,Respiratory infections,79,3,declining
6,2024,Kota,Rajasthan,DIS-SNK,Snakebite,2,0,stable
6,2024,Kota,Rajasthan,DIS-MAL,Malaria,2,0,stable
7,2024,Kota,Rajasthan,DIS-CHL,Cholera,2,0,stable
7,2024,Kota,Rajasthan,DIS-DEN,Dengue,4,0,stable
7,2024,Kota,Rajasthan,DIS-RSP,Respiratory infections,80,1,declining
7,2024,Kota,Rajasthan,DIS-SNK,Snakebite,0,0,rising
7,2024,Kota,Rajasthan,DIS-MAL,Malaria,0,0,declining
8,2024,Kota,Rajasthan,DIS-CHL,Cholera,2,0,rising
8,2024,Kota,Rajasthan,DIS-DEN,Dengue,4,0,stable
8,2024,Kota,Rajasthan,DIS-RSP,Respiratory infections,77,3,declining
8,2024,Kota,Rajasthan,DIS-SNK,Snakebite,2,0,declining
8,2024,Kota,Rajasthan,DIS-MAL,Malaria,1,0,stable
9,2024,Kota,Rajasthan,DIS-CHL,Cholera,2,0,stable
9,2024,Kota,Rajasthan,DIS-DEN,Dengue,0,0,stable
9,2024,Kota,Rajasthan,DIS-RSP,Respiratory infections,2,0,rising
9,2024,Kota,Rajasthan,DIS-SNK,Snakebite,3,0,rising
9,2024,Kota,Rajasthan,DIS-MAL,Malaria,4,0,stable
10,2024,Kota,Rajasthan,DIS-CHL,Cholera,3,0,stable
10,2024,Kota,Rajasthan,DIS-DEN,Dengue,0,0,declining
10,2024,Kota,Rajasthan,DIS-RSP,Respiratory infections,3,0,stable
10,2024,Kota,Rajasthan,DIS-SNK,Snakebite,4,0,stable
10,2024,Kota,Rajasthan,DIS-MAL,Malaria,1,0,stable
11,2024,Kota,Rajasthan,DIS-CHL,Cholera,1,0,declining
11,2024,Kota,Rajasthan,DIS-DEN,Dengue,1,0,stable
11,2024,Kota,Rajasthan,DIS-RSP,Respiratory infections,1,0,rising
11,2024,Kota,Rajasthan,DIS-SNK,Snakebite,5,0,stable
11,2024,Kota,Rajasthan,DIS-MAL,Malaria,5,0,declining
12,2024,Kota,Rajasthan,DIS-CHL,Cholera,3,0,declining
12,2024,Kota,Rajasthan,DIS-DEN,Dengue,1,0,rising
12,2024,Kota,Rajasthan,DIS-RSP,Respiratory infections,4,0,stable
12,2024,Kota,Rajasthan,DIS-SNK,Snakebite,1,0,declining
12,2024,Kota,Rajasthan,DIS-MAL,Malaria,5,0,declining
13,2024,Kota,Rajasthan,DIS-CHL,Cholera,3,0,rising
13,2024,Kota,Rajasthan,DIS-DEN,Dengue,2,0,rising
13,2024,Kota,Rajasthan,DIS-RSP,Respiratory infections,2,0,stable
13,2024,Kota,Rajasthan,DIS-SNK,Snakebite,4,0,declining
13,2024,Kota,Rajasthan,DIS-MAL,Malaria,5,0,declining
14,2024,Kota,Rajasthan,DIS-CHL,Cholera,0,0,stable
14,2024,Kota,Rajasthan,DIS-DEN,Dengue,2,0,declining
14,2024,Kota,Rajasthan,DIS-RSP,Respiratory infections,1,0,stable
14,2024,Kota,Rajasthan,DIS-SNK,Snakebite,3,0,stable
14,2024,Kota,Rajasthan,DIS-MAL,Malaria,2,0,rising
15,2024,Kota,Rajasthan,DIS-CHL,Cholera,4,0,declining
15,2024,Kota,Rajasthan,DIS-DEN,Dengue,0,0,rising
15,2024,Kota,Rajasthan,DIS-RSP,Respiratory infections,0,0,rising
15,2024,Kota,Rajasthan,DIS-SNK,Snakebite,1,0,rising
15,2024,Kota,Rajasthan,DIS-MAL,Malaria,2,0,stable
16,2024,Kota,Rajasthan,DIS-CHL,Cholera,0,0,stable
16,2024,Kota,Rajasthan,DIS-DEN,Dengue,1,0,stable
16,2024,Kota,Rajasthan,DIS-RSP,Respiratory infections,4,0,declining
16,2024,Kota,Rajasthan,DIS-SNK,Snakebite,4,0,rising
16,2024,Kota,Rajasthan,DIS-MAL,Malaria,5,0,rising
17,2024,Kota,Rajasthan,DIS-CHL,Cholera,1,0,rising
17,2024,Kota,Rajasthan,DIS-DEN,Dengue,3,0,rising
17,2024,Kota,Rajasthan,DIS-RSP,Respiratory infections,1,0,declining
17,2024,Kota,Rajasthan,DIS-SNK,Snakebite,2,0,declining
17,2024,Kota,Rajasthan,DIS-MAL,Malaria,1,0,rising
18,2024,Kota,Rajasthan,DIS-CHL,Cholera,5,0,rising
18,2024,Kota,Rajasthan,DIS-DEN,Dengue,0,0,rising
18,2024,Kota,Rajasthan,DIS-RSP,Respiratory infections,4,0,stable
18,2024,Kota,Rajasthan,DIS-SNK,Snakebite,4,0,stable
18,2024,Kota,Rajasthan,DIS-MAL,Malaria,3,0,rising
19,2024,Kota,Rajasthan,DIS-CHL,Cholera,2,0,declining
19,2024,Kota,Rajasthan,DIS-DEN,Dengue,0,0,declining
19,2024,Kota,Rajasthan,DIS-RSP,Respiratory infections,2,0,rising
19,2024,Kota,Rajasthan,DIS-SNK,Snakebite,2,0,stable
19,2024,Kota,Rajasthan,DIS-MAL,Malaria,0,0,stable
20,2024,Kota,Rajasthan,DIS-CHL,Cholera,0,0,stable
20,2024,Kota,Rajasthan,DIS-DEN,Dengue,3,0,declining
20,2024,Kota,Rajasthan,DIS-RSP,Respiratory infections,5,0,stable
20,2024,Kota,Rajasthan,DIS-SNK,Snakebite,65,0,rising
20,2024,Kota,Rajasthan,DIS-MAL,Malaria,4,0,stable
21,2024,Kota,Rajasthan,DIS-CHL,Cholera,4,0,rising
21,2024,Kota,Rajasthan,DIS-DEN,Dengue,0,0,stable
21,2024,Kota,Rajasthan,DIS-RSP,Respiratory infections,0,0,rising
21,2024,Kota,Rajasthan,DIS-SNK,Snakebite,50,0,rising
21,2024,Kota,Rajasthan,DIS-MAL,Malaria,4,0,stable
22,2024,Kota,Rajasthan,DIS-CHL,Cholera,3,0,rising
22,2024,Kota,Rajasthan,DIS-DEN,Dengue,4,0,stable
22,2024,Kota,Rajasthan,DIS-RSP,Respiratory infections,4,0,rising
22,2024,Kota,Rajasthan,DIS-SNK,Snakebite,78,1,rising
22,2024,Kota,Rajasthan,DIS-MAL,Malaria,3,0,stable
23,2024,Kota,Rajasthan,DIS-CHL,Cholera,1,0,rising
23,2024,Kota,Rajasthan,DIS-DEN,Dengue,4,0,declining
23,2024,Kota,Rajasthan,DIS-RSP,Respiratory infections,5,0,stable
23,2024,Kota,Rajasthan,DIS-SNK,Snakebite,72,1,rising
23,2024,Kota,Rajasthan,DIS-MAL,Malaria,0,0,declining
24,2024,Kota,Rajasthan,DIS-CHL,Cholera,3,0,declining
24,2024,Kota,Rajasthan,DIS-DEN,Dengue,4,0,stable
24,2024,Kota,Rajasthan,DIS-RSP,Respiratory infections,0,0,rising
24,2024,Kota,Rajasthan,DIS-SNK,Snakebite,72,0,rising
24,2024,Kota,Rajasthan,DIS-MAL,Malaria,0,0,rising
25,2024,Kota,Rajasthan,DIS-CHL,Cholera,114,0,rising
25,2024,Kota,Rajasthan,DIS-DEN,Dengue,3,0,stable
25,2024,Kota,Rajasthan,DIS-RSP,Respiratory infections,5,0,stable
25,2024,Kota,Rajasthan,DIS-SNK,Snakebite,36,1,rising
25,2024,Kota,Rajasthan,DIS-MAL,Malaria,2,0,stable
26,2024,Kota,Rajasthan,DIS-CHL,Cholera,39,1,rising
26,2024,Kota,Rajasthan,DIS-DEN,Dengue,4,0,declining
26,2024,Kota,Rajasthan,DIS-RSP,Respiratory infections,1,0,stable
26,2024,Kota,Rajasthan,DIS-SNK,Snakebite,41,1,rising
26,2024,Kota,Rajasthan,DIS-MAL,Malaria,4,0,declining
27,2024,Kota,Rajasthan,DIS-CHL,Cholera,90,2,rising
27,2024,Kota,Rajasthan,DIS-DEN,Dengue,3,0,stable
27,2024,Kota,Rajasthan,DIS-RSP,Respiratory infections,3,0,rising
27,2024,Kota,Rajasthan,DIS-SNK,Snakebite,69,3,rising
27,2024,Kota,Rajasthan,DIS-MAL,Malaria,0,0,stable
28,2024,Kota,Rajasthan,DIS-CHL,Cholera,45,0,rising
28,2024,Kota,Rajasthan,DIS-DEN,Dengue,0,0,declining
28,2024,Kota,Rajasthan,DIS-RSP,Respiratory infections,3,0,rising
28,2024,Kota,Rajasthan,DIS-SNK,Snakebite,55,1,rising
28,2024,Kota,Rajasthan,DIS-MAL,Malaria,100,1,rising
29,2024,Kota,Rajasthan,DIS-CHL,Cholera,72,3,rising
29,2024,Kota,Rajasthan,DIS-DEN,Dengue,3,0,rising
29,2024,Kota,Rajasthan,DIS-RSP,Respiratory infections,2,0,stable
29,2024,Kota,Rajasthan,DIS-SNK,Snakebite,97,3,rising
29,2024,Kota,Rajasthan,DIS-MAL,Malaria,81,3,rising
30,2024,Kota,Rajasthan,DIS-CHL,Cholera,103,4,declining
30,2024,Kota,Rajasthan,DIS-DEN,Dengue,47,2,rising
30,2024,Kota,Rajasthan,DIS-RSP,Respiratory infections,3,0,declining
30,2024,Kota,Rajasthan,DIS-SNK,Snakebite,41,1,declining
30,2024,Kota,Rajasthan,DIS-MAL,Malaria,78,2,rising
31,2024,Kota,Rajasthan,DIS-CHL,Cholera,59,2,declining
31,2024,Kota,Rajasthan,DIS-DEN,Dengue,104,3,rising
31,2024,Kota,Rajasthan,DIS-RSP,Respiratory infections,4,0,stable
31,2024,Kota,Rajasthan,DIS-SNK,Snakebite,77,1,declining
31,2024,Kota,Rajasthan,DIS-MAL,Malaria,30,0,rising
32,2024,Kota,Rajasthan,DIS-CHL,Cholera,27,0,declining
32,2024,Kota,Rajasthan,DIS-DEN,Dengue,74,1,rising
32,2024,Kota,Rajasthan,DIS-RSP,Respiratory infections,4,0,stable
32,2024,Kota,Rajasthan,DIS-SNK,Snakebite,68,1,declining
32,2024,Kota,Rajasthan,DIS-MAL,Malaria,40,1,rising
33,2024,Kota,Rajasthan,DIS-CHL,Cholera,68,1,declining
33,2024,Kota,Rajasthan,DIS-DEN,Dengue,75,0,rising
33,2024,Kota,Rajasthan,DIS-RSP,Respiratory infections,3,0,declining
33,2024,Kota,Rajasthan,DIS-SNK,Snakebite,41,1,declining
33,2024,Kota,Rajasthan,DIS-MAL,Malaria,76,3,rising
34,2024,Kota,Rajasthan,DIS-CHL,Cholera,66,1,declining
34,2024,Kota,Rajasthan,DIS-DEN,Dengue,40,0,rising
34,2024,Kota,Rajasthan,DIS-RSP,Respiratory infections,2,0,declining
34,2024,Kota,Rajasthan,DIS-SNK,Snakebite,35,0,declining
34,2024,Kota,Rajasthan,DIS-MAL,Malaria,66,1,rising
35,2024,Kota,Rajasthan,DIS-CHL,Cholera,35,0,declining
35,2024,Kota,Rajasthan,DIS-DEN,Dengue,75,0,rising
35,2024,Kota,Rajasthan,DIS-RSP,Respiratory infections,1,0,stable
35,2024,Kota,Rajasthan,DIS-SNK,Snakebite,70,2,declining
35,2024,Kota,Rajasthan,DIS-MAL,Malaria,86,0,declining
36,2024,Kota,Rajasthan,DIS-CHL,Cholera,1,0,stable
36,2024,Kota,Rajasthan,DIS-DEN,Dengue,70,0,rising
36,2024,Kota,Rajasthan,DIS-RSP,Respiratory infections,0,0,stable
36,2024,Kota,Rajasthan,DIS-SNK,Snakebite,30,0,declining
36,2024,Kota,Rajasthan,DIS-MAL,Malaria,63,0,declining
37,2024,Kota,Rajasthan,DIS-CHL,Cholera,4,0,declining
37,2024,Kota,Rajasthan,DIS-DEN,Dengue,54,1,declining
37,2024,Kota,Rajasthan,DIS-RSP,Respiratory infections,4,0,rising
37,2024,Kota,Rajasthan,DIS-SNK,Snakebite,79,3,declining
37,2024,Kota,Rajasthan,DIS-MAL,Malaria,79,3,declining
38,2024,Kota,Rajasthan,DIS-CHL,Cholera,2,0,rising
38,2024,Kota,Rajasthan,DIS-DEN,Dengue,27,1,declining
38,2024,Kota,Rajasthan,DIS-RSP,Respiratory infections,1,0,stable
38,2024,Kota,Rajasthan,DIS-SNK,Snakebite,28,0,declining
38,2024,Kota,Rajasthan,DIS-MAL,Malaria,78,0,declining
39,2024,Kota,Rajasthan,DIS-CHL,Cholera,0,0,rising
39,2024,Kota,Rajasthan,DIS-DEN,Dengue,77,3,declining
39,2024,Kota,Rajasthan,DIS-RSP,Respiratory infections,2,0,rising
39,2024,Kota,Rajasthan,DIS-SNK,Snakebite,30,0,declining
39,2024,Kota,Rajasthan,DIS-MAL,Malaria,54,0,declining
40,2024,Kota,Rajasthan,DIS-CHL,Cholera,2,0,declining
40,2024,Kota,Rajasthan,DIS-DEN,Dengue,47,1,declining
40,2024,Kota,Rajasthan,DIS-RSP,Respiratory infections,2,0,stable
40,2024,Kota,Rajasthan,DIS-SNK,Snakebite,85,1,declining
40,2024,Kota,Rajasthan,DIS-MAL,Malaria,26,0,declining
41,2024,Kota,Rajasthan,DIS-CHL,Cholera,3,0,stable
41,2024,Kota,Rajasthan,DIS-DEN,Dengue,22,0,declining
41,2024,Kota,Rajasthan,DIS-RSP,Respiratory infections,1,0,stable
41,2024,Kota,Rajasthan,DIS-SNK,Snakebite,3,0,rising
41,2024,Kota,Rajasthan,DIS-MAL,Malaria,23,0,declining
42,2024,Kota,Rajasthan,DIS-CHL,Cholera,2,0,stable
42,2024,Kota,Rajasthan,DIS-DEN,Dengue,61,0,declining
42,2024,Kota,Rajasthan,DIS-RSP,Respiratory infections,0,0,rising
42,2024,Kota,Rajasthan,DIS-SNK,Snakebite,1,0,declining
42,2024,Kota,Rajasthan,DIS-MAL,Malaria,78,3,declining
43,2024,Kota,Rajasthan,DIS-CHL,Cholera,1,0,declining
43,2024,Kota,Rajasthan,DIS-DEN,Dengue,45,1,declining
43,2024,Kota,Rajasthan,DIS-RSP,Respiratory infections,0,0,rising
43,2024,Kota,Rajasthan,DIS-SNK,Snakebite,2,0,stable
43,2024,Kota,Rajasthan,DIS-MAL,Malaria,3,0,stable
44,2024,Kota,Rajasthan,DIS-CHL,Cholera,0,0,rising
44,2024,Kota,Rajasthan,DIS-DEN,Dengue,70,2,declining
44,2024,Kota,Rajasthan,DIS-RSP,Respiratory infections,4,0,stable
44,2024,Kota,Rajasthan,DIS-SNK,Snakebite,0,0,stable
44,2024,Kota,Rajasthan,DIS-MAL,Malaria,1,0,stable
45,2024,Kota,Rajasthan,DIS-CHL,Cholera,3,0,rising
45,2024,Kota,Rajasthan,DIS-DEN,Dengue,47,1,declining
45,2024,Kota,Rajasthan,DIS-RSP,Respiratory infections,106,4,declining
45,2024,Kota,Rajasthan,DIS-SNK,Snakebite,4,0,rising
45,2024,Kota,Rajasthan,DIS-MAL,Malaria,2,0,rising
46,2024,Kota,Rajasthan,DIS-CHL,Cholera,5,0,stable
46,2024,Kota,Rajasthan,DIS-DEN,Dengue,3,0,stable
46,2024,Kota,Rajasthan,DIS-RSP,Respiratory infections,53,0,declining
46,2024,Kota,Rajasthan,DIS-SNK,Snakebite,1,0,declining
46,2024,Kota,Rajasthan,DIS-MAL,Malaria,2,0,stable
47,2024,Kota,Rajasthan,DIS-CHL,Cholera,0,0,rising
47,2024,Kota,Rajasthan,DIS-DEN,Dengue,3,0,rising
47,2024,Kota,Rajasthan,DIS-RSP,Respiratory infections,65,2,declining
47,2024,Kota,Rajasthan,DIS-SNK,Snakebite,1,0,stable
47,2024,Kota,Rajasthan,DIS-MAL,Malaria,4,0,declining
48,2024,Kota,Rajasthan,DIS-CHL,Cholera,0,0,stable
48,2024,Kota,Rajasthan,DIS-DEN,Dengue,4,0,declining
48,2024,Kota,Rajasthan,DIS-RSP,Respiratory infections,37,0,declining
48,2024,Kota,Rajasthan,DIS-SNK,Snakebite,2,0,rising
48,2024,Kota,Rajasthan,DIS-MAL,Malaria,0,0,declining
49,2024,Kota,Rajasthan,DIS-CHL,Cholera,3,0,declining
49,2024,Kota,Rajasthan,DIS-DEN,Dengue,3,0,stable
49,2024,Kota,Rajasthan,DIS-RSP,Respiratory infections,49,0,declining
49,2024,Kota,Rajasthan,DIS-SNK,Snakebite,4,0,rising
49,2024,Kota,Rajasthan,DIS-MAL,Malaria,5,0,declining
50,2024,Kota,Rajasthan,DIS-CHL,Cholera,4,0,stable
50,2024,Kota,Rajasthan,DIS-DEN,Dengue,1,0,rising
50,2024,Kota,Rajasthan,DIS-RSP,Respiratory infections,33,0,declining
50,2024,Kota,Rajasthan,DIS-SNK,Snakebite,5,0,declining
50,2024,Kota,Rajasthan,DIS-MAL,Malaria,5,0,stable
51,2024,Kota,Rajasthan,DIS-CHL,Cholera,3,0,stable
51,2024,Kota,Rajasthan,DIS-DEN,Dengue,2,0,stable
51,2024,Kota,Rajasthan,DIS-RSP,Respiratory infections,70,0,declining
51,2024,Kota,Rajasthan,DIS-SNK,Snakebite,4,0,declining
51,2024,Kota,Rajasthan,DIS-MAL,Malaria,3,0,stable
52,2024,Kota,Rajasthan,DIS-CHL,Cholera,4,0,declining
52,2024,Kota,Rajasthan,DIS-DEN,Dengue,2,0,declining
52,2024,Kota,Rajasthan,DIS-RSP,Respiratory infections,109,2,declining
52,2024,Kota,Rajasthan,DIS-SNK,Snakebite,0,0,stable
52,2024,Kota,Rajasthan,DIS-MAL,Malaria,0,0,rising
1,2024,Pune,Maharashtra,DIS-CHL,Cholera,1,0,stable
1,2024,Pune,Maharashtra,DIS-DEN,Dengue,0,0,rising
1,2024,Pune,Maharashtra,DIS-RSP,Respiratory infections,111,2,stable
1,2024,Pune,Maharashtra,DIS-SNK,Snakebite,0,0,declining
1,2024,Pune,Maharashtra,DIS-MAL,Malaria,4,0,declining
2,2024,Pune,Maharashtra,DIS-CHL,Cholera,2,0,stable
2,2024,Pune,Maharashtra,DIS-DEN,Dengue,0,0,stable
2,2024,Pune,Maharashtra,DIS-RSP,Respiratory infections,105,3,declining
2,2024,Pune,Maharashtra,DIS-SNK,Snakebite,0,0,stable
2,2024,Pune,Maharashtra,DIS-MAL,Malaria,3,0,stable
3,2024,Pune,Maharashtra,DIS-CHL,Cholera,2,0,rising
3,2024,Pune,Maharashtra,DIS-DEN,Dengue,1,0,stable
3,2024,Pune,Maharashtra,DIS-RSP,Respiratory infections,77,0,declining
3,2024,Pune,Maharashtra,DIS-SNK,Snakebite,3,0,stable
3,2024,Pune,Maharashtra,DIS-MAL,Malaria,5,0,rising
4,2024,Pune,Maharashtra,DIS-CHL,Cholera,3,0,declining
4,2024,Pune,Maharashtra,DIS-DEN,Dengue,3,0,declining
4,2024,Pune,Maharashtra,DIS-RSP,Respiratory infections,63,1,declining
4,2024,Pune,Maharashtra,DIS-SNK,Snakebite,3,0,rising
4,2024,Pune,Maharashtra,DIS-MAL,Malaria,2,0,stable
5,2024,Pune,Maharashtra,DIS-CHL,Cholera,2,0,stable
5,2024,Pune,Maharashtra,DIS-DEN,Dengue,2,0,rising
5,2024,Pune,Maharashtra,DIS-RSP,Respiratory infections,24,0,declining
5,2024,Pune,Maharashtra,DIS-SNK,Snakebite,0,0,stable
5,2024,Pune,Maharashtra,DIS-MAL,Malaria,3,0,declining
6,2024,Pune,Maharashtra,DIS-CHL,Cholera,0,0,rising
6,2024,Pune,Maharashtra,DIS-DEN,Dengue,4,0,declining
6,2024,Pune,Maharashtra,DIS-RSP,Respiratory infections,52,1,declining
6,2024,Pune,Maharashtra,DIS-SNK,Snakebite,2,0,stable
6,2024,Pune,Maharashtra,DIS-MAL,Malaria,5,0,stable
7,2024,Pune,Maharashtra,DIS-CHL,Cholera,0,0,stable
7,2024,Pune,Maharashtra,DIS-DEN,Dengue,0,0,stable
7,2024,Pune,Maharashtra,DIS-RSP,Respiratory infections,47,0,declining
7,2024,Pune,Maharashtra,DIS-SNK,Snakebite,0,0,stable
7,2024,Pune,Maharashtra,DIS-MAL,Malaria,3,0,stable
8,2024,Pune,Maharashtra,DIS-CHL,Cholera,1,0,declining
8,2024,Pune,Maharashtra,DIS-DEN,Dengue,4,0,stable
8,2024,Pune,Maharashtra,DIS-RSP,Respiratory infections,90,2,declining
8,2024,Pune,Maharashtra,DIS-SNK,Snakebite,5,0,rising
8,2024,Pune,Maharashtra,DIS-MAL,Malaria,0,0,stable
9,2024,Pune,Maharashtra,DIS-CHL,Cholera,0,0,declining
9,2024,Pune,Maharashtra,DIS-DEN,Dengue,4,0,declining
9,2024,Pune,Maharashtra,DIS-RSP,Respiratory infections,2,0,stable
9,2024,Pune,Maharashtra,DIS-SNK,Snakebite,1,0,declining
9,2024,Pune,Maharashtra,DIS-MAL,Malaria,5,0,stable
10,2024,Pune,Maharashtra,DIS-CHL,Cholera,0,0,stable
10,2024,Pune,Maharashtra,DIS-DEN,Dengue,3,0,rising
10,2024,Pune,Maharashtra,DIS-RSP,Respiratory infections,3,0,stable
10,2024,Pune,Maharashtra,DIS-SNK,Snakebite,0,0,declining
10,2024,Pune,Maharashtra,DIS-MAL,Malaria,5,0,declining
11,2024,Pune,Maharashtra,DIS-CHL,Cholera,0,0,stable
11,2024,Pune,Maharashtra,DIS-DEN,Dengue,0,0,stable
11,2024,Pune,Maharashtra,DIS-RSP,Respiratory infections,1,0,declining
11,2024,Pune,Maharashtra,DIS-SNK,Snakebite,2,0,stable
11,2024,Pune,Maharashtra,DIS-MAL,Malaria,0,0,declining
12,2024,Pune,Maharashtra,DIS-CHL,Cholera,2,0,stable
12,2024,Pune,Maharashtra,DIS-DEN,Dengue,4,0,stable
12,2024,Pune,Maharashtra,DIS-RSP,Respiratory infections,3,0,rising
12,2024,Pune,Maharashtra,DIS-SNK,Snakebite,2,0,stable
12,2024,Pune,Maharashtra,DIS-MAL,Malaria,2,0,stable
13,2024,Pune,Maharashtra,DIS-CHL,Cholera,0,0,stable
13,2024,Pune,Maharashtra,DIS-DEN,Dengue,4,0,rising
13,2024,Pune,Maharashtra,DIS-RSP,Respiratory infections,0,0,declining
13,2024,Pune,Maharashtra,DIS-SNK,Snakebite,0,0,stable
13,2024,Pune,Maharashtra,DIS-MAL,Malaria,2,0,declining
14,2024,Pune,Maharashtra,DIS-CHL,Cholera,0,0,declining
14,2024,Pune,Maharashtra,DIS-DEN,Dengue,0,0,rising
14,2024,Pune,Maharashtra,DIS-RSP,Respiratory infections,0,0,stable
14,2024,Pune,Maharashtra,DIS-SNK,Snakebite,2,0,rising
14,2024,Pune,Maharashtra,DIS-MAL,Malaria,0,0,stable
15,2024,Pune,Maharashtra,DIS-CHL,Cholera,1,0,rising
15,2024,Pune,Maharashtra,DIS-DEN,Dengue,3,0,declining
15,2024,Pune,Maharashtra,DIS-RSP,Respiratory infections,2,0,declining
15,2024,Pune,Maharashtra,DIS-SNK,Snakebite,0,0,declining
15,2024,Pune,Maharashtra,DIS-MAL,Malaria,2,0,rising
16,2024,Pune,Maharashtra,DIS-CHL,Cholera,0,0,rising
16,2024,Pune,Maharashtra,DIS-DEN,Dengue,0,0,rising
16,2024,Pune,Maharashtra,DIS-RSP,Respiratory infections,0,0,stable
16,2024,Pune,Maharashtra,DIS-SNK,Snakebite,1,0,stable
16,2024,Pune,Maharashtra,DIS-MAL,Malaria,1,0,stable
17,2024,Pune,Maharashtra,DIS-CHL,Cholera,3,0,rising
17,2024,Pune,Maharashtra,DIS-DEN,Dengue,0,0,rising
17,2024,Pune,Maharashtra,DIS-RSP,Respiratory infections,2,0,rising
17,2024,Pune,Maharashtra,DIS-SNK,Snakebite,4,0,stable
17,2024,Pune,Maharashtra,DIS-MAL,Malaria,1,0,declining
18,2024,Pune,Maharashtra,DIS-CHL,Cholera,2,0,declining
18,2024,Pune,Maharashtra,DIS-DEN,Dengue,1,0,stable
18,2024,Pune,Maharashtra,DIS-RSP,Respiratory infections,2,0,stable
18,2024,Pune,Maharashtra,DIS-SNK,Snakebite,2,0,stable
18,2024,Pune,Maharashtra,DIS-MAL,Malaria,3,0,stable
19,2024,Pune,Maharashtra,DIS-CHL,Cholera,2,0,rising
19,2024,Pune,Maharashtra,DIS-DEN,Dengue,5,0,stable
19,2024,Pune,Maharashtra,DIS-RSP,Respiratory infections,0,0,stable
19,2024,Pune,Maharashtra,DIS-SNK,Snakebite,3,0,stable
19,2024,Pune,Maharashtra,DIS-MAL,Malaria,0,0,rising
20,2024,Pune,Maharashtra,DIS-CHL,Cholera,1,0,declining
20,2024,Pune,Maharashtra,DIS-DEN,Dengue,1,0,declining
20,2024,Pune,Maharashtra,DIS-RSP,Respiratory infections,1,0,stable
20,2024,Pune,Maharashtra,DIS-SNK,Snakebite,18,0,rising
20,2024,Pune,Maharashtra,DIS-MAL,Malaria,0,0,stable
21,2024,Pune,Maharashtra,DIS-CHL,Cholera,0,0,declining
21,2024,Pune,Maharashtra,DIS-DEN,Dengue,0,0,declining
21,2024,Pune,Maharashtra,DIS-RSP,Respiratory infections,0,0,stable
21,2024,Pune,Maharashtra,DIS-SNK,Snakebite,51,1,rising
21,2024,Pune,Maharashtra,DIS-MAL,Malaria,1,0,declining
22,2024,Pune,Maharashtra,DIS-CHL,Cholera,0,0,stable
22,2024,Pune,Maharashtra,DIS-DEN,Dengue,1,0,declining
22,2024,Pune,Maharashtra,DIS-RSP,Respiratory infections,3,0,stable
22,2024,Pune,Maharashtra,DIS-SNK,Snakebite,30,1,rising
22,2024,Pune,Maharashtra,DIS-MAL,Malaria,1,0,stable
23,2024,Pune,Maharashtra,DIS-CHL,Cholera,0,0,stable
23,2024,Pune,Maharashtra,DIS-DEN,Dengue,3,0,stable
23,2024,Pune,Maharashtra,DIS-RSP,Respiratory infections,3,0,stable
23,2024,Pune,Maharashtra,DIS-SNK,Snakebite,56,2,rising
23,2024,Pune,Maharashtra,DIS-MAL,Malaria,1,0,declining
24,2024,Pune,Maharashtra,DIS-CHL,Cholera,1,0,rising
24,2024,Pune,Maharashtra,DIS-DEN,Dengue,0,0,stable
24,2024,Pune,Maharashtra,DIS-RSP,Respiratory infections,0,0,stable
24,2024,Pune,Maharashtra,DIS-SNK,Snakebite,19,0,rising
24,2024,Pune,Maharashtra,DIS-MAL,Malaria,4,0,declining
25,2024,Pune,Maharashtra,DIS-CHL,Cholera,108,3,rising
25,2024,Pune,Maharashtra,DIS-DEN,Dengue,4,0,stable
25,2024,Pune,Maharashtra,DIS-RSP,Respiratory infections,1,0,stable
25,2024,Pune,Maharashtra,DIS-SNK,Snakebite,69,1,rising
25,2024,Pune,Maharashtra,DIS-MAL,Malaria,4,0,stable
26,2024,Pune,Maharashtra,DIS-CHL,Cholera,42,1,rising
26,2024,Pune,Maharashtra,DIS-DEN,Dengue,4,0,stable
26,2024,Pune,Maharashtra,DIS-RSP,Respiratory infections,3,0,declining
26,2024,Pune,Maharashtra,DIS-SNK,Snakebite,72,0,rising
26,2024,Pune,Maharashtra,DIS-MAL,Malaria,2,0,declining
27,2024,Pune,Maharashtra,DIS-CHL,Cholera,37,0,rising
27,2024,Pune,Maharashtra,DIS-DEN,Dengue,3,0,declining
27,2024,Pune,Maharashtra,DIS-RSP,Respiratory infections,5,0,stable
27,2024,Pune,Maharashtra,DIS-SNK,Snakebite,35,1,rising
27,2024,Pune,Maharashtra,DIS-MAL,Malaria,4,0,stable
28,2024,Pune,Maharashtra,DIS-CHL,Cholera,23,0,rising
28,2024,Pune,Maharashtra,DIS-DEN,Dengue,1,0,stable
28,2024,Pune,Maharashtra,DIS-RSP,Respiratory infections,5,0,stable
28,2024,Pune,Maharashtra,DIS-SNK,Snakebite,92,4,rising
28,2024,Pune,Maharashtra,DIS-MAL,Malaria,75,0,rising
29,2024,Pune,Maharashtra,DIS-CHL,Cholera,56,0,rising
29,2024,Pune,Maharashtra,DIS-DEN,Dengue,0,0,stable
29,2024,Pune,Maharashtra,DIS-RSP,Respiratory infections,1,0,stable
29,2024,Pune,Maharashtra,DIS-SNK,Snakebite,64,1,rising
29,2024,Pune,Maharashtra,DIS-MAL,Malaria,23,0,rising
30,2024,Pune,Maharashtra,DIS-CHL,Cholera,50,1,declining
30,2024,Pune,Maharashtra,DIS-DEN,Dengue,39,1,rising
30,2024,Pune,Maharashtra,DIS-RSP,Respiratory infections,0,0,rising
30,2024,Pune,Maharashtra,DIS-SNK,Snakebite,48,0,declining
30,2024,Pune,Maharashtra,DIS-MAL,Malaria,32,1,rising
31,2024,Pune,Maharashtra,DIS-CHL,Cholera,37,1,declining
31,2024,Pune,Maharashtra,DIS-DEN,Dengue,56,1,rising
31,2024,Pune,Maharashtra,DIS-RSP,Respiratory infections,2,0,rising
31,2024,Pune,Maharashtra,DIS-SNK,Snakebite,22,0,declining
31,2024,Pune,Maharashtra,DIS-MAL,Malaria,80,2,rising
32,2024,Pune,Maharashtra,DIS-CHL,Cholera,70,2,declining
32,2024,Pune,Maharashtra,DIS-DEN,Dengue,94,2,rising
32,2024,Pune,Maharashtra,DIS-RSP,Respiratory infections,0,0,declining
32,2024,Pune,Maharashtra,DIS-SNK,Snakebite,95,4,declining
32,2024,Pune,Maharashtra,DIS-MAL,Malaria,63,2,rising
33,2024,Pune,Maharashtra,DIS-CHL,Cholera,58,1,declining
33,2024,Pune,Maharashtra,DIS-DEN,Dengue,78,3,rising
33,2024,Pune,Maharashtra,DIS-RSP,Respiratory infections,4,0,stable
33,2024,Pune,Maharashtra,DIS-SNK,Snakebite,88,1,declining
33,2024,Pune,Maharashtra,DIS-MAL,Malaria,111,2,rising
34,2024,Pune,Maharashtra,DIS-CHL,Cholera,50,2,declining
34,2024,Pune,Maharashtra,DIS-DEN,Dengue,97,2,rising
34,2024,Pune,Maharashtra,DIS-RSP,Respiratory infections,2,0,stable
34,2024,Pune,Maharashtra,DIS-SNK,Snakebite,76,1,declining
34,2024,Pune,Maharashtra,DIS-MAL,Malaria,69,2,rising
35,2024,Pune,Maharashtra,DIS-CHL,Cholera,54,1,declining
35,2024,Pune,Maharashtra,DIS-DEN,Dengue,28,0,rising
35,2024,Pune,Maharashtra,DIS-RSP,Respiratory infections,1,0,declining
35,2024,Pune,Maharashtra,DIS-SNK,Snakebite,92,1,declining
35,2024,Pune,Maharashtra,DIS-MAL,Malaria,72,2,declining
36,2024,Pune,Maharashtra,DIS-CHL,Cholera,0,0,rising
36,2024,Pune,Maharashtra,DIS-DEN,Dengue,83,3,rising
36,2024,Pune,Maharashtra,DIS-RSP,Respiratory infections,3,0,stable
36,2024,Pune,Maharashtra,DIS-SNK,Snakebite,37,0,declining
36,2024,Pune,Maharashtra,DIS-MAL,Malaria,106,3,declining
37,2024,Pune,Maharashtra,DIS-CHL,Cholera,0,0,stable
37,2024,Pune,Maharashtra,DIS-DEN,Dengue,19,0,declining
37,2024,Pune,Maharashtra,DIS-RSP,Respiratory infections,4,0,stable
37,2024,Pune,Maharashtra,DIS-SNK,Snakebite,36,0,declining
37,2024,Pune,Maharashtra,DIS-MAL,Malaria,50,0,declining
38,2024,Pune,Maharashtra,DIS-CHL,Cholera,0,0,declining
38,2024,Pune,Maharashtra,DIS-DEN,Dengue,85,2,declining
38,2024,Pune,Maharashtra,DIS-RSP,Respiratory infections,2,0,stable
38,2024,Pune,Maharashtra,DIS-SNK,Snakebite,37,1,declining
38,2024,Pune,Maharashtra,DIS-MAL,Malaria,52,2,declining
39,2024,Pune,Maharashtra,DIS-CHL,Cholera,4,0,declining
39,2024,Pune,Maharashtra,DIS-DEN,Dengue,30,1,declining
39,2024,Pune,Maharashtra,DIS-RSP,Respiratory infections,2,0,stable
39,2024,Pune,Maharashtra,DIS-SNK,Snakebite,79,2,declining
39,2024,Pune,Maharashtra,DIS-MAL,Malaria,82,1,declining
40,2024,Pune,Maharashtra,DIS-CHL,Cholera,3,0,rising
40,2024,Pune,Maharashtra,DIS-DEN,Dengue,76,0,declining
40,2024,Pune,Maharashtra,DIS-RSP,Respiratory infections,2,0,rising
40,2024,Pune,Maharashtra,DIS-SNK,Snakebite,90,2,declining
40,2024,Pune,Maharashtra,DIS-MAL,Malaria,21,0,declining
41,2024,Pune,Maharashtra,DIS-CHL,Cholera,1,0,stable
41,2024,Pune,Maharashtra,DIS-DEN,Dengue,82,0,declining
41,2024,Pune,Maharashtra,DIS-RSP,Respiratory infections,0,0,declining
41,2024,Pune,Maharashtra,DIS-SNK,Snakebite,0,0,stable
41,2024,Pune,Maharashtra,DIS-MAL,Malaria,109,5,declining
42,2024,Pune,Maharashtra,DIS-CHL,Cholera,2,0,declining
42,2024,Pune,Maharashtra,DIS-DEN,Dengue,43,2,declining
42,2024,Pune,Maharashtra,DIS-RSP,Respiratory infections,0,0,stable
42,2024,Pune,Maharashtra,DIS-SNK,Snakebite,1,0,declining
42,2024,Pune,Maharashtra,DIS-MAL,Malaria,75,0,declining
43,2024,Pune,Maharashtra,DIS-CHL,Cholera,2,0,stable
43,2024,Pune,Maharashtra,DIS-DEN,Dengue,79,2,declining
43,2024,Pune,Maharashtra,DIS-RSP,Respiratory infections,5,0,rising
43,2024,Pune,Maharashtra,DIS-SNK,Snakebite,4,0,declining
43,2024,Pune,Maharashtra,DIS-MAL,Malaria,3,0,stable
44,2024,Pune,Maharashtra,DIS-CHL,Cholera,0,0,stable
44,2024,Pune,Maharashtra,DIS-DEN,Dengue,59,2,declining
44,2024,Pune,Maharashtra,DIS-RSP,Respiratory infections,1,0,stable
44,2024,Pune,Maharashtra,DIS-SNK,Snakebite,4,0,declining
44,2024,Pune,Maharashtra,DIS-MAL,Malaria,5,0,stable
45,2024,Pune,Maharashtra,DIS-CHL,Cholera,0,0,stable
45,2024,Pune,Maharashtra,DIS-DEN,Dengue,98,3,declining
45,2024,Pune,Maharashtra,DIS-RSP,Respiratory infections,82,0,declining
45,2024,Pune,Maharashtra,DIS-SNK,Snakebite,1,0,rising
45,2024,Pune,Maharashtra,DIS-MAL,Malaria,4,0,rising
46,2024,Pune,Maharashtra,DIS-CHL,Cholera,1,0,stable
46,2024,Pune,Maharashtra,DIS-DEN,Dengue,3,0,rising
46,2024,Pune,Maharashtra,DIS-RSP,Respiratory infections,35,0,declining
46,2024,Pune,Maharashtra,DIS-SNK,Snakebite,3,0,rising
46,2024,Pune,Maharashtra,DIS-MAL,Malaria,0,0,stable
47,2024,Pune,Maharashtra,DIS-CHL,Cholera,5,0,stable
47,2024,Pune,Maharashtra,DIS-DEN,Dengue,1,0,rising
47,2024,Pune,Maharashtra,DIS-RSP,Respiratory infections,73,3,declining
47,2024,Pune,Maharashtra,DIS-SNK,Snakebite,1,0,stable
47,2024,Pune,Maharashtra,DIS-MAL,Malaria,2,0,stable
48,2024,Pune,Maharashtra,DIS-CHL,Cholera,2,0,stable
48,2024,Pune,Maharashtra,DIS-DEN,Dengue,1,0,declining
48,2024,Pune,Maharashtra,DIS-RSP,Respiratory infections,74,2,declining
48,2024,Pune,Maharashtra,DIS-SNK,Snakebite,0,0,stable
48,2024,Pune,Maharashtra,DIS-MAL,Malaria,0,0,rising
49,2024,Pune,Maharashtra,DIS-CHL,Cholera,1,0,declining
49,2024,Pune,Maharashtra,DIS-DEN,Dengue,4,0,declining
49,2024,Pune,Maharashtra,DIS-RSP,Respiratory infections,35,1,declining
49,2024,Pune,Maharashtra,DIS-SNK,Snakebite,1,0,rising
49,2024,Pune,Maharashtra,DIS-MAL,Malaria,1,0,stable
50,2024,Pune,Maharashtra,DIS-CHL,Cholera,2,0,stable
50,2024,Pune,Maharashtra,DIS-DEN,Dengue,5,0,declining
50,2024,Pune,Maharashtra,DIS-RSP,Respiratory infections,73,0,declining
50,2024,Pune,Maharashtra,DIS-SNK,Snakebite,1,0,stable
50,2024,Pune,Maharashtra,DIS-MAL,Malaria,5,0,rising
51,2024,Pune,Maharashtra,DIS-CHL,Cholera,3,0,declining
51,2024,Pune,Maharashtra,DIS-DEN,Dengue,2,0,stable
51,2024,Pune,Maharashtra,DIS-RSP,Respiratory infections,23,0,declining
51,2024,Pune,Maharashtra,DIS-SNK,Snakebite,2,0,rising
51,2024,Pune,Maharashtra,DIS-MAL,Malaria,2,0,stable
52,2024,Pune,Maharashtra,DIS-CHL,Cholera,2,0,rising
52,2024,Pune,Maharashtra,DIS-DEN,Dengue,3,0,stable
52,2024,Pune,Maharashtra,DIS-RSP,Respiratory infections,45,1,declining
52,2024,Pune,Maharashtra,DIS-SNK,Snakebite,3,0,stable
52,2024,Pune,Maharashtra,DIS-MAL,Malaria,2,0,stable
1,2024,Nagpur,Maharashtra,DIS-CHL,Cholera,0,0,declining
1,2024,Nagpur,Maharashtra,DIS-DEN,Dengue,0,0,stable
1,2024,Nagpur,Maharashtra,DIS-RSP,Respiratory infections,29,0,stable
1,2024,Nagpur,Maharashtra,DIS-SNK,Snakebite,0,0,declining
1,2024,Nagpur,Maharashtra,DIS-MAL,Malaria,2,0,stable
2,2024,Nagpur,Maharashtra,DIS-CHL,Cholera,4,0,stable
2,2024,Nagpur,Maharashtra,DIS-DEN,Dengue,1,0,stable
2,2024,Nagpur,Maharashtra,DIS-RSP,Respiratory infections,86,2,declining
2,2024,Nagpur,Maharashtra,DIS-SNK,Snakebite,2,0,rising
2,2024,Nagpur,Maharashtra,DIS-MAL,Malaria,2,0,declining
3,2024,Nagpur,Maharashtra,DIS-CHL,Cholera,1,0,rising
3,2024,Nagpur,Maharashtra,DIS-DEN,Dengue,2,0,rising
3,2024,Nagpur,Maharashtra,DIS-RSP,Respiratory infections,28,0,declining
3,2024,Nagpur,Maharashtra,DIS-SNK,Snakebite,3,0,stable
3,2024,Nagpur,Maharashtra,DIS-MAL,Malaria,3,0,rising
4,2024,Nagpur,Maharashtra,DIS-CHL,Cholera,0,0,rising
4,2024,Nagpur,Maharashtra,DIS-DEN,Dengue,0,0,rising
4,2024,Nagpur,Maharashtra,DIS-RSP,Respiratory infections,33,0,declining
4,2024,Nagpur,Maharashtra,DIS-SNK,Snakebite,3,0,rising
4,2024,Nagpur,Maharashtra,DIS-MAL,Malaria,2,0,declining
5,2024,Nagpur,Maharashtra,DIS-CHL,Cholera,2,0,stable
5,2024,Nagpur,Maharashtra,DIS-DEN,Dengue,4,0,stable
5,2024,Nagpur,Maharashtra,DIS-RSP,Respiratory infections,77,1,declining
5,2024,Nagpur,Maharashtra,DIS-SNK,Snakebite,4,0,stable
5,2024,Nagpur,Maharashtra,DIS-MAL,Malaria,0,0,stable
6,2024,Nagpur,Maharashtra,DIS-CHL,Cholera,5,0,rising
6,2024,Nagpur,Maharashtra,DIS-DEN,Dengue,0,0,rising
6,2024,Nagpur,Maharashtra,DIS-RSP,Respiratory infections,34,0,declining
6,2024,Nagpur,Maharashtra,DIS-SNK,Snakebite,0,0,stable
6,2024,Nagpur,Maharashtra,DIS-MAL,Malaria,1,0,stable
7,2024,Nagpur,Maharashtra,DIS-CHL,Cholera,4,0,declining
7,2024,Nagpur,Maharashtra,DIS-DEN,Dengue,0,0,declining
7,2024,Nagpur,Maharashtra,DIS-RSP,Respiratory infections,72,2,declining
7,2024,Nagpur,Maharashtra,DIS-SNK,Snakebite,0,0,stable
7,2024,Nagpur,Maharashtra,DIS-MAL,Malaria,2,0,rising
8,2024,Nagpur,Maharashtra,DIS-CHL,Cholera,3,0,stable
8,2024,Nagpur,Maharashtra,DIS-DEN,Dengue,4,0,declining
8,2024,Nagpur,Maharashtra,DIS-RSP,Respiratory infections,102,2,declining
8,2024,Nagpur,Maharashtra,DIS-SNK,Snakebite,2,0,stable
8,2024,Nagpur,Maharashtra,DIS-MAL,Malaria,1,0,stable
9,2024,Nagpur,Maharashtra,DIS-CHL,Cholera,4,0,declining
9,2024,Nagpur,Maharashtra,DIS-DEN,Dengue,2,0,declining
9,2024,Nagpur,Maharashtra,DIS-RSP,Respiratory infections,2,0,stable
9,2024,Nagpur,Maharashtra,DIS-SNK,Snakebite,3,0,stable
9,2024,Nagpur,Maharashtra,DIS-MAL,Malaria,3,0,declining
10,2024,Nagpur,Maharashtra,DIS-CHL,Cholera,0,0,stable
10,2024,Nagpur,Maharashtra,DIS-DEN,Dengue,4,0,rising
10,2024,Nagpur,Maharashtra,DIS-RSP,Respiratory infections,5,0,rising
10,2024,Nagpur,Maharashtra,DIS-SNK,Snakebite,4,0,rising
10,2024,Nagpur,Maharashtra,DIS-MAL,Malaria,5,0,rising
11,2024,Nagpur,Maharashtra,DIS-CHL,Cholera,1,0,stable
11,2024,Nagpur,Maharashtra,DIS-DEN,Dengue,4,0,stable
11,2024,Nagpur,Maharashtra,DIS-RSP,Respiratory infections,1,0,stable
11,2024,Nagpur,Maharashtra,DIS-SNK,Snakebite,1,0,declining
11,2024,Nagpur,Maharashtra,DIS-MAL,Malaria,1,0,stable
12,2024,Nagpur,Maharashtra,DIS-CHL,Cholera,0,0,declining
12,2024,Nagpur,Maharashtra,DIS-DEN,Dengue,1,0,declining
12,2024,Nagpur,Maharashtra,DIS-RSP,Respiratory infections,2,0,stable
12,2024,Nagpur,Maharashtra,DIS-SNK,Snakebite,2,0,rising
12,2024,Nagpur,Maharashtra,DIS-MAL,Malaria,5,0,declining
13,2024,Nagpur,Maharashtra,DIS-CHL,Cholera,3,0,stable
13,2024,Nagpur,Maharashtra,DIS-DEN,Dengue,0,0,rising
13,2024,Nagpur,Maharashtra,DIS-RSP,Respiratory infections,0,0,rising
13,2024,Nagpur,Maharashtra,DIS-SNK,Snakebite,0,0,stable
13,2024,Nagpur,Maharashtra,DIS-MAL,Malaria,5,0,declining
14,2024,Nagpur,Maharashtra,DIS-CHL,Cholera,1,0,stable
14,2024,Nagpur,Maharashtra,DIS-DEN,Dengue,1,0,declining
14,2024,Nagpur,Maharashtra,DIS-RSP,Respiratory infections,0,0,stable
14,2024,Nagpur,Maharashtra,DIS-SNK,Snakebite,0,0,stable
14,2024,Nagpur,Maharashtra,DIS-MAL,Malaria,5,0,stable
15,2024,Nagpur,Maharashtra,DIS-CHL,Cholera,0,0,stable
15,2024,Nagpur,Maharashtra,DIS-DEN,Dengue,0,0,declining
15,2024,Nagpur,Maharashtra,DIS-RSP,Respiratory infections,3,0,stable
15,2024,Nagpur,Maharashtra,DIS-SNK,Snakebite,4,0,stable
15,2024,Nagpur,Maharashtra,DIS-MAL,Malaria,1,0,rising
16,2024,Nagpur,Maharashtra,DIS-CHL,Cholera,3,0,stable
16,2024,Nagpur,Maharashtra,DIS-DEN,Dengue,1,0,stable
16,2024,Nagpur,Maharashtra,DIS-RSP,Respiratory infections,3,0,stable
16,2024,Nagpur,Maharashtra,DIS-SNK,Snakebite,1,0,stable
16,2024,Nagpur,Maharashtra,DIS-MAL,Malaria,5,0,stable
17,2024,Nagpur,Maharashtra,DIS-CHL,Cholera,5,0,stable
17,2024,Nagpur,Maharashtra,DIS-DEN,Dengue,4,0,declining
17,2024,Nagpur,Maharashtra,DIS-RSP,Respiratory infections,0,0,stable
17,2024,Nagpur,Maharashtra,DIS-SNK,Snakebite,3,0,stable
17,2024,Nagpur,Maharashtra,DIS-MAL,Malaria,0,0,stable
18,2024,Nagpur,Maharashtra,DIS-CHL,Cholera,0,0,stable
18,2024,Nagpur,Maharashtra,DIS-DEN,Dengue,2,0,rising
18,2024,Nagpur,Maharashtra,DIS-RSP,Respiratory infections,2,0,declining
18,2024,Nagpur,Maharashtra,DIS-SNK,Snakebite,0,0,stable
18,2024,Nagpur,Maharashtra,DIS-MAL,Malaria,1,0,stable
19,2024,Nagpur,Maharashtra,DIS-CHL,Cholera,5,0,declining
19,2024,Nagpur,Maharashtra,DIS-DEN,Dengue,3,0,declining
19,2024,Nagpur,Maharashtra,DIS-RSP,Respiratory infections,4,0,rising
19,2024,Nagpur,Maharashtra,DIS-SNK,Snakebite,2,0,stable
19,2024,Nagpur,Maharashtra,DIS-MAL,Malaria,2,0,stable
20,2024,Nagpur,Maharashtra,DIS-CHL,Cholera,4,0,rising
20,2024,Nagpur,Maharashtra,DIS-DEN,Dengue,0,0,rising
20,2024,Nagpur,Maharashtra,DIS-RSP,Respiratory infections,1,0,stable
20,2024,Nagpur,Maharashtra,DIS-SNK,Snakebite,52,1,rising
20,2024,Nagpur,Maharashtra,DIS-MAL,Malaria,2,0,declining
21,2024,Nagpur,Maharashtra,DIS-CHL,Cholera,1,0,stable
21,2024,Nagpur,Maharashtra,DIS-DEN,Dengue,0,0,rising
21,2024,Nagpur,Maharashtra,DIS-RSP,Respiratory infections,1,0,rising
21,2024,Nagpur,Maharashtra,DIS-SNK,Snakebite,61,2,rising
21,2024,Nagpur,Maharashtra,DIS-MAL,Malaria,5,0,rising
22,2024,Nagpur,Maharashtra,DIS-CHL,Cholera,4,0,declining
22,2024,Nagpur,Maharashtra,DIS-DEN,Dengue,0,0,declining
22,2024,Nagpur,Maharashtra,DIS-RSP,Respiratory infections,0,0,rising
22,2024,Nagpur,Maharashtra,DIS-SNK,Snakebite,81,3,rising
22,2024,Nagpur,Maharashtra,DIS-MAL,Malaria,0,0,declining
23,2024,Nagpur,Maharashtra,DIS-CHL,Cholera,3,0,stable
23,2024,Nagpur,Maharashtra,DIS-DEN,Dengue,3,0,declining
23,2024,Nagpur,Maharashtra,DIS-RSP,Respiratory infections,2,0,declining
23,2024,Nagpur,Maharashtra,DIS-SNK,Snakebite,83,2,rising
23,2024,Nagpur,Maharashtra,DIS-MAL,Malaria,0,0,declining
24,2024,Nagpur,Maharashtra,DIS-CHL,Cholera,4,0,rising
24,2024,Nagpur,Maharashtra,DIS-DEN,Dengue,1,0,stable
24,2024,Nagpur,Maharashtra,DIS-RSP,Respiratory infections,2,0,declining
24,2024,Nagpur,Maharashtra,DIS-SNK,Snakebite,104,4,rising
24,2024,Nagpur,Maharashtra,DIS-MAL,Malaria,5,0,rising
25,2024,Nagpur,Maharashtra,DIS-CHL,Cholera,71,0,rising
25,2024,Nagpur,Maharashtra,DIS-DEN,Dengue,5,0,declining
25,2024,Nagpur,Maharashtra,DIS-RSP,Respiratory infections,1,0,declining
25,2024,Nagpur,Maharashtra,DIS-SNK,Snakebite,37,0,rising
25,2024,Nagpur,Maharashtra,DIS-MAL,Malaria,0,0,declining
26,2024,Nagpur,Maharashtra,DIS-CHL,Cholera,30,0,rising
26,2024,Nagpur,Maharashtra,DIS-DEN,Dengue,1,0,rising
26,2024,Nagpur,Maharashtra,DIS-RSP,Respiratory infections,2,0,stable
26,2024,Nagpur,Maharashtra,DIS-SNK,Snakebite,49,2,rising
26,2024,Nagpur,Maharashtra,DIS-MAL,Malaria,1,0,stable
27,2024,Nagpur,Maharashtra,DIS-CHL,Cholera,79,0,rising
27,2024,Nagpur,Maharashtra,DIS-DEN,Dengue,5,0,rising
27,2024,Nagpur,Maharashtra,DIS-RSP,Respiratory infections,2,0,declining
27,2024,Nagpur,Maharashtra,DIS-SNK,Snakebite,28,0,rising
27,2024,Nagpur,Maharashtra,DIS-MAL,Malaria,4,0,declining
28,2024,Nagpur,Maharashtra,DIS-CHL,Cholera,87,2,rising
28,2024,Nagpur,Maharashtra,DIS-DEN,Dengue,2,0,declining
28,2024,Nagpur,Maharashtra,DIS-RSP,Respiratory infections,3,0,rising
28,2024,Nagpur,Maharashtra,DIS-SNK,Snakebite,33,0,rising
28,2024,Nagpur,Maharashtra,DIS-MAL,Malaria,57,1,rising
29,2024,Nagpur,Maharashtra,DIS-CHL,Cholera,55,0,rising
29,2024,Nagpur,Maharashtra,DIS-DEN,Dengue,3,0,stable
29,2024,Nagpur,Maharashtra,DIS-RSP,Respiratory infections,5,0,rising
29,2024,Nagpur,Maharashtra,DIS-SNK,Snakebite,54,1,rising
29,2024,Nagpur,Maharashtra,DIS-MAL,Malaria,95,3,rising
30,2024,Nagpur,Maharashtra,DIS-CHL,Cholera,30,0,declining
30,2024,Nagpur,Maharashtra,DIS-DEN,Dengue,26,0,rising
30,2024,Nagpur,Maharashtra,DIS-RSP,Respiratory infections,0,0,stable
30,2024,Nagpur,Maharashtra,DIS-SNK,Snakebite,38,0,declining
30,2024,Nagpur,Maharashtra,DIS-MAL,Malaria,33,0,rising
31,2024,Nagpur,Maharashtra,DIS-CHL,Cholera,61,2,declining
31,2024,Nagpur,Maharashtra,DIS-DEN,Dengue,81,1,rising
31,2024,Nagpur,Maharashtra,DIS-RSP,Respiratory infections,5,0,rising
31,2024,Nagpur,Maharashtra,DIS-SNK,Snakebite,24,0,declining
31,2024,Nagpur,Maharashtra,DIS-MAL,Malaria,28,0,rising
32,2024,Nagpur,Maharashtra,DIS-CHL,Cholera,99,4,declining
32,2024,Nagpur,Maharashtra,DIS-DEN,Dengue,48,0,rising
32,2024,Nagpur,Maharashtra,DIS-RSP,Respiratory infections,3,0,stable
32,2024,Nagpur,Maharashtra,DIS-SNK,Snakebite,73,1,declining
32,2024,Nagpur,Maharashtra,DIS-MAL,Malaria,77,3,rising
33,2024,Nagpur,Maharashtra,DIS-CHL,Cholera,65,2,declining
33,2024,Nagpur,Maharashtra,DIS-DEN,Dengue,42,0,rising
33,2024,Nagpur,Maharashtra,DIS-RSP,Respiratory infections,4,0,declining
33,2024,Nagpur,Maharashtra,DIS-SNK,Snakebite,71,2,declining
33,2024,Nagpur,Maharashtra,DIS-MAL,Malaria,51,2,rising
34,2024,Nagpur,Maharashtra,DIS-CHL,Cholera,45,0,declining
34,2024,Nagpur,Maharashtra,DIS-DEN,Dengue,80,1,rising
34,2024,Nagpur,Maharashtra,DIS-RSP,Respiratory infections,4,0,stable
34,2024,Nagpur,Maharashtra,DIS-SNK,Snakebite,63,2,declining
34,2024,Nagpur,Maharashtra,DIS-MAL,Malaria,80,2,rising
35,2024,Nagpur,Maharashtra,DIS-CHL,Cholera,106,0,declining
35,2024,Nagpur,Maharashtra,DIS-DEN,Dengue,49,0,rising
35,2024,Nagpur,Maharashtra,DIS-RSP,Respiratory infections,1,0,stable
35,2024,Nagpur,Maharashtra,DIS-SNK,Snakebite,44,1,declining
35,2024,Nagpur,Maharashtra,DIS-MAL,Malaria,80,0,declining
36,2024,Nagpur,Maharashtra,DIS-CHL,Cholera,5,0,stable
36,2024,Nagpur,Maharashtra,DIS-DEN,Dengue,94,4,rising
36,2024,Nagpur,Maharashtra,DIS-RSP,Respiratory infections,1,0,stable
36,2024,Nagpur,Maharashtra,DIS-SNK,Snakebite,68,0,declining
36,2024,Nagpur,Maharashtra,DIS-MAL,Malaria,43,0,declining
37,2024,Nagpur,Maharashtra,DIS-CHL,Cholera,1,0,stable
37,2024,Nagpur,Maharashtra,DIS-DEN,Dengue,100,0,declining
37,2024,Nagpur,Maharashtra,DIS-RSP,Respiratory infections,2,0,stable
37,2024,Nagpur,Maharashtra,DIS-SNK,Snakebite,59,0,declining
37,2024,Nagpur,Maharashtra,DIS-MAL,Malaria,23,0,declining
38,2024,Nagpur,Maharashtra,DIS-CHL,Cholera,1,0,declining
38,2024,Nagpur,Maharashtra,DIS-DEN,Dengue,101,1,declining
38,2024,Nagpur,Maharashtra,DIS-RSP,Respiratory infections,3,0,rising
38,2024,Nagpur,Maharashtra,DIS-SNK,Snakebite,88,3,declining
38,2024,Nagpur,Maharashtra,DIS-MAL,Malaria,36,1,declining
39,2024,Nagpur,Maharashtra,DIS-CHL,Cholera,0,0,rising
39,2024,Nagpur,Maharashtra,DIS-DEN,Dengue,23,0,declining
39,2024,Nagpur,Maharashtra,DIS-RSP,Respiratory infections,1,0,declining
39,2024,Nagpur,Maharashtra,DIS-SNK,Snakebite,52,1,declining
39,2024,Nagpur,Maharashtra,DIS-MAL,Malaria,52,1,declining
40,2024,Nagpur,Maharashtra,DIS-CHL,Cholera,2,0,rising
40,2024,Nagpur,Maharashtra,DIS-DEN,Dengue,87,1,declining
40,2024,Nagpur,Maharashtra,DIS-RSP,Respiratory infections,3,0,stable
40,2024,Nagpur,Maharashtra,DIS-SNK,Snakebite,30,0,declining
40,2024,Nagpur,Maharashtra,DIS-MAL,Malaria,97,3,declining
41,2024,Nagpur,Maharashtra,DIS-CHL,Cholera,4,0,declining
41,2024,Nagpur,Maharashtra,DIS-DEN,Dengue,90,0,declining
41,2024,Nagpur,Maharashtra,DIS-RSP,Respiratory infections,3,0,rising
41,2024,Nagpur,Maharashtra,DIS-SNK,Snakebite,0,0,rising
41,2024,Nagpur,Maharashtra,DIS-MAL,Malaria,45,0,declining
42,2024,Nagpur,Maharashtra,DIS-CHL,Cholera,0,0,rising
42,2024,Nagpur,Maharashtra,DIS-DEN,Dengue,99,4,declining
42,2024,Nagpur,Maharashtra,DIS-RSP,Respiratory infections,3,0,rising
42,2024,Nagpur,Maharashtra,DIS-SNK,Snakebite,2,0,declining
42,2024,Nagpur,Maharashtra,DIS-MAL,Malaria,51,1,declining
43,2024,Nagpur,Maharashtra,DIS-CHL,Cholera,3,0,stable
43,2024,Nagpur,Maharashtra,DIS-DEN,Dengue,79,3,declining
43,2024,Nagpur,Maharashtra,DIS-RSP,Respiratory infections,0,0,rising
43,2024,Nagpur,Maharashtra,DIS-SNK,Snakebite,0,0,stable
43,2024,Nagpur,Maharashtra,DIS-MAL,Malaria,2,0,rising
44,2024,Nagpur,Maharashtra,DIS-CHL,Cholera,1,0,rising
44,2024,Nagpur,Maharashtra,DIS-DEN,Dengue,45,0,declining
44,2024,Nagpur,Maharashtra,DIS-RSP,Respiratory infections,0,0,stable
44,2024,Nagpur,Maharashtra,DIS-SNK,Snakebite,0,0,declining
44,2024,Nagpur,Maharashtra,DIS-MAL,Malaria,0,0,stable
45,2024,Nagpur,Maharashtra,DIS-CHL,Cholera,1,0,stable
45,2024,Nagpur,Maharashtra,DIS-DEN,Dengue,30,0,declining
45,2024,Nagpur,Maharashtra,DIS-RSP,Respiratory infections,59,2,declining
45,2024,Nagpur,Maharashtra,DIS-SNK,Snakebite,0,0,rising
45,2024,Nagpur,Maharashtra,DIS-MAL,Malaria,3,0,stable
46,2024,Nagpur,Maharashtra,DIS-CHL,Cholera,0,0,stable
46,2024,Nagpur,Maharashtra,DIS-DEN,Dengue,4,0,stable
46,2024,Nagpur,Maharashtra,DIS-RSP,Respiratory infections,39,0,declining
46,2024,Nagpur,Maharashtra,DIS-SNK,Snakebite,5,0,stable
46,2024,Nagpur,Maharashtra,DIS-MAL,Malaria,0,0,stable
47,2024,Nagpur,Maharashtra,DIS-CHL,Cholera,4,0,stable
47,2024,Nagpur,Maharashtra,DIS-DEN,Dengue,2,0,stable
47,2024,Nagpur,Maharashtra,DIS-RSP,Respiratory infections,51,0,declining
47,2024,Nagpur,Maharashtra,DIS-SNK,Snakebite,1,0,stable
47,2024,Nagpur,Maharashtra,DIS-MAL,Malaria,2,0,rising
48,2024,Nagpur,Maharashtra,DIS-CHL,Cholera,0,0,stable
48,2024,Nagpur,Maharashtra,DIS-DEN,Dengue,3,0,stable
48,2024,Nagpur,Maharashtra,DIS-RSP,Respiratory infections,75,1,declining
48,2024,Nagpur,Maharashtra,DIS-SNK,Snakebite,3,0,rising
48,2024,Nagpur,Maharashtra,DIS-MAL,Malaria,0,0,stable
49,2024,Nagpur,Maharashtra,DIS-CHL,Cholera,0,0,rising
49,2024,Nagpur,Maharashtra,DIS-DEN,Dengue,1,0,declining
49,2024,Nagpur,Maharashtra,DIS-RSP,Respiratory infections,42,1,declining
49,2024,Nagpur,Maharashtra,DIS-SNK,Snakebite,1,0,rising
49,2024,Nagpur,Maharashtra,DIS-MAL,Malaria,0,0,rising
50,2024,Nagpur,Maharashtra,DIS-CHL,Cholera,0,0,stable
50,2024,Nagpur,Maharashtra,DIS-DEN,Dengue,3,0,stable
50,2024,Nagpur,Maharashtra,DIS-RSP,Respiratory infections,56,1,declining
50,2024,Nagpur,Maharashtra,DIS-SNK,Snakebite,4,0,rising
50,2024,Nagpur,Maharashtra,DIS-MAL,Malaria,0,0,declining
51,2024,Nagpur,Maharashtra,DIS-CHL,Cholera,0,0,stable
51,2024,Nagpur,Maharashtra,DIS-DEN,Dengue,0,0,stable
51,2024,Nagpur,Maharashtra,DIS-RSP,Respiratory infections,92,1,declining
51,2024,Nagpur,Maharashtra,DIS-SNK,Snakebite,3,0,declining
51,2024,Nagpur,Maharashtra,DIS-MAL,Malaria,3,0,declining
52,2024,Nagpur,Maharashtra,DIS-CHL,Cholera,0,0,stable
52,2024,Nagpur,Maharashtra,DIS-DEN,Dengue,3,0,declining
52,2024,Nagpur,Maharashtra,DIS-RSP,Respiratory infections,83,1,declining
52,2024,Nagpur,Maharashtra,DIS-SNK,Snakebite,1,0,declining
52,2024,Nagpur,Maharashtra,DIS-MAL,Malaria,1,0,declining
1,2024,Nashik,Maharashtra,DIS-CHL,Cholera,0,0,stable
1,2024,Nashik,Maharashtra,DIS-DEN,Dengue,3,0,declining
1,2024,Nashik,Maharashtra,DIS-RSP,Respiratory infections,27,0,stable
1,2024,Nashik,Maharashtra,DIS-SNK,Snakebite,3,0,stable
1,2024,Nashik,Maharashtra,DIS-MAL,Malaria,3,0,stable
2,2024,Nashik,Maharashtra,DIS-CHL,Cholera,1,0,stable
2,2024,Nashik,Maharashtra,DIS-DEN,Dengue,0,0,stable
2,2024,Nashik,Maharashtra,DIS-RSP,Respiratory infections,110,1,declining
2,2024,Nashik,Maharashtra,DIS-SNK,Snakebite,4,0,rising
2,2024,Nashik,Maharashtra,DIS-MAL,Malaria,2,0,rising
3,2024,Nashik,Maharashtra,DIS-CHL,Cholera,5,0,declining
3,2024,Nashik,Maharashtra,DIS-DEN,Dengue,2,0,rising
3,2024,Nashik,Maharashtra,DIS-RSP,Respiratory infections,64,2,declining
3,2024,Nashik,Maharashtra,DIS-SNK,Snakebite,1,0,stable
3,2024,Nashik,Maharashtra,DIS-MAL,Malaria,1,0,stable
4,2024,Nashik,Maharashtra,DIS-CHL,Cholera,3,0,stable
4,2024,Nashik,Maharashtra,DIS-DEN,Dengue,0,0,rising
4,2024,Nashik,Maharashtra,DIS-RSP,Respiratory infections,77,1,declining
4,2024,Nashik,Maharashtra,DIS-SNK,Snakebite,3,0,declining
4,2024,Nashik,Maharashtra,DIS-MAL,Malaria,1,0,stable
5,2024,Nashik,Maharashtra,DIS-CHL,Cholera,0,0,stable
5,2024,Nashik,Maharashtra,DIS-DEN,Dengue,1,0,stable
5,2024,Nashik,Maharashtra,DIS-RSP,Respiratory infections,55,0,declining
5,2024,Nashik,Maharashtra,DIS-SNK,Snakebite,2,0,declining
5,2024,Nashik,Maharashtra,DIS-MAL,Malaria,5,0,stable
6,2024,Nashik,Maharashtra,DIS-CHL,Cholera,1,0,declining
6,2024,Nashik,Maharashtra,DIS-DEN,Dengue,3,0,stable
6,2024,Nashik,Maharashtra,DIS-RSP,Respiratory infections,75,0,declining
6,2024,Nashik,Maharashtra,DIS-SNK,Snakebite,4,0,rising
6,2024,Nashik,Maharashtra,DIS-MAL,Malaria,0,0,declining
7,2024,Nashik,Maharashtra,DIS-CHL,Cholera,0,0,rising
7,2024,Nashik,Maharashtra,DIS-DEN,Dengue,0,0,stable
7,2024,Nashik,Maharashtra,DIS-RSP,Respiratory infections,22,0,declining
7,2024,Nashik,Maharashtra,DIS-SNK,Snakebite,3,0,rising
7,2024,Nashik,Maharashtra,DIS-MAL,Malaria,3,0,stable
8,2024,Nashik,Maharashtra,DIS-CHL,Cholera,3,0,stable
8,2024,Nashik,Maharashtra,DIS-DEN,Dengue,1,0,rising
8,2024,Nashik,Maharashtra,DIS-RSP,Respiratory infections,29,1,declining
8,2024,Nashik,Maharashtra,DIS-SNK,Snakebite,4,0,stable
8,2024,Nashik,Maharashtra,DIS-MAL,Malaria,3,0,rising
9,2024,Nashik,Maharashtra,DIS-CHL,Cholera,2,0,rising
9,2024,Nashik,Maharashtra,DIS-DEN,Dengue,4,0,rising
9,2024,Nashik,Maharashtra,DIS-RSP,Respiratory infections,0,0,declining
9,2024,Nashik,Maharashtra,DIS-SNK,Snakebite,4,0,stable
9,2024,Nashik,Maharashtra,DIS-MAL,Malaria,0,0,stable
10,2024,Nashik,Maharashtra,DIS-CHL,Cholera,3,0,declining
10,2024,Nashik,Maharashtra,DIS-DEN,Dengue,3,0,rising
10,2024,Nashik,Maharashtra,DIS-RSP,Respiratory infections,3,0,declining
10,2024,Nashik,Maharashtra,DIS-SNK,Snakebite,2,0,rising
10,2024,Nashik,Maharashtra,DIS-MAL,Malaria,3,0,stable
11,2024,Nashik,Maharashtra,DIS-CHL,Cholera,0,0,stable
11,2024,Nashik,Maharashtra,DIS-DEN,Dengue,1,0,rising
11,2024,Nashik,Maharashtra,DIS-RSP,Respiratory infections,4,0,declining
11,2024,Nashik,Maharashtra,DIS-SNK,Snakebite,2,0,rising
11,2024,Nashik,Maharashtra,DIS-MAL,Malaria,4,0,declining
12,2024,Nashik,Maharashtra,DIS-CHL,Cholera,2,0,stable
12,2024,Nashik,Maharashtra,DIS-DEN,Dengue,0,0,declining
12,2024,Nashik,Maharashtra,DIS-RSP,Respiratory infections,0,0,rising
12,2024,Nashik,Maharashtra,DIS-SNK,Snakebite,1,0,stable
12,2024,Nashik,Maharashtra,DIS-MAL,Malaria,4,0,stable
13,2024,Nashik,Maharashtra,DIS-CHL,Cholera,0,0,rising
13,2024,Nashik,Maharashtra,DIS-DEN,Dengue,0,0,stable
13,2024,Nashik,Maharashtra,DIS-RSP,Respiratory infections,0,0,declining
13,2024,Nashik,Maharashtra,DIS-SNK,Snakebite,3,0,rising
13,2024,Nashik,Maharashtra,DIS-MAL,Malaria,4,0,declining
14,2024,Nashik,Maharashtra,DIS-CHL,Cholera,2,0,declining
14,2024,Nashik,Maharashtra,DIS-DEN,Dengue,1,0,declining
14,2024,Nashik,Maharashtra,DIS-RSP,Respiratory infections,0,0,declining
14,2024,Nashik,Maharashtra,DIS-SNK,Snakebite,0,0,stable
14,2024,Nashik,Maharashtra,DIS-MAL,Malaria,0,0,stable
15,2024,Nashik,Maharashtra,DIS-CHL,Cholera,0,0,declining
15,2024,Nashik,Maharashtra,DIS-DEN,Dengue,0,0,rising
15,2024,Nashik,Maharashtra,DIS-RSP,Respiratory infections,1,0,declining
15,2024,Nashik,Maharashtra,DIS-SNK,Snakebite,3,0,declining
15,2024,Nashik,Maharashtra,DIS-MAL,Malaria,4,0,rising
16,2024,Nashik,Maharashtra,DIS-CHL,Cholera,1,0,rising
16,2024,Nashik,Maharashtra,DIS-DEN,Dengue,1,0,stable
16,2024,Nashik,Maharashtra,DIS-RSP,Respiratory infections,0,0,declining
16,2024,Nashik,Maharashtra,DIS-SNK,Snakebite,0,0,rising
16,2024,Nashik,Maharashtra,DIS-MAL,Malaria,0,0,stable
17,2024,Nashik,Maharashtra,DIS-CHL,Cholera,0,0,stable
17,2024,Nashik,Maharashtra,DIS-DEN,Dengue,3,0,stable
17,2024,Nashik,Maharashtra,DIS-RSP,Respiratory infections,4,0,stable
17,2024,Nashik,Maharashtra,DIS-SNK,Snakebite,1,0,stable
17,2024,Nashik,Maharashtra,DIS-MAL,Malaria,0,0,rising
18,2024,Nashik,Maharashtra,DIS-CHL,Cholera,0,0,declining
18,2024,Nashik,Maharashtra,DIS-DEN,Dengue,2,0,declining
18,2024,Nashik,Maharashtra,DIS-RSP,Respiratory infections,4,0,stable
18,2024,Nashik,Maharashtra,DIS-SNK,Snakebite,3,0,declining
18,2024,Nashik,Maharashtra,DIS-MAL,Malaria,0,0,stable
19,2024,Nashik,Maharashtra,DIS-CHL,Cholera,4,0,rising
19,2024,Nashik,Maharashtra,DIS-DEN,Dengue,3,0,rising
19,2024,Nashik,Maharashtra,DIS-RSP,Respiratory infections,3,0,rising
19,2024,Nashik,Maharashtra,DIS-SNK,Snakebite,5,0,stable
19,2024,Nashik,Maharashtra,DIS-MAL,Malaria,4,0,rising
20,2024,Nashik,Maharashtra,DIS-CHL,Cholera,3,0,declining
20,2024,Nashik,Maharashtra,DIS-DEN,Dengue,0,0,declining
20,2024,Nashik,Maharashtra,DIS-RSP,Respiratory infections,1,0,stable
20,2024,Nashik,Maharashtra,DIS-SNK,Snakebite,59,1,rising
20,2024,Nashik,Maharashtra,DIS-MAL,Malaria,3,0,stable
21,2024,Nashik,Maharashtra,DIS-CHL,Cholera,1,0,stable
21,2024,Nashik,Maharashtra,DIS-DEN,Dengue,4,0,stable
21,2024,Nashik,Maharashtra,DIS-RSP,Respiratory infections,5,0,rising
21,2024,Nashik,Maharashtra,DIS-SNK,Snakebite,37,1,rising
21,2024,Nashik,Maharashtra,DIS-MAL,Malaria,2,0,stable
22,2024,Nashik,Maharashtra,DIS-CHL,Cholera,2,0,stable
22,2024,Nashik,Maharashtra,DIS-DEN,Dengue,4,0,declining
22,2024,Nashik,Maharashtra,DIS-RSP,Respiratory infections,2,0,rising
22,2024,Nashik,Maharashtra,DIS-SNK,Snakebite,57,1,rising
22,2024,Nashik,Maharashtra,DIS-MAL,Malaria,0,0,declining
23,2024,Nashik,Maharashtra,DIS-CHL,Cholera,0,0,stable
23,2024,Nashik,Maharashtra,DIS-DEN,Dengue,5,0,stable
23,2024,Nashik,Maharashtra,DIS-RSP,Respiratory infections,3,0,stable
23,2024,Nashik,Maharashtra,DIS-SNK,Snakebite,22,1,rising
23,2024,Nashik,Maharashtra,DIS-MAL,Malaria,1,0,declining
24,2024,Nashik,Maharashtra,DIS-CHL,Cholera,2,0,declining
24,2024,Nashik,Maharashtra,DIS-DEN,Dengue,0,0,stable
24,2024,Nashik,Maharashtra,DIS-RSP,Respiratory infections,1,0,declining
24,2024,Nashik,Maharashtra,DIS-SNK,Snakebite,107,0,rising
24,2024,Nashik,Maharashtra,DIS-MAL,Malaria,0,0,rising
25,2024,Nashik,Maharashtra,DIS-CHL,Cholera,72,1,rising
25,2024,Nashik,Maharashtra,DIS-DEN,Dengue,0,0,stable
25,2024,Nashik,Maharashtra,DIS-RSP,Respiratory infections,3,0,stable
25,2024,Nashik,Maharashtra,DIS-SNK,Snakebite,26,1,rising
25,2024,Nashik,Maharashtra,DIS-MAL,Malaria,3,0,stable
26,2024,Nashik,Maharashtra,DIS-CHL,Cholera,31,0,rising
26,2024,Nashik,Maharashtra,DIS-DEN,Dengue,1,0,rising
26,2024,Nashik,Maharashtra,DIS-RSP,Respiratory infections,0,0,rising
26,2024,Nashik,Maharashtra,DIS-SNK,Snakebite,35,0,rising
26,2024,Nashik,Maharashtra,DIS-MAL,Malaria,0,0,rising
27,2024,Nashik,Maharashtra,DIS-CHL,Cholera,84,1,rising
27,2024,Nashik,Maharashtra,DIS-DEN,Dengue,3,0,stable
27,2024,Nashik,Maharashtra,DIS-RSP,Respiratory infections,1,0,rising
27,2024,Nashik,Maharashtra,DIS-SNK,Snakebite,69,3,rising
27,2024,Nashik,Maharashtra,DIS-MAL,Malaria,3,0,rising
28,2024,Nashik,Maharashtra,DIS-CHL,Cholera,43,1,rising
28,2024,Nashik,Maharashtra,DIS-DEN,Dengue,2,0,declining
28,2024,Nashik,Maharashtra,DIS-RSP,Respiratory infections,3,0,stable
28,2024,Nashik,Maharashtra,DIS-SNK,Snakebite,21,0,rising
28,2024,Nashik,Maharashtra,DIS-MAL,Malaria,101,0,rising
29,2024,Nashik,Maharashtra,DIS-CHL,Cholera,48,0,rising
29,2024,Nashik,Maharashtra,DIS-DEN,Dengue,2,0,rising
29,2024,Nashik,Maharashtra,DIS-RSP,Respiratory infections,1,0,stable
29,2024,Nashik,Maharashtra,DIS-SNK,Snakebite,102,1,rising
29,2024,Nashik,Maharashtra,DIS-MAL,Malaria,65,3,rising
30,2024,Nashik,Maharashtra,DIS-CHL,Cholera,69,0,declining
30,2024,Nashik,Maharashtra,DIS-DEN,Dengue,63,0,rising
30,2024,Nashik,Maharashtra,DIS-RSP,Respiratory infections,5,0,declining
30,2024,Nashik,Maharashtra,DIS-SNK,Snakebite,56,0,declining
30,2024,Nashik,Maharashtra,DIS-MAL,Malaria,95,3,rising
31,2024,Nashik,Maharashtra,DIS-CHL,Cholera,102,0,declining
31,2024,Nashik,Maharashtra,DIS-DEN,Dengue,51,1,rising
31,2024,Nashik,Maharashtra,DIS-RSP,Respiratory infections,3,0,stable
31,2024,Nashik,Maharashtra,DIS-SNK,Snakebite,80,0,declining
31,2024,Nashik,Maharashtra,DIS-MAL,Malaria,83,4,rising
32,2024,Nashik,Maharashtra,DIS-CHL,Cholera,32,0,declining
32,2024,Nashik,Maharashtra,DIS-DEN,Dengue,80,3,rising
32,2024,Nashik,Maharashtra,DIS-RSP,Respiratory infections,1,0,stable
32,2024,Nashik,Maharashtra,DIS-SNK,Snakebite,64,1,declining
32,2024,Nashik,Maharashtra,DIS-MAL,Malaria,50,0,rising
33,2024,Nashik,Maharashtra,DIS-CHL,Cholera,70,2,declining
33,2024,Nashik,Maharashtra,DIS-DEN,Dengue,50,1,rising
33,2024,Nashik,Maharashtra,DIS-RSP,Respiratory infections,2,0,rising
33,2024,Nashik,Maharashtra,DIS-SNK,Snakebite,98,4,declining
33,2024,Nashik,Maharashtra,DIS-MAL,Malaria,51,2,rising
34,2024,Nashik,Maharashtra,DIS-CHL,Cholera,28,0,declining
34,2024,Nashik,Maharashtra,DIS-DEN,Dengue,96,0,rising
34,2024,Nashik,Maharashtra,DIS-RSP,Respiratory infections,4,0,declining
34,2024,Nashik,Maharashtra,DIS-SNK,Snakebite,34,1,declining
34,2024,Nashik,Maharashtra,DIS-MAL,Malaria,90,0,rising
35,2024,Nashik,Maharashtra,DIS-CHL,Cholera,39,1,declining
35,2024,Nashik,Maharashtra,DIS-DEN,Dengue,39,0,rising
35,2024,Nashik,Maharashtra,DIS-RSP,Respiratory infections,0,0,declining
35,2024,Nashik,Maharashtra,DIS-SNK,Snakebite,87,3,declining
35,2024,Nashik,Maharashtra,DIS-MAL,Malaria,22,0,declining
36,2024,Nashik,Maharashtra,DIS-CHL,Cholera,1,0,stable
36,2024,Nashik,Maharashtra,DIS-DEN,Dengue,79,0,rising
36,2024,Nashik,Maharashtra,DIS-RSP,Respiratory infections,0,0,rising
36,2024,Nashik,Maharashtra,DIS-SNK,Snakebite,17,0,declining
36,2024,Nashik,Maharashtra,DIS-MAL,Malaria,19,0,declining
37,2024,Nashik,Maharashtra,DIS-CHL,Cholera,3,0,stable
37,2024,Nashik,Maharashtra,DIS-DEN,Dengue,66,2,declining
37,2024,Nashik,Maharashtra,DIS-RSP,Respiratory infections,4,0,declining
37,2024,Nashik,Maharashtra,DIS-SNK,Snakebite,108,1,declining
37,2024,Nashik,Maharashtra,DIS-MAL,Malaria,26,0,declining
38,2024,Nashik,Maharashtra,DIS-CHL,Cholera,0,0,rising
38,2024,Nashik,Maharashtra,DIS-DEN,Dengue,85,0,declining
38,2024,Nashik,Maharashtra,DIS-RSP,Respiratory infections,0,0,rising
38,2024,Nashik,Maharashtra,DIS-SNK,Snakebite,72,1,declining
38,2024,Nashik,Maharashtra,DIS-MAL,Malaria,67,2,declining
39,2024,Nashik,Maharashtra,DIS-CHL,Cholera,4,0,rising
39,2024,Nashik,Maharashtra,DIS-DEN,Dengue,25,0,declining
39,2024,Nashik,Maharashtra,DIS-RSP,Respiratory infections,2,0,stable
39,2024,Nashik,Maharashtra,DIS-SNK,Snakebite,31,0,declining
39,2024,Nashik,Maharashtra,DIS-MAL,Malaria,58,2,declining
40,2024,Nashik,Maharashtra,DIS-CHL,Cholera,1,0,stable
40,2024,Nashik,Maharashtra,DIS-DEN,Dengue,38,0,declining
40,2024,Nashik,Maharashtra,DIS-RSP,Respiratory infections,3,0,rising
40,2024,Nashik,Maharashtra,DIS-SNK,Snakebite,68,0,declining
40,2024,Nashik,Maharashtra,DIS-MAL,Malaria,81,1,declining
41,2024,Nashik,Maharashtra,DIS-CHL,Cholera,4,0,rising
41,2024,Nashik,Maharashtra,DIS-DEN,Dengue,85,1,declining
41,2024,Nashik,Maharashtra,DIS-RSP,Respiratory infections,4,0,rising
41,2024,Nashik,Maharashtra,DIS-SNK,Snakebite,3,0,stable
41,2024,Nashik,Maharashtra,DIS-MAL,Malaria,29,0,declining
42,2024,Nashik,Maharashtra,DIS-CHL,Cholera,4,0,stable
42,2024,Nashik,Maharashtra,DIS-DEN,Dengue,24,0,declining
42,2024,Nashik,Maharashtra,DIS-RSP,Respiratory infections,2,0,stable
42,2024,Nashik,Maharashtra,DIS-SNK,Snakebite,3,0,stable
42,2024,Nashik,Maharashtra,DIS-MAL,Malaria,115,0,declining
43,2024,Nashik,Maharashtra,DIS-CHL,Cholera,0,0,declining
43,2024,Nashik,Maharashtra,DIS-DEN,Dengue,116,3,declining
43,2024,Nashik,Maharashtra,DIS-RSP,Respiratory infections,0,0,stable
43,2024,Nashik,Maharashtra,DIS-SNK,Snakebite,0,0,stable
43,2024,Nashik,Maharashtra,DIS-MAL,Malaria,5,0,stable
44,2024,Nashik,Maharashtra,DIS-CHL,Cholera,0,0,rising
44,2024,Nashik,Maharashtra,DIS-DEN,Dengue,54,0,declining
44,2024,Nashik,Maharashtra,DIS-RSP,Respiratory infections,4,0,rising
44,2024,Nashik,Maharashtra,DIS-SNK,Snakebite,4,0,stable
44,2024,Nashik,Maharashtra,DIS-MAL,Malaria,0,0,rising
45,2024,Nashik,Maharashtra,DIS-CHL,Cholera,2,0,declining
45,2024,Nashik,Maharashtra,DIS-DEN,Dengue,20,0,declining
45,2024,Nashik,Maharashtra,DIS-RSP,Respiratory infections,64,2,declining
45,2024,Nashik,Maharashtra,DIS-SNK,Snakebite,5,0,rising
45,2024,Nashik,Maharashtra,DIS-MAL,Malaria,4,0,declining
46,2024,Nashik,Maharashtra,DIS-CHL,Cholera,2,0,declining
46,2024,Nashik,Maharashtra,DIS-DEN,Dengue,1,0,stable
46,2024,Nashik,Maharashtra,DIS-RSP,Respiratory infections,57,0,declining
46,2024,Nashik,Maharashtra,DIS-SNK,Snakebite,0,0,rising
46,2024,Nashik,Maharashtra,DIS-MAL,Malaria,3,0,stable
47,2024,Nashik,Maharashtra,DIS-CHL,Cholera,3,0,stable
47,2024,Nashik,Maharashtra,DIS-DEN,Dengue,2,0,rising
47,2024,Nashik,Maharashtra,DIS-RSP,Respiratory infections,59,2,declining
47,2024,Nashik,Maharashtra,DIS-SNK,Snakebite,1,0,declining
47,2024,Nashik,Maharashtra,DIS-MAL,Malaria,1,0,stable
48,2024,Nashik,Maharashtra,DIS-CHL,Cholera,3,0,rising
48,2024,Nashik,Maharashtra,DIS-DEN,Dengue,0,0,stable
48,2024,Nashik,Maharashtra,DIS-RSP,Respiratory infections,82,2,declining
48,2024,Nashik,Maharashtra,DIS-SNK,Snakebite,0,0,rising
48,2024,Nashik,Maharashtra,DIS-MAL,Malaria,3,0,rising
49,2024,Nashik,Maharashtra,DIS-CHL,Cholera,2,0,declining
49,2024,Nashik,Maharashtra,DIS-DEN,Dengue,4,0,stable
49,2024,Nashik,Maharashtra,DIS-RSP,Respiratory infections,38,1,declining
49,2024,Nashik,Maharashtra,DIS-SNK,Snakebite,0,0,stable
49,2024,Nashik,Maharashtra,DIS-MAL,Malaria,2,0,stable
50,2024,Nashik,Maharashtra,DIS-CHL,Cholera,3,0,stable
50,2024,Nashik,Maharashtra,DIS-DEN,Dengue,0,0,stable
50,2024,Nashik,Maharashtra,DIS-RSP,Respiratory infections,66,3,declining
50,2024,Nashik,Maharashtra,DIS-SNK,Snakebite,1,0,rising
50,2024,Nashik,Maharashtra,DIS-MAL,Malaria,0,0,stable
51,2024,Nashik,Maharashtra,DIS-CHL,Cholera,3,0,declining
51,2024,Nashik,Maharashtra,DIS-DEN,Dengue,0,0,rising
51,2024,Nashik,Maharashtra,DIS-RSP,Respiratory infections,33,0,declining
51,2024,Nashik,Maharashtra,DIS-SNK,Snakebite,4,0,rising
51,2024,Nashik,Maharashtra,DIS-MAL,Malaria,0,0,declining
52,2024,Nashik,Maharashtra,DIS-CHL,Cholera,4,0,stable
52,2024,Nashik,Maharashtra,DIS-DEN,Dengue,0,0,stable
52,2024,Nashik,Maharashtra,DIS-RSP,Respiratory infections,62,2,declining
52,2024,Nashik,Maharashtra,DIS-SNK,Snakebite,0,0,rising
52,2024,Nashik,Maharashtra,DIS-MAL,Malaria,2,0,stable
1,2024,Aurangabad,Maharashtra,DIS-CHL,Cholera,1,0,stable
1,2024,Aurangabad,Maharashtra,DIS-DEN,Dengue,2,0,declining
1,2024,Aurangabad,Maharashtra,DIS-RSP,Respiratory infections,41,1,stable
1,2024,Aurangabad,Maharashtra,DIS-SNK,Snakebite,2,0,rising
1,2024,Aurangabad,Maharashtra,DIS-MAL,Malaria,4,0,declining
2,2024,Aurangabad,Maharashtra,DIS-CHL,Cholera,0,0,stable
2,2024,Aurangabad,Maharashtra,DIS-DEN,Dengue,4,0,declining
2,2024,Aurangabad,Maharashtra,DIS-RSP,Respiratory infections,43,1,declining
2,2024,Aurangabad,Maharashtra,DIS-SNK,Snakebite,2,0,stable
2,2024,Aurangabad,Maharashtra,DIS-MAL,Malaria,1,0,rising
3,2024,Aurangabad,Maharashtra,DIS-CHL,Cholera,2,0,declining
3,2024,Aurangabad,Maharashtra,DIS-DEN,Dengue,3,0,declining
3,2024,Aurangabad,Maharashtra,DIS-RSP,Respiratory infections,36,0,declining
3,2024,Aurangabad,Maharashtra,DIS-SNK,Snakebite,0,0,rising
3,2024,Aurangabad,Maharashtra,DIS-MAL,Malaria,4,0,rising
4,2024,Aurangabad,Maharashtra,DIS-CHL,Cholera,0,0,rising
4,2024,Aurangabad,Maharashtra,DIS-DEN,Dengue,1,0,stable
4,2024,Aurangabad,Maharashtra,DIS-RSP,Respiratory infections,44,0,declining
4,2024,Aurangabad,Maharashtra,DIS-SNK,Snakebite,1,0,stable
4,2024,Aurangabad,Maharashtra,DIS-MAL,Malaria,2,0,stable
5,2024,Aurangabad,Maharashtra,DIS-CHL,Cholera,2,0,stable
5,2024,Aurangabad,Maharashtra,DIS-DEN,Dengue,2,0,stable
5,2024,Aurangabad,Maharashtra,DIS-RSP,Respiratory infections,30,1,declining
5,2024,Aurangabad,Maharashtra,DIS-SNK,Snakebite,5,0,stable
5,2024,Aurangabad,Maharashtra,DIS-MAL,Malaria,3,0,rising
6,2024,Aurangabad,Maharashtra,DIS-CHL,Cholera,5,0,rising
6,2024,Aurangabad,Maharashtra,DIS-DEN,Dengue,0,0,stable
6,2024,Aurangabad,Maharashtra,DIS-RSP,Respiratory infections,26,0,declining
6,2024,Aurangabad,Maharashtra,DIS-SNK,Snakebite,0,0,stable
6,2024,Aurangabad,Maharashtra,DIS-MAL,Malaria,0,0,declining
7,2024,Aurangabad,Maharashtra,DIS-CHL,Cholera,4,0,rising
7,2024,Aurangabad,Maharashtra,DIS-DEN,Dengue,3,0,declining
7,2024,Aurangabad,Maharashtra,DIS-RSP,Respiratory infections,74,3,declining
7,2024,Aurangabad,Maharashtra,DIS-SNK,Snakebite,0,0,rising
7,2024,Aurangabad,Maharashtra,DIS-MAL,Malaria,1,0,stable
8,2024,Aurangabad,Maharashtra,DIS-CHL,Cholera,3,0,declining
8,2024,Aurangabad,Maharashtra,DIS-DEN,Dengue,3,0,rising
8,2024,Aurangabad,Maharashtra,DIS-RSP,Respiratory infections,30,0,declining
8,2024,Aurangabad,Maharashtra,DIS-SNK,Snakebite,4,0,stable
8,2024,Aurangabad,Maharashtra,DIS-MAL,Malaria,4,0,declining
9,2024,Aurangabad,Maharashtra,DIS-CHL,Cholera,1,0,stable
9,2024,Aurangabad,Maharashtra,DIS-DEN,Dengue,3,0,stable
9,2024,Aurangabad,Maharashtra,DIS-RSP,Respiratory infections,1,0,stable
9,2024,Aurangabad,Maharashtra,DIS-SNK,Snakebite,5,0,rising
9,2024,Aurangabad,Maharashtra,DIS-MAL,Malaria,5,0,stable
10,2024,Aurangabad,Maharashtra,DIS-CHL,Cholera,1,0,stable
10,2024,Aurangabad,Maharashtra,DIS-DEN,Dengue,1,0,stable
10,2024,Aurangabad,Maharashtra,DIS-RSP,Respiratory infections,0,0,stable
10,2024,Aurangabad,Maharashtra,DIS-SNK,Snakebite,4,0,rising
10,2024,Aurangabad,Maharashtra,DIS-MAL,Malaria,1,0,declining
11,2024,Aurangabad,Maharashtra,DIS-CHL,Cholera,1,0,rising
11,2024,Aurangabad,Maharashtra,DIS-DEN,Dengue,2,0,stable
11,2024,Aurangabad,Maharashtra,DIS-RSP,Respiratory infections,2,0,declining
11,2024,Aurangabad,Maharashtra,DIS-SNK,Snakebite,0,0,rising
11,2024,Aurangabad,Maharashtra,DIS-MAL,Malaria,0,0,declining
12,2024,Aurangabad,Maharashtra,DIS-CHL,Cholera,4,0,rising
12,2024,Aurangabad,Maharashtra,DIS-DEN,Dengue,0,0,stable
12,2024,Aurangabad,Maharashtra,DIS-RSP,Respiratory infections,5,0,rising
12,2024,Aurangabad,Maharashtra,DIS-SNK,Snakebite,1,0,declining
12,2024,Aurangabad,Maharashtra,DIS-MAL,Malaria,5,0,stable
13,2024,Aurangabad,Maharashtra,DIS-CHL,Cholera,2,0,stable
13,2024,Aurangabad,Maharashtra,DIS-DEN,Dengue,0,0,stable
13,2024,Aurangabad,Maharashtra,DIS-RSP,Respiratory infections,4,0,stable
13,2024,Aurangabad,Maharashtra,DIS-SNK,Snakebite,3,0,stable
13,2024,Aurangabad,Maharashtra,DIS-MAL,Malaria,4,0,rising
14,2024,Aurangabad,Maharashtra,DIS-CHL,Cholera,4,0,stable
14,2024,Aurangabad,Maharashtra,DIS-DEN,Dengue,2,0,stable
14,2024,Aurangabad,Maharashtra,DIS-RSP,Respiratory infections,2,0,declining
14,2024,Aurangabad,Maharashtra,DIS-SNK,Snakebite,2,0,declining
14,2024,Aurangabad,Maharashtra,DIS-MAL,Malaria,2,0,declining
15,2024,Aurangabad,Maharashtra,DIS-CHL,Cholera,3,0,stable
15,2024,Aurangabad,Maharashtra,DIS-DEN,Dengue,2,0,rising
15,2024,Aurangabad,Maharashtra,DIS-RSP,Respiratory infections,1,0,stable
15,2024,Aurangabad,Maharashtra,DIS-SNK,Snakebite,2,0,declining
15,2024,Aurangabad,Maharashtra,DIS-MAL,Malaria,2,0,rising
16,2024,Aurangabad,Maharashtra,DIS-CHL,Cholera,2,0,stable
16,2024,Aurangabad,Maharashtra,DIS-DEN,Dengue,2,0,declining
16,2024,Aurangabad,Maharashtra,DIS-RSP,Respiratory infections,1,0,stable
16,2024,Aurangabad,Maharashtra,DIS-SNK,Snakebite,1,0,rising
16,2024,Aurangabad,Maharashtra,DIS-MAL,Malaria,3,0,stable
17,2024,Aurangabad,Maharashtra,DIS-CHL,Cholera,0,0,stable
17,2024,Aurangabad,Maharashtra,DIS-DEN,Dengue,1,0,rising
17,2024,Aurangabad,Maharashtra,DIS-RSP,Respiratory infections,0,0,stable
17,2024,Aurangabad,Maharashtra,DIS-SNK,Snakebite,1,0,rising
17,2024,Aurangabad,Maharashtra,DIS-MAL,Malaria,1,0,stable
18,2024,Aurangabad,Maharashtra,DIS-CHL,Cholera,0,0,rising
18,2024,Aurangabad,Maharashtra,DIS-DEN,Dengue,5,0,stable
18,2024,Aurangabad,Maharashtra,DIS-RSP,Respiratory infections,3,0,stable
18,2024,Aurangabad,Maharashtra,DIS-SNK,Snakebite,5,0,rising
18,2024,Aurangabad,Maharashtra,DIS-MAL,Malaria,2,0,declining
19,2024,Aurangabad,Maharashtra,DIS-CHL,Cholera,3,0,declining
19,2024,Aurangabad,Maharashtra,DIS-DEN,Dengue,4,0,rising
19,2024,Aurangabad,Maharashtra,DIS-RSP,Respiratory infections,2,0,declining
19,2024,Aurangabad,Maharashtra,DIS-SNK,Snakebite,1,0,declining
19,2024,Aurangabad,Maharashtra,DIS-MAL,Malaria,0,0,stable
20,2024,Aurangabad,Maharashtra,DIS-CHL,Cholera,0,0,stable
20,2024,Aurangabad,Maharashtra,DIS-DEN,Dengue,2,0,stable
20,2024,Aurangabad,Maharashtra,DIS-RSP,Respiratory infections,3,0,rising
20,2024,Aurangabad,Maharashtra,DIS-SNK,Snakebite,93,3,rising
20,2024,Aurangabad,Maharashtra,DIS-MAL,Malaria,3,0,rising
21,2024,Aurangabad,Maharashtra,DIS-CHL,Cholera,3,0,stable
21,2024,Aurangabad,Maharashtra,DIS-DEN,Dengue,5,0,stable
21,2024,Aurangabad,Maharashtra,DIS-RSP,Respiratory infections,3,0,stable
21,2024,Aurangabad,Maharashtra,DIS-SNK,Snakebite,80,0,rising
21,2024,Aurangabad,Maharashtra,DIS-MAL,Malaria,4,0,rising
22,2024,Aurangabad,Maharashtra,DIS-CHL,Cholera,3,0,declining
22,2024,Aurangabad,Maharashtra,DIS-DEN,Dengue,4,0,stable
22,2024,Aurangabad,Maharashtra,DIS-RSP,Respiratory infections,1,0,stable
22,2024,Aurangabad,Maharashtra,DIS-SNK,Snakebite,54,0,rising
22,2024,Aurangabad,Maharashtra,DIS-MAL,Malaria,0,0,declining
23,2024,Aurangabad,Maharashtra,DIS-CHL,Cholera,4,0,stable
23,2024,Aurangabad,Maharashtra,DIS-DEN,Dengue,5,0,declining
23,2024,Aurangabad,Maharashtra,DIS-RSP,Respiratory infections,1,0,declining
23,2024,Aurangabad,Maharashtra,DIS-SNK,Snakebite,49,2,rising
23,2024,Aurangabad,Maharashtra,DIS-MAL,Malaria,3,0,stable
24,2024,Aurangabad,Maharashtra,DIS-CHL,Cholera,4,0,declining
24,2024,Aurangabad,Maharashtra,DIS-DEN,Dengue,1,0,stable
24,2024,Aurangabad,Maharashtra,DIS-RSP,Respiratory infections,4,0,stable
24,2024,Aurangabad,Maharashtra,DIS-SNK,Snakebite,50,2,rising
24,2024,Aurangabad,Maharashtra,DIS-MAL,Malaria,0,0,rising
25,2024,Aurangabad,Maharashtra,DIS-CHL,Cholera,73,3,rising
25,2024,Aurangabad,Maharashtra,DIS-DEN,Dengue,4,0,stable
25,2024,Aurangabad,Maharashtra,DIS-RSP,Respiratory infections,1,0,stable
25,2024,Aurangabad,Maharashtra,DIS-SNK,Snakebite,68,0,rising
25,2024,Aurangabad,Maharashtra,DIS-MAL,Malaria,2,0,rising
26,2024,Aurangabad,Maharashtra,DIS-CHL,Cholera,96,2,rising
26,2024,Aurangabad,Maharashtra,DIS-DEN,Dengue,0,0,declining
26,2024,Aurangabad,Maharashtra,DIS-RSP,Respiratory infections,4,0,declining
26,2024,Aurangabad,Maharashtra,DIS-SNK,Snakebite,101,2,rising
26,2024,Aurangabad,Maharashtra,DIS-MAL,Malaria,0,0,rising
27,2024,Aurangabad,Maharashtra,DIS-CHL,Cholera,78,1,rising
27,2024,Aurangabad,Maharashtra,DIS-DEN,Dengue,3,0,declining
27,2024,Aurangabad,Maharashtra,DIS-RSP,Respiratory infections,3,0,rising
27,2024,Aurangabad,Maharashtra,DIS-SNK,Snakebite,72,2,rising
27,2024,Aurangabad,Maharashtra,DIS-MAL,Malaria,0,0,declining
28,2024,Aurangabad,Maharashtra,DIS-CHL,Cholera,30,0,rising
28,2024,Aurangabad,Maharashtra,DIS-DEN,Dengue,3,0,rising
28,2024,Aurangabad,Maharashtra,DIS-RSP,Respiratory infections,3,0,declining
28,2024,Aurangabad,Maharashtra,DIS-SNK,Snakebite,52,2,rising
28,2024,Aurangabad,Maharashtra,DIS-MAL,Malaria,46,2,rising
29,2024,Aurangabad,Maharashtra,DIS-CHL,Cholera,68,1,rising
29,2024,Aurangabad,Maharashtra,DIS-DEN,Dengue,0,0,stable
29,2024,Aurangabad,Maharashtra,DIS-RSP,Respiratory infections,0,0,stable
29,2024,Aurangabad,Maharashtra,DIS-SNK,Snakebite,65,0,rising
29,2024,Aurangabad,Maharashtra,DIS-MAL,Malaria,53,2,rising
30,2024,Aurangabad,Maharashtra,DIS-CHL,Cholera,67,2,declining
30,2024,Aurangabad,Maharashtra,DIS-DEN,Dengue,61,1,rising
30,2024,Aurangabad,Maharashtra,DIS-RSP,Respiratory infections,4,0,stable
30,2024,Aurangabad,Maharashtra,DIS-SNK,Snakebite,114,1,declining
30,2024,Aurangabad,Maharashtra,DIS-MAL,Malaria,43,1,rising
31,2024,Aurangabad,Maharashtra,DIS-CHL,Cholera,39,0,declining
31,2024,Aurangabad,Maharashtra,DIS-DEN,Dengue,32,0,rising
31,2024,Aurangabad,Maharashtra,DIS-RSP,Respiratory infections,1,0,stable
31,2024,Aurangabad,Maharashtra,DIS-SNK,Snakebite,100,1,declining
31,2024,Aurangabad,Maharashtra,DIS-MAL,Malaria,62,2,rising
32,2024,Aurangabad,Maharashtra,DIS-CHL,Cholera,82,3,declining
32,2024,Aurangabad,Maharashtra,DIS-DEN,Dengue,47,2,rising
32,2024,Aurangabad,Maharashtra,DIS-RSP,Respiratory infections,1,0,stable
32,2024,Aurangabad,Maharashtra,DIS-SNK,Snakebite,39,0,declining
32,2024,Aurangabad,Maharashtra,DIS-MAL,Malaria,61,2,rising
33,2024,Aurangabad,Maharashtra,DIS-CHL,Cholera,23,0,declining
33,2024,Aurangabad,Maharashtra,DIS-DEN,Dengue,85,1,rising
33,2024,Aurangabad,Maharashtra,DIS-RSP,Respiratory infections,1,0,stable
33,2024,Aurangabad,Maharashtra,DIS-SNK,Snakebite,44,0,declining
33,2024,Aurangabad,Maharashtra,DIS-MAL,Malaria,18,0,rising
34,2024,Aurangabad,Maharashtra,DIS-CHL,Cholera,25,0,declining
34,2024,Aurangabad,Maharashtra,DIS-DEN,Dengue,103,3,rising
34,2024,Aurangabad,Maharashtra,DIS-RSP,Respiratory infections,1,0,rising
34,2024,Aurangabad,Maharashtra,DIS-SNK,Snakebite,59,2,declining
34,2024,Aurangabad,Maharashtra,DIS-MAL,Malaria,35,1,rising
35,2024,Aurangabad,Maharashtra,DIS-CHL,Cholera,32,1,declining
35,2024,Aurangabad,Maharashtra,DIS-DEN,Dengue,63,2,rising
35,2024,Aurangabad,Maharashtra,DIS-RSP,Respiratory infections,3,0,rising
35,2024,Aurangabad,Maharashtra,DIS-SNK,Snakebite,93,2,declining
35,2024,Aurangabad,Maharashtra,DIS-MAL,Malaria,36,1,declining
36,2024,Aurangabad,Maharashtra,DIS-CHL,Cholera,0,0,stable
36,2024,Aurangabad,Maharashtra,DIS-DEN,Dengue,82,0,rising
36,2024,Aurangabad,Maharashtra,DIS-RSP,Respiratory infections,4,0,rising
36,2024,Aurangabad,Maharashtra,DIS-SNK,Snakebite,49,0,declining
36,2024,Aurangabad,Maharashtra,DIS-MAL,Malaria,31,1,declining
37,2024,Aurangabad,Maharashtra,DIS-CHL,Cholera,4,0,rising
37,2024,Aurangabad,Maharashtra,DIS-DEN,Dengue,108,0,declining
37,2024,Aurangabad,Maharashtra,DIS-RSP,Respiratory infections,4,0,rising
37,2024,Aurangabad,Maharashtra,DIS-SNK,Snakebite,77,1,declining
37,2024,Aurangabad,Maharashtra,DIS-MAL,Malaria,78,2,declining
38,2024,Aurangabad,Maharashtra,DIS-CHL,Cholera,2,0,stable
38,2024,Aurangabad,Maharashtra,DIS-DEN,Dengue,91,3,declining
38,2024,Aurangabad,Maharashtra,DIS-RSP,Respiratory infections,4,0,stable
38,2024,Aurangabad,Maharashtra,DIS-SNK,Snakebite,71,0,declining
38,2024,Aurangabad,Maharashtra,DIS-MAL,Malaria,86,1,declining
39,2024,Aurangabad,Maharashtra,DIS-CHL,Cholera,1,0,stable
39,2024,Aurangabad,Maharashtra,DIS-DEN,Dengue,78,0,declining
39,2024,Aurangabad,Maharashtra,DIS-RSP,Respiratory infections,3,0,stable
39,2024,Aurangabad,Maharashtra,DIS-SNK,Snakebite,19,0,declining
39,2024,Aurangabad,Maharashtra,DIS-MAL,Malaria,72,2,declining
40,2024,Aurangabad,Maharashtra,DIS-CHL,Cholera,1,0,declining
40,2024,Aurangabad,Maharashtra,DIS-DEN,Dengue,49,0,declining
40,2024,Aurangabad,Maharashtra,DIS-RSP,Respiratory infections,0,0,rising
40,2024,Aurangabad,Maharashtra,DIS-SNK,Snakebite,65,2,declining
40,2024,Aurangabad,Maharashtra,DIS-MAL,Malaria,37,1,declining
41,2024,Aurangabad,Maharashtra,DIS-CHL,Cholera,4,0,declining
41,2024,Aurangabad,Maharashtra,DIS-DEN,Dengue,30,1,declining
41,2024,Aurangabad,Maharashtra,DIS-RSP,Respiratory infections,3,0,rising
41,2024,Aurangabad,Maharashtra,DIS-SNK,Snakebite,0,0,declining
41,2024,Aurangabad,Maharashtra,DIS-MAL,Malaria,20,0,declining
42,2024,Aurangabad,Maharashtra,DIS-CHL,Cholera,0,0,stable
42,2024,Aurangabad,Maharashtra,DIS-DEN,Dengue,95,4,declining
42,2024,Aurangabad,Maharashtra,DIS-RSP,Respiratory infections,0,0,stable
42,2024,Aurangabad,Maharashtra,DIS-SNK,Snakebite,1,0,rising
42,2024,Aurangabad,Maharashtra,DIS-MAL,Malaria,44,1,declining
43,2024,Aurangabad,Maharashtra,DIS-CHL,Cholera,1,0,stable
43,2024,Aurangabad,Maharashtra,DIS-DEN,Dengue,59,1,declining
43,2024,Aurangabad,Maharashtra,DIS-RSP,Respiratory infections,3,0,stable
43,2024,Aurangabad,Maharashtra,DIS-SNK,Snakebite,5,0,stable
43,2024,Aurangabad,Maharashtra,DIS-MAL,Malaria,0,0,stable
44,2024,Aurangabad,Maharashtra,DIS-CHL,Cholera,0,0,declining
44,2024,Aurangabad,Maharashtra,DIS-DEN,Dengue,42,0,declining
44,2024,Aurangabad,Maharashtra,DIS-RSP,Respiratory infections,1,0,stable
44,2024,Aurangabad,Maharashtra,DIS-SNK,Snakebite,0,0,declining
44,2024,Aurangabad,Maharashtra,DIS-MAL,Malaria,3,0,stable
45,2024,Aurangabad,Maharashtra,DIS-CHL,Cholera,4,0,stable
45,2024,Aurangabad,Maharashtra,DIS-DEN,Dengue,33,1,declining
45,2024,Aurangabad,Maharashtra,DIS-RSP,Respiratory infections,109,0,declining
45,2024,Aurangabad,Maharashtra,DIS-SNK,Snakebite,5,0,stable
45,2024,Aurangabad,Maharashtra,DIS-MAL,Malaria,4,0,stable
46,2024,Aurangabad,Maharashtra,DIS-CHL,Cholera,3,0,stable
46,2024,Aurangabad,Maharashtra,DIS-DEN,Dengue,1,0,stable
46,2024,Aurangabad,Maharashtra,DIS-RSP,Respiratory infections,68,0,declining
46,2024,Aurangabad,Maharashtra,DIS-SNK,Snakebite,2,0,rising
46,2024,Aurangabad,Maharashtra,DIS-MAL,Malaria,4,0,stable
47,2024,Aurangabad,Maharashtra,DIS-CHL,Cholera,4,0,stable
47,2024,Aurangabad,Maharashtra,DIS-DEN,Dengue,1,0,declining
47,2024,Aurangabad,Maharashtra,DIS-RSP,Respiratory infections,111,4,declining
47,2024,Aurangabad,Maharashtra,DIS-SNK,Snakebite,3,0,stable
47,2024,Aurangabad,Maharashtra,DIS-MAL,Malaria,0,0,declining
48,2024,Aurangabad,Maharashtra,DIS-CHL,Cholera,5,0,stable
48,2024,Aurangabad,Maharashtra,DIS-DEN,Dengue,3,0,declining
48,2024,Aurangabad,Maharashtra,DIS-RSP,Respiratory infections,69,1,declining
48,2024,Aurangabad,Maharashtra,DIS-SNK,Snakebite,3,0,declining
48,2024,Aurangabad,Maharashtra,DIS-MAL,Malaria,3,0,stable
49,2024,Aurangabad,Maharashtra,DIS-CHL,Cholera,0,0,stable
49,2024,Aurangabad,Maharashtra,DIS-DEN,Dengue,3,0,stable
49,2024,Aurangabad,Maharashtra,DIS-RSP,Respiratory infections,41,0,declining
49,2024,Aurangabad,Maharashtra,DIS-SNK,Snakebite,0,0,rising
49,2024,Aurangabad,Maharashtra,DIS-MAL,Malaria,3,0,declining
50,2024,Aurangabad,Maharashtra,DIS-CHL,Cholera,0,0,declining
50,2024,Aurangabad,Maharashtra,DIS-DEN,Dengue,2,0,rising
50,2024,Aurangabad,Maharashtra,DIS-RSP,Respiratory infections,70,1,declining
50,2024,Aurangabad,Maharashtra,DIS-SNK,Snakebite,0,0,stable
50,2024,Aurangabad,Maharashtra,DIS-MAL,Malaria,0,0,stable
51,2024,Aurangabad,Maharashtra,DIS-CHL,Cholera,4,0,stable
51,2024,Aurangabad,Maharashtra,DIS-DEN,Dengue,4,0,stable
51,2024,Aurangabad,Maharashtra,DIS-RSP,Respiratory infections,84,2,declining
51,2024,Aurangabad,Maharashtra,DIS-SNK,Snakebite,2,0,stable
51,2024,Aurangabad,Maharashtra,DIS-MAL,Malaria,2,0,declining
52,2024,Aurangabad,Maharashtra,DIS-CHL,Cholera,0,0,stable
52,2024,Aurangabad,Maharashtra,DIS-DEN,Dengue,0,0,rising
52,2024,Aurangabad,Maharashtra,DIS-RSP,Respiratory infections,23,0,declining
52,2024,Aurangabad,Maharashtra,DIS-SNK,Snakebite,4,0,declining
52,2024,Aurangabad,Maharashtra,DIS-MAL,Malaria,1,0,stable
1,2024,Thane,Maharashtra,DIS-CHL,Cholera,0,0,stable
1,2024,Thane,Maharashtra,DIS-DEN,Dengue,5,0,rising
1,2024,Thane,Maharashtra,DIS-RSP,Respiratory infections,33,0,stable
1,2024,Thane,Maharashtra,DIS-SNK,Snakebite,4,0,rising
1,2024,Thane,Maharashtra,DIS-MAL,Malaria,3,0,stable
2,2024,Thane,Maharashtra,DIS-CHL,Cholera,1,0,stable
2,2024,Thane,Maharashtra,DIS-DEN,Dengue,1,0,rising
2,2024,Thane,Maharashtra,DIS-RSP,Respiratory infections,35,0,declining
2,2024,Thane,Maharashtra,DIS-SNK,Snakebite,3,0,stable
2,2024,Thane,Maharashtra,DIS-MAL,Malaria,0,0,stable
3,2024,Thane,Maharashtra,DIS-CHL,Cholera,2,0,stable
3,2024,Thane,Maharashtra,DIS-DEN,Dengue,0,0,stable
3,2024,Thane,Maharashtra,DIS-RSP,Respiratory infections,66,0,declining
3,2024,Thane,Maharashtra,DIS-SNK,Snakebite,1,0,stable
3,2024,Thane,Maharashtra,DIS-MAL,Malaria,0,0,rising
4,2024,Thane,Maharashtra,DIS-CHL,Cholera,1,0,declining
4,2024,Thane,Maharashtra,DIS-DEN,Dengue,4,0,stable
4,2024,Thane,Maharashtra,DIS-RSP,Respiratory infections,54,1,declining
4,2024,Thane,Maharashtra,DIS-SNK,Snakebite,2,0,rising
4,2024,Thane,Maharashtra,DIS-MAL,Malaria,4,0,stable
5,2024,Thane,Maharashtra,DIS-CHL,Cholera,0,0,stable
5,2024,Thane,Maharashtra,DIS-DEN,Dengue,5,0,stable
5,2024,Thane,Maharashtra,DIS-RSP,Respiratory infections,57,2,declining
5,2024,Thane,Maharashtra,DIS-SNK,Snakebite,4,0,declining
5,2024,Thane,Maharashtra,DIS-MAL,Malaria,4,0,declining
6,2024,Thane,Maharashtra,DIS-CHL,Cholera,5,0,stable
6,2024,Thane,Maharashtra,DIS-DEN,Dengue,3,0,rising
6,2024,Thane,Maharashtra,DIS-RSP,Respiratory infections,62,0,declining
6,2024,Thane,Maharashtra,DIS-SNK,Snakebite,2,0,stable
6,2024,Thane,Maharashtra,DIS-MAL,Malaria,0,0,stable
7,2024,Thane,Maharashtra,DIS-CHL,Cholera,2,0,stable
7,2024,Thane,Maharashtra,DIS-DEN,Dengue,4,0,rising
7,2024,Thane,Maharashtra,DIS-RSP,Respiratory infections,30,0,declining
7,2024,Thane,Maharashtra,DIS-SNK,Snakebite,4,0,stable
7,2024,Thane,Maharashtra,DIS-MAL,Malaria,2,0,stable
8,2024,Thane,Maharashtra,DIS-CHL,Cholera,4,0,declining
8,2024,Thane,Maharashtra,DIS-DEN,Dengue,0,0,declining
8,2024,Thane,Maharashtra,DIS-RSP,Respiratory infections,43,1,declining
8,2024,Thane,Maharashtra,DIS-SNK,Snakebite,1,0,rising
8,2024,Thane,Maharashtra,DIS-MAL,Malaria,2,0,stable
9,2024,Thane,Maharashtra,DIS-CHL,Cholera,2,0,stable
9,2024,Thane,Maharashtra,DIS-DEN,Dengue,3,0,declining
9,2024,Thane,Maharashtra,DIS-RSP,Respiratory infections,5,0,stable
9,2024,Thane,Maharashtra,DIS-SNK,Snakebite,2,0,stable
9,2024,Thane,Maharashtra,DIS-MAL,Malaria,4,0,declining
10,2024,Thane,Maharashtra,DIS-CHL,Cholera,4,0,stable
10,2024,Thane,Maharashtra,DIS-DEN,Dengue,3,0,rising
10,2024,Thane,Maharashtra,DIS-RSP,Respiratory infections,1,0,declining
10,2024,Thane,Maharashtra,DIS-SNK,Snakebite,0,0,stable
10,2024,Thane,Maharashtra,DIS-MAL,Malaria,4,0,rising
11,2024,Thane,Maharashtra,DIS-CHL,Cholera,3,0,declining
11,2024,Thane,Maharashtra,DIS-DEN,Dengue,0,0,stable
11,2024,Thane,Maharashtra,DIS-RSP,Respiratory infections,0,0,rising
11,2024,Thane,Maharashtra,DIS-SNK,Snakebite,1,0,stable
11,2024,Thane,Maharashtra,DIS-MAL,Malaria,4,0,stable
12,2024,Thane,Maharashtra,DIS-CHL,Cholera,2,0,declining
12,2024,Thane,Maharashtra,DIS-DEN,Dengue,3,0,stable
12,2024,Thane,Maharashtra,DIS-RSP,Respiratory infections,4,0,stable
12,2024,Thane,Maharashtra,DIS-SNK,Snakebite,0,0,declining
12,2024,Thane,Maharashtra,DIS-MAL,Malaria,5,0,declining
13,2024,Thane,Maharashtra,DIS-CHL,Cholera,3,0,declining
13,2024,Thane,Maharashtra,DIS-DEN,Dengue,0,0,declining
13,2024,Thane,Maharashtra,DIS-RSP,Respiratory infections,2,0,stable
13,2024,Thane,Maharashtra,DIS-SNK,Snakebite,3,0,declining
13,2024,Thane,Maharashtra,DIS-MAL,Malaria,2,0,stable
14,2024,Thane,Maharashtra,DIS-CHL,Cholera,0,0,rising
14,2024,Thane,Maharashtra,DIS-DEN,Dengue,2,0,rising
14,2024,Thane,Maharashtra,DIS-RSP,Respiratory infections,1,0,stable
14,2024,Thane,Maharashtra,DIS-SNK,Snakebite,2,0,rising
14,2024,Thane,Maharashtra,DIS-MAL,Malaria,3,0,declining
15,2024,Thane,Maharashtra,DIS-CHL,Cholera,1,0,stable
15,2024,Thane,Maharashtra,DIS-DEN,Dengue,4,0,stable
15,2024,Thane,Maharashtra,DIS-RSP,Respiratory infections,4,0,declining
15,2024,Thane,Maharashtra,DIS-SNK,Snakebite,4,0,rising
15,2024,Thane,Maharashtra,DIS-MAL,Malaria,0,0,stable
16,2024,Thane,Maharashtra,DIS-CHL,Cholera,3,0,declining
16,2024,Thane,Maharashtra,DIS-DEN,Dengue,3,0,rising
16,2024,Thane,Maharashtra,DIS-RSP,Respiratory infections,1,0,stable
16,2024,Thane,Maharashtra,DIS-SNK,Snakebite,1,0,stable
16,2024,Thane,Maharashtra,DIS-MAL,Malaria,0,0,stable
17,2024,Thane,Maharashtra,DIS-CHL,Cholera,3,0,rising
17,2024,Thane,Maharashtra,DIS-DEN,Dengue,0,0,declining
17,2024,Thane,Maharashtra,DIS-RSP,Respiratory infections,0,0,stable
17,2024,Thane,Maharashtra,DIS-SNK,Snakebite,4,0,declining
17,2024,Thane,Maharashtra,DIS-MAL,Malaria,4,0,stable
18,2024,Thane,Maharashtra,DIS-CHL,Cholera,4,0,declining
18,2024,Thane,Maharashtra,DIS-DEN,Dengue,0,0,stable
18,2024,Thane,Maharashtra,DIS-RSP,Respiratory infections,5,0,rising
18,2024,Thane,Maharashtra,DIS-SNK,Snakebite,2,0,rising
18,2024,Thane,Maharashtra,DIS-MAL,Malaria,0,0,stable
19,2024,Thane,Maharashtra,DIS-CHL,Cholera,1,0,stable
19,2024,Thane,Maharashtra,DIS-DEN,Dengue,2,0,declining
19,2024,Thane,Maharashtra,DIS-RSP,Respiratory infections,3,0,stable
19,2024,Thane,Maharashtra,DIS-SNK,Snakebite,0,0,stable
19,2024,Thane,Maharashtra,DIS-MAL,Malaria,3,0,rising
20,2024,Thane,Maharashtra,DIS-CHL,Cholera,4,0,stable
20,2024,Thane,Maharashtra,DIS-DEN,Dengue,1,0,declining
20,2024,Thane,Maharashtra,DIS-RSP,Respiratory infections,4,0,declining
20,2024,Thane,Maharashtra,DIS-SNK,Snakebite,96,1,rising
20,2024,Thane,Maharashtra,DIS-MAL,Malaria,3,0,stable
21,2024,Thane,Maharashtra,DIS-CHL,Cholera,0,0,stable
21,2024,Thane,Maharashtra,DIS-DEN,Dengue,0,0,declining
21,2024,Thane,Maharashtra,DIS-RSP,Respiratory infections,5,0,rising
21,2024,Thane,Maharashtra,DIS-SNK,Snakebite,60,1,rising
21,2024,Thane,Maharashtra,DIS-MAL,Malaria,3,0,rising
22,2024,Thane,Maharashtra,DIS-CHL,Cholera,0,0,stable
22,2024,Thane,Maharashtra,DIS-DEN,Dengue,3,0,declining
22,2024,Thane,Maharashtra,DIS-RSP,Respiratory infections,0,0,declining
22,2024,Thane,Maharashtra,DIS-SNK,Snakebite,17,0,rising
22,2024,Thane,Maharashtra,DIS-MAL,Malaria,1,0,stable
23,2024,Thane,Maharashtra,DIS-CHL,Cholera,1,0,stable
23,2024,Thane,Maharashtra,DIS-DEN,Dengue,2,0,rising
23,2024,Thane,Maharashtra,DIS-RSP,Respiratory infections,5,0,declining
23,2024,Thane,Maharashtra,DIS-SNK,Snakebite,29,0,rising
23,2024,Thane,Maharashtra,DIS-MAL,Malaria,5,0,stable
24,2024,Thane,Maharashtra,DIS-CHL,Cholera,0,0,rising
24,2024,Thane,Maharashtra,DIS-DEN,Dengue,1,0,stable
24,2024,Thane,Maharashtra,DIS-RSP,Respiratory infections,4,0,rising
24,2024,Thane,Maharashtra,DIS-SNK,Snakebite,42,1,rising
24,2024,Thane,Maharashtra,DIS-MAL,Malaria,4,0,stable
25,2024,Thane,Maharashtra,DIS-CHL,Cholera,85,2,rising
25,2024,Thane,Maharashtra,DIS-DEN,Dengue,5,0,declining
25,2024,Thane,Maharashtra,DIS-RSP,Respiratory infections,4,0,declining
25,2024,Thane,Maharashtra,DIS-SNK,Snakebite,113,2,rising
25,2024,Thane,Maharashtra,DIS-MAL,Malaria,2,0,stable
26,2024,Thane,Maharashtra,DIS-CHL,Cholera,91,2,rising
26,2024,Thane,Maharashtra,DIS-DEN,Dengue,2,0,stable
26,2024,Thane,Maharashtra,DIS-RSP,Respiratory infections,0,0,stable
26,2024,Thane,Maharashtra,DIS-SNK,Snakebite,56,2,rising
26,2024,Thane,Maharashtra,DIS-MAL,Malaria,5,0,stable
27,2024,Thane,Maharashtra,DIS-CHL,Cholera,49,1,rising
27,2024,Thane,Maharashtra,DIS-DEN,Dengue,5,0,stable
27,2024,Thane,Maharashtra,DIS-RSP,Respiratory infections,5,0,declining
27,2024,Thane,Maharashtra,DIS-SNK,Snakebite,66,2,rising
27,2024,Thane,Maharashtra,DIS-MAL,Malaria,0,0,stable
28,2024,Thane,Maharashtra,DIS-CHL,Cholera,36,0,rising
28,2024,Thane,Maharashtra,DIS-DEN,Dengue,4,0,stable
28,2024,Thane,Maharashtra,DIS-RSP,Respiratory infections,0,0,stable
28,2024,Thane,Maharashtra,DIS-SNK,Snakebite,20,0,rising
28,2024,Thane,Maharashtra,DIS-MAL,Malaria,73,3,rising
29,2024,Thane,Maharashtra,DIS-CHL,Cholera,86,0,rising
29,2024,Thane,Maharashtra,DIS-DEN,Dengue,5,0,rising
29,2024,Thane,Maharashtra,DIS-RSP,Respiratory infections,2,0,stable
29,2024,Thane,Maharashtra,DIS-SNK,Snakebite,29,0,rising
29,2024,Thane,Maharashtra,DIS-MAL,Malaria,95,1,rising
30,2024,Thane,Maharashtra,DIS-CHL,Cholera,65,0,declining
30,2024,Thane,Maharashtra,DIS-DEN,Dengue,68,0,rising
30,2024,Thane,Maharashtra,DIS-RSP,Respiratory infections,0,0,declining
30,2024,Thane,Maharashtra,DIS-SNK,Snakebite,29,1,declining
30,2024,Thane,Maharashtra,DIS-MAL,Malaria,54,1,rising
31,2024,Thane,Maharashtra,DIS-CHL,Cholera,97,1,declining
31,2024,Thane,Maharashtra,DIS-DEN,Dengue,67,0,rising
31,2024,Thane,Maharashtra,DIS-RSP,Respiratory infections,1,0,stable
31,2024,Thane,Maharashtra,DIS-SNK,Snakebite,28,1,declining
31,2024,Thane,Maharashtra,DIS-MAL,Malaria,91,1,rising
32,2024,Thane,Maharashtra,DIS-CHL,Cholera,104,3,declining
32,2024,Thane,Maharashtra,DIS-DEN,Dengue,88,1,rising
32,2024,Thane,Maharashtra,DIS-RSP,Respiratory infections,5,0,stable
32,2024,Thane,Maharashtra,DIS-SNK,Snakebite,62,0,declining
32,2024,Thane,Maharashtra,DIS-MAL,Malaria,73,3,rising
33,2024,Thane,Maharashtra,DIS-CHL,Cholera,101,1,declining
33,2024,Thane,Maharashtra,DIS-DEN,Dengue,35,0,rising
33,2024,Thane,Maharashtra,DIS-RSP,Respiratory infections,2,0,stable
33,2024,Thane,Maharashtra,DIS-SNK,Snakebite,49,0,declining
33,2024,Thane,Maharashtra,DIS-MAL,Malaria,51,2,rising
34,2024,Thane,Maharashtra,DIS-CHL,Cholera,90,2,declining
34,2024,Thane,Maharashtra,DIS-DEN,Dengue,84,2,rising
34,2024,Thane,Maharashtra,DIS-RSP,Respiratory infections,0,0,stable
34,2024,Thane,Maharashtra,DIS-SNK,Snakebite,26,0,declining
34,2024,Thane,Maharashtra,DIS-MAL,Malaria,62,2,rising
35,2024,Thane,Maharashtra,DIS-CHL,Cholera,50,2,declining
35,2024,Thane,Maharashtra,DIS-DEN,Dengue,36,1,rising
35,2024,Thane,Maharashtra,DIS-RSP,Respiratory infections,3,0,stable
35,2024,Thane,Maharashtra,DIS-SNK,Snakebite,91,0,declining
35,2024,Thane,Maharashtra,DIS-MAL,Malaria,44,0,declining
36,2024,Thane,Maharashtra,DIS-CHL,Cholera,0,0,rising
36,2024,Thane,Maharashtra,DIS-DEN,Dengue,49,2,rising
36,2024,Thane,Maharashtra,DIS-RSP,Respiratory infections,3,0,declining
36,2024,Thane,Maharashtra,DIS-SNK,Snakebite,44,1,declining
36,2024,Thane,Maharashtra,DIS-MAL,Malaria,30,0,declining
37,2024,Thane,Maharashtra,DIS-CHL,Cholera,0,0,declining
37,2024,Thane,Maharashtra,DIS-DEN,Dengue,100,1,declining
37,2024,Thane,Maharashtra,DIS-RSP,Respiratory infections,0,0,declining
37,2024,Thane,Maharashtra,DIS-SNK,Snakebite,35,0,declining
37,2024,Thane,Maharashtra,DIS-MAL,Malaria,29,1,declining
38,2024,Thane,Maharashtra,DIS-CHL,Cholera,1,0,declining
38,2024,Thane,Maharashtra,DIS-DEN,Dengue,62,0,declining
38,2024,Thane,Maharashtra,DIS-RSP,Respiratory infections,0,0,declining
38,2024,Thane,Maharashtra,DIS-SNK,Snakebite,63,0,declining
38,2024,Thane,Maharashtra,DIS-MAL,Malaria,39,0,declining
39,2024,Thane,Maharashtra,DIS-CHL,Cholera,0,0,declining
39,2024,Thane,Maharashtra,DIS-DEN,Dengue,45,2,declining
39,2024,Thane,Maharashtra,DIS-RSP,Respiratory infections,2,0,stable
39,2024,Thane,Maharashtra,DIS-SNK,Snakebite,42,0,declining
39,2024,Thane,Maharashtra,DIS-MAL,Malaria,56,0,declining
40,2024,Thane,Maharashtra,DIS-CHL,Cholera,5,0,declining
40,2024,Thane,Maharashtra,DIS-DEN,Dengue,83,0,declining
40,2024,Thane,Maharashtra,DIS-RSP,Respiratory infections,1,0,stable
40,2024,Thane,Maharashtra,DIS-SNK,Snakebite,82,0,declining
40,2024,Thane,Maharashtra,DIS-MAL,Malaria,50,2,declining
41,2024,Thane,Maharashtra,DIS-CHL,Cholera,1,0,rising
41,2024,Thane,Maharashtra,DIS-DEN,Dengue,83,1,declining
41,2024,Thane,Maharashtra,DIS-RSP,Respiratory infections,0,0,rising
41,2024,Thane,Maharashtra,DIS-SNK,Snakebite,1,0,stable
41,2024,Thane,Maharashtra,DIS-MAL,Malaria,71,1,declining
42,2024,Thane,Maharashtra,DIS-CHL,Cholera,3,0,declining
42,2024,Thane,Maharashtra,DIS-DEN,Dengue,37,0,declining
42,2024,Thane,Maharashtra,DIS-RSP,Respiratory infections,5,0,declining
42,2024,Thane,Maharashtra,DIS-SNK,Snakebite,4,0,declining
42,2024,Thane,Maharashtra,DIS-MAL,Malaria,27,0,declining
43,2024,Thane,Maharashtra,DIS-CHL,Cholera,0,0,declining
43,2024,Thane,Maharashtra,DIS-DEN,Dengue,104,1,declining
43,2024,Thane,Maharashtra,DIS-RSP,Respiratory infections,0,0,stable
43,2024,Thane,Maharashtra,DIS-SNK,Snakebite,0,0,stable
43,2024,Thane,Maharashtra,DIS-MAL,Malaria,1,0,stable
44,2024,Thane,Maharashtra,DIS-CHL,Cholera,1,0,rising
44,2024,Thane,Maharashtra,DIS-DEN,Dengue,83,1,declining
44,2024,Thane,Maharashtra,DIS-RSP,Respiratory infections,1,0,stable
44,2024,Thane,Maharashtra,DIS-SNK,Snakebite,0,0,stable
44,2024,Thane,Maharashtra,DIS-MAL,Malaria,5,0,rising
45,2024,Thane,Maharashtra,DIS-CHL,Cholera,2,0,stable
45,2024,Thane,Maharashtra,DIS-DEN,Dengue,83,0,declining
45,2024,Thane,Maharashtra,DIS-RSP,Respiratory infections,30,0,declining
45,2024,Thane,Maharashtra,DIS-SNK,Snakebite,2,0,stable
45,2024,Thane,Maharashtra,DIS-MAL,Malaria,0,0,rising
46,2024,Thane,Maharashtra,DIS-CHL,Cholera,2,0,declining
46,2024,Thane,Maharashtra,DIS-DEN,Dengue,1,0,declining
46,2024,Thane,Maharashtra,DIS-RSP,Respiratory infections,58,0,declining
46,2024,Thane,Maharashtra,DIS-SNK,Snakebite,0,0,stable
46,2024,Thane,Maharashtra,DIS-MAL,Malaria,5,0,declining
47,2024,Thane,Maharashtra,DIS-CHL,Cholera,3,0,stable
47,2024,Thane,Maharashtra,DIS-DEN,Dengue,2,0,declining
47,2024,Thane,Maharashtra,DIS-RSP,Respiratory infections,84,3,declining
47,2024,Thane,Maharashtra,DIS-SNK,Snakebite,1,0,stable
47,2024,Thane,Maharashtra,DIS-MAL,Malaria,0,0,rising
48,2024,Thane,Maharashtra,DIS-CHL,Cholera,0,0,declining
48,2024,Thane,Maharashtra,DIS-DEN,Dengue,4,0,rising
48,2024,Thane,Maharashtra,DIS-RSP,Respiratory infections,73,0,declining
48,2024,Thane,Maharashtra,DIS-SNK,Snakebite,1,0,stable
48,2024,Thane,Maharashtra,DIS-MAL,Malaria,0,0,stable
49,2024,Thane,Maharashtra,DIS-CHL,Cholera,5,0,stable
49,2024,Thane,Maharashtra,DIS-DEN,Dengue,4,0,declining
49,2024,Thane,Maharashtra,DIS-RSP,Respiratory infections,19,0,declining
49,2024,Thane,Maharashtra,DIS-SNK,Snakebite,2,0,stable
49,2024,Thane,Maharashtra,DIS-MAL,Malaria,1,0,stable
50,2024,Thane,Maharashtra,DIS-CHL,Cholera,5,0,rising
50,2024,Thane,Maharashtra,DIS-DEN,Dengue,2,0,stable
50,2024,Thane,Maharashtra,DIS-RSP,Respiratory infections,97,0,declining
50,2024,Thane,Maharashtra,DIS-SNK,Snakebite,2,0,stable
50,2024,Thane,Maharashtra,DIS-MAL,Malaria,3,0,rising
51,2024,Thane,Maharashtra,DIS-CHL,Cholera,3,0,rising
51,2024,Thane,Maharashtra,DIS-DEN,Dengue,1,0,rising
51,2024,Thane,Maharashtra,DIS-RSP,Respiratory infections,46,0,declining
51,2024,Thane,Maharashtra,DIS-SNK,Snakebite,3,0,declining
51,2024,Thane,Maharashtra,DIS-MAL,Malaria,3,0,stable
52,2024,Thane,Maharashtra,DIS-CHL,Cholera,4,0,declining
52,2024,Thane,Maharashtra,DIS-DEN,Dengue,2,0,stable
52,2024,Thane,Maharashtra,DIS-RSP,Respiratory infections,39,0,declining
52,2024,Thane,Maharashtra,DIS-SNK,Snakebite,0,0,stable
52,2024,Thane,Maharashtra,DIS-MAL,Malaria,0,0,declining
1,2024,Thiruvananthapuram,Kerala,DIS-CHL,Cholera,0,0,rising
1,2024,Thiruvananthapuram,Kerala,DIS-DEN,Dengue,3,0,rising
1,2024,Thiruvananthapuram,Kerala,DIS-RSP,Respiratory infections,79,1,declining
1,2024,Thiruvananthapuram,Kerala,DIS-SNK,Snakebite,0,0,rising
1,2024,Thiruvananthapuram,Kerala,DIS-MAL,Malaria,1,0,declining
2,2024,Thiruvananthapuram,Kerala,DIS-CHL,Cholera,1,0,stable
2,2024,Thiruvananthapuram,Kerala,DIS-DEN,Dengue,0,0,rising
2,2024,Thiruvananthapuram,Kerala,DIS-RSP,Respiratory infections,19,0,declining
2,2024,Thiruvananthapuram,Kerala,DIS-SNK,Snakebite,1,0,stable
2,2024,Thiruvananthapuram,Kerala,DIS-MAL,Malaria,5,0,rising
3,2024,Thiruvananthapuram,Kerala,DIS-CHL,Cholera,0,0,stable
3,2024,Thiruvananthapuram,Kerala,DIS-DEN,Dengue,2,0,stable
3,2024,Thiruvananthapuram,Kerala,DIS-RSP,Respiratory infections,61,0,declining
3,2024,Thiruvananthapuram,Kerala,DIS-SNK,Snakebite,0,0,stable
3,2024,Thiruvananthapuram,Kerala,DIS-MAL,Malaria,0,0,stable
4,2024,Thiruvananthapuram,Kerala,DIS-CHL,Cholera,2,0,rising
4,2024,Thiruvananthapuram,Kerala,DIS-DEN,Dengue,0,0,declining
4,2024,Thiruvananthapuram,Kerala,DIS-RSP,Respiratory infections,49,1,declining
4,2024,Thiruvananthapuram,Kerala,DIS-SNK,Snakebite,4,0,stable
4,2024,Thiruvananthapuram,Kerala,DIS-MAL,Malaria,3,0,declining
5,2024,Thiruvananthapuram,Kerala,DIS-CHL,Cholera,1,0,stable
5,2024,Thiruvananthapuram,Kerala,DIS-DEN,Dengue,5,0,declining
5,2024,Thiruvananthapuram,Kerala,DIS-RSP,Respiratory infections,68,1,declining
5,2024,Thiruvananthapuram,Kerala,DIS-SNK,Snakebite,3,0,stable
5,2024,Thiruvananthapuram,Kerala,DIS-MAL,Malaria,1,0,stable
6,2024,Thiruvananthapuram,Kerala,DIS-CHL,Cholera,3,0,rising
6,2024,Thiruvananthapuram,Kerala,DIS-DEN,Dengue,5,0,declining
6,2024,Thiruvananthapuram,Kerala,DIS-RSP,Respiratory infections,40,0,declining
6,2024,Thiruvananthapuram,Kerala,DIS-SNK,Snakebite,3,0,rising
6,2024,Thiruvananthapuram,Kerala,DIS-MAL,Malaria,2,0,stable
7,2024,Thiruvananthapuram,Kerala,DIS-CHL,Cholera,1,0,stable
7,2024,Thiruvananthapuram,Kerala,DIS-DEN,Dengue,3,0,stable
7,2024,Thiruvananthapuram,Kerala,DIS-RSP,Respiratory infections,73,0,declining
7,2024,Thiruvananthapuram,Kerala,DIS-SNK,Snakebite,2,0,stable
7,2024,Thiruvananthapuram,Kerala,DIS-MAL,Malaria,3,0,declining
8,2024,Thiruvananthapuram,Kerala,DIS-CHL,Cholera,0,0,stable
8,2024,Thiruvananthapuram,Kerala,DIS-DEN,Dengue,5,0,stable
8,2024,Thiruvananthapuram,Kerala,DIS-RSP,Respiratory infections,75,1,declining
8,2024,Thiruvananthapuram,Kerala,DIS-SNK,Snakebite,3,0,rising
8,2024,Thiruvananthapuram,Kerala,DIS-MAL,Malaria,4,0,declining
9,2024,Thiruvananthapuram,Kerala,DIS-CHL,Cholera,3,0,stable
9,2024,Thiruvananthapuram,Kerala,DIS-DEN,Dengue,4,0,stable
9,2024,Thiruvananthapuram,Kerala,DIS-RSP,Respiratory infections,5,0,rising
9,2024,Thiruvananthapuram,Kerala,DIS-SNK,Snakebite,1,0,stable
9,2024,Thiruvananthapuram,Kerala,DIS-MAL,Malaria,4,0,stable
10,2024,Thiruvananthapuram,Kerala,DIS-CHL,Cholera,4,0,stable
10,2024,Thiruvananthapuram,Kerala,DIS-DEN,Dengue,5,0,stable
10,2024,Thiruvananthapuram,Kerala,DIS-RSP,Respiratory infections,4,0,stable
10,2024,Thiruvananthapuram,Kerala,DIS-SNK,Snakebite,2,0,stable
10,2024,Thiruvananthapuram,Kerala,DIS-MAL,Malaria,4,0,stable
11,2024,Thiruvananthapuram,Kerala,DIS-CHL,Cholera,0,0,stable
11,2024,Thiruvananthapuram,Kerala,DIS-DEN,Dengue,0,0,stable
11,2024,Thiruvananthapuram,Kerala,DIS-RSP,Respiratory infections,3,0,stable
11,2024,Thiruvananthapuram,Kerala,DIS-SNK,Snakebite,5,0,declining
11,2024,Thiruvananthapuram,Kerala,DIS-MAL,Malaria,2,0,stable
12,2024,Thiruvananthapuram,Kerala,DIS-CHL,Cholera,5,0,rising
12,2024,Thiruvananthapuram,Kerala,DIS-DEN,Dengue,0,0,rising
12,2024,Thiruvananthapuram,Kerala,DIS-RSP,Respiratory infections,2,0,declining
12,2024,Thiruvananthapuram,Kerala,DIS-SNK,Snakebite,2,0,stable
12,2024,Thiruvananthapuram,Kerala,DIS-MAL,Malaria,3,0,rising
13,2024,Thiruvananthapuram,Kerala,DIS-CHL,Cholera,2,0,declining
13,2024,Thiruvananthapuram,Kerala,DIS-DEN,Dengue,5,0,rising
13,2024,Thiruvananthapuram,Kerala,DIS-RSP,Respiratory infections,1,0,rising
13,2024,Thiruvananthapuram,Kerala,DIS-SNK,Snakebite,3,0,declining
13,2024,Thiruvananthapuram,Kerala,DIS-MAL,Malaria,3,0,declining
14,2024,Thiruvananthapuram,Kerala,DIS-CHL,Cholera,0,0,stable
14,2024,Thiruvananthapuram,Kerala,DIS-DEN,Dengue,1,0,stable
14,2024,Thiruvananthapuram,Kerala,DIS-RSP,Respiratory infections,4,0,rising
14,2024,Thiruvananthapuram,Kerala,DIS-SNK,Snakebite,3,0,rising
14,2024,Thiruvananthapuram,Kerala,DIS-MAL,Malaria,2,0,rising
15,2024,Thiruvananthapuram,Kerala,DIS-CHL,Cholera,4,0,stable
15,2024,Thiruvananthapuram,Kerala,DIS-DEN,Dengue,4,0,rising
15,2024,Thiruvananthapuram,Kerala,DIS-RSP,Respiratory infections,1,0,declining
15,2024,Thiruvananthapuram,Kerala,DIS-SNK,Snakebite,3,0,stable
15,2024,Thiruvananthapuram,Kerala,DIS-MAL,Malaria,2,0,declining
16,2024,Thiruvananthapuram,Kerala,DIS-CHL,Cholera,3,0,stable
16,2024,Thiruvananthapuram,Kerala,DIS-DEN,Dengue,2,0,stable
16,2024,Thiruvananthapuram,Kerala,DIS-RSP,Respiratory infections,0,0,declining
16,2024,Thiruvananthapuram,Kerala,DIS-SNK,Snakebite,4,0,declining
16,2024,Thiruvananthapuram,Kerala,DIS-MAL,Malaria,1,0,stable
17,2024,Thiruvananthapuram,Kerala,DIS-CHL,Cholera,2,0,stable
17,2024,Thiruvananthapuram,Kerala,DIS-DEN,Dengue,4,0,stable
17,2024,Thiruvananthapuram,Kerala,DIS-RSP,Respiratory infections,1,0,rising
17,2024,Thiruvananthapuram,Kerala,DIS-SNK,Snakebite,0,0,stable
17,2024,Thiruvananthapuram,Kerala,DIS-MAL,Malaria,3,0,stable
18,2024,Thiruvananthapuram,Kerala,DIS-CHL,Cholera,5,0,stable
18,2024,Thiruvananthapuram,Kerala,DIS-DEN,Dengue,1,0,stable
18,2024,Thiruvananthapuram,Kerala,DIS-RSP,Respiratory infections,3,0,stable
18,2024,Thiruvananthapuram,Kerala,DIS-SNK,Snakebite,0,0,rising
18,2024,Thiruvananthapuram,Kerala,DIS-MAL,Malaria,5,0,declining
19,2024,Thiruvananthapuram,Kerala,DIS-CHL,Cholera,2,0,stable
19,2024,Thiruvananthapuram,Kerala,DIS-DEN,Dengue,4,0,rising
19,2024,Thiruvananthapuram,Kerala,DIS-RSP,Respiratory infections,2,0,stable
19,2024,Thiruvananthapuram,Kerala,DIS-SNK,Snakebite,2,0,rising
19,2024,Thiruvananthapuram,Kerala,DIS-MAL,Malaria,2,0,declining
20,2024,Thiruvananthapuram,Kerala,DIS-CHL,Cholera,2,0,rising
20,2024,Thiruvananthapuram,Kerala,DIS-DEN,Dengue,5,0,stable
20,2024,Thiruvananthapuram,Kerala,DIS-RSP,Respiratory infections,0,0,rising
20,2024,Thiruvananthapuram,Kerala,DIS-SNK,Snakebite,27,0,rising
20,2024,Thiruvananthapuram,Kerala,DIS-MAL,Malaria,0,0,stable
21,2024,Thiruvananthapuram,Kerala,DIS-CHL,Cholera,5,0,declining
21,2024,Thiruvananthapuram,Kerala,DIS-DEN,Dengue,0,0,declining
21,2024,Thiruvananthapuram,Kerala,DIS-RSP,Respiratory infections,2,0,stable
21,2024,Thiruvananthapuram,Kerala,DIS-SNK,Snakebite,108,2,rising
21,2024,Thiruvananthapuram,Kerala,DIS-MAL,Malaria,0,0,stable
22,2024,Thiruvananthapuram,Kerala,DIS-CHL,Cholera,1,0,declining
22,2024,Thiruvananthapuram,Kerala,DIS-DEN,Dengue,1,0,stable
22,2024,Thiruvananthapuram,Kerala,DIS-RSP,Respiratory infections,0,0,declining
22,2024,Thiruvananthapuram,Kerala,DIS-SNK,Snakebite,55,1,rising
22,2024,Thiruvananthapuram,Kerala,DIS-MAL,Malaria,4,0,rising
23,2024,Thiruvananthapuram,Kerala,DIS-CHL,Cholera,1,0,declining
23,2024,Thiruvananthapuram,Kerala,DIS-DEN,Dengue,4,0,declining
23,2024,Thiruvananthapuram,Kerala,DIS-RSP,Respiratory infections,0,0,stable
23,2024,Thiruvananthapuram,Kerala,DIS-SNK,Snakebite,83,3,rising
23,2024,Thiruvananthapuram,Kerala,DIS-MAL,Malaria,5,0,rising
24,2024,Thiruvananthapuram,Kerala,DIS-CHL,Cholera,2,0,declining
24,2024,Thiruvananthapuram,Kerala,DIS-DEN,Dengue,5,0,stable
24,2024,Thiruvananthapuram,Kerala,DIS-RSP,Respiratory infections,4,0,rising
24,2024,Thiruvananthapuram,Kerala,DIS-SNK,Snakebite,61,2,rising
24,2024,Thiruvananthapuram,Kerala,DIS-MAL,Malaria,0,0,declining
25,2024,Thiruvananthapuram,Kerala,DIS-CHL,Cholera,88,3,rising
25,2024,Thiruvananthapuram,Kerala,DIS-DEN,Dengue,2,0,stable
25,2024,Thiruvananthapuram,Kerala,DIS-RSP,Respiratory infections,0,0,declining
25,2024,Thiruvananthapuram,Kerala,DIS-SNK,Snakebite,28,0,rising
25,2024,Thiruvananthapuram,Kerala,DIS-MAL,Malaria,0,0,rising
26,2024,Thiruvananthapuram,Kerala,DIS-CHL,Cholera,54,2,rising
26,2024,Thiruvananthapuram,Kerala,DIS-DEN,Dengue,3,0,stable
26,2024,Thiruvananthapuram,Kerala,DIS-RSP,Respiratory infections,1,0,stable
26,2024,Thiruvananthapuram,Kerala,DIS-SNK,Snakebite,56,2,rising
26,2024,Thiruvananthapuram,Kerala,DIS-MAL,Malaria,4,0,rising
27,2024,Thiruvananthapuram,Kerala,DIS-CHL,Cholera,92,0,rising
27,2024,Thiruvananthapuram,Kerala,DIS-DEN,Dengue,3,0,stable
27,2024,Thiruvananthapuram,Kerala,DIS-RSP,Respiratory infections,3,0,rising
27,2024,Thiruvananthapuram,Kerala,DIS-SNK,Snakebite,70,1,rising
27,2024,Thiruvananthapuram,Kerala,DIS-MAL,Malaria,2,0,rising
28,2024,Thiruvananthapuram,Kerala,DIS-CHL,Cholera,74,0,rising
28,2024,Thiruvananthapuram,Kerala,DIS-DEN,Dengue,4,0,declining
28,2024,Thiruvananthapuram,Kerala,DIS-RSP,Respiratory infections,2,0,declining
28,2024,Thiruvananthapuram,Kerala,DIS-SNK,Snakebite,25,0,rising
28,2024,Thiruvananthapuram,Kerala,DIS-MAL,Malaria,76,3,rising
29,2024,Thiruvananthapuram,Kerala,DIS-CHL,Cholera,82,0,rising
29,2024,Thiruvananthapuram,Kerala,DIS-DEN,Dengue,1,0,stable
29,2024,Thiruvananthapuram,Kerala,DIS-RSP,Respiratory infections,4,0,stable
29,2024,Thiruvananthapuram,Kerala,DIS-SNK,Snakebite,69,0,rising
29,2024,Thiruvananthapuram,Kerala,DIS-MAL,Malaria,52,1,rising
30,2024,Thiruvananthapuram,Kerala,DIS-CHL,Cholera,24,0,declining
30,2024,Thiruvananthapuram,Kerala,DIS-DEN,Dengue,94,2,rising
30,2024,Thiruvananthapuram,Kerala,DIS-RSP,Respiratory infections,0,0,rising
30,2024,Thiruvananthapuram,Kerala,DIS-SNK,Snakebite,92,3,declining
30,2024,Thiruvananthapuram,Kerala,DIS-MAL,Malaria,103,4,rising
31,2024,Thiruvananthapuram,Kerala,DIS-CHL,Cholera,56,2,declining
31,2024,Thiruvananthapuram,Kerala,DIS-DEN,Dengue,57,0,rising
31,2024,Thiruvananthapuram,Kerala,DIS-RSP,Respiratory infections,0,0,declining
31,2024,Thiruvananthapuram,Kerala,DIS-SNK,Snakebite,62,1,declining
31,2024,Thiruvananthapuram,Kerala,DIS-MAL,Malaria,20,0,rising
32,2024,Thiruvananthapuram,Kerala,DIS-CHL,Cholera,76,3,declining
32,2024,Thiruvananthapuram,Kerala,DIS-DEN,Dengue,61,1,rising
32,2024,Thiruvananthapuram,Kerala,DIS-RSP,Respiratory infections,1,0,declining
32,2024,Thiruvananthapuram,Kerala,DIS-SNK,Snakebite,27,1,declining
32,2024,Thiruvananthapuram,Kerala,DIS-MAL,Malaria,53,1,rising
33,2024,Thiruvananthapuram,Kerala,DIS-CHL,Cholera,31,0,declining
33,2024,Thiruvananthapuram,Kerala,DIS-DEN,Dengue,74,0,rising
33,2024,Thiruvananthapuram,Kerala,DIS-RSP,Respiratory infections,0,0,stable
33,2024,Thiruvananthapuram,Kerala,DIS-SNK,Snakebite,29,0,declining
33,2024,Thiruvananthapuram,Kerala,DIS-MAL,Malaria,59,2,rising
34,2024,Thiruvananthapuram,Kerala,DIS-CHL,Cholera,97,3,declining
34,2024,Thiruvananthapuram,Kerala,DIS-DEN,Dengue,40,0,rising
34,2024,Thiruvananthapuram,Kerala,DIS-RSP,Respiratory infections,4,0,stable
34,2024,Thiruvananthapuram,Kerala,DIS-SNK,Snakebite,71,1,declining
34,2024,Thiruvananthapuram,Kerala,DIS-MAL,Malaria,47,0,rising
35,2024,Thiruvananthapuram,Kerala,DIS-CHL,Cholera,22,0,declining
35,2024,Thiruvananthapuram,Kerala,DIS-DEN,Dengue,29,0,rising
35,2024,Thiruvananthapuram,Kerala,DIS-RSP,Respiratory infections,5,0,stable
35,2024,Thiruvananthapuram,Kerala,DIS-SNK,Snakebite,76,2,declining
35,2024,Thiruvananthapuram,Kerala,DIS-MAL,Malaria,23,0,declining
36,2024,Thiruvananthapuram,Kerala,DIS-CHL,Cholera,1,0,rising
36,2024,Thiruvananthapuram,Kerala,DIS-DEN,Dengue,60,2,rising
36,2024,Thiruvananthapuram,Kerala,DIS-RSP,Respiratory infections,1,0,declining
36,2024,Thiruvananthapuram,Kerala,DIS-SNK,Snakebite,35,0,declining
36,2024,Thiruvananthapuram,Kerala,DIS-MAL,Malaria,40,0,declining
37,2024,Thiruvananthapuram,Kerala,DIS-CHL,Cholera,2,0,stable
37,2024,Thiruvananthapuram,Kerala,DIS-DEN,Dengue,56,1,declining
37,2024,Thiruvananthapuram,Kerala,DIS-RSP,Respiratory infections,2,0,stable
37,2024,Thiruvananthapuram,Kerala,DIS-SNK,Snakebite,31,0,declining
37,2024,Thiruvananthapuram,Kerala,DIS-MAL,Malaria,33,0,declining
38,2024,Thiruvananthapuram,Kerala,DIS-CHL,Cholera,3,0,rising
38,2024,Thiruvananthapuram,Kerala,DIS-DEN,Dengue,35,1,declining
38,2024,Thiruvananthapuram,Kerala,DIS-RSP,Respiratory infections,0,0,declining
38,2024,Thiruvananthapuram,Kerala,DIS-SNK,Snakebite,34,0,declining
38,2024,Thiruvananthapuram,Kerala,DIS-MAL,Malaria,86,1,declining
39,2024,Thiruvananthapuram,Kerala,DIS-CHL,Cholera,2,0,stable
39,2024,Thiruvananthapuram,Kerala,DIS-DEN,Dengue,70,2,declining
39,2024,Thiruvananthapuram,Kerala,DIS-RSP,Respiratory infections,1,0,stable
39,2024,Thiruvananthapuram,Kerala,DIS-SNK,Snakebite,112,2,declining
39,2024,Thiruvananthapuram,Kerala,DIS-MAL,Malaria,24,0,declining
40,2024,Thiruvananthapuram,Kerala,DIS-CHL,Cholera,3,0,declining
40,2024,Thiruvananthapuram,Kerala,DIS-DEN,Dengue,69,0,declining
40,2024,Thiruvananthapuram,Kerala,DIS-RSP,Respiratory infections,2,0,rising
40,2024,Thiruvananthapuram,Kerala,DIS-SNK,Snakebite,37,1,declining
40,2024,Thiruvananthapuram,Kerala,DIS-MAL,Malaria,56,0,declining
41,2024,Thiruvananthapuram,Kerala,DIS-CHL,Cholera,4,0,stable
41,2024,Thiruvananthapuram,Kerala,DIS-DEN,Dengue,71,1,declining
41,2024,Thiruvananthapuram,Kerala,DIS-RSP,Respiratory infections,2,0,declining
41,2024,Thiruvananthapuram,Kerala,DIS-SNK,Snakebite,0,0,stable
41,2024,Thiruvananthapuram,Kerala,DIS-MAL,Malaria,108,4,declining
42,2024,Thiruvananthapuram,Kerala,DIS-CHL,Cholera,0,0,declining
42,2024,Thiruvananthapuram,Kerala,DIS-DEN,Dengue,88,2,declining
42,2024,Thiruvananthapuram,Kerala,DIS-RSP,Respiratory infections,5,0,stable
42,2024,Thiruvananthapuram,Kerala,DIS-SNK,Snakebite,2,0,rising
42,2024,Thiruvananthapuram,Kerala,DIS-MAL,Malaria,72,3,declining
43,2024,Thiruvananthapuram,Kerala,DIS-CHL,Cholera,0,0,stable
43,2024,Thiruvananthapuram,Kerala,DIS-DEN,Dengue,119,5,declining
43,2024,Thiruvananthapuram,Kerala,DIS-RSP,Respiratory infections,0,0,stable
43,2024,Thiruvananthapuram,Kerala,DIS-SNK,Snakebite,3,0,declining
43,2024,Thiruvananthapuram,Kerala,DIS-MAL,Malaria,2,0,stable
44,2024,Thiruvananthapuram,Kerala,DIS-CHL,Cholera,1,0,stable
44,2024,Thiruvananthapuram,Kerala,DIS-DEN,Dengue,55,2,declining
44,2024,Thiruvananthapuram,Kerala,DIS-RSP,Respiratory infections,3,0,stable
44,2024,Thiruvananthapuram,Kerala,DIS-SNK,Snakebite,4,0,rising
44,2024,Thiruvananthapuram,Kerala,DIS-MAL,Malaria,5,0,stable
45,2024,Thiruvananthapuram,Kerala,DIS-CHL,Cholera,1,0,stable
45,2024,Thiruvananthapuram,Kerala,DIS-DEN,Dengue,47,0,declining
45,2024,Thiruvananthapuram,Kerala,DIS-RSP,Respiratory infections,54,1,declining
45,2024,Thiruvananthapuram,Kerala,DIS-SNK,Snakebite,1,0,stable
45,2024,Thiruvananthapuram,Kerala,DIS-MAL,Malaria,2,0,stable
46,2024,Thiruvananthapuram,Kerala,DIS-CHL,Cholera,0,0,rising
46,2024,Thiruvananthapuram,Kerala,DIS-DEN,Dengue,4,0,stable
46,2024,Thiruvananthapuram,Kerala,DIS-RSP,Respiratory infections,78,0,declining
46,2024,Thiruvananthapuram,Kerala,DIS-SNK,Snakebite,2,0,stable
46,2024,Thiruvananthapuram,Kerala,DIS-MAL,Malaria,2,0,declining
47,2024,Thiruvananthapuram,Kerala,DIS-CHL,Cholera,1,0,rising
47,2024,Thiruvananthapuram,Kerala,DIS-DEN,Dengue,3,0,stable
47,2024,Thiruvananthapuram,Kerala,DIS-RSP,Respiratory infections,27,0,declining
47,2024,Thiruvananthapuram,Kerala,DIS-SNK,Snakebite,2,0,rising
47,2024,Thiruvananthapuram,Kerala,DIS-MAL,Malaria,1,0,rising
48,2024,Thiruvananthapuram,Kerala,DIS-CHL,Cholera,2,0,stable
48,2024,Thiruvananthapuram,Kerala,DIS-DEN,Dengue,0,0,declining
48,2024,Thiruvananthapuram,Kerala,DIS-RSP,Respiratory infections,52,1,declining
48,2024,Thiruvananthapuram,Kerala,DIS-SNK,Snakebite,4,0,declining
48,2024,Thiruvananthapuram,Kerala,DIS-MAL,Malaria,0,0,rising
49,2024,Thiruvananthapuram,Kerala,DIS-CHL,Cholera,3,0,declining
49,2024,Thiruvananthapuram,Kerala,DIS-DEN,Dengue,2,0,stable
49,2024,Thiruvananthapuram,Kerala,DIS-RSP,Respiratory infections,31,0,declining
49,2024,Thiruvananthapuram,Kerala,DIS-SNK,Snakebite,3,0,rising
49,2024,Thiruvananthapuram,Kerala,DIS-MAL,Malaria,0,0,stable
50,2024,Thiruvananthapuram,Kerala,DIS-CHL,Cholera,1,0,declining
50,2024,Thiruvananthapuram,Kerala,DIS-DEN,Dengue,2,0,declining
50,2024,Thiruvananthapuram,Kerala,DIS-RSP,Respiratory infections,93,1,declining
50,2024,Thiruvananthapuram,Kerala,DIS-SNK,Snakebite,4,0,stable
50,2024,Thiruvananthapuram,Kerala,DIS-MAL,Malaria,4,0,stable
51,2024,Thiruvananthapuram,Kerala,DIS-CHL,Cholera,1,0,stable
51,2024,Thiruvananthapuram,Kerala,DIS-DEN,Dengue,0,0,stable
51,2024,Thiruvananthapuram,Kerala,DIS-RSP,Respiratory infections,76,1,declining
51,2024,Thiruvananthapuram,Kerala,DIS-SNK,Snakebite,2,0,rising
51,2024,Thiruvananthapuram,Kerala,DIS-MAL,Malaria,2,0,declining
52,2024,Thiruvananthapuram,Kerala,DIS-CHL,Cholera,2,0,declining
52,2024,Thiruvananthapuram,Kerala,DIS-DEN,Dengue,0,0,declining
52,2024,Thiruvananthapuram,Kerala,DIS-RSP,Respiratory infections,99,2,declining
52,2024,Thiruvananthapuram,Kerala,DIS-SNK,Snakebite,1,0,stable
52,2024,Thiruvananthapuram,Kerala,DIS-MAL,Malaria,1,0,stable
1,2024,Ernakulam,Kerala,DIS-CHL,Cholera,2,0,stable
1,2024,Ernakulam,Kerala,DIS-DEN,Dengue,0,0,stable
1,2024,Ernakulam,Kerala,DIS-RSP,Respiratory infections,45,1,rising
1,2024,Ernakulam,Kerala,DIS-SNK,Snakebite,5,0,declining
1,2024,Ernakulam,Kerala,DIS-MAL,Malaria,2,0,stable
2,2024,Ernakulam,Kerala,DIS-CHL,Cholera,3,0,stable
2,2024,Ernakulam,Kerala,DIS-DEN,Dengue,2,0,declining
2,2024,Ernakulam,Kerala,DIS-RSP,Respiratory infections,67,2,declining
2,2024,Ernakulam,Kerala,DIS-SNK,Snakebite,1,0,declining
2,2024,Ernakulam,Kerala,DIS-MAL,Malaria,5,0,rising
3,2024,Ernakulam,Kerala,DIS-CHL,Cholera,3,0,stable
3,2024,Ernakulam,Kerala,DIS-DEN,Dengue,4,0,stable
3,2024,Ernakulam,Kerala,DIS-RSP,Respiratory infections,64,3,declining
3,2024,Ernakulam,Kerala,DIS-SNK,Snakebite,4,0,stable
3,2024,Ernakulam,Kerala,DIS-MAL,Malaria,4,0,stable
4,2024,Ernakulam,Kerala,DIS-CHL,Cholera,2,0,stable
4,2024,Ernakulam,Kerala,DIS-DEN,Dengue,3,0,declining
4,2024,Ernakulam,Kerala,DIS-RSP,Respiratory infections,46,2,declining
4,2024,Ernakulam,Kerala,DIS-SNK,Snakebite,1,0,stable
4,2024,Ernakulam,Kerala,DIS-MAL,Malaria,0,0,stable
5,2024,Ernakulam,Kerala,DIS-CHL,Cholera,3,0,rising
5,2024,Ernakulam,Kerala,DIS-DEN,Dengue,4,0,rising
5,2024,Ernakulam,Kerala,DIS-RSP,Respiratory infections,22,0,declining
5,2024,Ernakulam,Kerala,DIS-SNK,Snakebite,0,0,declining
5,2024,Ernakulam,Kerala,DIS-MAL,Malaria,0,0,stable
6,2024,Ernakulam,Kerala,DIS-CHL,Cholera,4,0,rising
6,2024,Ernakulam,Kerala,DIS-DEN,Dengue,2,0,rising
6,2024,Ernakulam,Kerala,DIS-RSP,Respiratory infections,109,2,declining
6,2024,Ernakulam,Kerala,DIS-SNK,Snakebite,2,0,stable
6,2024,Ernakulam,Kerala,DIS-MAL,Malaria,0,0,declining
7,2024,Ernakulam,Kerala,DIS-CHL,Cholera,0,0,rising
7,2024,Ernakulam,Kerala,DIS-DEN,Dengue,1,0,rising
7,2024,Ernakulam,Kerala,DIS-RSP,Respiratory infections,53,2,declining
7,2024,Ernakulam,Kerala,DIS-SNK,Snakebite,1,0,stable
7,2024,Ernakulam,Kerala,DIS-MAL,Malaria,0,0,stable
8,2024,Ernakulam,Kerala,DIS-CHL,Cholera,2,0,rising
8,2024,Ernakulam,Kerala,DIS-DEN,Dengue,3,0,stable
8,2024,Ernakulam,Kerala,DIS-RSP,Respiratory infections,77,3,declining
8,2024,Ernakulam,Kerala,DIS-SNK,Snakebite,3,0,rising
8,2024,Ernakulam,Kerala,DIS-MAL,Malaria,0,0,stable
9,2024,Ernakulam,Kerala,DIS-CHL,Cholera,4,0,rising
9,2024,Ernakulam,Kerala,DIS-DEN,Dengue,0,0,declining
9,2024,Ernakulam,Kerala,DIS-RSP,Respiratory infections,0,0,declining
9,2024,Ernakulam,Kerala,DIS-SNK,Snakebite,3,0,stable
9,2024,Ernakulam,Kerala,DIS-MAL,Malaria,3,0,stable
10,2024,Ernakulam,Kerala,DIS-CHL,Cholera,0,0,stable
10,2024,Ernakulam,Kerala,DIS-DEN,Dengue,2,0,stable
10,2024,Ernakulam,Kerala,DIS-RSP,Respiratory infections,1,0,rising
10,2024,Ernakulam,Kerala,DIS-SNK,Snakebite,1,0,stable
10,2024,Ernakulam,Kerala,DIS-MAL,Malaria,4,0,stable
11,2024,Ernakulam,Kerala,DIS-CHL,Cholera,1,0,stable
11,2024,Ernakulam,Kerala,DIS-DEN,Dengue,1,0,stable
11,2024,Ernakulam,Kerala,DIS-RSP,Respiratory infections,3,0,declining
11,2024,Ernakulam,Kerala,DIS-SNK,Snakebite,0,0,declining
11,2024,Ernakulam,Kerala,DIS-MAL,Malaria,3,0,stable
12,2024,Ernakulam,Kerala,DIS-CHL,Cholera,0,0,stable
12,2024,Ernakulam,Kerala,DIS-DEN,Dengue,3,0,rising
12,2024,Ernakulam,Kerala,DIS-RSP,Respiratory infections,3,0,rising
12,2024,Ernakulam,Kerala,DIS-SNK,Snakebite,2,0,stable
12,2024,Ernakulam,Kerala,DIS-MAL,Malaria,2,0,stable
13,2024,Ernakulam,Kerala,DIS-CHL,Cholera,3,0,stable
13,2024,Ernakulam,Kerala,DIS-DEN,Dengue,4,0,declining
13,2024,Ernakulam,Kerala,DIS-RSP,Respiratory infections,5,0,stable
13,2024,Ernakulam,Kerala,DIS-SNK,Snakebite,0,0,rising
13,2024,Ernakulam,Kerala,DIS-MAL,Malaria,2,0,rising
14,2024,Ernakulam,Kerala,DIS-CHL,Cholera,2,0,stable
14,2024,Ernakulam,Kerala,DIS-DEN,Dengue,3,0,stable
14,2024,Ernakulam,Kerala,DIS-RSP,Respiratory infections,0,0,stable
14,2024,Ernakulam,Kerala,DIS-SNK,Snakebite,2,0,declining
14,2024,Ernakulam,Kerala,DIS-MAL,Malaria,1,0,rising
15,2024,Ernakulam,Kerala,DIS-CHL,Cholera,4,0,stable
15,2024,Ernakulam,Kerala,DIS-DEN,Dengue,1,0,rising
15,2024,Ernakulam,Kerala,DIS-RSP,Respiratory infections,3,0,stable
15,2024,Ernakulam,Kerala,DIS-SNK,Snakebite,4,0,rising
15,2024,Ernakulam,Kerala,DIS-MAL,Malaria,1,0,rising
16,2024,Ernakulam,Kerala,DIS-CHL,Cholera,3,0,stable
16,2024,Ernakulam,Kerala,DIS-DEN,Dengue,1,0,rising
16,2024,Ernakulam,Kerala,DIS-RSP,Respiratory infections,2,0,rising
16,2024,Ernakulam,Kerala,DIS-SNK,Snakebite,0,0,rising
16,2024,Ernakulam,Kerala,DIS-MAL,Malaria,4,0,rising
17,2024,Ernakulam,Kerala,DIS-CHL,Cholera,5,0,declining
17,2024,Ernakulam,Kerala,DIS-DEN,Dengue,0,0,rising
17,2024,Ernakulam,Kerala,DIS-RSP,Respiratory infections,3,0,declining
17,2024,Ernakulam,Kerala,DIS-SNK,Snakebite,0,0,stable
17,2024,Ernakulam,Kerala,DIS-MAL,Malaria,3,0,stable
18,2024,Ernakulam,Kerala,DIS-CHL,Cholera,3,0,stable
18,2024,Ernakulam,Kerala,DIS-DEN,Dengue,3,0,declining
18,2024,Ernakulam,Kerala,DIS-RSP,Respiratory infections,0,0,declining
18,2024,Ernakulam,Kerala,DIS-SNK,Snakebite,1,0,rising
18,2024,Ernakulam,Kerala,DIS-MAL,Malaria,1,0,declining
19,2024,Ernakulam,Kerala,DIS-CHL,Cholera,1,0,stable
19,2024,Ernakulam,Kerala,DIS-DEN,Dengue,1,0,rising
19,2024,Ernakulam,Kerala,DIS-RSP,Respiratory infections,4,0,stable
19,2024,Ernakulam,Kerala,DIS-SNK,Snakebite,3,0,stable
19,2024,Ernakulam,Kerala,DIS-MAL,Malaria,2,0,stable
20,2024,Ernakulam,Kerala,DIS-CHL,Cholera,0,0,rising
20,2024,Ernakulam,Kerala,DIS-DEN,Dengue,4,0,stable
20,2024,Ernakulam,Kerala,DIS-RSP,Respiratory infections,3,0,rising
20,2024,Ernakulam,Kerala,DIS-SNK,Snakebite,37,1,rising
20,2024,Ernakulam,Kerala,DIS-MAL,Malaria,1,0,stable
21,2024,Ernakulam,Kerala,DIS-CHL,Cholera,0,0,stable
21,2024,Ernakulam,Kerala,DIS-DEN,Dengue,4,0,declining
21,2024,Ernakulam,Kerala,DIS-RSP,Respiratory infections,0,0,stable
21,2024,Ernakulam,Kerala,DIS-SNK,Snakebite,47,1,rising
21,2024,Ernakulam,Kerala,DIS-MAL,Malaria,4,0,stable
22,2024,Ernakulam,Kerala,DIS-CHL,Cholera,4,0,stable
22,2024,Ernakulam,Kerala,DIS-DEN,Dengue,4,0,stable
22,2024,Ernakulam,Kerala,DIS-RSP,Respiratory infections,2,0,stable
22,2024,Ernakulam,Kerala,DIS-SNK,Snakebite,87,0,rising
22,2024,Ernakulam,Kerala,DIS-MAL,Malaria,0,0,declining
23,2024,Ernakulam,Kerala,DIS-CHL,Cholera,1,0,declining
23,2024,Ernakulam,Kerala,DIS-DEN,Dengue,0,0,declining
23,2024,Ernakulam,Kerala,DIS-RSP,Respiratory infections,4,0,declining
23,2024,Ernakulam,Kerala,DIS-SNK,Snakebite,24,0,rising
23,2024,Ernakulam,Kerala,DIS-MAL,Malaria,0,0,rising
24,2024,Ernakulam,Kerala,DIS-CHL,Cholera,0,0,declining
24,2024,Ernakulam,Kerala,DIS-DEN,Dengue,2,0,stable
24,2024,Ernakulam,Kerala,DIS-RSP,Respiratory infections,1,0,stable
24,2024,Ernakulam,Kerala,DIS-SNK,Snakebite,28,0,rising
24,2024,Ernakulam,Kerala,DIS-MAL,Malaria,1,0,declining
25,2024,Ernakulam,Kerala,DIS-CHL,Cholera,34,1,rising
25,2024,Ernakulam,Kerala,DIS-DEN,Dengue,0,0,declining
25,2024,Ernakulam,Kerala,DIS-RSP,Respiratory infections,4,0,declining
25,2024,Ernakulam,Kerala,DIS-SNK,Snakebite,22,0,rising
25,2024,Ernakulam,Kerala,DIS-MAL,Malaria,0,0,stable
26,2024,Ernakulam,Kerala,DIS-CHL,Cholera,86,0,rising
26,2024,Ernakulam,Kerala,DIS-DEN,Dengue,1,0,declining
26,2024,Ernakulam,Kerala,DIS-RSP,Respiratory infections,0,0,stable
26,2024,Ernakulam,Kerala,DIS-SNK,Snakebite,59,1,rising
26,2024,Ernakulam,Kerala,DIS-MAL,Malaria,2,0,stable
27,2024,Ernakulam,Kerala,DIS-CHL,Cholera,68,0,rising
27,2024,Ernakulam,Kerala,DIS-DEN,Dengue,1,0,stable
27,2024,Ernakulam,Kerala,DIS-RSP,Respiratory infections,1,0,rising
27,2024,Ernakulam,Kerala,DIS-SNK,Snakebite,34,0,rising
27,2024,Ernakulam,Kerala,DIS-MAL,Malaria,3,0,rising
28,2024,Ernakulam,Kerala,DIS-CHL,Cholera,47,0,rising
28,2024,Ernakulam,Kerala,DIS-DEN,Dengue,4,0,stable
28,2024,Ernakulam,Kerala,DIS-RSP,Respiratory infections,2,0,rising
28,2024,Ernakulam,Kerala,DIS-SNK,Snakebite,77,0,rising
28,2024,Ernakulam,Kerala,DIS-MAL,Malaria,81,0,rising
29,2024,Ernakulam,Kerala,DIS-CHL,Cholera,100,0,rising
29,2024,Ernakulam,Kerala,DIS-DEN,Dengue,5,0,rising
29,2024,Ernakulam,Kerala,DIS-RSP,Respiratory infections,2,0,stable
29,2024,Ernakulam,Kerala,DIS-SNK,Snakebite,59,0,rising
29,2024,Ernakulam,Kerala,DIS-MAL,Malaria,27,0,rising
30,2024,Ernakulam,Kerala,DIS-CHL,Cholera,23,0,declining
30,2024,Ernakulam,Kerala,DIS-DEN,Dengue,37,0,rising
30,2024,Ernakulam,Kerala,DIS-RSP,Respiratory infections,0,0,stable
30,2024,Ernakulam,Kerala,DIS-SNK,Snakebite,96,0,declining
30,2024,Ernakulam,Kerala,DIS-MAL,Malaria,36,1,rising
31,2024,Ernakulam,Kerala,DIS-CHL,Cholera,26,1,declining
31,2024,Ernakulam,Kerala,DIS-DEN,Dengue,61,1,rising
31,2024,Ernakulam,Kerala,DIS-RSP,Respiratory infections,3,0,stable
31,2024,Ernakulam,Kerala,DIS-SNK,Snakebite,93,4,declining
31,2024,Ernakulam,Kerala,DIS-MAL,Malaria,76,0,rising
32,2024,Ernakulam,Kerala,DIS-CHL,Cholera,66,2,declining
32,2024,Ernakulam,Kerala,DIS-DEN,Dengue,25,1,rising
32,2024,Ernakulam,Kerala,DIS-RSP,Respiratory infections,2,0,stable
32,2024,Ernakulam,Kerala,DIS-SNK,Snakebite,79,1,declining
32,2024,Ernakulam,Kerala,DIS-MAL,Malaria,61,0,rising
33,2024,Ernakulam,Kerala,DIS-CHL,Cholera,95,0,declining
33,2024,Ernakulam,Kerala,DIS-DEN,Dengue,69,2,rising
33,2024,Ernakulam,Kerala,DIS-RSP,Respiratory infections,4,0,stable
33,2024,Ernakulam,Kerala,DIS-SNK,Snakebite,26,0,declining
33,2024,Ernakulam,Kerala,DIS-MAL,Malaria,74,1,rising
34,2024,Ernakulam,Kerala,DIS-CHL,Cholera,91,1,declining
34,2024,Ernakulam,Kerala,DIS-DEN,Dengue,98,3,rising
34,2024,Ernakulam,Kerala,DIS-RSP,Respiratory infections,3,0,stable
34,2024,Ernakulam,Kerala,DIS-SNK,Snakebite,80,0,declining
34,2024,Ernakulam,Kerala,DIS-MAL,Malaria,53,2,rising
35,2024,Ernakulam,Kerala,DIS-CHL,Cholera,23,0,declining
35,2024,Ernakulam,Kerala,DIS-DEN,Dengue,41,1,rising
35,2024,Ernakulam,Kerala,DIS-RSP,Respiratory infections,2,0,declining
35,2024,Ernakulam,Kerala,DIS-SNK,Snakebite,94,3,declining
35,2024,Ernakulam,Kerala,DIS-MAL,Malaria,94,1,declining
36,2024,Ernakulam,Kerala,DIS-CHL,Cholera,5,0,rising
36,2024,Ernakulam,Kerala,DIS-DEN,Dengue,34,1,rising
36,2024,Ernakulam,Kerala,DIS-RSP,Respiratory infections,4,0,stable
36,2024,Ernakulam,Kerala,DIS-SNK,Snakebite,26,1,declining
36,2024,Ernakulam,Kerala,DIS-MAL,Malaria,39,1,declining
37,2024,Ernakulam,Kerala,DIS-CHL,Cholera,3,0,rising
37,2024,Ernakulam,Kerala,DIS-DEN,Dengue,47,1,declining
37,2024,Ernakulam,Kerala,DIS-RSP,Respiratory infections,0,0,stable
37,2024,Ernakulam,Kerala,DIS-SNK,Snakebite,52,1,declining
37,2024,Ernakulam,Kerala,DIS-MAL,Malaria,49,0,declining
38,2024,Ernakulam,Kerala,DIS-CHL,Cholera,2,0,stable
38,2024,Ernakulam,Kerala,DIS-DEN,Dengue,84,2,declining
38,2024,Ernakulam,Kerala,DIS-RSP,Respiratory infections,3,0,rising
38,2024,Ernakulam,Kerala,DIS-SNK,Snakebite,42,0,declining
38,2024,Ernakulam,Kerala,DIS-MAL,Malaria,81,3,declining
39,2024,Ernakulam,Kerala,DIS-CHL,Cholera,5,0,stable
39,2024,Ernakulam,Kerala,DIS-DEN,Dengue,92,0,declining
39,2024,Ernakulam,Kerala,DIS-RSP,Respiratory infections,0,0,stable
39,2024,Ernakulam,Kerala,DIS-SNK,Snakebite,63,2,declining
39,2024,Ernakulam,Kerala,DIS-MAL,Malaria,57,0,declining
40,2024,Ernakulam,Kerala,DIS-CHL,Cholera,2,0,rising
40,2024,Ernakulam,Kerala,DIS-DEN,Dengue,87,1,declining
40,2024,Ernakulam,Kerala,DIS-RSP,Respiratory infections,3,0,rising
40,2024,Ernakulam,Kerala,DIS-SNK,Snakebite,52,2,declining
40,2024,Ernakulam,Kerala,DIS-MAL,Malaria,85,3,declining
41,2024,Ernakulam,Kerala,DIS-CHL,Cholera,4,0,declining
41,2024,Ernakulam,Kerala,DIS-DEN,Dengue,37,1,declining
41,2024,Ernakulam,Kerala,DIS-RSP,Respiratory infections,0,0,stable
41,2024,Ernakulam,Kerala,DIS-SNK,Snakebite,1,0,declining
41,2024,Ernakulam,Kerala,DIS-MAL,Malaria,93,0,declining
42,2024,Ernakulam,Kerala,DIS-CHL,Cholera,4,0,stable
42,2024,Ernakulam,Kerala,DIS-DEN,Dengue,64,0,declining
42,2024,Ernakulam,Kerala,DIS-RSP,Respiratory infections,0,0,declining
42,2024,Ernakulam,Kerala,DIS-SNK,Snakebite,3,0,stable
42,2024,Ernakulam,Kerala,DIS-MAL,Malaria,43,1,declining
43,2024,Ernakulam,Kerala,DIS-CHL,Cholera,3,0,stable
43,2024,Ernakulam,Kerala,DIS-DEN,Dengue,36,1,declining
43,2024,Ernakulam,Kerala,DIS-RSP,Respiratory infections,1,0,stable
43,2024,Ernakulam,Kerala,DIS-SNK,Snakebite,5,0,stable
43,2024,Ernakulam,Kerala,DIS-MAL,Malaria,0,0,stable
44,2024,Ernakulam,Kerala,DIS-CHL,Cholera,2,0,stable
44,2024,Ernakulam,Kerala,DIS-DEN,Dengue,70,1,declining
44,2024,Ernakulam,Kerala,DIS-RSP,Respiratory infections,2,0,stable
44,2024,Ernakulam,Kerala,DIS-SNK,Snakebite,5,0,rising
44,2024,Ernakulam,Kerala,DIS-MAL,Malaria,2,0,rising
45,2024,Ernakulam,Kerala,DIS-CHL,Cholera,1,0,stable
45,2024,Ernakulam,Kerala,DIS-DEN,Dengue,53,2,declining
45,2024,Ernakulam,Kerala,DIS-RSP,Respiratory infections,51,2,declining
45,2024,Ernakulam,Kerala,DIS-SNK,Snakebite,3,0,stable
45,2024,Ernakulam,Kerala,DIS-MAL,Malaria,0,0,stable
46,2024,Ernakulam,Kerala,DIS-CHL,Cholera,1,0,rising
46,2024,Ernakulam,Kerala,DIS-DEN,Dengue,2,0,stable
46,2024,Ernakulam,Kerala,DIS-RSP,Respiratory infections,69,1,declining
46,2024,Ernakulam,Kerala,DIS-SNK,Snakebite,2,0,declining
46,2024,Ernakulam,Kerala,DIS-MAL,Malaria,0,0,declining
47,2024,Ernakulam,Kerala,DIS-CHL,Cholera,3,0,rising
47,2024,Ernakulam,Kerala,DIS-DEN,Dengue,1,0,rising
47,2024,Ernakulam,Kerala,DIS-RSP,Respiratory infections,43,0,declining
47,2024,Ernakulam,Kerala,DIS-SNK,Snakebite,5,0,stable
47,2024,Ernakulam,Kerala,DIS-MAL,Malaria,0,0,stable
48,2024,Ernakulam,Kerala,DIS-CHL,Cholera,2,0,rising
48,2024,Ernakulam,Kerala,DIS-DEN,Dengue,0,0,stable
48,2024,Ernakulam,Kerala,DIS-RSP,Respiratory infections,21,0,declining
48,2024,Ernakulam,Kerala,DIS-SNK,Snakebite,1,0,rising
48,2024,Ernakulam,Kerala,DIS-MAL,Malaria,0,0,stable
49,2024,Ernakulam,Kerala,DIS-CHL,Cholera,2,0,declining
49,2024,Ernakulam,Kerala,DIS-DEN,Dengue,3,0,stable
49,2024,Ernakulam,Kerala,DIS-RSP,Respiratory infections,32,0,declining
49,2024,Ernakulam,Kerala,DIS-SNK,Snakebite,3,0,declining
49,2024,Ernakulam,Kerala,DIS-MAL,Malaria,1,0,declining
50,2024,Ernakulam,Kerala,DIS-CHL,Cholera,1,0,stable
50,2024,Ernakulam,Kerala,DIS-DEN,Dengue,2,0,stable
50,2024,Ernakulam,Kerala,DIS-RSP,Respiratory infections,33,0,declining
50,2024,Ernakulam,Kerala,DIS-SNK,Snakebite,2,0,rising
50,2024,Ernakulam,Kerala,DIS-MAL,Malaria,2,0,stable
51,2024,Ernakulam,Kerala,DIS-CHL,Cholera,2,0,stable
51,2024,Ernakulam,Kerala,DIS-DEN,Dengue,2,0,stable
51,2024,Ernakulam,Kerala,DIS-RSP,Respiratory infections,58,1,declining
51,2024,Ernakulam,Kerala,DIS-SNK,Snakebite,2,0,rising
51,2024,Ernakulam,Kerala,DIS-MAL,Malaria,3,0,rising
52,2024,Ernakulam,Kerala,DIS-CHL,Cholera,0,0,declining
52,2024,Ernakulam,Kerala,DIS-DEN,Dengue,5,0,declining
52,2024,Ernakulam,Kerala,DIS-RSP,Respiratory infections,43,1,declining
52,2024,Ernakulam,Kerala,DIS-SNK,Snakebite,1,0,rising
52,2024,Ernakulam,Kerala,DIS-MAL,Malaria,2,0,declining
1,2024,Kozhikode,Kerala,DIS-CHL,Cholera,0,0,declining
1,2024,Kozhikode,Kerala,DIS-DEN,Dengue,0,0,stable
1,2024,Kozhikode,Kerala,DIS-RSP,Respiratory infections,74,0,declining
1,2024,Kozhikode,Kerala,DIS-SNK,Snakebite,1,0,stable
1,2024,Kozhikode,Kerala,DIS-MAL,Malaria,0,0,stable
2,2024,Kozhikode,Kerala,DIS-CHL,Cholera,2,0,stable
2,2024,Kozhikode,Kerala,DIS-DEN,Dengue,3,0,stable
2,2024,Kozhikode,Kerala,DIS-RSP,Respiratory infections,92,3,declining
2,2024,Kozhikode,Kerala,DIS-SNK,Snakebite,0,0,stable
2,2024,Kozhikode,Kerala,DIS-MAL,Malaria,2,0,declining
3,2024,Kozhikode,Kerala,DIS-CHL,Cholera,3,0,rising
3,2024,Kozhikode,Kerala,DIS-DEN,Dengue,3,0,stable
3,2024,Kozhikode,Kerala,DIS-RSP,Respiratory infections,56,0,declining
3,2024,Kozhikode,Kerala,DIS-SNK,Snakebite,4,0,rising
3,2024,Kozhikode,Kerala,DIS-MAL,Malaria,3,0,stable
4,2024,Kozhikode,Kerala,DIS-CHL,Cholera,1,0,declining
4,2024,Kozhikode,Kerala,DIS-DEN,Dengue,3,0,declining
4,2024,Kozhikode,Kerala,DIS-RSP,Respiratory infections,56,0,declining
4,2024,Kozhikode,Kerala,DIS-SNK,Snakebite,3,0,stable
4,2024,Kozhikode,Kerala,DIS-MAL,Malaria,3,0,stable
5,2024,Kozhikode,Kerala,DIS-CHL,Cholera,2,0,declining
5,2024,Kozhikode,Kerala,DIS-DEN,Dengue,0,0,declining
5,2024,Kozhikode,Kerala,DIS-RSP,Respiratory infections,26,0,declining
5,2024,Kozhikode,Kerala,DIS-SNK,Snakebite,2,0,stable
5,2024,Kozhikode,Kerala,DIS-MAL,Malaria,0,0,stable
6,2024,Kozhikode,Kerala,DIS-CHL,Cholera,3,0,stable
6,2024,Kozhikode,Kerala,DIS-DEN,Dengue,2,0,stable
6,2024,Kozhikode,Kerala,DIS-RSP,Respiratory infections,96,4,declining
6,2024,Kozhikode,Kerala,DIS-SNK,Snakebite,4,0,stable
6,2024,Kozhikode,Kerala,DIS-MAL,Malaria,3,0,stable
7,2024,Kozhikode,Kerala,DIS-CHL,Cholera,3,0,stable
7,2024,Kozhikode,Kerala,DIS-DEN,Dengue,0,0,declining
7,2024,Kozhikode,Kerala,DIS-RSP,Respiratory infections,59,1,declining
7,2024,Kozhikode,Kerala,DIS-SNK,Snakebite,1,0,rising
7,2024,Kozhikode,Kerala,DIS-MAL,Malaria,1,0,rising
8,2024,Kozhikode,Kerala,DIS-CHL,Cholera,3,0,rising
8,2024,Kozhikode,Kerala,DIS-DEN,Dengue,4,0,stable
8,2024,Kozhikode,Kerala,DIS-RSP,Respiratory infections,45,0,declining
8,2024,Kozhikode,Kerala,DIS-SNK,Snakebite,2,0,declining
8,2024,Kozhikode,Kerala,DIS-MAL,Malaria,0,0,rising
9,2024,Kozhikode,Kerala,DIS-CHL,Cholera,0,0,declining
9,2024,Kozhikode,Kerala,DIS-DEN,Dengue,2,0,declining
9,2024,Kozhikode,Kerala,DIS-RSP,Respiratory infections,1,0,stable
9,2024,Kozhikode,Kerala,DIS-SNK,Snakebite,0,0,declining
9,2024,Kozhikode,Kerala,DIS-MAL,Malaria,0,0,stable
10,2024,Kozhikode,Kerala,DIS-CHL,Cholera,0,0,declining
10,2024,Kozhikode,Kerala,DIS-DEN,Dengue,1,0,stable
10,2024,Kozhikode,Kerala,DIS-RSP,Respiratory infections,0,0,rising
10,2024,Kozhikode,Kerala,DIS-SNK,Snakebite,1,0,stable
10,2024,Kozhikode,Kerala,DIS-MAL,Malaria,2,0,rising
11,2024,Kozhikode,Kerala,DIS-CHL,Cholera,5,0,declining
11,2024,Kozhikode,Kerala,DIS-DEN,Dengue,1,0,rising
11,2024,Kozhikode,Kerala,DIS-RSP,Respiratory infections,1,0,declining
11,2024,Kozhikode,Kerala,DIS-SNK,Snakebite,3,0,declining
11,2024,Kozhikode,Kerala,DIS-MAL,Malaria,4,0,declining
12,2024,Kozhikode,Kerala,DIS-CHL,Cholera,0,0,rising
12,2024,Kozhikode,Kerala,DIS-DEN,Dengue,4,0,stable
12,2024,Kozhikode,Kerala,DIS-RSP,Respiratory infections,1,0,declining
12,2024,Kozhikode,Kerala,DIS-SNK,Snakebite,4,0,rising
12,2024,Kozhikode,Kerala,DIS-MAL,Malaria,3,0,rising
13,2024,Kozhikode,Kerala,DIS-CHL,Cholera,0,0,declining
13,2024,Kozhikode,Kerala,DIS-DEN,Dengue,5,0,stable
13,2024,Kozhikode,Kerala,DIS-RSP,Respiratory infections,4,0,stable
13,2024,Kozhikode,Kerala,DIS-SNK,Snakebite,1,0,stable
13,2024,Kozhikode,Kerala,DIS-MAL,Malaria,5,0,declining
14,2024,Kozhikode,Kerala,DIS-CHL,Cholera,4,0,rising
14,2024,Kozhikode,Kerala,DIS-DEN,Dengue,4,0,stable
14,2024,Kozhikode,Kerala,DIS-RSP,Respiratory infections,5,0,stable
14,2024,Kozhikode,Kerala,DIS-SNK,Snakebite,3,0,stable
14,2024,Kozhikode,Kerala,DIS-MAL,Malaria,0,0,rising
15,2024,Kozhikode,Kerala,DIS-CHL,Cholera,0,0,stable
15,2024,Kozhikode,Kerala,DIS-DEN,Dengue,0,0,rising
15,2024,Kozhikode,Kerala,DIS-RSP,Respiratory infections,0,0,rising
15,2024,Kozhikode,Kerala,DIS-SNK,Snakebite,2,0,declining
15,2024,Kozhikode,Kerala,DIS-MAL,Malaria,0,0,stable
16,2024,Kozhikode,Kerala,DIS-CHL,Cholera,0,0,stable
16,2024,Kozhikode,Kerala,DIS-DEN,Dengue,0,0,stable
16,2024,Kozhikode,Kerala,DIS-RSP,Respiratory infections,2,0,rising
16,2024,Kozhikode,Kerala,DIS-SNK,Snakebite,4,0,rising
16,2024,Kozhikode,Kerala,DIS-MAL,Malaria,1,0,stable
17,2024,Kozhikode,Kerala,DIS-CHL,Cholera,3,0,declining
17,2024,Kozhikode,Kerala,DIS-DEN,Dengue,3,0,stable
17,2024,Kozhikode,Kerala,DIS-RSP,Respiratory infections,5,0,rising
17,2024,Kozhikode,Kerala,DIS-SNK,Snakebite,1,0,rising
17,2024,Kozhikode,Kerala,DIS-MAL,Malaria,2,0,stable
18,2024,Kozhikode,Kerala,DIS-CHL,Cholera,4,0,stable
18,2024,Kozhikode,Kerala,DIS-DEN,Dengue,1,0,declining
18,2024,Kozhikode,Kerala,DIS-RSP,Respiratory infections,2,0,rising
18,2024,Kozhikode,Kerala,DIS-SNK,Snakebite,0,0,rising
18,2024,Kozhikode,Kerala,DIS-MAL,Malaria,3,0,rising
19,2024,Kozhikode,Kerala,DIS-CHL,Cholera,3,0,stable
19,2024,Kozhikode,Kerala,DIS-DEN,Dengue,1,0,stable
19,2024,Kozhikode,Kerala,DIS-RSP,Respiratory infections,5,0,rising
19,2024,Kozhikode,Kerala,DIS-SNK,Snakebite,1,0,rising
19,2024,Kozhikode,Kerala,DIS-MAL,Malaria,1,0,stable
20,2024,Kozhikode,Kerala,DIS-CHL,Cholera,1,0,stable
20,2024,Kozhikode,Kerala,DIS-DEN,Dengue,5,0,declining
20,2024,Kozhikode,Kerala,DIS-RSP,Respiratory infections,3,0,stable
20,2024,Kozhikode,Kerala,DIS-SNK,Snakebite,69,2,rising
20,2024,Kozhikode,Kerala,DIS-MAL,Malaria,4,0,stable
21,2024,Kozhikode,Kerala,DIS-CHL,Cholera,3,0,declining
21,2024,Kozhikode,Kerala,DIS-DEN,Dengue,0,0,stable
21,2024,Kozhikode,Kerala,DIS-RSP,Respiratory infections,1,0,declining
21,2024,Kozhikode,Kerala,DIS-SNK,Snakebite,36,0,rising
21,2024,Kozhikode,Kerala,DIS-MAL,Malaria,5,0,declining
22,2024,Kozhikode,Kerala,DIS-CHL,Cholera,0,0,rising
22,2024,Kozhikode,Kerala,DIS-DEN,Dengue,0,0,rising
22,2024,Kozhikode,Kerala,DIS-RSP,Respiratory infections,2,0,rising
22,2024,Kozhikode,Kerala,DIS-SNK,Snakebite,56,0,rising
22,2024,Kozhikode,Kerala,DIS-MAL,Malaria,5,0,declining
23,2024,Kozhikode,Kerala,DIS-CHL,Cholera,5,0,stable
23,2024,Kozhikode,Kerala,DIS-DEN,Dengue,1,0,stable
23,2024,Kozhikode,Kerala,DIS-RSP,Respiratory infections,1,0,rising
23,2024,Kozhikode,Kerala,DIS-SNK,Snakebite,27,0,rising
23,2024,Kozhikode,Kerala,DIS-MAL,Malaria,4,0,rising
24,2024,Kozhikode,Kerala,DIS-CHL,Cholera,1,0,declining
24,2024,Kozhikode,Kerala,DIS-DEN,Dengue,2,0,declining
24,2024,Kozhikode,Kerala,DIS-RSP,Respiratory infections,2,0,stable
24,2024,Kozhikode,Kerala,DIS-SNK,Snakebite,69,2,rising
24,2024,Kozhikode,Kerala,DIS-MAL,Malaria,0,0,stable
25,2024,Kozhikode,Kerala,DIS-CHL,Cholera,49,2,rising
25,2024,Kozhikode,Kerala,DIS-DEN,Dengue,0,0,stable
25,2024,Kozhikode,Kerala,DIS-RSP,Respiratory infections,3,0,rising
25,2024,Kozhikode,Kerala,DIS-SNK,Snakebite,64,3,rising
25,2024,Kozhikode,Kerala,DIS-MAL,Malaria,0,0,stable
26,2024,Kozhikode,Kerala,DIS-CHL,Cholera,67,1,rising
26,2024,Kozhikode,Kerala,DIS-DEN,Dengue,5,0,stable
26,2024,Kozhikode,Kerala,DIS-RSP,Respiratory infections,4,0,stable
26,2024,Kozhikode,Kerala,DIS-SNK,Snakebite,40,0,rising
26,2024,Kozhikode,Kerala,DIS-MAL,Malaria,0,0,stable
27,2024,Kozhikode,Kerala,DIS-CHL,Cholera,58,1,rising
27,2024,Kozhikode,Kerala,DIS-DEN,Dengue,0,0,stable
27,2024,Kozhikode,Kerala,DIS-RSP,Respiratory infections,1,0,stable
27,2024,Kozhikode,Kerala,DIS-SNK,Snakebite,24,1,rising
27,2024,Kozhikode,Kerala,DIS-MAL,Malaria,0,0,rising
28,2024,Kozhikode,Kerala,DIS-CHL,Cholera,67,3,rising
28,2024,Kozhikode,Kerala,DIS-DEN,Dengue,5,0,stable
28,2024,Kozhikode,Kerala,DIS-RSP,Respiratory infections,1,0,stable
28,2024,Kozhikode,Kerala,DIS-SNK,Snakebite,86,2,rising
28,2024,Kozhikode,Kerala,DIS-MAL,Malaria,64,0,rising
29,2024,Kozhikode,Kerala,DIS-CHL,Cholera,50,2,rising
29,2024,Kozhikode,Kerala,DIS-DEN,Dengue,4,0,declining
29,2024,Kozhikode,Kerala,DIS-RSP,Respiratory infections,4,0,rising
29,2024,Kozhikode,Kerala,DIS-SNK,Snakebite,42,1,rising
29,2024,Kozhikode,Kerala,DIS-MAL,Malaria,84,3,rising
30,2024,Kozhikode,Kerala,DIS-CHL,Cholera,28,0,declining
30,2024,Kozhikode,Kerala,DIS-DEN,Dengue,68,1,rising
30,2024,Kozhikode,Kerala,DIS-RSP,Respiratory infections,3,0,declining
30,2024,Kozhikode,Kerala,DIS-SNK,Snakebite,62,1,declining
30,2024,Kozhikode,Kerala,DIS-MAL,Malaria,73,3,rising
31,2024,Kozhikode,Kerala,DIS-CHL,Cholera,64,1,declining
31,2024,Kozhikode,Kerala,DIS-DEN,Dengue,93,4,rising
31,2024,Kozhikode,Kerala,DIS-RSP,Respiratory infections,3,0,stable
31,2024,Kozhikode,Kerala,DIS-SNK,Snakebite,33,0,declining
31,2024,Kozhikode,Kerala,DIS-MAL,Malaria,17,0,rising
32,2024,Kozhikode,Kerala,DIS-CHL,Cholera,56,0,declining
32,2024,Kozhikode,Kerala,DIS-DEN,Dengue,87,0,rising
32,2024,Kozhikode,Kerala,DIS-RSP,Respiratory infections,5,0,stable
32,2024,Kozhikode,Kerala,DIS-SNK,Snakebite,48,1,declining
32,2024,Kozhikode,Kerala,DIS-MAL,Malaria,34,0,rising
33,2024,Kozhikode,Kerala,DIS-CHL,Cholera,111,5,declining
33,2024,Kozhikode,Kerala,DIS-DEN,Dengue,53,2,rising
33,2024,Kozhikode,Kerala,DIS-RSP,Respiratory infections,2,0,stable
33,2024,Kozhikode,Kerala,DIS-SNK,Snakebite,42,1,declining
33,2024,Kozhikode,Kerala,DIS-MAL,Malaria,38,1,rising
34,2024,Kozhikode,Kerala,DIS-CHL,Cholera,61,2,declining
34,2024,Kozhikode,Kerala,DIS-DEN,Dengue,102,2,rising
34,2024,Kozhikode,Kerala,DIS-RSP,Respiratory infections,5,0,stable
34,2024,Kozhikode,Kerala,DIS-SNK,Snakebite,38,0,declining
34,2024,Kozhikode,Kerala,DIS-MAL,Malaria,60,2,rising
35,2024,Kozhikode,Kerala,DIS-CHL,Cholera,93,0,declining
35,2024,Kozhikode,Kerala,DIS-DEN,Dengue,51,2,rising
35,2024,Kozhikode,Kerala,DIS-RSP,Respiratory infections,4,0,stable
35,2024,Kozhikode,Kerala,DIS-SNK,Snakebite,106,3,declining
35,2024,Kozhikode,Kerala,DIS-MAL,Malaria,37,0,declining
36,2024,Kozhikode,Kerala,DIS-CHL,Cholera,3,0,stable
36,2024,Kozhikode,Kerala,DIS-DEN,Dengue,37,1,rising
36,2024,Kozhikode,Kerala,DIS-RSP,Respiratory infections,1,0,stable
36,2024,Kozhikode,Kerala,DIS-SNK,Snakebite,90,3,declining
36,2024,Kozhikode,Kerala,DIS-MAL,Malaria,62,1,declining
37,2024,Kozhikode,Kerala,DIS-CHL,Cholera,3,0,declining
37,2024,Kozhikode,Kerala,DIS-DEN,Dengue,52,1,declining
37,2024,Kozhikode,Kerala,DIS-RSP,Respiratory infections,3,0,stable
37,2024,Kozhikode,Kerala,DIS-SNK,Snakebite,78,1,declining
37,2024,Kozhikode,Kerala,DIS-MAL,Malaria,87,0,declining
38,2024,Kozhikode,Kerala,DIS-CHL,Cholera,1,0,rising
38,2024,Kozhikode,Kerala,DIS-DEN,Dengue,42,1,declining
38,2024,Kozhikode,Kerala,DIS-RSP,Respiratory infections,4,0,declining
38,2024,Kozhikode,Kerala,DIS-SNK,Snakebite,76,1,declining
38,2024,Kozhikode,Kerala,DIS-MAL,Malaria,71,1,declining
39,2024,Kozhikode,Kerala,DIS-CHL,Cholera,3,0,rising
39,2024,Kozhikode,Kerala,DIS-DEN,Dengue,52,0,declining
39,2024,Kozhikode,Kerala,DIS-RSP,Respiratory infections,3,0,declining
39,2024,Kozhikode,Kerala,DIS-SNK,Snakebite,28,0,declining
39,2024,Kozhikode,Kerala,DIS-MAL,Malaria,76,3,declining
40,2024,Kozhikode,Kerala,DIS-CHL,Cholera,2,0,stable
40,2024,Kozhikode,Kerala,DIS-DEN,Dengue,19,0,declining
40,2024,Kozhikode,Kerala,DIS-RSP,Respiratory infections,0,0,stable
40,2024,Kozhikode,Kerala,DIS-SNK,Snakebite,61,1,declining
40,2024,Kozhikode,Kerala,DIS-MAL,Malaria,46,0,declining
41,2024,Kozhikode,Kerala,DIS-CHL,Cholera,2,0,rising
41,2024,Kozhikode,Kerala,DIS-DEN,Dengue,23,0,declining
41,2024,Kozhikode,Kerala,DIS-RSP,Respiratory infections,0,0,rising
41,2024,Kozhikode,Kerala,DIS-SNK,Snakebite,3,0,rising
41,2024,Kozhikode,Kerala,DIS-MAL,Malaria,23,0,declining
42,2024,Kozhikode,Kerala,DIS-CHL,Cholera,1,0,stable
42,2024,Kozhikode,Kerala,DIS-DEN,Dengue,19,0,declining
42,2024,Kozhikode,Kerala,DIS-RSP,Respiratory infections,0,0,declining
42,2024,Kozhikode,Kerala,DIS-SNK,Snakebite,0,0,rising
42,2024,Kozhikode,Kerala,DIS-MAL,Malaria,63,2,declining
43,2024,Kozhikode,Kerala,DIS-CHL,Cholera,2,0,stable
43,2024,Kozhikode,Kerala,DIS-DEN,Dengue,39,0,declining
43,2024,Kozhikode,Kerala,DIS-RSP,Respiratory infections,2,0,stable
43,2024,Kozhikode,Kerala,DIS-SNK,Snakebite,1,0,rising
43,2024,Kozhikode,Kerala,DIS-MAL,Malaria,3,0,rising
44,2024,Kozhikode,Kerala,DIS-CHL,Cholera,3,0,stable
44,2024,Kozhikode,Kerala,DIS-DEN,Dengue,66,1,declining
44,2024,Kozhikode,Kerala,DIS-RSP,Respiratory infections,1,0,declining
44,2024,Kozhikode,Kerala,DIS-SNK,Snakebite,4,0,declining
44,2024,Kozhikode,Kerala,DIS-MAL,Malaria,0,0,stable
45,2024,Kozhikode,Kerala,DIS-CHL,Cholera,0,0,stable
45,2024,Kozhikode,Kerala,DIS-DEN,Dengue,62,0,declining
45,2024,Kozhikode,Kerala,DIS-RSP,Respiratory infections,61,2,declining
45,2024,Kozhikode,Kerala,DIS-SNK,Snakebite,0,0,stable
45,2024,Kozhikode,Kerala,DIS-MAL,Malaria,5,0,stable
46,2024,Kozhikode,Kerala,DIS-CHL,Cholera,5,0,stable
46,2024,Kozhikode,Kerala,DIS-DEN,Dengue,2,0,rising
46,2024,Kozhikode,Kerala,DIS-RSP,Respiratory infections,80,3,declining
46,2024,Kozhikode,Kerala,DIS-SNK,Snakebite,1,0,stable
46,2024,Kozhikode,Kerala,DIS-MAL,Malaria,3,0,stable
47,2024,Kozhikode,Kerala,DIS-CHL,Cholera,0,0,declining
47,2024,Kozhikode,Kerala,DIS-DEN,Dengue,0,0,stable
47,2024,Kozhikode,Kerala,DIS-RSP,Respiratory infections,28,0,declining
47,2024,Kozhikode,Kerala,DIS-SNK,Snakebite,0,0,rising
47,2024,Kozhikode,Kerala,DIS-MAL,Malaria,5,0,stable
48,2024,Kozhikode,Kerala,DIS-CHL,Cholera,3,0,declining
48,2024,Kozhikode,Kerala,DIS-DEN,Dengue,3,0,rising
48,2024,Kozhikode,Kerala,DIS-RSP,Respiratory infections,60,0,declining
48,2024,Kozhikode,Kerala,DIS-SNK,Snakebite,4,0,rising
48,2024,Kozhikode,Kerala,DIS-MAL,Malaria,4,0,stable
49,2024,Kozhikode,Kerala,DIS-CHL,Cholera,4,0,stable
49,2024,Kozhikode,Kerala,DIS-DEN,Dengue,0,0,rising
49,2024,Kozhikode,Kerala,DIS-RSP,Respiratory infections,21,0,declining
49,2024,Kozhikode,Kerala,DIS-SNK,Snakebite,5,0,rising
49,2024,Kozhikode,Kerala,DIS-MAL,Malaria,1,0,stable
50,2024,Kozhikode,Kerala,DIS-CHL,Cholera,3,0,rising
50,2024,Kozhikode,Kerala,DIS-DEN,Dengue,5,0,rising
50,2024,Kozhikode,Kerala,DIS-RSP,Respiratory infections,54,0,declining
50,2024,Kozhikode,Kerala,DIS-SNK,Snakebite,0,0,declining
50,2024,Kozhikode,Kerala,DIS-MAL,Malaria,2,0,declining
51,2024,Kozhikode,Kerala,DIS-CHL,Cholera,4,0,declining
51,2024,Kozhikode,Kerala,DIS-DEN,Dengue,3,0,stable
51,2024,Kozhikode,Kerala,DIS-RSP,Respiratory infections,74,1,declining
51,2024,Kozhikode,Kerala,DIS-SNK,Snakebite,1,0,stable
51,2024,Kozhikode,Kerala,DIS-MAL,Malaria,0,0,stable
52,2024,Kozhikode,Kerala,DIS-CHL,Cholera,5,0,stable
52,2024,Kozhikode,Kerala,DIS-DEN,Dengue,1,0,rising
52,2024,Kozhikode,Kerala,DIS-RSP,Respiratory infections,61,0,declining
52,2024,Kozhikode,Kerala,DIS-SNK,Snakebite,3,0,stable
52,2024,Kozhikode,Kerala,DIS-MAL,Malaria,4,0,stable
1,2024,Thrissur,Kerala,DIS-CHL,Cholera,3,0,declining
1,2024,Thrissur,Kerala,DIS-DEN,Dengue,1,0,stable
1,2024,Thrissur,Kerala,DIS-RSP,Respiratory infections,77,1,rising
1,2024,Thrissur,Kerala,DIS-SNK,Snakebite,1,0,rising
1,2024,Thrissur,Kerala,DIS-MAL,Malaria,4,0,declining
2,2024,Thrissur,Kerala,DIS-CHL,Cholera,5,0,stable
2,2024,Thrissur,Kerala,DIS-DEN,Dengue,1,0,declining
2,2024,Thrissur,Kerala,DIS-RSP,Respiratory infections,62,0,declining
2,2024,Thrissur,Kerala,DIS-SNK,Snakebite,3,0,declining
2,2024,Thrissur,Kerala,DIS-MAL,Malaria,3,0,stable
3,2024,Thrissur,Kerala,DIS-CHL,Cholera,1,0,declining
3,2024,Thrissur,Kerala,DIS-DEN,Dengue,1,0,stable
3,2024,Thrissur,Kerala,DIS-RSP,Respiratory infections,74,3,declining
3,2024,Thrissur,Kerala,DIS-SNK,Snakebite,1,0,stable
3,2024,Thrissur,Kerala,DIS-MAL,Malaria,1,0,rising
4,2024,Thrissur,Kerala,DIS-CHL,Cholera,2,0,rising
4,2024,Thrissur,Kerala,DIS-DEN,Dengue,1,0,declining
4,2024,Thrissur,Kerala,DIS-RSP,Respiratory infections,28,0,declining
4,2024,Thrissur,Kerala,DIS-SNK,Snakebite,4,0,stable
4,2024,Thrissur,Kerala,DIS-MAL,Malaria,2,0,stable
5,2024,Thrissur,Kerala,DIS-CHL,Cholera,0,0,stable
5,2024,Thrissur,Kerala,DIS-DEN,Dengue,5,0,stable
5,2024,Thrissur,Kerala,DIS-RSP,Respiratory infections,80,3,declining
5,2024,Thrissur,Kerala,DIS-SNK,Snakebite,4,0,rising
5,2024,Thrissur,Kerala,DIS-MAL,Malaria,4,0,stable
6,2024,Thrissur,Kerala,DIS-CHL,Cholera,3,0,stable
6,2024,Thrissur,Kerala,DIS-DEN,Dengue,0,0,stable
6,2024,Thrissur,Kerala,DIS-RSP,Respiratory infections,57,1,declining
6,2024,Thrissur,Kerala,DIS-SNK,Snakebite,0,0,declining
6,2024,Thrissur,Kerala,DIS-MAL,Malaria,3,0,declining
7,2024,Thrissur,Kerala,DIS-CHL,Cholera,0,0,stable
7,2024,Thrissur,Kerala,DIS-DEN,Dengue,0,0,stable
7,2024,Thrissur,Kerala,DIS-RSP,Respiratory infections,62,1,declining
7,2024,Thrissur,Kerala,DIS-SNK,Snakebite,3,0,rising
7,2024,Thrissur,Kerala,DIS-MAL,Malaria,3,0,rising
8,2024,Thrissur,Kerala,DIS-CHL,Cholera,1,0,stable
8,2024,Thrissur,Kerala,DIS-DEN,Dengue,2,0,stable
8,2024,Thrissur,Kerala,DIS-RSP,Respiratory infections,47,1,declining
8,2024,Thrissur,Kerala,DIS-SNK,Snakebite,4,0,rising
8,2024,Thrissur,Kerala,DIS-MAL,Malaria,2,0,stable
9,2024,Thrissur,Kerala,DIS-CHL,Cholera,3,0,rising
9,2024,Thrissur,Kerala,DIS-DEN,Dengue,1,0,rising
9,2024,Thrissur,Kerala,DIS-RSP,Respiratory infections,2,0,stable
9,2024,Thrissur,Kerala,DIS-SNK,Snakebite,2,0,rising
9,2024,Thrissur,Kerala,DIS-MAL,Malaria,2,0,declining
10,2024,Thrissur,Kerala,DIS-CHL,Cholera,1,0,stable
10,2024,Thrissur,Kerala,DIS-DEN,Dengue,2,0,declining
10,2024,Thrissur,Kerala,DIS-RSP,Respiratory infections,3,0,declining
10,2024,Thrissur,Kerala,DIS-SNK,Snakebite,2,0,declining
10,2024,Thrissur,Kerala,DIS-MAL,Malaria,4,0,stable
11,2024,Thrissur,Kerala,DIS-CHL,Cholera,4,0,declining
11,2024,Thrissur,Kerala,DIS-DEN,Dengue,3,0,stable
11,2024,Thrissur,Kerala,DIS-RSP,Respiratory infections,2,0,rising
11,2024,Thrissur,Kerala,DIS-SNK,Snakebite,0,0,stable
11,2024,Thrissur,Kerala,DIS-MAL,Malaria,3,0,stable
12,2024,Thrissur,Kerala,DIS-CHL,Cholera,0,0,rising
12,2024,Thrissur,Kerala,DIS-DEN,Dengue,2,0,stable
12,2024,Thrissur,Kerala,DIS-RSP,Respiratory infections,0,0,rising
12,2024,Thrissur,Kerala,DIS-SNK,Snakebite,0,0,stable
12,2024,Thrissur,Kerala,DIS-MAL,Malaria,0,0,stable
13,2024,Thrissur,Kerala,DIS-CHL,Cholera,5,0,rising
13,2024,Thrissur,Kerala,DIS-DEN,Dengue,4,0,stable
13,2024,Thrissur,Kerala,DIS-RSP,Respiratory infections,0,0,rising
13,2024,Thrissur,Kerala,DIS-SNK,Snakebite,4,0,rising
13,2024,Thrissur,Kerala,DIS-MAL,Malaria,4,0,stable
14,2024,Thrissur,Kerala,DIS-CHL,Cholera,0,0,stable
14,2024,Thrissur,Kerala,DIS-DEN,Dengue,2,0,stable
14,2024,Thrissur,Kerala,DIS-RSP,Respiratory infections,5,0,stable
14,2024,Thrissur,Kerala,DIS-SNK,Snakebite,0,0,declining
14,2024,Thrissur,Kerala,DIS-MAL,Malaria,1,0,declining
15,2024,Thrissur,Kerala,DIS-CHL,Cholera,2,0,stable
15,2024,Thrissur,Kerala,DIS-DEN,Dengue,2,0,declining
15,2024,Thrissur,Kerala,DIS-RSP,Respiratory infections,0,0,declining
15,2024,Thrissur,Kerala,DIS-SNK,Snakebite,4,0,stable
15,2024,Thrissur,Kerala,DIS-MAL,Malaria,0,0,rising
16,2024,Thrissur,Kerala,DIS-CHL,Cholera,4,0,stable
16,2024,Thrissur,Kerala,DIS-DEN,Dengue,5,0,stable
16,2024,Thrissur,Kerala,DIS-RSP,Respiratory infections,3,0,stable
16,2024,Thrissur,Kerala,DIS-SNK,Snakebite,0,0,stable
16,2024,Thrissur,Kerala,DIS-MAL,Malaria,2,0,declining
17,2024,Thrissur,Kerala,DIS-CHL,Cholera,3,0,declining
17,2024,Thrissur,Kerala,DIS-DEN,Dengue,3,0,declining
17,2024,Thrissur,Kerala,DIS-RSP,Respiratory infections,4,0,stable
17,2024,Thrissur,Kerala,DIS-SNK,Snakebite,0,0,stable
17,2024,Thrissur,Kerala,DIS-MAL,Malaria,5,0,stable
18,2024,Thrissur,Kerala,DIS-CHL,Cholera,2,0,rising
18,2024,Thrissur,Kerala,DIS-DEN,Dengue,3,0,declining
18,2024,Thrissur,Kerala,DIS-RSP,Respiratory infections,1,0,declining
18,2024,Thrissur,Kerala,DIS-SNK,Snakebite,4,0,stable
18,2024,Thrissur,Kerala,DIS-MAL,Malaria,3,0,rising
19,2024,Thrissur,Kerala,DIS-CHL,Cholera,3,0,stable
19,2024,Thrissur,Kerala,DIS-DEN,Dengue,0,0,declining
19,2024,Thrissur,Kerala,DIS-RSP,Respiratory infections,4,0,declining
19,2024,Thrissur,Kerala,DIS-SNK,Snakebite,4,0,stable
19,2024,Thrissur,Kerala,DIS-MAL,Malaria,4,0,stable
20,2024,Thrissur,Kerala,DIS-CHL,Cholera,0,0,stable
20,2024,Thrissur,Kerala,DIS-DEN,Dengue,4,0,rising
20,2024,Thrissur,Kerala,DIS-RSP,Respiratory infections,1,0,declining
20,2024,Thrissur,Kerala,DIS-SNK,Snakebite,19,0,rising
20,2024,Thrissur,Kerala,DIS-MAL,Malaria,5,0,declining
21,2024,Thrissur,Kerala,DIS-CHL,Cholera,1,0,rising
21,2024,Thrissur,Kerala,DIS-DEN,Dengue,4,0,stable
21,2024,Thrissur,Kerala,DIS-RSP,Respiratory infections,3,0,rising
21,2024,Thrissur,Kerala,DIS-SNK,Snakebite,69,1,rising
21,2024,Thrissur,Kerala,DIS-MAL,Malaria,0,0,stable
22,2024,Thrissur,Kerala,DIS-CHL,Cholera,3,0,stable
22,2024,Thrissur,Kerala,DIS-DEN,Dengue,4,0,rising
22,2024,Thrissur,Kerala,DIS-RSP,Respiratory infections,2,0,stable
22,2024,Thrissur,Kerala,DIS-SNK,Snakebite,80,1,rising
22,2024,Thrissur,Kerala,DIS-MAL,Malaria,1,0,declining
23,2024,Thrissur,Kerala,DIS-CHL,Cholera,4,0,stable
23,2024,Thrissur,Kerala,DIS-DEN,Dengue,0,0,stable
23,2024,Thrissur,Kerala,DIS-RSP,Respiratory infections,4,0,rising
23,2024,Thrissur,Kerala,DIS-SNK,Snakebite,51,0,rising
23,2024,Thrissur,Kerala,DIS-MAL,Malaria,5,0,stable
24,2024,Thrissur,Kerala,DIS-CHL,Cholera,4,0,stable
24,2024,Thrissur,Kerala,DIS-DEN,Dengue,1,0,stable
24,2024,Thrissur,Kerala,DIS-RSP,Respiratory infections,5,0,declining
24,2024,Thrissur,Kerala,DIS-SNK,Snakebite,82,3,rising
24,2024,Thrissur,Kerala,DIS-MAL,Malaria,2,0,rising
25,2024,Thrissur,Kerala,DIS-CHL,Cholera,81,2,rising
25,2024,Thrissur,Kerala,DIS-DEN,Dengue,4,0,stable
25,2024,Thrissur,Kerala,DIS-RSP,Respiratory infections,5,0,stable
25,2024,Thrissur,Kerala,DIS-SNK,Snakebite,63,2,rising
25,2024,Thrissur,Kerala,DIS-MAL,Malaria,4,0,stable
26,2024,Thrissur,Kerala,DIS-CHL,Cholera,37,0,rising
26,2024,Thrissur,Kerala,DIS-DEN,Dengue,4,0,stable
26,2024,Thrissur,Kerala,DIS-RSP,Respiratory infections,4,0,declining
26,2024,Thrissur,Kerala,DIS-SNK,Snakebite,91,0,rising
26,2024,Thrissur,Kerala,DIS-MAL,Malaria,3,0,rising
27,2024,Thrissur,Kerala,DIS-CHL,Cholera,54,0,rising
27,2024,Thrissur,Kerala,DIS-DEN,Dengue,2,0,declining
27,2024,Thrissur,Kerala,DIS-RSP,Respiratory infections,1,0,stable
27,2024,Thrissur,Kerala,DIS-SNK,Snakebite,90,2,rising
27,2024,Thrissur,Kerala,DIS-MAL,Malaria,4,0,declining
28,2024,Thrissur,Kerala,DIS-CHL,Cholera,76,1,rising
28,2024,Thrissur,Kerala,DIS-DEN,Dengue,4,0,declining
28,2024,Thrissur,Kerala,DIS-RSP,Respiratory infections,3,0,stable
28,2024,Thrissur,Kerala,DIS-SNK,Snakebite,22,0,rising
28,2024,Thrissur,Kerala,DIS-MAL,Malaria,93,1,rising
29,2024,Thrissur,Kerala,DIS-CHL,Cholera,73,3,rising
29,2024,Thrissur,Kerala,DIS-DEN,Dengue,4,0,stable
29,2024,Thrissur,Kerala,DIS-RSP,Respiratory infections,0,0,stable
29,2024,Thrissur,Kerala,DIS-SNK,Snakebite,89,1,rising
29,2024,Thrissur,Kerala,DIS-MAL,Malaria,39,1,rising
30,2024,Thrissur,Kerala,DIS-CHL,Cholera,38,1,declining
30,2024,Thrissur,Kerala,DIS-DEN,Dengue,63,1,rising
30,2024,Thrissur,Kerala,DIS-RSP,Respiratory infections,2,0,rising
30,2024,Thrissur,Kerala,DIS-SNK,Snakebite,102,3,declining
30,2024,Thrissur,Kerala,DIS-MAL,Malaria,79,2,rising
31,2024,Thrissur,Kerala,DIS-CHL,Cholera,22,0,declining
31,2024,Thrissur,Kerala,DIS-DEN,Dengue,36,1,rising
31,2024,Thrissur,Kerala,DIS-RSP,Respiratory infections,1,0,declining
31,2024,Thrissur,Kerala,DIS-SNK,Snakebite,80,2,declining
31,2024,Thrissur,Kerala,DIS-MAL,Malaria,58,1,rising
32,2024,Thrissur,Kerala,DIS-CHL,Cholera,82,0,declining
32,2024,Thrissur,Kerala,DIS-DEN,Dengue,58,2,rising
32,2024,Thrissur,Kerala,DIS-RSP,Respiratory infections,0,0,declining
32,2024,Thrissur,Kerala,DIS-SNK,Snakebite,65,2,declining
32,2024,Thrissur,Kerala,DIS-MAL,Malaria,82,0,rising
33,2024,Thrissur,Kerala,DIS-CHL,Cholera,24,1,declining
33,2024,Thrissur,Kerala,DIS-DEN,Dengue,22,0,rising
33,2024,Thrissur,Kerala,DIS-RSP,Respiratory infections,0,0,stable
33,2024,Thrissur,Kerala,DIS-SNK,Snakebite,59,2,declining
33,2024,Thrissur,Kerala,DIS-MAL,Malaria,37,0,rising
34,2024,Thrissur,Kerala,DIS-CHL,Cholera,60,2,declining
34,2024,Thrissur,Kerala,DIS-DEN,Dengue,98,1,rising
34,2024,Thrissur,Kerala,DIS-RSP,Respiratory infections,0,0,rising
34,2024,Thrissur,Kerala,DIS-SNK,Snakebite,35,0,declining
34,2024,Thrissur,Kerala,DIS-MAL,Malaria,60,0,rising
35,2024,Thrissur,Kerala,DIS-CHL,Cholera,73,2,declining
35,2024,Thrissur,Kerala,DIS-DEN,Dengue,35,1,rising
35,2024,Thrissur,Kerala,DIS-RSP,Respiratory infections,3,0,stable
35,2024,Thrissur,Kerala,DIS-SNK,Snakebite,60,2,declining
35,2024,Thrissur,Kerala,DIS-MAL,Malaria,56,0,declining
36,2024,Thrissur,Kerala,DIS-CHL,Cholera,0,0,stable
36,2024,Thrissur,Kerala,DIS-DEN,Dengue,79,3,rising
36,2024,Thrissur,Kerala,DIS-RSP,Respiratory infections,0,0,declining
36,2024,Thrissur,Kerala,DIS-SNK,Snakebite,32,1,declining
36,2024,Thrissur,Kerala,DIS-MAL,Malaria,50,1,declining
37,2024,Thrissur,Kerala,DIS-CHL,Cholera,0,0,stable
37,2024,Thrissur,Kerala,DIS-DEN,Dengue,83,2,declining
37,2024,Thrissur,Kerala,DIS-RSP,Respiratory infections,2,0,stable
37,2024,Thrissur,Kerala,DIS-SNK,Snakebite,49,2,declining
37,2024,Thrissur,Kerala,DIS-MAL,Malaria,43,0,declining
38,2024,Thrissur,Kerala,DIS-CHL,Cholera,2,0,stable
38,2024,Thrissur,Kerala,DIS-DEN,Dengue,62,2,declining
38,2024,Thrissur,Kerala,DIS-RSP,Respiratory infections,0,0,stable
38,2024,Thrissur,Kerala,DIS-SNK,Snakebite,78,1,declining
38,2024,Thrissur,Kerala,DIS-MAL,Malaria,40,0,declining
39,2024,Thrissur,Kerala,DIS-CHL,Cholera,3,0,declining
39,2024,Thrissur,Kerala,DIS-DEN,Dengue,115,1,declining
39,2024,Thrissur,Kerala,DIS-RSP,Respiratory infections,3,0,declining
39,2024,Thrissur,Kerala,DIS-SNK,Snakebite,73,1,declining
39,2024,Thrissur,Kerala,DIS-MAL,Malaria,68,0,declining
40,2024,Thrissur,Kerala,DIS-CHL,Cholera,2,0,stable
40,2024,Thrissur,Kerala,DIS-DEN,Dengue,21,0,declining
40,2024,Thrissur,Kerala,DIS-RSP,Respiratory infections,1,0,stable
40,2024,Thrissur,Kerala,DIS-SNK,Snakebite,69,0,declining
40,2024,Thrissur,Kerala,DIS-MAL,Malaria,61,2,declining
41,2024,Thrissur,Kerala,DIS-CHL,Cholera,1,0,stable
41,2024,Thrissur,Kerala,DIS-DEN,Dengue,68,3,declining
41,2024,Thrissur,Kerala,DIS-RSP,Respiratory infections,3,0,declining
41,2024,Thrissur,Kerala,DIS-SNK,Snakebite,2,0,declining
41,2024,Thrissur,Kerala,DIS-MAL,Malaria,45,0,declining
42,2024,Thrissur,Kerala,DIS-CHL,Cholera,4,0,stable
42,2024,Thrissur,Kerala,DIS-DEN,Dengue,71,2,declining
42,2024,Thrissur,Kerala,DIS-RSP,Respiratory infections,4,0,stable
42,2024,Thrissur,Kerala,DIS-SNK,Snakebite,3,0,rising
42,2024,Thrissur,Kerala,DIS-MAL,Malaria,49,1,declining
43,2024,Thrissur,Kerala,DIS-CHL,Cholera,3,0,rising
43,2024,Thrissur,Kerala,DIS-DEN,Dengue,59,1,declining
43,2024,Thrissur,Kerala,DIS-RSP,Respiratory infections,1,0,declining
43,2024,Thrissur,Kerala,DIS-SNK,Snakebite,4,0,rising
43,2024,Thrissur,Kerala,DIS-MAL,Malaria,1,0,rising
44,2024,Thrissur,Kerala,DIS-CHL,Cholera,2,0,declining
44,2024,Thrissur,Kerala,DIS-DEN,Dengue,43,1,declining
44,2024,Thrissur,Kerala,DIS-RSP,Respiratory infections,0,0,rising
44,2024,Thrissur,Kerala,DIS-SNK,Snakebite,4,0,rising
44,2024,Thrissur,Kerala,DIS-MAL,Malaria,0,0,stable
45,2024,Thrissur,Kerala,DIS-CHL,Cholera,3,0,stable
45,2024,Thrissur,Kerala,DIS-DEN,Dengue,98,4,declining
45,2024,Thrissur,Kerala,DIS-RSP,Respiratory infections,50,1,declining
45,2024,Thrissur,Kerala,DIS-SNK,Snakebite,1,0,declining
45,2024,Thrissur,Kerala,DIS-MAL,Malaria,0,0,rising
46,2024,Thrissur,Kerala,DIS-CHL,Cholera,1,0,stable
46,2024,Thrissur,Kerala,DIS-DEN,Dengue,4,0,stable
46,2024,Thrissur,Kerala,DIS-RSP,Respiratory infections,72,2,declining
46,2024,Thrissur,Kerala,DIS-SNK,Snakebite,0,0,declining
46,2024,Thrissur,Kerala,DIS-MAL,Malaria,3,0,declining
47,2024,Thrissur,Kerala,DIS-CHL,Cholera,4,0,rising
47,2024,Thrissur,Kerala,DIS-DEN,Dengue,0,0,declining
47,2024,Thrissur,Kerala,DIS-RSP,Respiratory infections,84,1,declining
47,2024,Thrissur,Kerala,DIS-SNK,Snakebite,1,0,declining
47,2024,Thrissur,Kerala,DIS-MAL,Malaria,0,0,stable
48,2024,Thrissur,Kerala,DIS-CHL,Cholera,4,0,stable
48,2024,Thrissur,Kerala,DIS-DEN,Dengue,3,0,declining
48,2024,Thrissur,Kerala,DIS-RSP,Respiratory infections,31,1,declining
48,2024,Thrissur,Kerala,DIS-SNK,Snakebite,2,0,stable
48,2024,Thrissur,Kerala,DIS-MAL,Malaria,5,0,stable
49,2024,Thrissur,Kerala,DIS-CHL,Cholera,1,0,stable
49,2024,Thrissur,Kerala,DIS-DEN,Dengue,3,0,stable
49,2024,Thrissur,Kerala,DIS-RSP,Respiratory infections,67,0,declining
49,2024,Thrissur,Kerala,DIS-SNK,Snakebite,2,0,declining
49,2024,Thrissur,Kerala,DIS-MAL,Malaria,3,0,declining
50,2024,Thrissur,Kerala,DIS-CHL,Cholera,4,0,rising
50,2024,Thrissur,Kerala,DIS-DEN,Dengue,1,0,stable
50,2024,Thrissur,Kerala,DIS-RSP,Respiratory infections,38,1,declining
50,2024,Thrissur,Kerala,DIS-SNK,Snakebite,3,0,stable
50,2024,Thrissur,Kerala,DIS-MAL,Malaria,1,0,declining
51,2024,Thrissur,Kerala,DIS-CHL,Cholera,1,0,rising
51,2024,Thrissur,Kerala,DIS-DEN,Dengue,0,0,stable
51,2024,Thrissur,Kerala,DIS-RSP,Respiratory infections,70,2,declining
51,2024,Thrissur,Kerala,DIS-SNK,Snakebite,2,0,rising
51,2024,Thrissur,Kerala,DIS-MAL,Malaria,3,0,stable
52,2024,Thrissur,Kerala,DIS-CHL,Cholera,0,0,declining
52,2024,Thrissur,Kerala,DIS-DEN,Dengue,3,0,declining
52,2024,Thrissur,Kerala,DIS-RSP,Respiratory infections,24,1,declining
52,2024,Thrissur,Kerala,DIS-SNK,Snakebite,0,0,stable
52,2024,Thrissur,Kerala,DIS-MAL,Malaria,1,0,stable
1,2024,Chennai,Tamil Nadu,DIS-CHL,Cholera,5,0,declining
1,2024,Chennai,Tamil Nadu,DIS-DEN,Dengue,2,0,stable
1,2024,Chennai,Tamil Nadu,DIS-RSP,Respiratory infections,50,1,stable
1,2024,Chennai,Tamil Nadu,DIS-SNK,Snakebite,5,0,declining
1,2024,Chennai,Tamil Nadu,DIS-MAL,Malaria,0,0,stable
2,2024,Chennai,Tamil Nadu,DIS-CHL,Cholera,2,0,stable
2,2024,Chennai,Tamil Nadu,DIS-DEN,Dengue,2,0,stable
2,2024,Chennai,Tamil Nadu,DIS-RSP,Respiratory infections,31,0,declining
2,2024,Chennai,Tamil Nadu,DIS-SNK,Snakebite,2,0,stable
2,2024,Chennai,Tamil Nadu,DIS-MAL,Malaria,0,0,stable
3,2024,Chennai,Tamil Nadu,DIS-CHL,Cholera,2,0,rising
3,2024,Chennai,Tamil Nadu,DIS-DEN,Dengue,0,0,stable
3,2024,Chennai,Tamil Nadu,DIS-RSP,Respiratory infections,81,2,declining
3,2024,Chennai,Tamil Nadu,DIS-SNK,Snakebite,0,0,stable
3,2024,Chennai,Tamil Nadu,DIS-MAL,Malaria,2,0,stable
4,2024,Chennai,Tamil Nadu,DIS-CHL,Cholera,1,0,stable
4,2024,Chennai,Tamil Nadu,DIS-DEN,Dengue,2,0,declining
4,2024,Chennai,Tamil Nadu,DIS-RSP,Respiratory infections,74,0,declining
4,2024,Chennai,Tamil Nadu,DIS-SNK,Snakebite,1,0,rising
4,2024,Chennai,Tamil Nadu,DIS-MAL,Malaria,4,0,rising
5,2024,Chennai,Tamil Nadu,DIS-CHL,Cholera,2,0,stable
5,2024,Chennai,Tamil Nadu,DIS-DEN,Dengue,3,0,stable
5,2024,Chennai,Tamil Nadu,DIS-RSP,Respiratory infections,55,0,declining
5,2024,Chennai,Tamil Nadu,DIS-SNK,Snakebite,2,0,declining
5,2024,Chennai,Tamil Nadu,DIS-MAL,Malaria,0,0,declining
6,2024,Chennai,Tamil Nadu,DIS-CHL,Cholera,0,0,rising
6,2024,Chennai,Tamil Nadu,DIS-DEN,Dengue,0,0,stable
6,2024,Chennai,Tamil Nadu,DIS-RSP,Respiratory infections,70,2,declining
6,2024,Chennai,Tamil Nadu,DIS-SNK,Snakebite,1,0,stable
6,2024,Chennai,Tamil Nadu,DIS-MAL,Malaria,5,0,rising
7,2024,Chennai,Tamil Nadu,DIS-CHL,Cholera,0,0,stable
7,2024,Chennai,Tamil Nadu,DIS-DEN,Dengue,0,0,stable
7,2024,Chennai,Tamil Nadu,DIS-RSP,Respiratory infections,49,1,declining
7,2024,Chennai,Tamil Nadu,DIS-SNK,Snakebite,5,0,rising
7,2024,Chennai,Tamil Nadu,DIS-MAL,Malaria,3,0,stable
8,2024,Chennai,Tamil Nadu,DIS-CHL,Cholera,3,0,declining
8,2024,Chennai,Tamil Nadu,DIS-DEN,Dengue,0,0,stable
8,2024,Chennai,Tamil Nadu,DIS-RSP,Respiratory infections,24,0,declining
8,2024,Chennai,Tamil Nadu,DIS-SNK,Snakebite,2,0,stable
8,2024,Chennai,Tamil Nadu,DIS-MAL,Malaria,1,0,rising
9,2024,Chennai,Tamil Nadu,DIS-CHL,Cholera,1,0,declining
9,2024,Chennai,Tamil Nadu,DIS-DEN,Dengue,0,0,stable
9,2024,Chennai,Tamil Nadu,DIS-RSP,Respiratory infections,0,0,declining
9,2024,Chennai,Tamil Nadu,DIS-SNK,Snakebite,5,0,declining
9,2024,Chennai,Tamil Nadu,DIS-MAL,Malaria,3,0,rising
10,2024,Chennai,Tamil Nadu,DIS-CHL,Cholera,0,0,rising
10,2024,Chennai,Tamil Nadu,DIS-DEN,Dengue,5,0,declining
10,2024,Chennai,Tamil Nadu,DIS-RSP,Respiratory infections,3,0,stable
10,2024,Chennai,Tamil Nadu,DIS-SNK,Snakebite,2,0,declining
10,2024,Chennai,Tamil Nadu,DIS-MAL,Malaria,0,0,stable
11,2024,Chennai,Tamil Nadu,DIS-CHL,Cholera,4,0,rising
11,2024,Chennai,Tamil Nadu,DIS-DEN,Dengue,4,0,stable
11,2024,Chennai,Tamil Nadu,DIS-RSP,Respiratory infections,4,0,stable
11,2024,Chennai,Tamil Nadu,DIS-SNK,Snakebite,1,0,declining
11,2024,Chennai,Tamil Nadu,DIS-MAL,Malaria,2,0,rising
12,2024,Chennai,Tamil Nadu,DIS-CHL,Cholera,4,0,rising
12,2024,Chennai,Tamil Nadu,DIS-DEN,Dengue,5,0,stable
12,2024,Chennai,Tamil Nadu,DIS-RSP,Respiratory infections,3,0,rising
12,2024,Chennai,Tamil Nadu,DIS-SNK,Snakebite,2,0,declining
12,2024,Chennai,Tamil Nadu,DIS-MAL,Malaria,5,0,declining
13,2024,Chennai,Tamil Nadu,DIS-CHL,Cholera,2,0,stable
13,2024,Chennai,Tamil Nadu,DIS-DEN,Dengue,0,0,stable
13,2024,Chennai,Tamil Nadu,DIS-RSP,Respiratory infections,2,0,declining
13,2024,Chennai,Tamil Nadu,DIS-SNK,Snakebite,0,0,rising
13,2024,Chennai,Tamil Nadu,DIS-MAL,Malaria,3,0,stable
14,2024,Chennai,Tamil Nadu,DIS-CHL,Cholera,2,0,stable
14,2024,Chennai,Tamil Nadu,DIS-DEN,Dengue,3,0,rising
14,2024,Chennai,Tamil Nadu,DIS-RSP,Respiratory infections,3,0,rising
14,2024,Chennai,Tamil Nadu,DIS-SNK,Snakebite,2,0,stable
14,2024,Chennai,Tamil Nadu,DIS-MAL,Malaria,3,0,rising
15,2024,Chennai,Tamil Nadu,DIS-CHL,Cholera,4,0,stable
15,2024,Chennai,Tamil Nadu,DIS-DEN,Dengue,0,0,stable
15,2024,Chennai,Tamil Nadu,DIS-RSP,Respiratory infections,1,0,rising
15,2024,Chennai,Tamil Nadu,DIS-SNK,Snakebite,1,0,stable
15,2024,Chennai,Tamil Nadu,DIS-MAL,Malaria,0,0,declining
16,2024,Chennai,Tamil Nadu,DIS-CHL,Cholera,0,0,stable
16,2024,Chennai,Tamil Nadu,DIS-DEN,Dengue,3,0,rising
16,2024,Chennai,Tamil Nadu,DIS-RSP,Respiratory infections,0,0,rising
16,2024,Chennai,Tamil Nadu,DIS-SNK,Snakebite,1,0,stable
16,2024,Chennai,Tamil Nadu,DIS-MAL,Malaria,5,0,declining
17,2024,Chennai,Tamil Nadu,DIS-CHL,Cholera,1,0,stable
17,2024,Chennai,Tamil Nadu,DIS-DEN,Dengue,0,0,rising
17,2024,Chennai,Tamil Nadu,DIS-RSP,Respiratory infections,1,0,stable
17,2024,Chennai,Tamil Nadu,DIS-SNK,Snakebite,0,0,stable
17,2024,Chennai,Tamil Nadu,DIS-MAL,Malaria,0,0,rising
18,2024,Chennai,Tamil Nadu,DIS-CHL,Cholera,0,0,declining
18,2024,Chennai,Tamil Nadu,DIS-DEN,Dengue,1,0,stable
18,2024,Chennai,Tamil Nadu,DIS-RSP,Respiratory infections,3,0,rising
18,2024,Chennai,Tamil Nadu,DIS-SNK,Snakebite,1,0,rising
18,2024,Chennai,Tamil Nadu,DIS-MAL,Malaria,3,0,stable
19,2024,Chennai,Tamil Nadu,DIS-CHL,Cholera,2,0,declining
19,2024,Chennai,Tamil Nadu,DIS-DEN,Dengue,5,0,stable
19,2024,Chennai,Tamil Nadu,DIS-RSP,Respiratory infections,0,0,stable
19,2024,Chennai,Tamil Nadu,DIS-SNK,Snakebite,1,0,stable
19,2024,Chennai,Tamil Nadu,DIS-MAL,Malaria,0,0,stable
20,2024,Chennai,Tamil Nadu,DIS-CHL,Cholera,0,0,stable
20,2024,Chennai,Tamil Nadu,DIS-DEN,Dengue,0,0,stable
20,2024,Chennai,Tamil Nadu,DIS-RSP,Respiratory infections,2,0,stable
20,2024,Chennai,Tamil Nadu,DIS-SNK,Snakebite,89,1,rising
20,2024,Chennai,Tamil Nadu,DIS-MAL,Malaria,1,0,rising
21,2024,Chennai,Tamil Nadu,DIS-CHL,Cholera,2,0,rising
21,2024,Chennai,Tamil Nadu,DIS-DEN,Dengue,0,0,declining
21,2024,Chennai,Tamil Nadu,DIS-RSP,Respiratory infections,5,0,declining
21,2024,Chennai,Tamil Nadu,DIS-SNK,Snakebite,68,3,rising
21,2024,Chennai,Tamil Nadu,DIS-MAL,Malaria,0,0,declining
22,2024,Chennai,Tamil Nadu,DIS-CHL,Cholera,3,0,declining
22,2024,Chennai,Tamil Nadu,DIS-DEN,Dengue,4,0,stable
22,2024,Chennai,Tamil Nadu,DIS-RSP,Respiratory infections,0,0,stable
22,2024,Chennai,Tamil Nadu,DIS-SNK,Snakebite,32,0,rising
22,2024,Chennai,Tamil Nadu,DIS-MAL,Malaria,0,0,stable
23,2024,Chennai,Tamil Nadu,DIS-CHL,Cholera,2,0,stable
23,2024,Chennai,Tamil Nadu,DIS-DEN,Dengue,1,0,stable
23,2024,Chennai,Tamil Nadu,DIS-RSP,Respiratory infections,0,0,stable
23,2024,Chennai,Tamil Nadu,DIS-SNK,Snakebite,77,0,rising
23,2024,Chennai,Tamil Nadu,DIS-MAL,Malaria,1,0,stable
24,2024,Chennai,Tamil Nadu,DIS-CHL,Cholera,4,0,rising
24,2024,Chennai,Tamil Nadu,DIS-DEN,Dengue,3,0,stable
24,2024,Chennai,Tamil Nadu,DIS-RSP,Respiratory infections,1,0,rising
24,2024,Chennai,Tamil Nadu,DIS-SNK,Snakebite,99,4,rising
24,2024,Chennai,Tamil Nadu,DIS-MAL,Malaria,0,0,stable
25,2024,Chennai,Tamil Nadu,DIS-CHL,Cholera,97,4,rising
25,2024,Chennai,Tamil Nadu,DIS-DEN,Dengue,0,0,rising
25,2024,Chennai,Tamil Nadu,DIS-RSP,Respiratory infections,5,0,stable
25,2024,Chennai,Tamil Nadu,DIS-SNK,Snakebite,66,2,rising
25,2024,Chennai,Tamil Nadu,DIS-MAL,Malaria,4,0,stable
26,2024,Chennai,Tamil Nadu,DIS-CHL,Cholera,54,1,rising
26,2024,Chennai,Tamil Nadu,DIS-DEN,Dengue,5,0,stable
26,2024,Chennai,Tamil Nadu,DIS-RSP,Respiratory infections,1,0,stable
26,2024,Chennai,Tamil Nadu,DIS-SNK,Snakebite,62,2,rising
26,2024,Chennai,Tamil Nadu,DIS-MAL,Malaria,0,0,rising
27,2024,Chennai,Tamil Nadu,DIS-CHL,Cholera,30,1,rising
27,2024,Chennai,Tamil Nadu,DIS-DEN,Dengue,3,0,rising
27,2024,Chennai,Tamil Nadu,DIS-RSP,Respiratory infections,2,0,stable
27,2024,Chennai,Tamil Nadu,DIS-SNK,Snakebite,77,2,rising
27,2024,Chennai,Tamil Nadu,DIS-MAL,Malaria,0,0,stable
28,2024,Chennai,Tamil Nadu,DIS-CHL,Cholera,56,2,rising
28,2024,Chennai,Tamil Nadu,DIS-DEN,Dengue,0,0,declining
28,2024,Chennai,Tamil Nadu,DIS-RSP,Respiratory infections,1,0,stable
28,2024,Chennai,Tamil Nadu,DIS-SNK,Snakebite,17,0,rising
28,2024,Chennai,Tamil Nadu,DIS-MAL,Malaria,34,0,rising
29,2024,Chennai,Tamil Nadu,DIS-CHL,Cholera,39,1,rising
29,2024,Chennai,Tamil Nadu,DIS-DEN,Dengue,3,0,stable
29,2024,Chennai,Tamil Nadu,DIS-RSP,Respiratory infections,4,0,declining
29,2024,Chennai,Tamil Nadu,DIS-SNK,Snakebite,51,0,rising
29,2024,Chennai,Tamil Nadu,DIS-MAL,Malaria,29,0,rising
30,2024,Chennai,Tamil Nadu,DIS-CHL,Cholera,77,3,declining
30,2024,Chennai,Tamil Nadu,DIS-DEN,Dengue,22,0,rising
30,2024,Chennai,Tamil Nadu,DIS-RSP,Respiratory infections,1,0,rising
30,2024,Chennai,Tamil Nadu,DIS-SNK,Snakebite,34,0,declining
30,2024,Chennai,Tamil Nadu,DIS-MAL,Malaria,21,0,rising
31,2024,Chennai,Tamil Nadu,DIS-CHL,Cholera,110,4,declining
31,2024,Chennai,Tamil Nadu,DIS-DEN,Dengue,44,1,rising
31,2024,Chennai,Tamil Nadu,DIS-RSP,Respiratory infections,4,0,declining
31,2024,Chennai,Tamil Nadu,DIS-SNK,Snakebite,97,4,declining
31,2024,Chennai,Tamil Nadu,DIS-MAL,Malaria,21,0,rising
32,2024,Chennai,Tamil Nadu,DIS-CHL,Cholera,102,2,declining
32,2024,Chennai,Tamil Nadu,DIS-DEN,Dengue,64,3,rising
32,2024,Chennai,Tamil Nadu,DIS-RSP,Respiratory infections,1,0,rising
32,2024,Chennai,Tamil Nadu,DIS-SNK,Snakebite,57,2,declining
32,2024,Chennai,Tamil Nadu,DIS-MAL,Malaria,41,1,rising
33,2024,Chennai,Tamil Nadu,DIS-CHL,Cholera,61,2,declining
33,2024,Chennai,Tamil Nadu,DIS-DEN,Dengue,73,2,rising
33,2024,Chennai,Tamil Nadu,DIS-RSP,Respiratory infections,0,0,rising
33,2024,Chennai,Tamil Nadu,DIS-SNK,Snakebite,75,0,declining
33,2024,Chennai,Tamil Nadu,DIS-MAL,Malaria,49,2,rising
34,2024,Chennai,Tamil Nadu,DIS-CHL,Cholera,115,4,declining
34,2024,Chennai,Tamil Nadu,DIS-DEN,Dengue,49,1,rising
34,2024,Chennai,Tamil Nadu,DIS-RSP,Respiratory infections,0,0,stable
34,2024,Chennai,Tamil Nadu,DIS-SNK,Snakebite,20,0,declining
34,2024,Chennai,Tamil Nadu,DIS-MAL,Malaria,57,0,rising
35,2024,Chennai,Tamil Nadu,DIS-CHL,Cholera,90,0,declining
35,2024,Chennai,Tamil Nadu,DIS-DEN,Dengue,39,1,rising
35,2024,Chennai,Tamil Nadu,DIS-RSP,Respiratory infections,0,0,stable
35,2024,Chennai,Tamil Nadu,DIS-SNK,Snakebite,44,0,declining
35,2024,Chennai,Tamil Nadu,DIS-MAL,Malaria,61,2,declining
36,2024,Chennai,Tamil Nadu,DIS-CHL,Cholera,3,0,declining
36,2024,Chennai,Tamil Nadu,DIS-DEN,Dengue,22,0,rising
36,2024,Chennai,Tamil Nadu,DIS-RSP,Respiratory infections,3,0,stable
36,2024,Chennai,Tamil Nadu,DIS-SNK,Snakebite,31,1,declining
36,2024,Chennai,Tamil Nadu,DIS-MAL,Malaria,28,0,declining
37,2024,Chennai,Tamil Nadu,DIS-CHL,Cholera,0,0,rising
37,2024,Chennai,Tamil Nadu,DIS-DEN,Dengue,39,1,declining
37,2024,Chennai,Tamil Nadu,DIS-RSP,Respiratory infections,2,0,stable
37,2024,Chennai,Tamil Nadu,DIS-SNK,Snakebite,100,2,declining
37,2024,Chennai,Tamil Nadu,DIS-MAL,Malaria,49,1,declining
38,2024,Chennai,Tamil Nadu,DIS-CHL,Cholera,2,0,stable
38,2024,Chennai,Tamil Nadu,DIS-DEN,Dengue,98,2,declining
38,2024,Chennai,Tamil Nadu,DIS-RSP,Respiratory infections,1,0,stable
38,2024,Chennai,Tamil Nadu,DIS-SNK,Snakebite,35,1,declining
38,2024,Chennai,Tamil Nadu,DIS-MAL,Malaria,57,2,declining
39,2024,Chennai,Tamil Nadu,DIS-CHL,Cholera,3,0,declining
39,2024,Chennai,Tamil Nadu,DIS-DEN,Dengue,72,2,declining
39,2024,Chennai,Tamil Nadu,DIS-RSP,Respiratory infections,0,0,rising
39,2024,Chennai,Tamil Nadu,DIS-SNK,Snakebite,74,1,declining
39,2024,Chennai,Tamil Nadu,DIS-MAL,Malaria,65,2,declining
40,2024,Chennai,Tamil Nadu,DIS-CHL,Cholera,2,0,rising
40,2024,Chennai,Tamil Nadu,DIS-DEN,Dengue,20,0,declining
40,2024,Chennai,Tamil Nadu,DIS-RSP,Respiratory infections,3,0,declining
40,2024,Chennai,Tamil Nadu,DIS-SNK,Snakebite,87,4,declining
40,2024,Chennai,Tamil Nadu,DIS-MAL,Malaria,100,2,declining
41,2024,Chennai,Tamil Nadu,DIS-CHL,Cholera,0,0,stable
41,2024,Chennai,Tamil Nadu,DIS-DEN,Dengue,96,1,declining
41,2024,Chennai,Tamil Nadu,DIS-RSP,Respiratory infections,0,0,stable
41,2024,Chennai,Tamil Nadu,DIS-SNK,Snakebite,4,0,declining
41,2024,Chennai,Tamil Nadu,DIS-MAL,Malaria,48,1,declining
42,2024,Chennai,Tamil Nadu,DIS-CHL,Cholera,3,0,rising
42,2024,Chennai,Tamil Nadu,DIS-DEN,Dengue,48,2,declining
42,2024,Chennai,Tamil Nadu,DIS-RSP,Respiratory infections,1,0,stable
42,2024,Chennai,Tamil Nadu,DIS-SNK,Snakebite,1,0,declining
42,2024,Chennai,Tamil Nadu,DIS-MAL,Malaria,49,1,declining
43,2024,Chennai,Tamil Nadu,DIS-CHL,Cholera,2,0,rising
43,2024,Chennai,Tamil Nadu,DIS-DEN,Dengue,64,2,declining
43,2024,Chennai,Tamil Nadu,DIS-RSP,Respiratory infections,0,0,stable
43,2024,Chennai,Tamil Nadu,DIS-SNK,Snakebite,5,0,stable
43,2024,Chennai,Tamil Nadu,DIS-MAL,Malaria,1,0,rising
44,2024,Chennai,Tamil Nadu,DIS-CHL,Cholera,2,0,stable
44,2024,Chennai,Tamil Nadu,DIS-DEN,Dengue,85,0,declining
44,2024,Chennai,Tamil Nadu,DIS-RSP,Respiratory infections,4,0,declining
44,2024,Chennai,Tamil Nadu,DIS-SNK,Snakebite,0,0,declining
44,2024,Chennai,Tamil Nadu,DIS-MAL,Malaria,1,0,stable
45,2024,Chennai,Tamil Nadu,DIS-CHL,Cholera,0,0,stable
45,2024,Chennai,Tamil Nadu,DIS-DEN,Dengue,85,1,declining
45,2024,Chennai,Tamil Nadu,DIS-RSP,Respiratory infections,58,0,declining
45,2024,Chennai,Tamil Nadu,DIS-SNK,Snakebite,0,0,stable
45,2024,Chennai,Tamil Nadu,DIS-MAL,Malaria,1,0,stable
46,2024,Chennai,Tamil Nadu,DIS-CHL,Cholera,2,0,rising
46,2024,Chennai,Tamil Nadu,DIS-DEN,Dengue,2,0,declining
46,2024,Chennai,Tamil Nadu,DIS-RSP,Respiratory infections,69,0,declining
46,2024,Chennai,Tamil Nadu,DIS-SNK,Snakebite,1,0,stable
46,2024,Chennai,Tamil Nadu,DIS-MAL,Malaria,4,0,rising
47,2024,Chennai,Tamil Nadu,DIS-CHL,Cholera,5,0,rising
47,2024,Chennai,Tamil Nadu,DIS-DEN,Dengue,2,0,stable
47,2024,Chennai,Tamil Nadu,DIS-RSP,Respiratory infections,96,3,declining
47,2024,Chennai,Tamil Nadu,DIS-SNK,Snakebite,0,0,stable
47,2024,Chennai,Tamil Nadu,DIS-MAL,Malaria,1,0,stable
48,2024,Chennai,Tamil Nadu,DIS-CHL,Cholera,3,0,stable
48,2024,Chennai,Tamil Nadu,DIS-DEN,Dengue,3,0,stable
48,2024,Chennai,Tamil Nadu,DIS-RSP,Respiratory infections,83,3,declining
48,2024,Chennai,Tamil Nadu,DIS-SNK,Snakebite,2,0,rising
48,2024,Chennai,Tamil Nadu,DIS-MAL,Malaria,2,0,stable
49,2024,Chennai,Tamil Nadu,DIS-CHL,Cholera,4,0,declining
49,2024,Chennai,Tamil Nadu,DIS-DEN,Dengue,4,0,stable
49,2024,Chennai,Tamil Nadu,DIS-RSP,Respiratory infections,72,1,declining
49,2024,Chennai,Tamil Nadu,DIS-SNK,Snakebite,0,0,rising
49,2024,Chennai,Tamil Nadu,DIS-MAL,Malaria,1,0,stable
50,2024,Chennai,Tamil Nadu,DIS-CHL,Cholera,2,0,rising
50,2024,Chennai,Tamil Nadu,DIS-DEN,Dengue,4,0,rising
50,2024,Chennai,Tamil Nadu,DIS-RSP,Respiratory infections,79,3,declining
50,2024,Chennai,Tamil Nadu,DIS-SNK,Snakebite,0,0,rising
50,2024,Chennai,Tamil Nadu,DIS-MAL,Malaria,4,0,rising
51,2024,Chennai,Tamil Nadu,DIS-CHL,Cholera,3,0,rising
51,2024,Chennai,Tamil Nadu,DIS-DEN,Dengue,2,0,stable
51,2024,Chennai,Tamil Nadu,DIS-RSP,Respiratory infections,102,3,declining
51,2024,Chennai,Tamil Nadu,DIS-SNK,Snakebite,1,0,rising
51,2024,Chennai,Tamil Nadu,DIS-MAL,Malaria,0,0,stable
52,2024,Chennai,Tamil Nadu,DIS-CHL,Cholera,0,0,rising
52,2024,Chennai,Tamil Nadu,DIS-DEN,Dengue,3,0,stable
52,2024,Chennai,Tamil Nadu,DIS-RSP,Respiratory infections,73,2,declining
52,2024,Chennai,Tamil Nadu,DIS-SNK,Snakebite,1,0,stable
52,2024,Chennai,Tamil Nadu,DIS-MAL,Malaria,4,0,rising
1,2024,Coimbatore,Tamil Nadu,DIS-CHL,Cholera,0,0,declining
1,2024,Coimbatore,Tamil Nadu,DIS-DEN,Dengue,2,0,rising
1,2024,Coimbatore,Tamil Nadu,DIS-RSP,Respiratory infections,90,3,stable
1,2024,Coimbatore,Tamil Nadu,DIS-SNK,Snakebite,0,0,stable
1,2024,Coimbatore,Tamil Nadu,DIS-MAL,Malaria,2,0,rising
2,2024,Coimbatore,Tamil Nadu,DIS-CHL,Cholera,2,0,rising
2,2024,Coimbatore,Tamil Nadu,DIS-DEN,Dengue,4,0,declining
2,2024,Coimbatore,Tamil Nadu,DIS-RSP,Respiratory infections,65,1,declining
2,2024,Coimbatore,Tamil Nadu,DIS-SNK,Snakebite,3,0,stable
2,2024,Coimbatore,Tamil Nadu,DIS-MAL,Malaria,0,0,stable
3,2024,Coimbatore,Tamil Nadu,DIS-CHL,Cholera,2,0,rising
3,2024,Coimbatore,Tamil Nadu,DIS-DEN,Dengue,4,0,declining
3,2024,Coimbatore,Tamil Nadu,DIS-RSP,Respiratory infections,28,1,declining
3,2024,Coimbatore,Tamil Nadu,DIS-SNK,Snakebite,2,0,stable
3,2024,Coimbatore,Tamil Nadu,DIS-MAL,Malaria,3,0,stable
4,2024,Coimbatore,Tamil Nadu,DIS-CHL,Cholera,2,0,stable
4,2024,Coimbatore,Tamil Nadu,DIS-DEN,Dengue,0,0,stable
4,2024,Coimbatore,Tamil Nadu,DIS-RSP,Respiratory infections,28,0,declining
4,2024,Coimbatore,Tamil Nadu,DIS-SNK,Snakebite,0,0,stable
4,2024,Coimbatore,Tamil Nadu,DIS-MAL,Malaria,4,0,stable
5,2024,Coimbatore,Tamil Nadu,DIS-CHL,Cholera,1,0,declining
5,2024,Coimbatore,Tamil Nadu,DIS-DEN,Dengue,5,0,rising
5,2024,Coimbatore,Tamil Nadu,DIS-RSP,Respiratory infections,77,0,declining
5,2024,Coimbatore,Tamil Nadu,DIS-SNK,Snakebite,0,0,stable
5,2024,Coimbatore,Tamil Nadu,DIS-MAL,Malaria,0,0,stable
6,2024,Coimbatore,Tamil Nadu,DIS-CHL,Cholera,3,0,stable
6,2024,Coimbatore,Tamil Nadu,DIS-DEN,Dengue,0,0,stable
6,2024,Coimbatore,Tamil Nadu,DIS-RSP,Respiratory infections,46,0,declining
6,2024,Coimbatore,Tamil Nadu,DIS-SNK,Snakebite,0,0,rising
6,2024,Coimbatore,Tamil Nadu,DIS-MAL,Malaria,3,0,rising
7,2024,Coimbatore,Tamil Nadu,DIS-CHL,Cholera,1,0,stable
7,2024,Coimbatore,Tamil Nadu,DIS-DEN,Dengue,3,0,stable
7,2024,Coimbatore,Tamil Nadu,DIS-RSP,Respiratory infections,110,3,declining
7,2024,Coimbatore,Tamil Nadu,DIS-SNK,Snakebite,4,0,declining
7,2024,Coimbatore,Tamil Nadu,DIS-MAL,Malaria,3,0,declining
8,2024,Coimbatore,Tamil Nadu,DIS-CHL,Cholera,4,0,declining
8,2024,Coimbatore,Tamil Nadu,DIS-DEN,Dengue,5,0,rising
8,2024,Coimbatore,Tamil Nadu,DIS-RSP,Respiratory infections,63,0,declining
8,2024,Coimbatore,Tamil Nadu,DIS-SNK,Snakebite,4,0,rising
8,2024,Coimbatore,Tamil Nadu,DIS-MAL,Malaria,5,0,stable
9,2024,Coimbatore,Tamil Nadu,DIS-CHL,Cholera,3,0,stable
9,2024,Coimbatore,Tamil Nadu,DIS-DEN,Dengue,1,0,stable
9,2024,Coimbatore,Tamil Nadu,DIS-RSP,Respiratory infections,0,0,declining
9,2024,Coimbatore,Tamil Nadu,DIS-SNK,Snakebite,4,0,rising
9,2024,Coimbatore,Tamil Nadu,DIS-MAL,Malaria,2,0,declining
10,2024,Coimbatore,Tamil Nadu,DIS-CHL,Cholera,3,0,stable
10,2024,Coimbatore,Tamil Nadu,DIS-DEN,Dengue,1,0,rising
10,2024,Coimbatore,Tamil Nadu,DIS-RSP,Respiratory infections,3,0,stable
10,2024,Coimbatore,Tamil Nadu,DIS-SNK,Snakebite,0,0,declining
10,2024,Coimbatore,Tamil Nadu,DIS-MAL,Malaria,1,0,rising
11,2024,Coimbatore,Tamil Nadu,DIS-CHL,Cholera,3,0,rising
11,2024,Coimbatore,Tamil Nadu,DIS-DEN,Dengue,2,0,rising
11,2024,Coimbatore,Tamil Nadu,DIS-RSP,Respiratory infections,0,0,stable
11,2024,Coimbatore,Tamil Nadu,DIS-SNK,Snakebite,4,0,declining
11,2024,Coimbatore,Tamil Nadu,DIS-MAL,Malaria,2,0,stable
12,2024,Coimbatore,Tamil Nadu,DIS-CHL,Cholera,4,0,stable
12,2024,Coimbatore,Tamil Nadu,DIS-DEN,Dengue,3,0,stable
12,2024,Coimbatore,Tamil Nadu,DIS-RSP,Respiratory infections,2,0,rising
12,2024,Coimbatore,Tamil Nadu,DIS-SNK,Snakebite,0,0,stable
12,2024,Coimbatore,Tamil Nadu,DIS-MAL,Malaria,4,0,declining
13,2024,Coimbatore,Tamil Nadu,DIS-CHL,Cholera,4,0,stable
13,2024,Coimbatore,Tamil Nadu,DIS-DEN,Dengue,1,0,stable
13,2024,Coimbatore,Tamil Nadu,DIS-RSP,Respiratory infections,2,0,stable
13,2024,Coimbatore,Tamil Nadu,DIS-SNK,Snakebite,4,0,rising
13,2024,Coimbatore,Tamil Nadu,DIS-MAL,Malaria,3,0,rising
14,2024,Coimbatore,Tamil Nadu,DIS-CHL,Cholera,4,0,stable
14,2024,Coimbatore,Tamil Nadu,DIS-DEN,Dengue,1,0,stable
14,2024,Coimbatore,Tamil Nadu,DIS-RSP,Respiratory infections,5,0,declining
14,2024,Coimbatore,Tamil Nadu,DIS-SNK,Snakebite,0,0,rising
14,2024,Coimbatore,Tamil Nadu,DIS-MAL,Malaria,0,0,stable
15,2024,Coimbatore,Tamil Nadu,DIS-CHL,Cholera,3,0,rising
15,2024,Coimbatore,Tamil Nadu,DIS-DEN,Dengue,0,0,stable
15,2024,Coimbatore,Tamil Nadu,DIS-RSP,Respiratory infections,3,0,stable
15,2024,Coimbatore,Tamil Nadu,DIS-SNK,Snakebite,0,0,stable
15,2024,Coimbatore,Tamil Nadu,DIS-MAL,Malaria,1,0,rising
16,2024,Coimbatore,Tamil Nadu,DIS-CHL,Cholera,0,0,declining
16,2024,Coimbatore,Tamil Nadu,DIS-DEN,Dengue,2,0,rising
16,2024,Coimbatore,Tamil Nadu,DIS-RSP,Respiratory infections,5,0,rising
16,2024,Coimbatore,Tamil Nadu,DIS-SNK,Snakebite,1,0,stable
16,2024,Coimbatore,Tamil Nadu,DIS-MAL,Malaria,3,0,stable
17,2024,Coimbatore,Tamil Nadu,DIS-CHL,Cholera,2,0,stable
17,2024,Coimbatore,Tamil Nadu,DIS-DEN,Dengue,0,0,stable
17,2024,Coimbatore,Tamil Nadu,DIS-RSP,Respiratory infections,3,0,stable
17,2024,Coimbatore,Tamil Nadu,DIS-SNK,Snakebite,3,0,declining
17,2024,Coimbatore,Tamil Nadu,DIS-MAL,Malaria,5,0,rising
18,2024,Coimbatore,Tamil Nadu,DIS-CHL,Cholera,0,0,stable
18,2024,Coimbatore,Tamil Nadu,DIS-DEN,Dengue,0,0,declining
18,2024,Coimbatore,Tamil Nadu,DIS-RSP,Respiratory infections,0,0,declining
18,2024,Coimbatore,Tamil Nadu,DIS-SNK,Snakebite,2,0,rising
18,2024,Coimbatore,Tamil Nadu,DIS-MAL,Malaria,4,0,stable
19,2024,Coimbatore,Tamil Nadu,DIS-CHL,Cholera,4,0,rising
19,2024,Coimbatore,Tamil Nadu,DIS-DEN,Dengue,1,0,stable
19,2024,Coimbatore,Tamil Nadu,DIS-RSP,Respiratory infections,3,0,stable
19,2024,Coimbatore,Tamil Nadu,DIS-SNK,Snakebite,0,0,stable
19,2024,Coimbatore,Tamil Nadu,DIS-MAL,Malaria,2,0,stable
20,2024,Coimbatore,Tamil Nadu,DIS-CHL,Cholera,3,0,declining
20,2024,Coimbatore,Tamil Nadu,DIS-DEN,Dengue,2,0,stable
20,2024,Coimbatore,Tamil Nadu,DIS-RSP,Respiratory infections,4,0,rising
20,2024,Coimbatore,Tamil Nadu,DIS-SNK,Snakebite,68,0,rising
20,2024,Coimbatore,Tamil Nadu,DIS-MAL,Malaria,3,0,rising
21,2024,Coimbatore,Tamil Nadu,DIS-CHL,Cholera,0,0,stable
21,2024,Coimbatore,Tamil Nadu,DIS-DEN,Dengue,0,0,declining
21,2024,Coimbatore,Tamil Nadu,DIS-RSP,Respiratory infections,2,0,stable
21,2024,Coimbatore,Tamil Nadu,DIS-SNK,Snakebite,98,4,rising
21,2024,Coimbatore,Tamil Nadu,DIS-MAL,Malaria,2,0,declining
22,2024,Coimbatore,Tamil Nadu,DIS-CHL,Cholera,1,0,stable
22,2024,Coimbatore,Tamil Nadu,DIS-DEN,Dengue,0,0,declining
22,2024,Coimbatore,Tamil Nadu,DIS-RSP,Respiratory infections,5,0,stable
22,2024,Coimbatore,Tamil Nadu,DIS-SNK,Snakebite,16,0,rising
22,2024,Coimbatore,Tamil Nadu,DIS-MAL,Malaria,2,0,stable
23,2024,Coimbatore,Tamil Nadu,DIS-CHL,Cholera,1,0,declining
23,2024,Coimbatore,Tamil Nadu,DIS-DEN,Dengue,3,0,stable
23,2024,Coimbatore,Tamil Nadu,DIS-RSP,Respiratory infections,2,0,rising
23,2024,Coimbatore,Tamil Nadu,DIS-SNK,Snakebite,80,2,rising
23,2024,Coimbatore,Tamil Nadu,DIS-MAL,Malaria,1,0,stable
24,2024,Coimbatore,Tamil Nadu,DIS-CHL,Cholera,3,0,rising
24,2024,Coimbatore,Tamil Nadu,DIS-DEN,Dengue,1,0,stable
24,2024,Coimbatore,Tamil Nadu,DIS-RSP,Respiratory infections,2,0,stable
24,2024,Coimbatore,Tamil Nadu,DIS-SNK,Snakebite,48,0,rising
24,2024,Coimbatore,Tamil Nadu,DIS-MAL,Malaria,0,0,stable
25,2024,Coimbatore,Tamil Nadu,DIS-CHL,Cholera,32,0,rising
25,2024,Coimbatore,Tamil Nadu,DIS-DEN,Dengue,4,0,rising
25,2024,Coimbatore,Tamil Nadu,DIS-RSP,Respiratory infections,1,0,declining
25,2024,Coimbatore,Tamil Nadu,DIS-SNK,Snakebite,35,0,rising
25,2024,Coimbatore,Tamil Nadu,DIS-MAL,Malaria,4,0,stable
26,2024,Coimbatore,Tamil Nadu,DIS-CHL,Cholera,40,1,rising
26,2024,Coimbatore,Tamil Nadu,DIS-DEN,Dengue,1,0,stable
26,2024,Coimbatore,Tamil Nadu,DIS-RSP,Respiratory infections,1,0,declining
26,2024,Coimbatore,Tamil Nadu,DIS-SNK,Snakebite,36,0,rising
26,2024,Coimbatore,Tamil Nadu,DIS-MAL,Malaria,4,0,declining
27,2024,Coimbatore,Tamil Nadu,DIS-CHL,Cholera,67,0,rising
27,2024,Coimbatore,Tamil Nadu,DIS-DEN,Dengue,4,0,rising
27,2024,Coimbatore,Tamil Nadu,DIS-RSP,Respiratory infections,2,0,stable
27,2024,Coimbatore,Tamil Nadu,DIS-SNK,Snakebite,56,1,rising
27,2024,Coimbatore,Tamil Nadu,DIS-MAL,Malaria,0,0,declining
28,2024,Coimbatore,Tamil Nadu,DIS-CHL,Cholera,77,3,rising
28,2024,Coimbatore,Tamil Nadu,DIS-DEN,Dengue,1,0,rising
28,2024,Coimbatore,Tamil Nadu,DIS-RSP,Respiratory infections,1,0,stable
28,2024,Coimbatore,Tamil Nadu,DIS-SNK,Snakebite,21,0,rising
28,2024,Coimbatore,Tamil Nadu,DIS-MAL,Malaria,100,3,rising
29,2024,Coimbatore,Tamil Nadu,DIS-CHL,Cholera,22,0,rising
29,2024,Coimbatore,Tamil Nadu,DIS-DEN,Dengue,5,0,declining
29,2024,Coimbatore,Tamil Nadu,DIS-RSP,Respiratory infections,1,0,rising
29,2024,Coimbatore,Tamil Nadu,DIS-SNK,Snakebite,75,1,rising
29,2024,Coimbatore,Tamil Nadu,DIS-MAL,Malaria,40,1,rising
30,2024,Coimbatore,Tamil Nadu,DIS-CHL,Cholera,49,0,declining
30,2024,Coimbatore,Tamil Nadu,DIS-DEN,Dengue,29,0,rising
30,2024,Coimbatore,Tamil Nadu,DIS-RSP,Respiratory infections,1,0,stable
30,2024,Coimbatore,Tamil Nadu,DIS-SNK,Snakebite,112,0,declining
30,2024,Coimbatore,Tamil Nadu,DIS-MAL,Malaria,73,3,rising
31,2024,Coimbatore,Tamil Nadu,DIS-CHL,Cholera,64,3,declining
31,2024,Coimbatore,Tamil Nadu,DIS-DEN,Dengue,75,1,rising
31,2024,Coimbatore,Tamil Nadu,DIS-RSP,Respiratory infections,5,0,stable
31,2024,Coimbatore,Tamil Nadu,DIS-SNK,Snakebite,32,1,declining
31,2024,Coimbatore,Tamil Nadu,DIS-MAL,Malaria,34,0,rising
32,2024,Coimbatore,Tamil Nadu,DIS-CHL,Cholera,94,0,declining
32,2024,Coimbatore,Tamil Nadu,DIS-DEN,Dengue,54,0,rising
32,2024,Coimbatore,Tamil Nadu,DIS-RSP,Respiratory infections,1,0,declining
32,2024,Coimbatore,Tamil Nadu,DIS-SNK,Snakebite,57,0,declining
32,2024,Coimbatore,Tamil Nadu,DIS-MAL,Malaria,43,1,rising
33,2024,Coimbatore,Tamil Nadu,DIS-CHL,Cholera,33,0,declining
33,2024,Coimbatore,Tamil Nadu,DIS-DEN,Dengue,33,0,rising
33,2024,Coimbatore,Tamil Nadu,DIS-RSP,Respiratory infections,1,0,stable
33,2024,Coimbatore,Tamil Nadu,DIS-SNK,Snakebite,80,1,declining
33,2024,Coimbatore,Tamil Nadu,DIS-MAL,Malaria,23,0,rising
34,2024,Coimbatore,Tamil Nadu,DIS-CHL,Cholera,34,1,declining
34,2024,Coimbatore,Tamil Nadu,DIS-DEN,Dengue,32,1,rising
34,2024,Coimbatore,Tamil Nadu,DIS-RSP,Respiratory infections,0,0,declining
34,2024,Coimbatore,Tamil Nadu,DIS-SNK,Snakebite,25,0,declining
34,2024,Coimbatore,Tamil Nadu,DIS-MAL,Malaria,78,0,rising
35,2024,Coimbatore,Tamil Nadu,DIS-CHL,Cholera,19,0,declining
35,2024,Coimbatore,Tamil Nadu,DIS-DEN,Dengue,44,1,rising
35,2024,Coimbatore,Tamil Nadu,DIS-RSP,Respiratory infections,1,0,stable
35,2024,Coimbatore,Tamil Nadu,DIS-SNK,Snakebite,58,0,declining
35,2024,Coimbatore,Tamil Nadu,DIS-MAL,Malaria,81,2,declining
36,2024,Coimbatore,Tamil Nadu,DIS-CHL,Cholera,3,0,rising
36,2024,Coimbatore,Tamil Nadu,DIS-DEN,Dengue,27,0,rising
36,2024,Coimbatore,Tamil Nadu,DIS-RSP,Respiratory infections,4,0,stable
36,2024,Coimbatore,Tamil Nadu,DIS-SNK,Snakebite,71,0,declining
36,2024,Coimbatore,Tamil Nadu,DIS-MAL,Malaria,63,2,declining
37,2024,Coimbatore,Tamil Nadu,DIS-CHL,Cholera,0,0,stable
37,2024,Coimbatore,Tamil Nadu,DIS-DEN,Dengue,31,0,declining
37,2024,Coimbatore,Tamil Nadu,DIS-RSP,Respiratory infections,2,0,declining
37,2024,Coimbatore,Tamil Nadu,DIS-SNK,Snakebite,81,2,declining
37,2024,Coimbatore,Tamil Nadu,DIS-MAL,Malaria,88,4,declining
38,2024,Coimbatore,Tamil Nadu,DIS-CHL,Cholera,2,0,declining
38,2024,Coimbatore,Tamil Nadu,DIS-DEN,Dengue,94,1,declining
38,2024,Coimbatore,Tamil Nadu,DIS-RSP,Respiratory infections,0,0,stable
38,2024,Coimbatore,Tamil Nadu,DIS-SNK,Snakebite,20,0,declining
38,2024,Coimbatore,Tamil Nadu,DIS-MAL,Malaria,110,4,declining
39,2024,Coimbatore,Tamil Nadu,DIS-CHL,Cholera,2,0,stable
39,2024,Coimbatore,Tamil Nadu,DIS-DEN,Dengue,89,1,declining
39,2024,Coimbatore,Tamil Nadu,DIS-RSP,Respiratory infections,5,0,declining
39,2024,Coimbatore,Tamil Nadu,DIS-SNK,Snakebite,85,1,declining
39,2024,Coimbatore,Tamil Nadu,DIS-MAL,Malaria,45,0,declining
40,2024,Coimbatore,Tamil Nadu,DIS-CHL,Cholera,2,0,declining
40,2024,Coimbatore,Tamil Nadu,DIS-DEN,Dengue,69,3,declining
40,2024,Coimbatore,Tamil Nadu,DIS-RSP,Respiratory infections,2,0,declining
40,2024,Coimbatore,Tamil Nadu,DIS-SNK,Snakebite,91,1,declining
40,2024,Coimbatore,Tamil Nadu,DIS-MAL,Malaria,82,1,declining
41,2024,Coimbatore,Tamil Nadu,DIS-CHL,Cholera,1,0,rising
41,2024,Coimbatore,Tamil Nadu,DIS-DEN,Dengue,91,1,declining
41,2024,Coimbatore,Tamil Nadu,DIS-RSP,Respiratory infections,4,0,rising
41,2024,Coimbatore,Tamil Nadu,DIS-SNK,Snakebite,0,0,stable
41,2024,Coimbatore,Tamil Nadu,DIS-MAL,Malaria,62,1,declining
42,2024,Coimbatore,Tamil Nadu,DIS-CHL,Cholera,1,0,stable
42,2024,Coimbatore,Tamil Nadu,DIS-DEN,Dengue,37,0,declining
42,2024,Coimbatore,Tamil Nadu,DIS-RSP,Respiratory infections,3,0,declining
42,2024,Coimbatore,Tamil Nadu,DIS-SNK,Snakebite,3,0,stable
42,2024,Coimbatore,Tamil Nadu,DIS-MAL,Malaria,46,0,declining
43,2024,Coimbatore,Tamil Nadu,DIS-CHL,Cholera,0,0,stable
43,2024,Coimbatore,Tamil Nadu,DIS-DEN,Dengue,99,3,declining
43,2024,Coimbatore,Tamil Nadu,DIS-RSP,Respiratory infections,1,0,declining
43,2024,Coimbatore,Tamil Nadu,DIS-SNK,Snakebite,5,0,stable
43,2024,Coimbatore,Tamil Nadu,DIS-MAL,Malaria,0,0,stable
44,2024,Coimbatore,Tamil Nadu,DIS-CHL,Cholera,0,0,declining
44,2024,Coimbatore,Tamil Nadu,DIS-DEN,Dengue,34,1,declining
44,2024,Coimbatore,Tamil Nadu,DIS-RSP,Respiratory infections,2,0,stable
44,2024,Coimbatore,Tamil Nadu,DIS-SNK,Snakebite,3,0,rising
44,2024,Coimbatore,Tamil Nadu,DIS-MAL,Malaria,3,0,stable
45,2024,Coimbatore,Tamil Nadu,DIS-CHL,Cholera,3,0,declining
45,2024,Coimbatore,Tamil Nadu,DIS-DEN,Dengue,40,1,declining
45,2024,Coimbatore,Tamil Nadu,DIS-RSP,Respiratory infections,41,2,declining
45,2024,Coimbatore,Tamil Nadu,DIS-SNK,Snakebite,4,0,stable
45,2024,Coimbatore,Tamil Nadu,DIS-MAL,Malaria,5,0,stable
46,2024,Coimbatore,Tamil Nadu,DIS-CHL,Cholera,4,0,rising
46,2024,Coimbatore,Tamil Nadu,DIS-DEN,Dengue,2,0,declining
46,2024,Coimbatore,Tamil Nadu,DIS-RSP,Respiratory infections,27,0,declining
46,2024,Coimbatore,Tamil Nadu,DIS-SNK,Snakebite,1,0,declining
46,2024,Coimbatore,Tamil Nadu,DIS-MAL,Malaria,1,0,stable
47,2024,Coimbatore,Tamil Nadu,DIS-CHL,Cholera,1,0,stable
47,2024,Coimbatore,Tamil Nadu,DIS-DEN,Dengue,2,0,stable
47,2024,Coimbatore,Tamil Nadu,DIS-RSP,Respiratory infections,27,1,declining
47,2024,Coimbatore,Tamil Nadu,DIS-SNK,Snakebite,3,0,declining
47,2024,Coimbatore,Tamil Nadu,DIS-MAL,Malaria,3,0,rising
48,2024,Coimbatore,Tamil Nadu,DIS-CHL,Cholera,0,0,rising
48,2024,Coimbatore,Tamil Nadu,DIS-DEN,Dengue,2,0,rising
48,2024,Coimbatore,Tamil Nadu,DIS-RSP,Respiratory infections,51,1,declining
48,2024,Coimbatore,Tamil Nadu,DIS-SNK,Snakebite,1,0,stable
48,2024,Coimbatore,Tamil Nadu,DIS-MAL,Malaria,4,0,declining
49,2024,Coimbatore,Tamil Nadu,DIS-CHL,Cholera,1,0,declining
49,2024,Coimbatore,Tamil Nadu,DIS-DEN,Dengue,3,0,stable
49,2024,Coimbatore,Tamil Nadu,DIS-RSP,Respiratory infections,54,0,declining
49,2024,Coimbatore,Tamil Nadu,DIS-SNK,Snakebite,5,0,stable
49,2024,Coimbatore,Tamil Nadu,DIS-MAL,Malaria,0,0,stable
50,2024,Coimbatore,Tamil Nadu,DIS-CHL,Cholera,2,0,rising
50,2024,Coimbatore,Tamil Nadu,DIS-DEN,Dengue,4,0,stable
50,2024,Coimbatore,Tamil Nadu,DIS-RSP,Respiratory infections,85,2,declining
50,2024,Coimbatore,Tamil Nadu,DIS-SNK,Snakebite,3,0,stable
50,2024,Coimbatore,Tamil Nadu,DIS-MAL,Malaria,4,0,stable
51,2024,Coimbatore,Tamil Nadu,DIS-CHL,Cholera,0,0,stable
51,2024,Coimbatore,Tamil Nadu,DIS-DEN,Dengue,2,0,declining
51,2024,Coimbatore,Tamil Nadu,DIS-RSP,Respiratory infections,54,2,declining
51,2024,Coimbatore,Tamil Nadu,DIS-SNK,Snakebite,5,0,declining
51,2024,Coimbatore,Tamil Nadu,DIS-MAL,Malaria,1,0,rising
52,2024,Coimbatore,Tamil Nadu,DIS-CHL,Cholera,0,0,rising
52,2024,Coimbatore,Tamil Nadu,DIS-DEN,Dengue,5,0,declining
52,2024,Coimbatore,Tamil Nadu,DIS-RSP,Respiratory infections,66,0,declining
52,2024,Coimbatore,Tamil Nadu,DIS-SNK,Snakebite,0,0,rising
52,2024,Coimbatore,Tamil Nadu,DIS-MAL,Malaria,0,0,rising
1,2024,Madurai,Tamil Nadu,DIS-CHL,Cholera,0,0,stable
1,2024,Madurai,Tamil Nadu,DIS-DEN,Dengue,0,0,stable
1,2024,Madurai,Tamil Nadu,DIS-RSP,Respiratory infections,106,4,stable
1,2024,Madurai,Tamil Nadu,DIS-SNK,Snakebite,2,0,rising
1,2024,Madurai,Tamil Nadu,DIS-MAL,Malaria,3,0,stable
2,2024,Madurai,Tamil Nadu,DIS-CHL,Cholera,4,0,stable
2,2024,Madurai,Tamil Nadu,DIS-DEN,Dengue,4,0,stable
2,2024,Madurai,Tamil Nadu,DIS-RSP,Respiratory infections,20,0,declining
2,2024,Madurai,Tamil Nadu,DIS-SNK,Snakebite,3,0,declining
2,2024,Madurai,Tamil Nadu,DIS-MAL,Malaria,3,0,rising
3,2024,Madurai,Tamil Nadu,DIS-CHL,Cholera,3,0,stable
3,2024,Madurai,Tamil Nadu,DIS-DEN,Dengue,0,0,rising
3,2024,Madurai,Tamil Nadu,DIS-RSP,Respiratory infections,53,0,declining
3,2024,Madurai,Tamil Nadu,DIS-SNK,Snakebite,3,0,stable
3,2024,Madurai,Tamil Nadu,DIS-MAL,Malaria,0,0,rising
4,2024,Madurai,Tamil Nadu,DIS-CHL,Cholera,3,0,stable
4,2024,Madurai,Tamil Nadu,DIS-DEN,Dengue,3,0,stable
4,2024,Madurai,Tamil Nadu,DIS-RSP,Respiratory infections,18,0,declining
4,2024,Madurai,Tamil Nadu,DIS-SNK,Snakebite,2,0,stable
4,2024,Madurai,Tamil Nadu,DIS-MAL,Malaria,3,0,declining
5,2024,Madurai,Tamil Nadu,DIS-CHL,Cholera,2,0,rising
5,2024,Madurai,Tamil Nadu,DIS-DEN,Dengue,1,0,rising
5,2024,Madurai,Tamil Nadu,DIS-RSP,Respiratory infections,113,0,declining
5,2024,Madurai,Tamil Nadu,DIS-SNK,Snakebite,4,0,stable
5,2024,Madurai,Tamil Nadu,DIS-MAL,Malaria,0,0,stable
6,2024,Madurai,Tamil Nadu,DIS-CHL,Cholera,2,0,rising
6,2024,Madurai,Tamil Nadu,DIS-DEN,Dengue,2,0,stable
6,2024,Madurai,Tamil Nadu,DIS-RSP,Respiratory infections,45,1,declining
6,2024,Madurai,Tamil Nadu,DIS-SNK,Snakebite,3,0,stable
6,2024,Madurai,Tamil Nadu,DIS-MAL,Malaria,1,0,declining
7,2024,Madurai,Tamil Nadu,DIS-CHL,Cholera,3,0,stable
7,2024,Madurai,Tamil Nadu,DIS-DEN,Dengue,3,0,stable
7,2024,Madurai,Tamil Nadu,DIS-RSP,Respiratory infections,31,0,declining
7,2024,Madurai,Tamil Nadu,DIS-SNK,Snakebite,0,0,declining
7,2024,Madurai,Tamil Nadu,DIS-MAL,Malaria,1,0,declining
8,2024,Madurai,Tamil Nadu,DIS-CHL,Cholera,3,0,declining
8,2024,Madurai,Tamil Nadu,DIS-DEN,Dengue,3,0,stable
8,2024,Madurai,Tamil Nadu,DIS-RSP,Respiratory infections,62,0,declining
8,2024,Madurai,Tamil Nadu,DIS-SNK,Snakebite,2,0,rising
8,2024,Madurai,Tamil Nadu,DIS-MAL,Malaria,3,0,stable
9,2024,Madurai,Tamil Nadu,DIS-CHL,Cholera,0,0,stable
9,2024,Madurai,Tamil Nadu,DIS-DEN,Dengue,4,0,stable
9,2024,Madurai,Tamil Nadu,DIS-RSP,Respiratory infections,0,0,stable
9,2024,Madurai,Tamil Nadu,DIS-SNK,Snakebite,1,0,stable
9,2024,Madurai,Tamil Nadu,DIS-MAL,Malaria,0,0,stable
10,2024,Madurai,Tamil Nadu,DIS-CHL,Cholera,1,0,declining
10,2024,Madurai,Tamil Nadu,DIS-DEN,Dengue,0,0,stable
10,2024,Madurai,Tamil Nadu,DIS-RSP,Respiratory infections,2,0,rising
10,2024,Madurai,Tamil Nadu,DIS-SNK,Snakebite,2,0,rising
10,2024,Madurai,Tamil Nadu,DIS-MAL,Malaria,2,0,rising
11,2024,Madurai,Tamil Nadu,DIS-CHL,Cholera,0,0,rising
11,2024,Madurai,Tamil Nadu,DIS-DEN,Dengue,4,0,rising
11,2024,Madurai,Tamil Nadu,DIS-RSP,Respiratory infections,1,0,stable
11,2024,Madurai,Tamil Nadu,DIS-SNK,Snakebite,1,0,rising
11,2024,Madurai,Tamil Nadu,DIS-MAL,Malaria,1,0,stable
12,2024,Madurai,Tamil Nadu,DIS-CHL,Cholera,2,0,stable
12,2024,Madurai,Tamil Nadu,DIS-DEN,Dengue,2,0,stable
12,2024,Madurai,Tamil Nadu,DIS-RSP,Respiratory infections,5,0,stable
12,2024,Madurai,Tamil Nadu,DIS-SNK,Snakebite,0,0,rising
12,2024,Madurai,Tamil Nadu,DIS-MAL,Malaria,2,0,stable
13,2024,Madurai,Tamil Nadu,DIS-CHL,Cholera,2,0,stable
13,2024,Madurai,Tamil Nadu,DIS-DEN,Dengue,1,0,declining
13,2024,Madurai,Tamil Nadu,DIS-RSP,Respiratory infections,2,0,declining
13,2024,Madurai,Tamil Nadu,DIS-SNK,Snakebite,3,0,stable
13,2024,Madurai,Tamil Nadu,DIS-MAL,Malaria,0,0,rising
14,2024,Madurai,Tamil Nadu,DIS-CHL,Cholera,0,0,stable
14,2024,Madurai,Tamil Nadu,DIS-DEN,Dengue,2,0,declining
14,2024,Madurai,Tamil Nadu,DIS-RSP,Respiratory infections,4,0,rising
14,2024,Madurai,Tamil Nadu,DIS-SNK,Snakebite,4,0,declining
14,2024,Madurai,Tamil Nadu,DIS-MAL,Malaria,3,0,stable
15,2024,Madurai,Tamil Nadu,DIS-CHL,Cholera,1,0,stable
15,2024,Madurai,Tamil Nadu,DIS-DEN,Dengue,4,0,stable
15,2024,Madurai,Tamil Nadu,DIS-RSP,Respiratory infections,0,0,rising
15,2024,Madurai,Tamil Nadu,DIS-SNK,Snakebite,0,0,stable
15,2024,Madurai,Tamil Nadu,DIS-MAL,Malaria,0,0,rising
16,2024,Madurai,Tamil Nadu,DIS-CHL,Cholera,1,0,declining
16,2024,Madurai,Tamil Nadu,DIS-DEN,Dengue,1,0,stable
16,2024,Madurai,Tamil Nadu,DIS-RSP,Respiratory infections,3,0,stable
16,2024,Madurai,Tamil Nadu,DIS-SNK,Snakebite,4,0,stable
16,2024,Madurai,Tamil Nadu,DIS-MAL,Malaria,5,0,declining
17,2024,Madurai,Tamil Nadu,DIS-CHL,Cholera,5,0,stable
17,2024,Madurai,Tamil Nadu,DIS-DEN,Dengue,0,0,declining
17,2024,Madurai,Tamil Nadu,DIS-RSP,Respiratory infections,3,0,stable
17,2024,Madurai,Tamil Nadu,DIS-SNK,Snakebite,1,0,stable
17,2024,Madurai,Tamil Nadu,DIS-MAL,Malaria,3,0,declining
18,2024,Madurai,Tamil Nadu,DIS-CHL,Cholera,0,0,stable
18,2024,Madurai,Tamil Nadu,DIS-DEN,Dengue,0,0,stable
18,2024,Madurai,Tamil Nadu,DIS-RSP,Respiratory infections,0,0,declining
18,2024,Madurai,Tamil Nadu,DIS-SNK,Snakebite,3,0,stable
18,2024,Madurai,Tamil Nadu,DIS-MAL,Malaria,3,0,stable
19,2024,Madurai,Tamil Nadu,DIS-CHL,Cholera,3,0,stable
19,2024,Madurai,Tamil Nadu,DIS-DEN,Dengue,2,0,stable
19,2024,Madurai,Tamil Nadu,DIS-RSP,Respiratory infections,0,0,declining
19,2024,Madurai,Tamil Nadu,DIS-SNK,Snakebite,3,0,rising
19,2024,Madurai,Tamil Nadu,DIS-MAL,Malaria,2,0,stable
20,2024,Madurai,Tamil Nadu,DIS-CHL,Cholera,0,0,stable
20,2024,Madurai,Tamil Nadu,DIS-DEN,Dengue,0,0,stable
20,2024,Madurai,Tamil Nadu,DIS-RSP,Respiratory infections,2,0,declining
20,2024,Madurai,Tamil Nadu,DIS-SNK,Snakebite,44,1,rising
20,2024,Madurai,Tamil Nadu,DIS-MAL,Malaria,0,0,stable
21,2024,Madurai,Tamil Nadu,DIS-CHL,Cholera,0,0,rising
21,2024,Madurai,Tamil Nadu,DIS-DEN,Dengue,2,0,rising
21,2024,Madurai,Tamil Nadu,DIS-RSP,Respiratory infections,0,0,rising
21,2024,Madurai,Tamil Nadu,DIS-SNK,Snakebite,61,0,rising
21,2024,Madurai,Tamil Nadu,DIS-MAL,Malaria,0,0,rising
22,2024,Madurai,Tamil Nadu,DIS-CHL,Cholera,4,0,stable
22,2024,Madurai,Tamil Nadu,DIS-DEN,Dengue,1,0,stable
22,2024,Madurai,Tamil Nadu,DIS-RSP,Respiratory infections,5,0,stable
22,2024,Madurai,Tamil Nadu,DIS-SNK,Snakebite,27,1,rising
22,2024,Madurai,Tamil Nadu,DIS-MAL,Malaria,5,0,rising
23,2024,Madurai,Tamil Nadu,DIS-CHL,Cholera,4,0,declining
23,2024,Madurai,Tamil Nadu,DIS-DEN,Dengue,3,0,stable
23,2024,Madurai,Tamil Nadu,DIS-RSP,Respiratory infections,3,0,rising
23,2024,Madurai,Tamil Nadu,DIS-SNK,Snakebite,44,2,rising
23,2024,Madurai,Tamil Nadu,DIS-MAL,Malaria,0,0,rising
24,2024,Madurai,Tamil Nadu,DIS-CHL,Cholera,3,0,declining
24,2024,Madurai,Tamil Nadu,DIS-DEN,Dengue,0,0,declining
24,2024,Madurai,Tamil Nadu,DIS-RSP,Respiratory infections,0,0,stable
24,2024,Madurai,Tamil Nadu,DIS-SNK,Snakebite,43,0,rising
24,2024,Madurai,Tamil Nadu,DIS-MAL,Malaria,0,0,declining
25,2024,Madurai,Tamil Nadu,DIS-CHL,Cholera,60,0,rising
25,2024,Madurai,Tamil Nadu,DIS-DEN,Dengue,0,0,stable
25,2024,Madurai,Tamil Nadu,DIS-RSP,Respiratory infections,4,0,declining
25,2024,Madurai,Tamil Nadu,DIS-SNK,Snakebite,55,1,rising
25,2024,Madurai,Tamil Nadu,DIS-MAL,Malaria,4,0,declining
26,2024,Madurai,Tamil Nadu,DIS-CHL,Cholera,85,1,rising
26,2024,Madurai,Tamil Nadu,DIS-DEN,Dengue,5,0,rising
26,2024,Madurai,Tamil Nadu,DIS-RSP,Respiratory infections,4,0,stable
26,2024,Madurai,Tamil Nadu,DIS-SNK,Snakebite,49,0,rising
26,2024,Madurai,Tamil Nadu,DIS-MAL,Malaria,1,0,stable
27,2024,Madurai,Tamil Nadu,DIS-CHL,Cholera,42,0,rising
27,2024,Madurai,Tamil Nadu,DIS-DEN,Dengue,1,0,declining
27,2024,Madurai,Tamil Nadu,DIS-RSP,Respiratory infections,4,0,stable
27,2024,Madurai,Tamil Nadu,DIS-SNK,Snakebite,87,0,rising
27,2024,Madurai,Tamil Nadu,DIS-MAL,Malaria,5,0,stable
28,2024,Madurai,Tamil Nadu,DIS-CHL,Cholera,35,0,rising
28,2024,Madurai,Tamil Nadu,DIS-DEN,Dengue,4,0,rising
28,2024,Madurai,Tamil Nadu,DIS-RSP,Respiratory infections,1,0,stable
28,2024,Madurai,Tamil Nadu,DIS-SNK,Snakebite,91,1,rising
28,2024,Madurai,Tamil Nadu,DIS-MAL,Malaria,37,0,rising
29,2024,Madurai,Tamil Nadu,DIS-CHL,Cholera,19,0,rising
29,2024,Madurai,Tamil Nadu,DIS-DEN,Dengue,2,0,declining
29,2024,Madurai,Tamil Nadu,DIS-RSP,Respiratory infections,0,0,declining
29,2024,Madurai,Tamil Nadu,DIS-SNK,Snakebite,47,0,rising
29,2024,Madurai,Tamil Nadu,DIS-MAL,Malaria,85,2,rising
30,2024,Madurai,Tamil Nadu,DIS-CHL,Cholera,35,0,declining
30,2024,Madurai,Tamil Nadu,DIS-DEN,Dengue,77,1,rising
30,2024,Madurai,Tamil Nadu,DIS-RSP,Respiratory infections,3,0,rising
30,2024,Madurai,Tamil Nadu,DIS-SNK,Snakebite,78,2,declining
30,2024,Madurai,Tamil Nadu,DIS-MAL,Malaria,93,1,rising
31,2024,Madurai,Tamil Nadu,DIS-CHL,Cholera,35,0,declining
31,2024,Madurai,Tamil Nadu,DIS-DEN,Dengue,79,3,rising
31,2024,Madurai,Tamil Nadu,DIS-RSP,Respiratory infections,0,0,declining
31,2024,Madurai,Tamil Nadu,DIS-SNK,Snakebite,44,0,declining
31,2024,Madurai,Tamil Nadu,DIS-MAL,Malaria,96,0,rising
32,2024,Madurai,Tamil Nadu,DIS-CHL,Cholera,95,2,declining
32,2024,Madurai,Tamil Nadu,DIS-DEN,Dengue,82,1,rising
32,2024,Madurai,Tamil Nadu,DIS-RSP,Respiratory infections,4,0,stable
32,2024,Madurai,Tamil Nadu,DIS-SNK,Snakebite,33,0,declining
32,2024,Madurai,Tamil Nadu,DIS-MAL,Malaria,73,1,rising
33,2024,Madurai,Tamil Nadu,DIS-CHL,Cholera,63,3,declining
33,2024,Madurai,Tamil Nadu,DIS-DEN,Dengue,82,1,rising
33,2024,Madurai,Tamil Nadu,DIS-RSP,Respiratory infections,2,0,declining
33,2024,Madurai,Tamil Nadu,DIS-SNK,Snakebite,52,2,declining
33,2024,Madurai,Tamil Nadu,DIS-MAL,Malaria,93,2,rising
34,2024,Madurai,Tamil Nadu,DIS-CHL,Cholera,21,0,declining
34,2024,Madurai,Tamil Nadu,DIS-DEN,Dengue,64,1,rising
34,2024,Madurai,Tamil Nadu,DIS-RSP,Respiratory infections,0,0,declining
34,2024,Madurai,Tamil Nadu,DIS-SNK,Snakebite,65,0,declining
34,2024,Madurai,Tamil Nadu,DIS-MAL,Malaria,72,1,rising
35,2024,Madurai,Tamil Nadu,DIS-CHL,Cholera,73,1,declining
35,2024,Madurai,Tamil Nadu,DIS-DEN,Dengue,52,1,rising
35,2024,Madurai,Tamil Nadu,DIS-RSP,Respiratory infections,3,0,stable
35,2024,Madurai,Tamil Nadu,DIS-SNK,Snakebite,41,0,declining
35,2024,Madurai,Tamil Nadu,DIS-MAL,Malaria,69,3,declining
36,2024,Madurai,Tamil Nadu,DIS-CHL,Cholera,3,0,rising
36,2024,Madurai,Tamil Nadu,DIS-DEN,Dengue,36,0,rising
36,2024,Madurai,Tamil Nadu,DIS-RSP,Respiratory infections,1,0,rising
36,2024,Madurai,Tamil Nadu,DIS-SNK,Snakebite,102,0,declining
36,2024,Madurai,Tamil Nadu,DIS-MAL,Malaria,86,1,declining
37,2024,Madurai,Tamil Nadu,DIS-CHL,Cholera,3,0,declining
37,2024,Madurai,Tamil Nadu,DIS-DEN,Dengue,65,2,declining
37,2024,Madurai,Tamil Nadu,DIS-RSP,Respiratory infections,4,0,stable
37,2024,Madurai,Tamil Nadu,DIS-SNK,Snakebite,34,1,declining
37,2024,Madurai,Tamil Nadu,DIS-MAL,Malaria,67,1,declining
38,2024,Madurai,Tamil Nadu,DIS-CHL,Cholera,1,0,rising
38,2024,Madurai,Tamil Nadu,DIS-DEN,Dengue,90,1,declining
38,2024,Madurai,Tamil Nadu,DIS-RSP,Respiratory infections,1,0,declining
38,2024,Madurai,Tamil Nadu,DIS-SNK,Snakebite,62,2,declining
38,2024,Madurai,Tamil Nadu,DIS-MAL,Malaria,23,0,declining
39,2024,Madurai,Tamil Nadu,DIS-CHL,Cholera,4,0,stable
39,2024,Madurai,Tamil Nadu,DIS-DEN,Dengue,116,0,declining
39,2024,Madurai,Tamil Nadu,DIS-RSP,Respiratory infections,2,0,declining
39,2024,Madurai,Tamil Nadu,DIS-SNK,Snakebite,30,0,declining
39,2024,Madurai,Tamil Nadu,DIS-MAL,Malaria,37,0,declining
40,2024,Madurai,Tamil Nadu,DIS-CHL,Cholera,2,0,rising
40,2024,Madurai,Tamil Nadu,DIS-DEN,Dengue,61,2,declining
40,2024,Madurai,Tamil Nadu,DIS-RSP,Respiratory infections,3,0,stable
40,2024,Madurai,Tamil Nadu,DIS-SNK,Snakebite,32,0,declining
40,2024,Madurai,Tamil Nadu,DIS-MAL,Malaria,57,0,declining
41,2024,Madurai,Tamil Nadu,DIS-CHL,Cholera,2,0,stable
41,2024,Madurai,Tamil Nadu,DIS-DEN,Dengue,34,0,declining
41,2024,Madurai,Tamil Nadu,DIS-RSP,Respiratory infections,2,0,stable
41,2024,Madurai,Tamil Nadu,DIS-SNK,Snakebite,0,0,stable
41,2024,Madurai,Tamil Nadu,DIS-MAL,Malaria,54,2,declining
42,2024,Madurai,Tamil Nadu,DIS-CHL,Cholera,1,0,stable
42,2024,Madurai,Tamil Nadu,DIS-DEN,Dengue,24,0,declining
42,2024,Madurai,Tamil Nadu,DIS-RSP,Respiratory infections,4,0,stable
42,2024,Madurai,Tamil Nadu,DIS-SNK,Snakebite,5,0,stable
42,2024,Madurai,Tamil Nadu,DIS-MAL,Malaria,62,0,declining
43,2024,Madurai,Tamil Nadu,DIS-CHL,Cholera,0,0,declining
43,2024,Madurai,Tamil Nadu,DIS-DEN,Dengue,37,0,declining
43,2024,Madurai,Tamil Nadu,DIS-RSP,Respiratory infections,3,0,declining
43,2024,Madurai,Tamil Nadu,DIS-SNK,Snakebite,5,0,stable
43,2024,Madurai,Tamil Nadu,DIS-MAL,Malaria,0,0,stable
44,2024,Madurai,Tamil Nadu,DIS-CHL,Cholera,2,0,stable
44,2024,Madurai,Tamil Nadu,DIS-DEN,Dengue,52,1,declining
44,2024,Madurai,Tamil Nadu,DIS-RSP,Respiratory infections,1,0,rising
44,2024,Madurai,Tamil Nadu,DIS-SNK,Snakebite,1,0,rising
44,2024,Madurai,Tamil Nadu,DIS-MAL,Malaria,4,0,stable
45,2024,Madurai,Tamil Nadu,DIS-CHL,Cholera,3,0,stable
45,2024,Madurai,Tamil Nadu,DIS-DEN,Dengue,46,1,declining
45,2024,Madurai,Tamil Nadu,DIS-RSP,Respiratory infections,37,0,declining
45,2024,Madurai,Tamil Nadu,DIS-SNK,Snakebite,2,0,stable
45,2024,Madurai,Tamil Nadu,DIS-MAL,Malaria,2,0,rising
46,2024,Madurai,Tamil Nadu,DIS-CHL,Cholera,0,0,stable
46,2024,Madurai,Tamil Nadu,DIS-DEN,Dengue,4,0,rising
46,2024,Madurai,Tamil Nadu,DIS-RSP,Respiratory infections,21,0,declining
46,2024,Madurai,Tamil Nadu,DIS-SNK,Snakebite,3,0,stable
46,2024,Madurai,Tamil Nadu,DIS-MAL,Malaria,1,0,rising
47,2024,Madurai,Tamil Nadu,DIS-CHL,Cholera,0,0,stable
47,2024,Madurai,Tamil Nadu,DIS-DEN,Dengue,2,0,rising
47,2024,Madurai,Tamil Nadu,DIS-RSP,Respiratory infections,74,0,declining
47,2024,Madurai,Tamil Nadu,DIS-SNK,Snakebite,0,0,stable
47,2024,Madurai,Tamil Nadu,DIS-MAL,Malaria,3,0,declining
48,2024,Madurai,Tamil Nadu,DIS-CHL,Cholera,3,0,stable
48,2024,Madurai,Tamil Nadu,DIS-DEN,Dengue,2,0,rising
48,2024,Madurai,Tamil Nadu,DIS-RSP,Respiratory infections,30,0,declining
48,2024,Madurai,Tamil Nadu,DIS-SNK,Snakebite,1,0,rising
48,2024,Madurai,Tamil Nadu,DIS-MAL,Malaria,0,0,declining
49,2024,Madurai,Tamil Nadu,DIS-CHL,Cholera,2,0,rising
49,2024,Madurai,Tamil Nadu,DIS-DEN,Dengue,4,0,stable
49,2024,Madurai,Tamil Nadu,DIS-RSP,Respiratory infections,86,2,declining
49,2024,Madurai,Tamil Nadu,DIS-SNK,Snakebite,0,0,declining
49,2024,Madurai,Tamil Nadu,DIS-MAL,Malaria,2,0,declining
50,2024,Madurai,Tamil Nadu,DIS-CHL,Cholera,1,0,stable
50,2024,Madurai,Tamil Nadu,DIS-DEN,Dengue,2,0,rising
50,2024,Madurai,Tamil Nadu,DIS-RSP,Respiratory infections,55,1,declining
50,2024,Madurai,Tamil Nadu,DIS-SNK,Snakebite,5,0,stable
50,2024,Madurai,Tamil Nadu,DIS-MAL,Malaria,1,0,rising
51,2024,Madurai,Tamil Nadu,DIS-CHL,Cholera,0,0,declining
51,2024,Madurai,Tamil Nadu,DIS-DEN,Dengue,1,0,stable
51,2024,Madurai,Tamil Nadu,DIS-RSP,Respiratory infections,49,1,declining
51,2024,Madurai,Tamil Nadu,DIS-SNK,Snakebite,5,0,rising
51,2024,Madurai,Tamil Nadu,DIS-MAL,Malaria,3,0,rising
52,2024,Madurai,Tamil Nadu,DIS-CHL,Cholera,4,0,stable
52,2024,Madurai,Tamil Nadu,DIS-DEN,Dengue,5,0,stable
52,2024,Madurai,Tamil Nadu,DIS-RSP,Respiratory infections,109,0,declining
52,2024,Madurai,Tamil Nadu,DIS-SNK,Snakebite,3,0,declining
52,2024,Madurai,Tamil Nadu,DIS-MAL,Malaria,2,0,rising
1,2024,Salem,Tamil Nadu,DIS-CHL,Cholera,2,0,declining
1,2024,Salem,Tamil Nadu,DIS-DEN,Dengue,1,0,rising
1,2024,Salem,Tamil Nadu,DIS-RSP,Respiratory infections,68,2,stable
1,2024,Salem,Tamil Nadu,DIS-SNK,Snakebite,0,0,stable
1,2024,Salem,Tamil Nadu,DIS-MAL,Malaria,4,0,declining
2,2024,Salem,Tamil Nadu,DIS-CHL,Cholera,4,0,declining
2,2024,Salem,Tamil Nadu,DIS-DEN,Dengue,5,0,stable
2,2024,Salem,Tamil Nadu,DIS-RSP,Respiratory infections,80,2,declining
2,2024,Salem,Tamil Nadu,DIS-SNK,Snakebite,1,0,rising
2,2024,Salem,Tamil Nadu,DIS-MAL,Malaria,2,0,stable
3,2024,Salem,Tamil Nadu,DIS-CHL,Cholera,5,0,declining
3,2024,Salem,Tamil Nadu,DIS-DEN,Dengue,1,0,stable
3,2024,Salem,Tamil Nadu,DIS-RSP,Respiratory infections,29,0,declining
3,2024,Salem,Tamil Nadu,DIS-SNK,Snakebite,2,0,rising
3,2024,Salem,Tamil Nadu,DIS-MAL,Malaria,1,0,rising
4,2024,Salem,Tamil Nadu,DIS-CHL,Cholera,0,0,declining
4,2024,Salem,Tamil Nadu,DIS-DEN,Dengue,2,0,stable
4,2024,Salem,Tamil Nadu,DIS-RSP,Respiratory infections,21,0,declining
4,2024,Salem,Tamil Nadu,DIS-SNK,Snakebite,4,0,rising
4,2024,Salem,Tamil Nadu,DIS-MAL,Malaria,4,0,stable
5,2024,Salem,Tamil Nadu,DIS-CHL,Cholera,5,0,declining
5,2024,Salem,Tamil Nadu,DIS-DEN,Dengue,4,0,stable
5,2024,Salem,Tamil Nadu,DIS-RSP,Respiratory infections,89,0,declining
5,2024,Salem,Tamil Nadu,DIS-SNK,Snakebite,0,0,stable
5,2024,Salem,Tamil Nadu,DIS-MAL,Malaria,1,0,declining
6,2024,Salem,Tamil Nadu,DIS-CHL,Cholera,1,0,stable
6,2024,Salem,Tamil Nadu,DIS-DEN,Dengue,4,0,stable
6,2024,Salem,Tamil Nadu,DIS-RSP,Respiratory infections,29,0,declining
6,2024,Salem,Tamil Nadu,DIS-SNK,Snakebite,0,0,stable
6,2024,Salem,Tamil Nadu,DIS-MAL,Malaria,1,0,stable
7,2024,Salem,Tamil Nadu,DIS-CHL,Cholera,1,0,stable
7,2024,Salem,Tamil Nadu,DIS-DEN,Dengue,4,0,stable
7,2024,Salem,Tamil Nadu,DIS-RSP,Respiratory infections,41,1,declining
7,2024,Salem,Tamil Nadu,DIS-SNK,Snakebite,2,0,stable
7,2024,Salem,Tamil Nadu,DIS-MAL,Malaria,2,0,rising
8,2024,Salem,Tamil Nadu,DIS-CHL,Cholera,2,0,declining
8,2024,Salem,Tamil Nadu,DIS-DEN,Dengue,0,0,stable
8,2024,Salem,Tamil Nadu,DIS-RSP,Respiratory infections,85,4,declining
8,2024,Salem,Tamil Nadu,DIS-SNK,Snakebite,0,0,stable
8,2024,Salem,Tamil Nadu,DIS-MAL,Malaria,0,0,stable
9,2024,Salem,Tamil Nadu,DIS-CHL,Cholera,1,0,declining
9,2024,Salem,Tamil Nadu,DIS-DEN,Dengue,3,0,stable
9,2024,Salem,Tamil Nadu,DIS-RSP,Respiratory infections,5,0,stable
9,2024,Salem,Tamil Nadu,DIS-SNK,Snakebite,0,0,stable
9,2024,Salem,Tamil Nadu,DIS-MAL,Malaria,2,0,stable
10,2024,Salem,Tamil Nadu,DIS-CHL,Cholera,2,0,rising
10,2024,Salem,Tamil Nadu,DIS-DEN,Dengue,0,0,stable
10,2024,Salem,Tamil Nadu,DIS-RSP,Respiratory infections,3,0,declining
10,2024,Salem,Tamil Nadu,DIS-SNK,Snakebite,1,0,stable
10,2024,Salem,Tamil Nadu,DIS-MAL,Malaria,3,0,stable
11,2024,Salem,Tamil Nadu,DIS-CHL,Cholera,3,0,stable
11,2024,Salem,Tamil Nadu,DIS-DEN,Dengue,0,0,stable
11,2024,Salem,Tamil Nadu,DIS-RSP,Respiratory infections,0,0,stable
11,2024,Salem,Tamil Nadu,DIS-SNK,Snakebite,1,0,rising
11,2024,Salem,Tamil Nadu,DIS-MAL,Malaria,3,0,stable
12,2024,Salem,Tamil Nadu,DIS-CHL,Cholera,0,0,declining
12,2024,Salem,Tamil Nadu,DIS-DEN,Dengue,0,0,declining
12,2024,Salem,Tamil Nadu,DIS-RSP,Respiratory infections,2,0,rising
12,2024,Salem,Tamil Nadu,DIS-SNK,Snakebite,4,0,rising
12,2024,Salem,Tamil Nadu,DIS-MAL,Malaria,2,0,stable
13,2024,Salem,Tamil Nadu,DIS-CHL,Cholera,3,0,declining
13,2024,Salem,Tamil Nadu,DIS-DEN,Dengue,0,0,rising
13,2024,Salem,Tamil Nadu,DIS-RSP,Respiratory infections,1,0,stable
13,2024,Salem,Tamil Nadu,DIS-SNK,Snakebite,0,0,rising
13,2024,Salem,Tamil Nadu,DIS-MAL,Malaria,1,0,declining
14,2024,Salem,Tamil Nadu,DIS-CHL,Cholera,1,0,stable
14,2024,Salem,Tamil Nadu,DIS-DEN,Dengue,1,0,rising
14,2024,Salem,Tamil Nadu,DIS-RSP,Respiratory infections,0,0,rising
14,2024,Salem,Tamil Nadu,DIS-SNK,Snakebite,2,0,rising
14,2024,Salem,Tamil Nadu,DIS-MAL,Malaria,1,0,stable
15,2024,Salem,Tamil Nadu,DIS-CHL,Cholera,1,0,stable
15,2024,Salem,Tamil Nadu,DIS-DEN,Dengue,3,0,stable
15,2024,Salem,Tamil Nadu,DIS-RSP,Respiratory infections,1,0,declining
15,2024,Salem,Tamil Nadu,DIS-SNK,Snakebite,4,0,stable
15,2024,Salem,Tamil Nadu,DIS-MAL,Malaria,0,0,stable
16,2024,Salem,Tamil Nadu,DIS-CHL,Cholera,2,0,stable
16,2024,Salem,Tamil Nadu,DIS-DEN,Dengue,4,0,rising
16,2024,Salem,Tamil Nadu,DIS-RSP,Respiratory infections,5,0,stable
16,2024,Salem,Tamil Nadu,DIS-SNK,Snakebite,0,0,stable
16,2024,Salem,Tamil Nadu,DIS-MAL,Malaria,0,0,rising
17,2024,Salem,Tamil Nadu,DIS-CHL,Cholera,5,0,stable
17,2024,Salem,Tamil Nadu,DIS-DEN,Dengue,1,0,rising
17,2024,Salem,Tamil Nadu,DIS-RSP,Respiratory infections,4,0,rising
17,2024,Salem,Tamil Nadu,DIS-SNK,Snakebite,3,0,stable
17,2024,Salem,Tamil Nadu,DIS-MAL,Malaria,3,0,stable
18,2024,Salem,Tamil Nadu,DIS-CHL,Cholera,0,0,stable
18,2024,Salem,Tamil Nadu,DIS-DEN,Dengue,5,0,rising
18,2024,Salem,Tamil Nadu,DIS-RSP,Respiratory infections,5,0,stable
18,2024,Salem,Tamil Nadu,DIS-SNK,Snakebite,1,0,declining
18,2024,Salem,Tamil Nadu,DIS-MAL,Malaria,0,0,declining
19,2024,Salem,Tamil Nadu,DIS-CHL,Cholera,4,0,stable
19,2024,Salem,Tamil Nadu,DIS-DEN,Dengue,2,0,stable
19,2024,Salem,Tamil Nadu,DIS-RSP,Respiratory infections,0,0,rising
19,2024,Salem,Tamil Nadu,DIS-SNK,Snakebite,3,0,declining
19,2024,Salem,Tamil Nadu,DIS-MAL,Malaria,0,0,stable
20,2024,Salem,Tamil Nadu,DIS-CHL,Cholera,1,0,declining
20,2024,Salem,Tamil Nadu,DIS-DEN,Dengue,5,0,declining
20,2024,Salem,Tamil Nadu,DIS-RSP,Respiratory infections,1,0,declining
20,2024,Salem,Tamil Nadu,DIS-SNK,Snakebite,37,1,rising
20,2024,Salem,Tamil Nadu,DIS-MAL,Malaria,1,0,declining
21,2024,Salem,Tamil Nadu,DIS-CHL,Cholera,2,0,stable
21,2024,Salem,Tamil Nadu,DIS-DEN,Dengue,1,0,rising
21,2024,Salem,Tamil Nadu,DIS-RSP,Respiratory infections,0,0,declining
21,2024,Salem,Tamil Nadu,DIS-SNK,Snakebite,25,1,rising
21,2024,Salem,Tamil Nadu,DIS-MAL,Malaria,0,0,stable
22,2024,Salem,Tamil Nadu,DIS-CHL,Cholera,3,0,stable
22,2024,Salem,Tamil Nadu,DIS-DEN,Dengue,2,0,rising
22,2024,Salem,Tamil Nadu,DIS-RSP,Respiratory infections,0,0,stable
22,2024,Salem,Tamil Nadu,DIS-SNK,Snakebite,93,2,rising
22,2024,Salem,Tamil Nadu,DIS-MAL,Malaria,1,0,rising
23,2024,Salem,Tamil Nadu,DIS-CHL,Cholera,4,0,stable
23,2024,Salem,Tamil Nadu,DIS-DEN,Dengue,3,0,stable
23,2024,Salem,Tamil Nadu,DIS-RSP,Respiratory infections,0,0,declining
23,2024,Salem,Tamil Nadu,DIS-SNK,Snakebite,56,1,rising
23,2024,Salem,Tamil Nadu,DIS-MAL,Malaria,0,0,stable
24,2024,Salem,Tamil Nadu,DIS-CHL,Cholera,1,0,stable
24,2024,Salem,Tamil Nadu,DIS-DEN,Dengue,2,0,declining
24,2024,Salem,Tamil Nadu,DIS-RSP,Respiratory infections,2,0,declining
24,2024,Salem,Tamil Nadu,DIS-SNK,Snakebite,58,1,rising
24,2024,Salem,Tamil Nadu,DIS-MAL,Malaria,3,0,rising
25,2024,Salem,Tamil Nadu,DIS-CHL,Cholera,39,1,rising
25,2024,Salem,Tamil Nadu,DIS-DEN,Dengue,1,0,stable
25,2024,Salem,Tamil Nadu,DIS-RSP,Respiratory infections,0,0,rising
25,2024,Salem,Tamil Nadu,DIS-SNK,Snakebite,60,1,rising
25,2024,Salem,Tamil Nadu,DIS-MAL,Malaria,2,0,stable
26,2024,Salem,Tamil Nadu,DIS-CHL,Cholera,93,3,rising
26,2024,Salem,Tamil Nadu,DIS-DEN,Dengue,2,0,stable
26,2024,Salem,Tamil Nadu,DIS-RSP,Respiratory infections,3,0,stable
26,2024,Salem,Tamil Nadu,DIS-SNK,Snakebite,94,2,rising
26,2024,Salem,Tamil Nadu,DIS-MAL,Malaria,3,0,rising
27,2024,Salem,Tamil Nadu,DIS-CHL,Cholera,100,4,rising
27,2024,Salem,Tamil Nadu,DIS-DEN,Dengue,0,0,rising
27,2024,Salem,Tamil Nadu,DIS-RSP,Respiratory infections,0,0,stable
27,2024,Salem,Tamil Nadu,DIS-SNK,Snakebite,24,1,rising
27,2024,Salem,Tamil Nadu,DIS-MAL,Malaria,2,0,stable
28,2024,Salem,Tamil Nadu,DIS-CHL,Cholera,58,2,rising
28,2024,Salem,Tamil Nadu,DIS-DEN,Dengue,4,0,stable
28,2024,Salem,Tamil Nadu,DIS-RSP,Respiratory infections,0,0,stable
28,2024,Salem,Tamil Nadu,DIS-SNK,Snakebite,76,3,rising
28,2024,Salem,Tamil Nadu,DIS-MAL,Malaria,77,3,rising
29,2024,Salem,Tamil Nadu,DIS-CHL,Cholera,104,3,rising
29,2024,Salem,Tamil Nadu,DIS-DEN,Dengue,3,0,rising
29,2024,Salem,Tamil Nadu,DIS-RSP,Respiratory infections,1,0,declining
29,2024,Salem,Tamil Nadu,DIS-SNK,Snakebite,48,0,rising
29,2024,Salem,Tamil Nadu,DIS-MAL,Malaria,80,2,rising
30,2024,Salem,Tamil Nadu,DIS-CHL,Cholera,46,1,declining
30,2024,Salem,Tamil Nadu,DIS-DEN,Dengue,75,1,rising
30,2024,Salem,Tamil Nadu,DIS-RSP,Respiratory infections,0,0,rising
30,2024,Salem,Tamil Nadu,DIS-SNK,Snakebite,107,3,declining
30,2024,Salem,Tamil Nadu,DIS-MAL,Malaria,84,1,rising
31,2024,Salem,Tamil Nadu,DIS-CHL,Cholera,81,1,declining
31,2024,Salem,Tamil Nadu,DIS-DEN,Dengue,64,2,rising
31,2024,Salem,Tamil Nadu,DIS-RSP,Respiratory infections,0,0,stable
31,2024,Salem,Tamil Nadu,DIS-SNK,Snakebite,32,1,declining
31,2024,Salem,Tamil Nadu,DIS-MAL,Malaria,68,0,rising
32,2024,Salem,Tamil Nadu,DIS-CHL,Cholera,19,0,declining
32,2024,Salem,Tamil Nadu,DIS-DEN,Dengue,71,3,rising
32,2024,Salem,Tamil Nadu,DIS-RSP,Respiratory infections,3,0,rising
32,2024,Salem,Tamil Nadu,DIS-SNK,Snakebite,62,0,declining
32,2024,Salem,Tamil Nadu,DIS-MAL,Malaria,74,3,rising
33,2024,Salem,Tamil Nadu,DIS-CHL,Cholera,103,2,declining
33,2024,Salem,Tamil Nadu,DIS-DEN,Dengue,82,0,rising
33,2024,Salem,Tamil Nadu,DIS-RSP,Respiratory infections,0,0,rising
33,2024,Salem,Tamil Nadu,DIS-SNK,Snakebite,26,0,declining
33,2024,Salem,Tamil Nadu,DIS-MAL,Malaria,44,1,rising
34,2024,Salem,Tamil Nadu,DIS-CHL,Cholera,115,5,declining
34,2024,Salem,Tamil Nadu,DIS-DEN,Dengue,91,4,rising
34,2024,Salem,Tamil Nadu,DIS-RSP,Respiratory infections,0,0,stable
34,2024,Salem,Tamil Nadu,DIS-SNK,Snakebite,89,1,declining
34,2024,Salem,Tamil Nadu,DIS-MAL,Malaria,80,3,rising
35,2024,Salem,Tamil Nadu,DIS-CHL,Cholera,86,1,declining
35,2024,Salem,Tamil Nadu,DIS-DEN,Dengue,81,0,rising
35,2024,Salem,Tamil Nadu,DIS-RSP,Respiratory infections,0,0,declining
35,2024,Salem,Tamil Nadu,DIS-SNK,Snakebite,55,1,declining
35,2024,Salem,Tamil Nadu,DIS-MAL,Malaria,83,3,declining
36,2024,Salem,Tamil Nadu,DIS-CHL,Cholera,0,0,stable
36,2024,Salem,Tamil Nadu,DIS-DEN,Dengue,35,1,rising
36,2024,Salem,Tamil Nadu,DIS-RSP,Respiratory infections,1,0,declining
36,2024,Salem,Tamil Nadu,DIS-SNK,Snakebite,57,0,declining
36,2024,Salem,Tamil Nadu,DIS-MAL,Malaria,44,0,declining
37,2024,Salem,Tamil Nadu,DIS-CHL,Cholera,3,0,stable
37,2024,Salem,Tamil Nadu,DIS-DEN,Dengue,31,0,declining
37,2024,Salem,Tamil Nadu,DIS-RSP,Respiratory infections,2,0,rising
37,2024,Salem,Tamil Nadu,DIS-SNK,Snakebite,82,0,declining
37,2024,Salem,Tamil Nadu,DIS-MAL,Malaria,61,3,declining
38,2024,Salem,Tamil Nadu,DIS-CHL,Cholera,3,0,rising
38,2024,Salem,Tamil Nadu,DIS-DEN,Dengue,31,0,declining
38,2024,Salem,Tamil Nadu,DIS-RSP,Respiratory infections,0,0,declining
38,2024,Salem,Tamil Nadu,DIS-SNK,Snakebite,90,2,declining
38,2024,Salem,Tamil Nadu,DIS-MAL,Malaria,43,1,declining
39,2024,Salem,Tamil Nadu,DIS-CHL,Cholera,3,0,stable
39,2024,Salem,Tamil Nadu,DIS-DEN,Dengue,46,2,declining
39,2024,Salem,Tamil Nadu,DIS-RSP,Respiratory infections,1,0,rising
39,2024,Salem,Tamil Nadu,DIS-SNK,Snakebite,45,0,declining
39,2024,Salem,Tamil Nadu,DIS-MAL,Malaria,20,0,declining
40,2024,Salem,Tamil Nadu,DIS-CHL,Cholera,4,0,rising
40,2024,Salem,Tamil Nadu,DIS-DEN,Dengue,37,1,declining
40,2024,Salem,Tamil Nadu,DIS-RSP,Respiratory infections,3,0,stable
40,2024,Salem,Tamil Nadu,DIS-SNK,Snakebite,74,2,declining
40,2024,Salem,Tamil Nadu,DIS-MAL,Malaria,82,0,declining
41,2024,Salem,Tamil Nadu,DIS-CHL,Cholera,0,0,rising
41,2024,Salem,Tamil Nadu,DIS-DEN,Dengue,100,4,declining
41,2024,Salem,Tamil Nadu,DIS-RSP,Respiratory infections,0,0,stable
41,2024,Salem,Tamil Nadu,DIS-SNK,Snakebite,2,0,rising
41,2024,Salem,Tamil Nadu,DIS-MAL,Malaria,77,0,declining
42,2024,Salem,Tamil Nadu,DIS-CHL,Cholera,3,0,stable
42,2024,Salem,Tamil Nadu,DIS-DEN,Dengue,56,0,declining
42,2024,Salem,Tamil Nadu,DIS-RSP,Respiratory infections,0,0,declining
42,2024,Salem,Tamil Nadu,DIS-SNK,Snakebite,0,0,declining
42,2024,Salem,Tamil Nadu,DIS-MAL,Malaria,45,0,declining
43,2024,Salem,Tamil Nadu,DIS-CHL,Cholera,2,0,stable
43,2024,Salem,Tamil Nadu,DIS-DEN,Dengue,90,0,declining
43,2024,Salem,Tamil Nadu,DIS-RSP,Respiratory infections,0,0,stable
43,2024,Salem,Tamil Nadu,DIS-SNK,Snakebite,0,0,stable
43,2024,Salem,Tamil Nadu,DIS-MAL,Malaria,1,0,stable
44,2024,Salem,Tamil Nadu,DIS-CHL,Cholera,0,0,rising
44,2024,Salem,Tamil Nadu,DIS-DEN,Dengue,85,4,declining
44,2024,Salem,Tamil Nadu,DIS-RSP,Respiratory infections,3,0,stable
44,2024,Salem,Tamil Nadu,DIS-SNK,Snakebite,3,0,rising
44,2024,Salem,Tamil Nadu,DIS-MAL,Malaria,3,0,rising
45,2024,Salem,Tamil Nadu,DIS-CHL,Cholera,5,0,declining
45,2024,Salem,Tamil Nadu,DIS-DEN,Dengue,65,2,declining
45,2024,Salem,Tamil Nadu,DIS-RSP,Respiratory infections,88,1,declining
45,2024,Salem,Tamil Nadu,DIS-SNK,Snakebite,2,0,stable
45,2024,Salem,Tamil Nadu,DIS-MAL,Malaria,0,0,rising
46,2024,Salem,Tamil Nadu,DIS-CHL,Cholera,1,0,stable
46,2024,Salem,Tamil Nadu,DIS-DEN,Dengue,4,0,stable
46,2024,Salem,Tamil Nadu,DIS-RSP,Respiratory infections,81,3,declining
46,2024,Salem,Tamil Nadu,DIS-SNK,Snakebite,2,0,declining
46,2024,Salem,Tamil Nadu,DIS-MAL,Malaria,0,0,rising
47,2024,Salem,Tamil Nadu,DIS-CHL,Cholera,0,0,rising
47,2024,Salem,Tamil Nadu,DIS-DEN,Dengue,5,0,stable
47,2024,Salem,Tamil Nadu,DIS-RSP,Respiratory infections,53,1,declining
47,2024,Salem,Tamil Nadu,DIS-SNK,Snakebite,3,0,declining
47,2024,Salem,Tamil Nadu,DIS-MAL,Malaria,2,0,stable
48,2024,Salem,Tamil Nadu,DIS-CHL,Cholera,5,0,stable
48,2024,Salem,Tamil Nadu,DIS-DEN,Dengue,0,0,stable
48,2024,Salem,Tamil Nadu,DIS-RSP,Respiratory infections,85,4,declining
48,2024,Salem,Tamil Nadu,DIS-SNK,Snakebite,4,0,stable
48,2024,Salem,Tamil Nadu,DIS-MAL,Malaria,4,0,stable
49,2024,Salem,Tamil Nadu,DIS-CHL,Cholera,0,0,stable
49,2024,Salem,Tamil Nadu,DIS-DEN,Dengue,3,0,stable
49,2024,Salem,Tamil Nadu,DIS-RSP,Respiratory infections,46,0,declining
49,2024,Salem,Tamil Nadu,DIS-SNK,Snakebite,1,0,stable
49,2024,Salem,Tamil Nadu,DIS-MAL,Malaria,3,0,declining
50,2024,Salem,Tamil Nadu,DIS-CHL,Cholera,2,0,stable
50,2024,Salem,Tamil Nadu,DIS-DEN,Dengue,0,0,stable
50,2024,Salem,Tamil Nadu,DIS-RSP,Respiratory infections,47,0,declining
50,2024,Salem,Tamil Nadu,DIS-SNK,Snakebite,2,0,stable
50,2024,Salem,Tamil Nadu,DIS-MAL,Malaria,4,0,declining
51,2024,Salem,Tamil Nadu,DIS-CHL,Cholera,0,0,declining
51,2024,Salem,Tamil Nadu,DIS-DEN,Dengue,3,0,rising
51,2024,Salem,Tamil Nadu,DIS-RSP,Respiratory infections,62,2,declining
51,2024,Salem,Tamil Nadu,DIS-SNK,Snakebite,5,0,stable
51,2024,Salem,Tamil Nadu,DIS-MAL,Malaria,4,0,stable
52,2024,Salem,Tamil Nadu,DIS-CHL,Cholera,1,0,stable
52,2024,Salem,Tamil Nadu,DIS-DEN,Dengue,2,0,stable
52,2024,Salem,Tamil Nadu,DIS-RSP,Respiratory infections,78,2,declining
52,2024,Salem,Tamil Nadu,DIS-SNK,Snakebite,5,0,stable
52,2024,Salem,Tamil Nadu,DIS-MAL,Malaria,0,0,declining
1,2024,Tiruchirappalli,Tamil Nadu,DIS-CHL,Cholera,3,0,stable
1,2024,Tiruchirappalli,Tamil Nadu,DIS-DEN,Dengue,0,0,stable
1,2024,Tiruchirappalli,Tamil Nadu,DIS-RSP,Respiratory infections,87,2,rising
1,2024,Tiruchirappalli,Tamil Nadu,DIS-SNK,Snakebite,4,0,stable
1,2024,Tiruchirappalli,Tamil Nadu,DIS-MAL,Malaria,4,0,rising
2,2024,Tiruchirappalli,Tamil Nadu,DIS-CHL,Cholera,1,0,stable
2,2024,Tiruchirappalli,Tamil Nadu,DIS-DEN,Dengue,2,0,declining
2,2024,Tiruchirappalli,Tamil Nadu,DIS-RSP,Respiratory infections,74,1,declining
2,2024,Tiruchirappalli,Tamil Nadu,DIS-SNK,Snakebite,2,0,stable
2,2024,Tiruchirappalli,Tamil Nadu,DIS-MAL,Malaria,3,0,stable
3,2024,Tiruchirappalli,Tamil Nadu,DIS-CHL,Cholera,1,0,rising
3,2024,Tiruchirappalli,Tamil Nadu,DIS-DEN,Dengue,4,0,rising
3,2024,Tiruchirappalli,Tamil Nadu,DIS-RSP,Respiratory infections,90,3,declining
3,2024,Tiruchirappalli,Tamil Nadu,DIS-SNK,Snakebite,1,0,declining
3,2024,Tiruchirappalli,Tamil Nadu,DIS-MAL,Malaria,2,0,stable
4,2024,Tiruchirappalli,Tamil Nadu,DIS-CHL,Cholera,5,0,declining
4,2024,Tiruchirappalli,Tamil Nadu,DIS-DEN,Dengue,0,0,declining
4,2024,Tiruchirappalli,Tamil Nadu,DIS-RSP,Respiratory infections,92,1,declining
4,2024,Tiruchirappalli,Tamil Nadu,DIS-SNK,Snakebite,0,0,stable
4,2024,Tiruchirappalli,Tamil Nadu,DIS-MAL,Malaria,3,0,declining
5,2024,Tiruchirappalli,Tamil Nadu,DIS-CHL,Cholera,0,0,declining
5,2024,Tiruchirappalli,Tamil Nadu,DIS-DEN,Dengue,5,0,declining
5,2024,Tiruchirappalli,Tamil Nadu,DIS-RSP,Respiratory infections,62,0,declining
5,2024,Tiruchirappalli,Tamil Nadu,DIS-SNK,Snakebite,2,0,declining
5,2024,Tiruchirappalli,Tamil Nadu,DIS-MAL,Malaria,4,0,rising
6,2024,Tiruchirappalli,Tamil Nadu,DIS-CHL,Cholera,5,0,stable
6,2024,Tiruchirappalli,Tamil Nadu,DIS-DEN,Dengue,2,0,declining
6,2024,Tiruchirappalli,Tamil Nadu,DIS-RSP,Respiratory infections,75,1,declining
6,2024,Tiruchirappalli,Tamil Nadu,DIS-SNK,Snakebite,5,0,rising
6,2024,Tiruchirappalli,Tamil Nadu,DIS-MAL,Malaria,0,0,stable
7,2024,Tiruchirappalli,Tamil Nadu,DIS-CHL,Cholera,3,0,stable
7,2024,Tiruchirappalli,Tamil Nadu,DIS-DEN,Dengue,2,0,stable
7,2024,Tiruchirappalli,Tamil Nadu,DIS-RSP,Respiratory infections,88,2,declining
7,2024,Tiruchirappalli,Tamil Nadu,DIS-SNK,Snakebite,2,0,declining
7,2024,Tiruchirappalli,Tamil Nadu,DIS-MAL,Malaria,4,0,stable
8,2024,Tiruchirappalli,Tamil Nadu,DIS-CHL,Cholera,0,0,stable
8,2024,Tiruchirappalli,Tamil Nadu,DIS-DEN,Dengue,4,0,rising
8,2024,Tiruchirappalli,Tamil Nadu,DIS-RSP,Respiratory infections,61,0,declining
8,2024,Tiruchirappalli,Tamil Nadu,DIS-SNK,Snakebite,3,0,stable
8,2024,Tiruchirappalli,Tamil Nadu,DIS-MAL,Malaria,3,0,declining
9,2024,Tiruchirappalli,Tamil Nadu,DIS-CHL,Cholera,4,0,stable
9,2024,Tiruchirappalli,Tamil Nadu,DIS-DEN,Dengue,5,0,rising
9,2024,Tiruchirappalli,Tamil Nadu,DIS-RSP,Respiratory infections,4,0,declining
9,2024,Tiruchirappalli,Tamil Nadu,DIS-SNK,Snakebite,3,0,rising
9,2024,Tiruchirappalli,Tamil Nadu,DIS-MAL,Malaria,3,0,rising
10,2024,Tiruchirappalli,Tamil Nadu,DIS-CHL,Cholera,4,0,stable
10,2024,Tiruchirappalli,Tamil Nadu,DIS-DEN,Dengue,1,0,stable
10,2024,Tiruchirappalli,Tamil Nadu,DIS-RSP,Respiratory infections,3,0,stable
10,2024,Tiruchirappalli,Tamil Nadu,DIS-SNK,Snakebite,3,0,stable
10,2024,Tiruchirappalli,Tamil Nadu,DIS-MAL,Malaria,0,0,stable
11,2024,Tiruchirappalli,Tamil Nadu,DIS-CHL,Cholera,0,0,rising
11,2024,Tiruchirappalli,Tamil Nadu,DIS-DEN,Dengue,2,0,rising
11,2024,Tiruchirappalli,Tamil Nadu,DIS-RSP,Respiratory infections,2,0,declining
11,2024,Tiruchirappalli,Tamil Nadu,DIS-SNK,Snakebite,2,0,stable
11,2024,Tiruchirappalli,Tamil Nadu,DIS-MAL,Malaria,2,0,declining
12,2024,Tiruchirappalli,Tamil Nadu,DIS-CHL,Cholera,1,0,stable
12,2024,Tiruchirappalli,Tamil Nadu,DIS-DEN,Dengue,0,0,stable
12,2024,Tiruchirappalli,Tamil Nadu,DIS-RSP,Respiratory infections,0,0,rising
12,2024,Tiruchirappalli,Tamil Nadu,DIS-SNK,Snakebite,1,0,declining
12,2024,Tiruchirappalli,Tamil Nadu,DIS-MAL,Malaria,0,0,stable
13,2024,Tiruchirappalli,Tamil Nadu,DIS-CHL,Cholera,4,0,stable
13,2024,Tiruchirappalli,Tamil Nadu,DIS-DEN,Dengue,5,0,stable
13,2024,Tiruchirappalli,Tamil Nadu,DIS-RSP,Respiratory infections,1,0,stable
13,2024,Tiruchirappalli,Tamil Nadu,DIS-SNK,Snakebite,0,0,rising
13,2024,Tiruchirappalli,Tamil Nadu,DIS-MAL,Malaria,0,0,rising
14,2024,Tiruchirappalli,Tamil Nadu,DIS-CHL,Cholera,0,0,stable
14,2024,Tiruchirappalli,Tamil Nadu,DIS-DEN,Dengue,0,0,declining
14,2024,Tiruchirappalli,Tamil Nadu,DIS-RSP,Respiratory infections,4,0,declining
14,2024,Tiruchirappalli,Tamil Nadu,DIS-SNK,Snakebite,0,0,stable
14,2024,Tiruchirappalli,Tamil Nadu,DIS-MAL,Malaria,2,0,stable
15,2024,Tiruchirappalli,Tamil Nadu,DIS-CHL,Cholera,4,0,stable
15,2024,Tiruchirappalli,Tamil Nadu,DIS-DEN,Dengue,0,0,rising
15,2024,Tiruchirappalli,Tamil Nadu,DIS-RSP,Respiratory infections,5,0,stable
15,2024,Tiruchirappalli,Tamil Nadu,DIS-SNK,Snakebite,1,0,declining
15,2024,Tiruchirappalli,Tamil Nadu,DIS-MAL,Malaria,4,0,stable
16,2024,Tiruchirappalli,Tamil Nadu,DIS-CHL,Cholera,2,0,stable
16,2024,Tiruchirappalli,Tamil Nadu,DIS-DEN,Dengue,3,0,stable
16,2024,Tiruchirappalli,Tamil Nadu,DIS-RSP,Respiratory infections,2,0,declining
16,2024,Tiruchirappalli,Tamil Nadu,DIS-SNK,Snakebite,2,0,rising
16,2024,Tiruchirappalli,Tamil Nadu,DIS-MAL,Malaria,0,0,rising
17,2024,Tiruchirappalli,Tamil Nadu,DIS-CHL,Cholera,4,0,rising
17,2024,Tiruchirappalli,Tamil Nadu,DIS-DEN,Dengue,3,0,declining
17,2024,Tiruchirappalli,Tamil Nadu,DIS-RSP,Respiratory infections,1,0,rising
17,2024,Tiruchirappalli,Tamil Nadu,DIS-SNK,Snakebite,0,0,rising
17,2024,Tiruchirappalli,Tamil Nadu,DIS-MAL,Malaria,0,0,stable
18,2024,Tiruchirappalli,Tamil Nadu,DIS-CHL,Cholera,2,0,stable
18,2024,Tiruchirappalli,Tamil Nadu,DIS-DEN,Dengue,3,0,declining
18,2024,Tiruchirappalli,Tamil Nadu,DIS-RSP,Respiratory infections,4,0,rising
18,2024,Tiruchirappalli,Tamil Nadu,DIS-SNK,Snakebite,4,0,declining
18,2024,Tiruchirappalli,Tamil Nadu,DIS-MAL,Malaria,0,0,stable
19,2024,Tiruchirappalli,Tamil Nadu,DIS-CHL,Cholera,3,0,rising
19,2024,Tiruchirappalli,Tamil Nadu,DIS-DEN,Dengue,4,0,stable
19,2024,Tiruchirappalli,Tamil Nadu,DIS-RSP,Respiratory infections,0,0,rising
19,2024,Tiruchirappalli,Tamil Nadu,DIS-SNK,Snakebite,0,0,rising
19,2024,Tiruchirappalli,Tamil Nadu,DIS-MAL,Malaria,5,0,declining
20,2024,Tiruchirappalli,Tamil Nadu,DIS-CHL,Cholera,0,0,stable
20,2024,Tiruchirappalli,Tamil Nadu,DIS-DEN,Dengue,1,0,rising
20,2024,Tiruchirappalli,Tamil Nadu,DIS-RSP,Respiratory infections,3,0,stable
20,2024,Tiruchirappalli,Tamil Nadu,DIS-SNK,Snakebite,35,1,rising
20,2024,Tiruchirappalli,Tamil Nadu,DIS-MAL,Malaria,2,0,declining
21,2024,Tiruchirappalli,Tamil Nadu,DIS-CHL,Cholera,1,0,declining
21,2024,Tiruchirappalli,Tamil Nadu,DIS-DEN,Dengue,3,0,stable
21,2024,Tiruchirappalli,Tamil Nadu,DIS-RSP,Respiratory infections,1,0,declining
21,2024,Tiruchirappalli,Tamil Nadu,DIS-SNK,Snakebite,98,2,rising
21,2024,Tiruchirappalli,Tamil Nadu,DIS-MAL,Malaria,5,0,stable
22,2024,Tiruchirappalli,Tamil Nadu,DIS-CHL,Cholera,0,0,rising
22,2024,Tiruchirappalli,Tamil Nadu,DIS-DEN,Dengue,0,0,declining
22,2024,Tiruchirappalli,Tamil Nadu,DIS-RSP,Respiratory infections,2,0,stable
22,2024,Tiruchirappalli,Tamil Nadu,DIS-SNK,Snakebite,108,2,rising
22,2024,Tiruchirappalli,Tamil Nadu,DIS-MAL,Malaria,0,0,stable
23,2024,Tiruchirappalli,Tamil Nadu,DIS-CHL,Cholera,0,0,stable
23,2024,Tiruchirappalli,Tamil Nadu,DIS-DEN,Dengue,2,0,stable
23,2024,Tiruchirappalli,Tamil Nadu,DIS-RSP,Respiratory infections,2,0,stable
23,2024,Tiruchirappalli,Tamil Nadu,DIS-SNK,Snakebite,56,0,rising
23,2024,Tiruchirappalli,Tamil Nadu,DIS-MAL,Malaria,0,0,stable
24,2024,Tiruchirappalli,Tamil Nadu,DIS-CHL,Cholera,0,0,stable
24,2024,Tiruchirappalli,Tamil Nadu,DIS-DEN,Dengue,4,0,stable
24,2024,Tiruchirappalli,Tamil Nadu,DIS-RSP,Respiratory infections,3,0,stable
24,2024,Tiruchirappalli,Tamil Nadu,DIS-SNK,Snakebite,112,4,rising
24,2024,Tiruchirappalli,Tamil Nadu,DIS-MAL,Malaria,0,0,stable
25,2024,Tiruchirappalli,Tamil Nadu,DIS-CHL,Cholera,89,0,rising
25,2024,Tiruchirappalli,Tamil Nadu,DIS-DEN,Dengue,1,0,declining
25,2024,Tiruchirappalli,Tamil Nadu,DIS-RSP,Respiratory infections,4,0,stable
25,2024,Tiruchirappalli,Tamil Nadu,DIS-SNK,Snakebite,64,1,rising
25,2024,Tiruchirappalli,Tamil Nadu,DIS-MAL,Malaria,0,0,declining
26,2024,Tiruchirappalli,Tamil Nadu,DIS-CHL,Cholera,74,1,rising
26,2024,Tiruchirappalli,Tamil Nadu,DIS-DEN,Dengue,4,0,stable
26,2024,Tiruchirappalli,Tamil Nadu,DIS-RSP,Respiratory infections,4,0,stable
26,2024,Tiruchirappalli,Tamil Nadu,DIS-SNK,Snakebite,41,0,rising
26,2024,Tiruchirappalli,Tamil Nadu,DIS-MAL,Malaria,2,0,declining
27,2024,Tiruchirappalli,Tamil Nadu,DIS-CHL,Cholera,72,1,rising
27,2024,Tiruchirappalli,Tamil Nadu,DIS-DEN,Dengue,1,0,stable
27,2024,Tiruchirappalli,Tamil Nadu,DIS-RSP,Respiratory infections,1,0,rising
27,2024,Tiruchirappalli,Tamil Nadu,DIS-SNK,Snakebite,95,4,rising
27,2024,Tiruchirappalli,Tamil Nadu,DIS-MAL,Malaria,5,0,declining
28,2024,Tiruchirappalli,Tamil Nadu,DIS-CHL,Cholera,97,2,rising
28,2024,Tiruchirappalli,Tamil Nadu,DIS-DEN,Dengue,0,0,stable
28,2024,Tiruchirappalli,Tamil Nadu,DIS-RSP,Respiratory infections,0,0,stable
28,2024,Tiruchirappalli,Tamil Nadu,DIS-SNK,Snakebite,64,1,rising
28,2024,Tiruchirappalli,Tamil Nadu,DIS-MAL,Malaria,20,0,rising
29,2024,Tiruchirappalli,Tamil Nadu,DIS-CHL,Cholera,53,1,rising
29,2024,Tiruchirappalli,Tamil Nadu,DIS-DEN,Dengue,1,0,stable
29,2024,Tiruchirappalli,Tamil Nadu,DIS-RSP,Respiratory infections,2,0,rising
29,2024,Tiruchirappalli,Tamil Nadu,DIS-SNK,Snakebite,48,2,rising
29,2024,Tiruchirappalli,Tamil Nadu,DIS-MAL,Malaria,48,1,rising
30,2024,Tiruchirappalli,Tamil Nadu,DIS-CHL,Cholera,94,0,declining
30,2024,Tiruchirappalli,Tamil Nadu,DIS-DEN,Dengue,25,0,rising
30,2024,Tiruchirappalli,Tamil Nadu,DIS-RSP,Respiratory infections,4,0,declining
30,2024,Tiruchirappalli,Tamil Nadu,DIS-SNK,Snakebite,111,0,declining
30,2024,Tiruchirappalli,Tamil Nadu,DIS-MAL,Malaria,32,0,rising
31,2024,Tiruchirappalli,Tamil Nadu,DIS-CHL,Cholera,99,1,declining
31,2024,Tiruchirappalli,Tamil Nadu,DIS-DEN,Dengue,29,0,rising
31,2024,Tiruchirappalli,Tamil Nadu,DIS-RSP,Respiratory infections,0,0,rising
31,2024,Tiruchirappalli,Tamil Nadu,DIS-SNK,Snakebite,87,1,declining
31,2024,Tiruchirappalli,Tamil Nadu,DIS-MAL,Malaria,81,1,rising
32,2024,Tiruchirappalli,Tamil Nadu,DIS-CHL,Cholera,45,0,declining
32,2024,Tiruchirappalli,Tamil Nadu,DIS-DEN,Dengue,39,0,rising
32,2024,Tiruchirappalli,Tamil Nadu,DIS-RSP,Respiratory infections,4,0,declining
32,2024,Tiruchirappalli,Tamil Nadu,DIS-SNK,Snakebite,31,1,declining
32,2024,Tiruchirappalli,Tamil Nadu,DIS-MAL,Malaria,44,0,rising
33,2024,Tiruchirappalli,Tamil Nadu,DIS-CHL,Cholera,32,0,declining
33,2024,Tiruchirappalli,Tamil Nadu,DIS-DEN,Dengue,31,0,rising
33,2024,Tiruchirappalli,Tamil Nadu,DIS-RSP,Respiratory infections,3,0,stable
33,2024,Tiruchirappalli,Tamil Nadu,DIS-SNK,Snakebite,47,0,declining
33,2024,Tiruchirappalli,Tamil Nadu,DIS-MAL,Malaria,50,0,rising
34,2024,Tiruchirappalli,Tamil Nadu,DIS-CHL,Cholera,37,0,declining
34,2024,Tiruchirappalli,Tamil Nadu,DIS-DEN,Dengue,50,0,rising
34,2024,Tiruchirappalli,Tamil Nadu,DIS-RSP,Respiratory infections,2,0,rising
34,2024,Tiruchirappalli,Tamil Nadu,DIS-SNK,Snakebite,63,2,declining
34,2024,Tiruchirappalli,Tamil Nadu,DIS-MAL,Malaria,70,0,rising
35,2024,Tiruchirappalli,Tamil Nadu,DIS-CHL,Cholera,72,3,declining
35,2024,Tiruchirappalli,Tamil Nadu,DIS-DEN,Dengue,96,4,rising
35,2024,Tiruchirappalli,Tamil Nadu,DIS-RSP,Respiratory infections,5,0,rising
35,2024,Tiruchirappalli,Tamil Nadu,DIS-SNK,Snakebite,88,0,declining
35,2024,Tiruchirappalli,Tamil Nadu,DIS-MAL,Malaria,38,1,declining
36,2024,Tiruchirappalli,Tamil Nadu,DIS-CHL,Cholera,0,0,declining
36,2024,Tiruchirappalli,Tamil Nadu,DIS-DEN,Dengue,44,0,rising
36,2024,Tiruchirappalli,Tamil Nadu,DIS-RSP,Respiratory infections,4,0,declining
36,2024,Tiruchirappalli,Tamil Nadu,DIS-SNK,Snakebite,34,0,declining
36,2024,Tiruchirappalli,Tamil Nadu,DIS-MAL,Malaria,23,0,declining
37,2024,Tiruchirappalli,Tamil Nadu,DIS-CHL,Cholera,3,0,declining
37,2024,Tiruchirappalli,Tamil Nadu,DIS-DEN,Dengue,31,0,declining
37,2024,Tiruchirappalli,Tamil Nadu,DIS-RSP,Respiratory infections,2,0,stable
37,2024,Tiruchirappalli,Tamil Nadu,DIS-SNK,Snakebite,36,1,declining
37,2024,Tiruchirappalli,Tamil Nadu,DIS-MAL,Malaria,72,0,declining
38,2024,Tiruchirappalli,Tamil Nadu,DIS-CHL,Cholera,4,0,rising
38,2024,Tiruchirappalli,Tamil Nadu,DIS-DEN,Dengue,92,2,declining
38,2024,Tiruchirappalli,Tamil Nadu,DIS-RSP,Respiratory infections,1,0,declining
38,2024,Tiruchirappalli,Tamil Nadu,DIS-SNK,Snakebite,39,1,declining
38,2024,Tiruchirappalli,Tamil Nadu,DIS-MAL,Malaria,57,1,declining
39,2024,Tiruchirappalli,Tamil Nadu,DIS-CHL,Cholera,2,0,stable
39,2024,Tiruchirappalli,Tamil Nadu,DIS-DEN,Dengue,55,2,declining
39,2024,Tiruchirappalli,Tamil Nadu,DIS-RSP,Respiratory infections,0,0,declining
39,2024,Tiruchirappalli,Tamil Nadu,DIS-SNK,Snakebite,78,2,declining
39,2024,Tiruchirappalli,Tamil Nadu,DIS-MAL,Malaria,84,1,declining
40,2024,Tiruchirappalli,Tamil Nadu,DIS-CHL,Cholera,3,0,stable
40,2024,Tiruchirappalli,Tamil Nadu,DIS-DEN,Dengue,58,1,declining
40,2024,Tiruchirappalli,Tamil Nadu,DIS-RSP,Respiratory infections,4,0,declining
40,2024,Tiruchirappalli,Tamil Nadu,DIS-SNK,Snakebite,77,1,declining
40,2024,Tiruchirappalli,Tamil Nadu,DIS-MAL,Malaria,63,0,declining
41,2024,Tiruchirappalli,Tamil Nadu,DIS-CHL,Cholera,5,0,stable
41,2024,Tiruchirappalli,Tamil Nadu,DIS-DEN,Dengue,91,2,declining
41,2024,Tiruchirappalli,Tamil Nadu,DIS-RSP,Respiratory infections,1,0,rising
41,2024,Tiruchirappalli,Tamil Nadu,DIS-SNK,Snakebite,0,0,rising
41,2024,Tiruchirappalli,Tamil Nadu,DIS-MAL,Malaria,28,0,declining
42,2024,Tiruchirappalli,Tamil Nadu,DIS-CHL,Cholera,0,0,rising
42,2024,Tiruchirappalli,Tamil Nadu,DIS-DEN,Dengue,62,0,declining
42,2024,Tiruchirappalli,Tamil Nadu,DIS-RSP,Respiratory infections,0,0,stable
42,2024,Tiruchirappalli,Tamil Nadu,DIS-SNK,Snakebite,2,0,stable
42,2024,Tiruchirappalli,Tamil Nadu,DIS-MAL,Malaria,27,0,declining
43,2024,Tiruchirappalli,Tamil Nadu,DIS-CHL,Cholera,2,0,stable
43,2024,Tiruchirappalli,Tamil Nadu,DIS-DEN,Dengue,50,1,declining
43,2024,Tiruchirappalli,Tamil Nadu,DIS-RSP,Respiratory infections,0,0,rising
43,2024,Tiruchirappalli,Tamil Nadu,DIS-SNK,Snakebite,0,0,rising
43,2024,Tiruchirappalli,Tamil Nadu,DIS-MAL,Malaria,1,0,stable
44,2024,Tiruchirappalli,Tamil Nadu,DIS-CHL,Cholera,5,0,stable
44,2024,Tiruchirappalli,Tamil Nadu,DIS-DEN,Dengue,35,0,declining
44,2024,Tiruchirappalli,Tamil Nadu,DIS-RSP,Respiratory infections,2,0,stable
44,2024,Tiruchirappalli,Tamil Nadu,DIS-SNK,Snakebite,4,0,rising
44,2024,Tiruchirappalli,Tamil Nadu,DIS-MAL,Malaria,3,0,stable
45,2024,Tiruchirappalli,Tamil Nadu,DIS-CHL,Cholera,0,0,rising
45,2024,Tiruchirappalli,Tamil Nadu,DIS-DEN,Dengue,21,0,declining
45,2024,Tiruchirappalli,Tamil Nadu,DIS-RSP,Respiratory infections,44,0,declining
45,2024,Tiruchirappalli,Tamil Nadu,DIS-SNK,Snakebite,1,0,rising
45,2024,Tiruchirappalli,Tamil Nadu,DIS-MAL,Malaria,0,0,rising
46,2024,Tiruchirappalli,Tamil Nadu,DIS-CHL,Cholera,4,0,stable
46,2024,Tiruchirappalli,Tamil Nadu,DIS-DEN,Dengue,2,0,stable
46,2024,Tiruchirappalli,Tamil Nadu,DIS-RSP,Respiratory infections,22,0,declining
46,2024,Tiruchirappalli,Tamil Nadu,DIS-SNK,Snakebite,0,0,stable
46,2024,Tiruchirappalli,Tamil Nadu,DIS-MAL,Malaria,3,0,stable
47,2024,Tiruchirappalli,Tamil Nadu,DIS-CHL,Cholera,0,0,rising
47,2024,Tiruchirappalli,Tamil Nadu,DIS-DEN,Dengue,2,0,rising
47,2024,Tiruchirappalli,Tamil Nadu,DIS-RSP,Respiratory infections,25,1,declining
47,2024,Tiruchirappalli,Tamil Nadu,DIS-SNK,Snakebite,0,0,rising
47,2024,Tiruchirappalli,Tamil Nadu,DIS-MAL,Malaria,5,0,stable
48,2024,Tiruchirappalli,Tamil Nadu,DIS-CHL,Cholera,3,0,rising
48,2024,Tiruchirappalli,Tamil Nadu,DIS-DEN,Dengue,3,0,declining
48,2024,Tiruchirappalli,Tamil Nadu,DIS-RSP,Respiratory infections,30,0,declining
48,2024,Tiruchirappalli,Tamil Nadu,DIS-SNK,Snakebite,3,0,stable
48,2024,Tiruchirappalli,Tamil Nadu,DIS-MAL,Malaria,3,0,stable
49,2024,Tiruchirappalli,Tamil Nadu,DIS-CHL,Cholera,1,0,stable
49,2024,Tiruchirappalli,Tamil Nadu,DIS-DEN,Dengue,4,0,rising
49,2024,Tiruchirappalli,Tamil Nadu,DIS-RSP,Respiratory infections,55,1,declining
49,2024,Tiruchirappalli,Tamil Nadu,DIS-SNK,Snakebite,4,0,rising
49,2024,Tiruchirappalli,Tamil Nadu,DIS-MAL,Malaria,0,0,declining
50,2024,Tiruchirappalli,Tamil Nadu,DIS-CHL,Cholera,5,0,stable
50,2024,Tiruchirappalli,Tamil Nadu,DIS-DEN,Dengue,2,0,rising
50,2024,Tiruchirappalli,Tamil Nadu,DIS-RSP,Respiratory infections,46,0,declining
50,2024,Tiruchirappalli,Tamil Nadu,DIS-SNK,Snakebite,2,0,stable
50,2024,Tiruchirappalli,Tamil Nadu,DIS-MAL,Malaria,3,0,rising
51,2024,Tiruchirappalli,Tamil Nadu,DIS-CHL,Cholera,4,0,stable
51,2024,Tiruchirappalli,Tamil Nadu,DIS-DEN,Dengue,4,0,declining
51,2024,Tiruchirappalli,Tamil Nadu,DIS-RSP,Respiratory infections,44,0,declining
51,2024,Tiruchirappalli,Tamil Nadu,DIS-SNK,Snakebite,0,0,declining
51,2024,Tiruchirappalli,Tamil Nadu,DIS-MAL,Malaria,0,0,declining
52,2024,Tiruchirappalli,Tamil Nadu,DIS-CHL,Cholera,0,0,rising
52,2024,Tiruchirappalli,Tamil Nadu,DIS-DEN,Dengue,1,0,stable
52,2024,Tiruchirappalli,Tamil Nadu,DIS-RSP,Respiratory infections,63,0,declining
52,2024,Tiruchirappalli,Tamil Nadu,DIS-SNK,Snakebite,0,0,stable
52,2024,Tiruchirappalli,Tamil Nadu,DIS-MAL,Malaria,0,0,stable
1,2024,Kolkata,West Bengal,DIS-CHL,Cholera,0,0,declining
1,2024,Kolkata,West Bengal,DIS-DEN,Dengue,3,0,stable
1,2024,Kolkata,West Bengal,DIS-RSP,Respiratory infections,26,0,stable
1,2024,Kolkata,West Bengal,DIS-SNK,Snakebite,3,0,rising
1,2024,Kolkata,West Bengal,DIS-MAL,Malaria,1,0,rising
2,2024,Kolkata,West Bengal,DIS-CHL,Cholera,3,0,stable
2,2024,Kolkata,West Bengal,DIS-DEN,Dengue,5,0,rising
2,2024,Kolkata,West Bengal,DIS-RSP,Respiratory infections,37,0,declining
2,2024,Kolkata,West Bengal,DIS-SNK,Snakebite,4,0,declining
2,2024,Kolkata,West Bengal,DIS-MAL,Malaria,0,0,rising
3,2024,Kolkata,West Bengal,DIS-CHL,Cholera,2,0,declining
3,2024,Kolkata,West Bengal,DIS-DEN,Dengue,2,0,stable
3,2024,Kolkata,West Bengal,DIS-RSP,Respiratory infections,92,2,declining
3,2024,Kolkata,West Bengal,DIS-SNK,Snakebite,3,0,stable
3,2024,Kolkata,West Bengal,DIS-MAL,Malaria,4,0,stable
4,2024,Kolkata,West Bengal,DIS-CHL,Cholera,0,0,declining
4,2024,Kolkata,West Bengal,DIS-DEN,Dengue,0,0,stable
4,2024,Kolkata,West Bengal,DIS-RSP,Respiratory infections,60,0,declining
4,2024,Kolkata,West Bengal,DIS-SNK,Snakebite,4,0,stable
4,2024,Kolkata,West Bengal,DIS-MAL,Malaria,1,0,stable
5,2024,Kolkata,West Bengal,DIS-CHL,Cholera,3,0,declining
5,2024,Kolkata,West Bengal,DIS-DEN,Dengue,4,0,declining
5,2024,Kolkata,West Bengal,DIS-RSP,Respiratory infections,33,0,declining
5,2024,Kolkata,West Bengal,DIS-SNK,Snakebite,3,0,stable
5,2024,Kolkata,West Bengal,DIS-MAL,Malaria,5,0,rising
6,2024,Kolkata,West Bengal,DIS-CHL,Cholera,5,0,stable
6,2024,Kolkata,West Bengal,DIS-DEN,Dengue,1,0,stable
6,2024,Kolkata,West Bengal,DIS-RSP,Respiratory infections,103,4,declining
6,2024,Kolkata,West Bengal,DIS-SNK,Snakebite,4,0,rising
6,2024,Kolkata,West Bengal,DIS-MAL,Malaria,3,0,declining
7,2024,Kolkata,West Bengal,DIS-CHL,Cholera,0,0,rising
7,2024,Kolkata,West Bengal,DIS-DEN,Dengue,3,0,stable
7,2024,Kolkata,West Bengal,DIS-RSP,Respiratory infections,67,3,declining
7,2024,Kolkata,West Bengal,DIS-SNK,Snakebite,3,0,stable
7,2024,Kolkata,West Bengal,DIS-MAL,Malaria,3,0,declining
8,2024,Kolkata,West Bengal,DIS-CHL,Cholera,1,0,declining
8,2024,Kolkata,West Bengal,DIS-DEN,Dengue,1,0,declining
8,2024,Kolkata,West Bengal,DIS-RSP,Respiratory infections,42,1,declining
8,2024,Kolkata,West Bengal,DIS-SNK,Snakebite,2,0,rising
8,2024,Kolkata,West Bengal,DIS-MAL,Malaria,4,0,stable
9,2024,Kolkata,West Bengal,DIS-CHL,Cholera,0,0,stable
9,2024,Kolkata,West Bengal,DIS-DEN,Dengue,2,0,declining
9,2024,Kolkata,West Bengal,DIS-RSP,Respiratory infections,1,0,stable
9,2024,Kolkata,West Bengal,DIS-SNK,Snakebite,4,0,rising
9,2024,Kolkata,West Bengal,DIS-MAL,Malaria,3,0,declining
10,2024,Kolkata,West Bengal,DIS-CHL,Cholera,3,0,rising
10,2024,Kolkata,West Bengal,DIS-DEN,Dengue,0,0,stable
10,2024,Kolkata,West Bengal,DIS-RSP,Respiratory infections,0,0,declining
10,2024,Kolkata,West Bengal,DIS-SNK,Snakebite,3,0,declining
10,2024,Kolkata,West Bengal,DIS-MAL,Malaria,1,0,declining
11,2024,Kolkata,West Bengal,DIS-CHL,Cholera,3,0,stable
11,2024,Kolkata,West Bengal,DIS-DEN,Dengue,4,0,declining
11,2024,Kolkata,West Bengal,DIS-RSP,Respiratory infections,1,0,stable
11,2024,Kolkata,West Bengal,DIS-SNK,Snakebite,4,0,rising
11,2024,Kolkata,West Bengal,DIS-MAL,Malaria,0,0,stable
12,2024,Kolkata,West Bengal,DIS-CHL,Cholera,2,0,rising
12,2024,Kolkata,West Bengal,DIS-DEN,Dengue,1,0,rising
12,2024,Kolkata,West Bengal,DIS-RSP,Respiratory infections,1,0,declining
12,2024,Kolkata,West Bengal,DIS-SNK,Snakebite,1,0,stable
12,2024,Kolkata,West Bengal,DIS-MAL,Malaria,0,0,stable
13,2024,Kolkata,West Bengal,DIS-CHL,Cholera,2,0,declining
13,2024,Kolkata,West Bengal,DIS-DEN,Dengue,2,0,rising
13,2024,Kolkata,West Bengal,DIS-RSP,Respiratory infections,2,0,stable
13,2024,Kolkata,West Bengal,DIS-SNK,Snakebite,2,0,rising
13,2024,Kolkata,West Bengal,DIS-MAL,Malaria,0,0,stable
14,2024,Kolkata,West Bengal,DIS-CHL,Cholera,3,0,stable
14,2024,Kolkata,West Bengal,DIS-DEN,Dengue,0,0,rising
14,2024,Kolkata,West Bengal,DIS-RSP,Respiratory infections,3,0,stable
14,2024,Kolkata,West Bengal,DIS-SNK,Snakebite,0,0,declining
14,2024,Kolkata,West Bengal,DIS-MAL,Malaria,4,0,declining
15,2024,Kolkata,West Bengal,DIS-CHL,Cholera,1,0,stable
15,2024,Kolkata,West Bengal,DIS-DEN,Dengue,2,0,stable
15,2024,Kolkata,West Bengal,DIS-RSP,Respiratory infections,3,0,stable
15,2024,Kolkata,West Bengal,DIS-SNK,Snakebite,1,0,rising
15,2024,Kolkata,West Bengal,DIS-MAL,Malaria,5,0,declining
16,2024,Kolkata,West Bengal,DIS-CHL,Cholera,0,0,stable
16,2024,Kolkata,West Bengal,DIS-DEN,Dengue,2,0,stable
16,2024,Kolkata,West Bengal,DIS-RSP,Respiratory infections,0,0,stable
16,2024,Kolkata,West Bengal,DIS-SNK,Snakebite,2,0,declining
16,2024,Kolkata,West Bengal,DIS-MAL,Malaria,3,0,stable
17,2024,Kolkata,West Bengal,DIS-CHL,Cholera,2,0,declining
17,2024,Kolkata,West Bengal,DIS-DEN,Dengue,1,0,stable
17,2024,Kolkata,West Bengal,DIS-RSP,Respiratory infections,2,0,rising
17,2024,Kolkata,West Bengal,DIS-SNK,Snakebite,0,0,stable
17,2024,Kolkata,West Bengal,DIS-MAL,Malaria,0,0,stable
18,2024,Kolkata,West Bengal,DIS-CHL,Cholera,0,0,rising
18,2024,Kolkata,West Bengal,DIS-DEN,Dengue,1,0,declining
18,2024,Kolkata,West Bengal,DIS-RSP,Respiratory infections,0,0,declining
18,2024,Kolkata,West Bengal,DIS-SNK,Snakebite,0,0,rising
18,2024,Kolkata,West Bengal,DIS-MAL,Malaria,0,0,stable
19,2024,Kolkata,West Bengal,DIS-CHL,Cholera,4,0,stable
19,2024,Kolkata,West Bengal,DIS-DEN,Dengue,1,0,declining
19,2024,Kolkata,West Bengal,DIS-RSP,Respiratory infections,3,0,stable
19,2024,Kolkata,West Bengal,DIS-SNK,Snakebite,5,0,rising
19,2024,Kolkata,West Bengal,DIS-MAL,Malaria,2,0,rising
20,2024,Kolkata,West Bengal,DIS-CHL,Cholera,2,0,stable
20,2024,Kolkata,West Bengal,DIS-DEN,Dengue,4,0,rising
20,2024,Kolkata,West Bengal,DIS-RSP,Respiratory infections,4,0,stable
20,2024,Kolkata,West Bengal,DIS-SNK,Snakebite,37,0,rising
20,2024,Kolkata,West Bengal,DIS-MAL,Malaria,3,0,declining
21,2024,Kolkata,West Bengal,DIS-CHL,Cholera,1,0,stable
21,2024,Kolkata,West Bengal,DIS-DEN,Dengue,0,0,rising
21,2024,Kolkata,West Bengal,DIS-RSP,Respiratory infections,3,0,stable
21,2024,Kolkata,West Bengal,DIS-SNK,Snakebite,67,1,rising
21,2024,Kolkata,West Bengal,DIS-MAL,Malaria,0,0,stable
22,2024,Kolkata,West Bengal,DIS-CHL,Cholera,0,0,declining
22,2024,Kolkata,West Bengal,DIS-DEN,Dengue,1,0,stable
22,2024,Kolkata,West Bengal,DIS-RSP,Respiratory infections,0,0,rising
22,2024,Kolkata,West Bengal,DIS-SNK,Snakebite,59,1,rising
22,2024,Kolkata,West Bengal,DIS-MAL,Malaria,0,0,rising
23,2024,Kolkata,West Bengal,DIS-CHL,Cholera,0,0,rising
23,2024,Kolkata,West Bengal,DIS-DEN,Dengue,4,0,declining
23,2024,Kolkata,West Bengal,DIS-RSP,Respiratory infections,0,0,rising
23,2024,Kolkata,West Bengal,DIS-SNK,Snakebite,81,2,rising
23,2024,Kolkata,West Bengal,DIS-MAL,Malaria,4,0,stable
24,2024,Kolkata,West Bengal,DIS-CHL,Cholera,1,0,stable
24,2024,Kolkata,West Bengal,DIS-DEN,Dengue,1,0,declining
24,2024,Kolkata,West Bengal,DIS-RSP,Respiratory infections,2,0,stable
24,2024,Kolkata,West Bengal,DIS-SNK,Snakebite,22,0,rising
24,2024,Kolkata,West Bengal,DIS-MAL,Malaria,1,0,stable
25,2024,Kolkata,West Bengal,DIS-CHL,Cholera,23,0,rising
25,2024,Kolkata,West Bengal,DIS-DEN,Dengue,4,0,stable
25,2024,Kolkata,West Bengal,DIS-RSP,Respiratory infections,1,0,stable
25,2024,Kolkata,West Bengal,DIS-SNK,Snakebite,83,2,rising
25,2024,Kolkata,West Bengal,DIS-MAL,Malaria,0,0,stable
26,2024,Kolkata,West Bengal,DIS-CHL,Cholera,31,0,rising
26,2024,Kolkata,West Bengal,DIS-DEN,Dengue,3,0,declining
26,2024,Kolkata,West Bengal,DIS-RSP,Respiratory infections,0,0,stable
26,2024,Kolkata,West Bengal,DIS-SNK,Snakebite,22,0,rising
26,2024,Kolkata,West Bengal,DIS-MAL,Malaria,4,0,declining
27,2024,Kolkata,West Bengal,DIS-CHL,Cholera,78,3,rising
27,2024,Kolkata,West Bengal,DIS-DEN,Dengue,0,0,rising
27,2024,Kolkata,West Bengal,DIS-RSP,Respiratory infections,1,0,stable
27,2024,Kolkata,West Bengal,DIS-SNK,Snakebite,94,1,rising
27,2024,Kolkata,West Bengal,DIS-MAL,Malaria,1,0,stable
28,2024,Kolkata,West Bengal,DIS-CHL,Cholera,25,0,rising
28,2024,Kolkata,West Bengal,DIS-DEN,Dengue,1,0,stable
28,2024,Kolkata,West Bengal,DIS-RSP,Respiratory infections,4,0,rising
28,2024,Kolkata,West Bengal,DIS-SNK,Snakebite,111,3,rising
28,2024,Kolkata,West Bengal,DIS-MAL,Malaria,74,2,rising
29,2024,Kolkata,West Bengal,DIS-CHL,Cholera,92,3,rising
29,2024,Kolkata,West Bengal,DIS-DEN,Dengue,4,0,declining
29,2024,Kolkata,West Bengal,DIS-RSP,Respiratory infections,0,0,rising
29,2024,Kolkata,West Bengal,DIS-SNK,Snakebite,76,0,rising
29,2024,Kolkata,West Bengal,DIS-MAL,Malaria,30,0,rising
30,2024,Kolkata,West Bengal,DIS-CHL,Cholera,37,1,declining
30,2024,Kolkata,West Bengal,DIS-DEN,Dengue,28,0,rising
30,2024,Kolkata,West Bengal,DIS-RSP,Respiratory infections,4,0,rising
30,2024,Kolkata,West Bengal,DIS-SNK,Snakebite,84,1,declining
30,2024,Kolkata,West Bengal,DIS-MAL,Malaria,23,0,rising
31,2024,Kolkata,West Bengal,DIS-CHL,Cholera,27,1,declining
31,2024,Kolkata,West Bengal,DIS-DEN,Dengue,102,0,rising
31,2024,Kolkata,West Bengal,DIS-RSP,Respiratory infections,0,0,declining
31,2024,Kolkata,West Bengal,DIS-SNK,Snakebite,72,0,declining
31,2024,Kolkata,West Bengal,DIS-MAL,Malaria,39,0,rising
32,2024,Kolkata,West Bengal,DIS-CHL,Cholera,45,0,declining
32,2024,Kolkata,West Bengal,DIS-DEN,Dengue,38,1,rising
32,2024,Kolkata,West Bengal,DIS-RSP,Respiratory infections,0,0,stable
32,2024,Kolkata,West Bengal,DIS-SNK,Snakebite,22,0,declining
32,2024,Kolkata,West Bengal,DIS-MAL,Malaria,42,0,rising
33,2024,Kolkata,West Bengal,DIS-CHL,Cholera,29,1,declining
33,2024,Kolkata,West Bengal,DIS-DEN,Dengue,108,4,rising
33,2024,Kolkata,West Bengal,DIS-RSP,Respiratory infections,1,0,declining
33,2024,Kolkata,West Bengal,DIS-SNK,Snakebite,46,1,declining
33,2024,Kolkata,West Bengal,DIS-MAL,Malaria,27,0,rising
34,2024,Kolkata,West Bengal,DIS-CHL,Cholera,54,1,declining
34,2024,Kolkata,West Bengal,DIS-DEN,Dengue,20,0,rising
34,2024,Kolkata,West Bengal,DIS-RSP,Respiratory infections,0,0,rising
34,2024,Kolkata,West Bengal,DIS-SNK,Snakebite,70,3,declining
34,2024,Kolkata,West Bengal,DIS-MAL,Malaria,33,0,rising
35,2024,Kolkata,West Bengal,DIS-CHL,Cholera,70,2,declining
35,2024,Kolkata,West Bengal,DIS-DEN,Dengue,22,0,rising
35,2024,Kolkata,West Bengal,DIS-RSP,Respiratory infections,5,0,rising
35,2024,Kolkata,West Bengal,DIS-SNK,Snakebite,26,1,declining
35,2024,Kolkata,West Bengal,DIS-MAL,Malaria,94,1,declining
36,2024,Kolkata,West Bengal,DIS-CHL,Cholera,4,0,stable
36,2024,Kolkata,West Bengal,DIS-DEN,Dengue,32,0,rising
36,2024,Kolkata,West Bengal,DIS-RSP,Respiratory infections,4,0,stable
36,2024,Kolkata,West Bengal,DIS-SNK,Snakebite,39,0,declining
36,2024,Kolkata,West Bengal,DIS-MAL,Malaria,83,3,declining
37,2024,Kolkata,West Bengal,DIS-CHL,Cholera,2,0,declining
37,2024,Kolkata,West Bengal,DIS-DEN,Dengue,45,2,declining
37,2024,Kolkata,West Bengal,DIS-RSP,Respiratory infections,1,0,declining
37,2024,Kolkata,West Bengal,DIS-SNK,Snakebite,57,0,declining
37,2024,Kolkata,West Bengal,DIS-MAL,Malaria,21,0,declining
38,2024,Kolkata,West Bengal,DIS-CHL,Cholera,5,0,rising
38,2024,Kolkata,West Bengal,DIS-DEN,Dengue,25,0,declining
38,2024,Kolkata,West Bengal,DIS-RSP,Respiratory infections,0,0,stable
38,2024,Kolkata,West Bengal,DIS-SNK,Snakebite,70,2,declining
38,2024,Kolkata,West Bengal,DIS-MAL,Malaria,72,3,declining
39,2024,Kolkata,West Bengal,DIS-CHL,Cholera,4,0,declining
39,2024,Kolkata,West Bengal,DIS-DEN,Dengue,40,1,declining
39,2024,Kolkata,West Bengal,DIS-RSP,Respiratory infections,1,0,stable
39,2024,Kolkata,West Bengal,DIS-SNK,Snakebite,84,1,declining
39,2024,Kolkata,West Bengal,DIS-MAL,Malaria,20,0,declining
40,2024,Kolkata,West Bengal,DIS-CHL,Cholera,3,0,rising
40,2024,Kolkata,West Bengal,DIS-DEN,Dengue,109,0,declining
40,2024,Kolkata,West Bengal,DIS-RSP,Respiratory infections,3,0,stable
40,2024,Kolkata,West Bengal,DIS-SNK,Snakebite,53,2,declining
40,2024,Kolkata,West Bengal,DIS-MAL,Malaria,65,1,declining
41,2024,Kolkata,West Bengal,DIS-CHL,Cholera,3,0,stable
41,2024,Kolkata,West Bengal,DIS-DEN,Dengue,18,0,declining
41,2024,Kolkata,West Bengal,DIS-RSP,Respiratory infections,2,0,rising
41,2024,Kolkata,West Bengal,DIS-SNK,Snakebite,4,0,stable
41,2024,Kolkata,West Bengal,DIS-MAL,Malaria,101,3,declining
42,2024,Kolkata,West Bengal,DIS-CHL,Cholera,5,0,stable
42,2024,Kolkata,West Bengal,DIS-DEN,Dengue,57,1,declining
42,2024,Kolkata,West Bengal,DIS-RSP,Respiratory infections,5,0,stable
42,2024,Kolkata,West Bengal,DIS-SNK,Snakebite,4,0,declining
42,2024,Kolkata,West Bengal,DIS-MAL,Malaria,90,0,declining
43,2024,Kolkata,West Bengal,DIS-CHL,Cholera,3,0,rising
43,2024,Kolkata,West Bengal,DIS-DEN,Dengue,102,3,declining
43,2024,Kolkata,West Bengal,DIS-RSP,Respiratory infections,1,0,declining
43,2024,Kolkata,West Bengal,DIS-SNK,Snakebite,3,0,declining
43,2024,Kolkata,West Bengal,DIS-MAL,Malaria,1,0,rising
44,2024,Kolkata,West Bengal,DIS-CHL,Cholera,4,0,stable
44,2024,Kolkata,West Bengal,DIS-DEN,Dengue,34,0,declining
44,2024,Kolkata,West Bengal,DIS-RSP,Respiratory infections,2,0,rising
44,2024,Kolkata,West Bengal,DIS-SNK,Snakebite,4,0,declining
44,2024,Kolkata,West Bengal,DIS-MAL,Malaria,0,0,declining
45,2024,Kolkata,West Bengal,DIS-CHL,Cholera,3,0,stable
45,2024,Kolkata,West Bengal,DIS-DEN,Dengue,26,0,declining
45,2024,Kolkata,West Bengal,DIS-RSP,Respiratory infections,22,1,declining
45,2024,Kolkata,West Bengal,DIS-SNK,Snakebite,1,0,rising
45,2024,Kolkata,West Bengal,DIS-MAL,Malaria,0,0,stable
46,2024,Kolkata,West Bengal,DIS-CHL,Cholera,5,0,stable
46,2024,Kolkata,West Bengal,DIS-DEN,Dengue,0,0,rising
46,2024,Kolkata,West Bengal,DIS-RSP,Respiratory infections,44,2,declining
46,2024,Kolkata,West Bengal,DIS-SNK,Snakebite,0,0,stable
46,2024,Kolkata,West Bengal,DIS-MAL,Malaria,0,0,stable
47,2024,Kolkata,West Bengal,DIS-CHL,Cholera,3,0,declining
47,2024,Kolkata,West Bengal,DIS-DEN,Dengue,0,0,rising
47,2024,Kolkata,West Bengal,DIS-RSP,Respiratory infections,88,2,declining
47,2024,Kolkata,West Bengal,DIS-SNK,Snakebite,1,0,stable
47,2024,Kolkata,West Bengal,DIS-MAL,Malaria,4,0,declining
48,2024,Kolkata,West Bengal,DIS-CHL,Cholera,1,0,stable
48,2024,Kolkata,West Bengal,DIS-DEN,Dengue,1,0,stable
48,2024,Kolkata,West Bengal,DIS-RSP,Respiratory infections,47,0,declining
48,2024,Kolkata,West Bengal,DIS-SNK,Snakebite,0,0,declining
48,2024,Kolkata,West Bengal,DIS-MAL,Malaria,0,0,stable
49,2024,Kolkata,West Bengal,DIS-CHL,Cholera,1,0,declining
49,2024,Kolkata,West Bengal,DIS-DEN,Dengue,4,0,declining
49,2024,Kolkata,West Bengal,DIS-RSP,Respiratory infections,26,0,declining
49,2024,Kolkata,West Bengal,DIS-SNK,Snakebite,2,0,stable
49,2024,Kolkata,West Bengal,DIS-MAL,Malaria,0,0,stable
50,2024,Kolkata,West Bengal,DIS-CHL,Cholera,2,0,stable
50,2024,Kolkata,West Bengal,DIS-DEN,Dengue,0,0,stable
50,2024,Kolkata,West Bengal,DIS-RSP,Respiratory infections,63,3,declining
50,2024,Kolkata,West Bengal,DIS-SNK,Snakebite,2,0,declining
50,2024,Kolkata,West Bengal,DIS-MAL,Malaria,2,0,rising
51,2024,Kolkata,West Bengal,DIS-CHL,Cholera,1,0,declining
51,2024,Kolkata,West Bengal,DIS-DEN,Dengue,4,0,declining
51,2024,Kolkata,West Bengal,DIS-RSP,Respiratory infections,43,1,declining
51,2024,Kolkata,West Bengal,DIS-SNK,Snakebite,0,0,rising
51,2024,Kolkata,West Bengal,DIS-MAL,Malaria,4,0,stable
52,2024,Kolkata,West Bengal,DIS-CHL,Cholera,5,0,declining
52,2024,Kolkata,West Bengal,DIS-DEN,Dengue,1,0,rising
52,2024,Kolkata,West Bengal,DIS-RSP,Respiratory infections,32,1,declining
52,2024,Kolkata,West Bengal,DIS-SNK,Snakebite,3,0,rising
52,2024,Kolkata,West Bengal,DIS-MAL,Malaria,0,0,declining
1,2024,Howrah,West Bengal,DIS-CHL,Cholera,0,0,stable
1,2024,Howrah,West Bengal,DIS-DEN,Dengue,0,0,declining
1,2024,Howrah,West Bengal,DIS-RSP,Respiratory infections,58,0,stable
1,2024,Howrah,West Bengal,DIS-SNK,Snakebite,0,0,stable
1,2024,Howrah,West Bengal,DIS-MAL,Malaria,0,0,declining
2,2024,Howrah,West Bengal,DIS-CHL,Cholera,0,0,stable
2,2024,Howrah,West Bengal,DIS-DEN,Dengue,3,0,declining
2,2024,Howrah,West Bengal,DIS-RSP,Respiratory infections,28,0,declining
2,2024,Howrah,West Bengal,DIS-SNK,Snakebite,2,0,rising
2,2024,Howrah,West Bengal,DIS-MAL,Malaria,3,0,stable
3,2024,Howrah,West Bengal,DIS-CHL,Cholera,2,0,rising
3,2024,Howrah,West Bengal,DIS-DEN,Dengue,3,0,declining
3,2024,Howrah,West Bengal,DIS-RSP,Respiratory infections,60,0,declining
3,2024,Howrah,West Bengal,DIS-SNK,Snakebite,0,0,rising
3,2024,Howrah,West Bengal,DIS-MAL,Malaria,2,0,rising
4,2024,Howrah,West Bengal,DIS-CHL,Cholera,1,0,stable
4,2024,Howrah,West Bengal,DIS-DEN,Dengue,1,0,declining
4,2024,Howrah,West Bengal,DIS-RSP,Respiratory infections,31,0,declining
4,2024,Howrah,West Bengal,DIS-SNK,Snakebite,4,0,stable
4,2024,Howrah,West Bengal,DIS-MAL,Malaria,4,0,rising
5,2024,Howrah,West Bengal,DIS-CHL,Cholera,0,0,stable
5,2024,Howrah,West Bengal,DIS-DEN,Dengue,5,0,declining
5,2024,Howrah,West Bengal,DIS-RSP,Respiratory infections,83,1,declining
5,2024,Howrah,West Bengal,DIS-SNK,Snakebite,0,0,stable
5,2024,Howrah,West Bengal,DIS-MAL,Malaria,5,0,rising
6,2024,Howrah,West Bengal,DIS-CHL,Cholera,3,0,stable
6,2024,Howrah,West Bengal,DIS-DEN,Dengue,5,0,declining
6,2024,Howrah,West Bengal,DIS-RSP,Respiratory infections,104,0,declining
6,2024,Howrah,West Bengal,DIS-SNK,Snakebite,2,0,declining
6,2024,Howrah,West Bengal,DIS-MAL,Malaria,0,0,stable
7,2024,Howrah,West Bengal,DIS-CHL,Cholera,0,0,stable
7,2024,Howrah,West Bengal,DIS-DEN,Dengue,2,0,stable
7,2024,Howrah,West Bengal,DIS-RSP,Respiratory infections,69,3,declining
7,2024,Howrah,West Bengal,DIS-SNK,Snakebite,1,0,rising
7,2024,Howrah,West Bengal,DIS-MAL,Malaria,0,0,stable
8,2024,Howrah,West Bengal,DIS-CHL,Cholera,0,0,rising
8,2024,Howrah,West Bengal,DIS-DEN,Dengue,3,0,declining
8,2024,Howrah,West Bengal,DIS-RSP,Respiratory infections,21,0,declining
8,2024,Howrah,West Bengal,DIS-SNK,Snakebite,2,0,rising
8,2024,Howrah,West Bengal,DIS-MAL,Malaria,0,0,stable
9,2024,Howrah,West Bengal,DIS-CHL,Cholera,1,0,declining
9,2024,Howrah,West Bengal,DIS-DEN,Dengue,0,0,stable
9,2024,Howrah,West Bengal,DIS-RSP,Respiratory infections,3,0,stable
9,2024,Howrah,West Bengal,DIS-SNK,Snakebite,0,0,declining
9,2024,Howrah,West Bengal,DIS-MAL,Malaria,0,0,declining
10,2024,Howrah,West Bengal,DIS-CHL,Cholera,4,0,declining
10,2024,Howrah,West Bengal,DIS-DEN,Dengue,0,0,stable
10,2024,Howrah,West Bengal,DIS-RSP,Respiratory infections,0,0,rising
10,2024,Howrah,West Bengal,DIS-SNK,Snakebite,2,0,declining
10,2024,Howrah,West Bengal,DIS-MAL,Malaria,2,0,stable
11,2024,Howrah,West Bengal,DIS-CHL,Cholera,0,0,rising
11,2024,Howrah,West Bengal,DIS-DEN,Dengue,0,0,stable
11,2024,Howrah,West Bengal,DIS-RSP,Respiratory infections,2,0,stable
11,2024,Howrah,West Bengal,DIS-SNK,Snakebite,2,0,stable
11,2024,Howrah,West Bengal,DIS-MAL,Malaria,4,0,declining
12,2024,Howrah,West Bengal,DIS-CHL,Cholera,1,0,declining
12,2024,Howrah,West Bengal,DIS-DEN,Dengue,1,0,rising
12,2024,Howrah,West Bengal,DIS-RSP,Respiratory infections,1,0,rising
12,2024,Howrah,West Bengal,DIS-SNK,Snakebite,0,0,rising
12,2024,Howrah,West Bengal,DIS-MAL,Malaria,2,0,rising
13,2024,Howrah,West Bengal,DIS-CHL,Cholera,0,0,stable
13,2024,Howrah,West Bengal,DIS-DEN,Dengue,2,0,stable
13,2024,Howrah,West Bengal,DIS-RSP,Respiratory infections,5,0,rising
13,2024,Howrah,West Bengal,DIS-SNK,Snakebite,0,0,stable
13,2024,Howrah,West Bengal,DIS-MAL,Malaria,1,0,rising
14,2024,Howrah,West Bengal,DIS-CHL,Cholera,4,0,rising
14,2024,Howrah,West Bengal,DIS-DEN,Dengue,4,0,stable
14,2024,Howrah,West Bengal,DIS-RSP,Respiratory infections,0,0,stable
14,2024,Howrah,West Bengal,DIS-SNK,Snakebite,1,0,stable
14,2024,Howrah,West Bengal,DIS-MAL,Malaria,2,0,declining
15,2024,Howrah,West Bengal,DIS-CHL,Cholera,0,0,declining
15,2024,Howrah,West Bengal,DIS-DEN,Dengue,1,0,rising
15,2024,Howrah,West Bengal,DIS-RSP,Respiratory infections,3,0,stable
15,2024,Howrah,West Bengal,DIS-SNK,Snakebite,3,0,stable
15,2024,Howrah,West Bengal,DIS-MAL,Malaria,4,0,stable
16,2024,Howrah,West Bengal,DIS-CHL,Cholera,1,0,stable
16,2024,Howrah,West Bengal,DIS-DEN,Dengue,3,0,stable
16,2024,Howrah,West Bengal,DIS-RSP,Respiratory infections,3,0,rising
16,2024,Howrah,West Bengal,DIS-SNK,Snakebite,4,0,stable
16,2024,Howrah,West Bengal,DIS-MAL,Malaria,4,0,rising
17,2024,Howrah,West Bengal,DIS-CHL,Cholera,3,0,declining
17,2024,Howrah,West Bengal,DIS-DEN,Dengue,1,0,stable
17,2024,Howrah,West Bengal,DIS-RSP,Respiratory infections,2,0,stable
17,2024,Howrah,West Bengal,DIS-SNK,Snakebite,1,0,declining
17,2024,Howrah,West Bengal,DIS-MAL,Malaria,3,0,stable
18,2024,Howrah,West Bengal,DIS-CHL,Cholera,4,0,stable
18,2024,Howrah,West Bengal,DIS-DEN,Dengue,2,0,stable
18,2024,Howrah,West Bengal,DIS-RSP,Respiratory infections,1,0,stable
18,2024,Howrah,West Bengal,DIS-SNK,Snakebite,0,0,rising
18,2024,Howrah,West Bengal,DIS-MAL,Malaria,4,0,stable
19,2024,Howrah,West Bengal,DIS-CHL,Cholera,1,0,stable
19,2024,Howrah,West Bengal,DIS-DEN,Dengue,3,0,stable
19,2024,Howrah,West Bengal,DIS-RSP,Respiratory infections,3,0,stable
19,2024,Howrah,West Bengal,DIS-SNK,Snakebite,0,0,declining
19,2024,Howrah,West Bengal,DIS-MAL,Malaria,2,0,stable
20,2024,Howrah,West Bengal,DIS-CHL,Cholera,0,0,stable
20,2024,Howrah,West Bengal,DIS-DEN,Dengue,0,0,declining
20,2024,Howrah,West Bengal,DIS-RSP,Respiratory infections,2,0,declining
20,2024,Howrah,West Bengal,DIS-SNK,Snakebite,69,3,rising
20,2024,Howrah,West Bengal,DIS-MAL,Malaria,1,0,declining
21,2024,Howrah,West Bengal,DIS-CHL,Cholera,3,0,rising
21,2024,Howrah,West Bengal,DIS-DEN,Dengue,4,0,stable
21,2024,Howrah,West Bengal,DIS-RSP,Respiratory infections,0,0,rising
21,2024,Howrah,West Bengal,DIS-SNK,Snakebite,34,0,rising
21,2024,Howrah,West Bengal,DIS-MAL,Malaria,1,0,declining
22,2024,Howrah,West Bengal,DIS-CHL,Cholera,2,0,rising
22,2024,Howrah,West Bengal,DIS-DEN,Dengue,3,0,rising
22,2024,Howrah,West Bengal,DIS-RSP,Respiratory infections,3,0,stable
22,2024,Howrah,West Bengal,DIS-SNK,Snakebite,31,0,rising
22,2024,Howrah,West Bengal,DIS-MAL,Malaria,1,0,stable
23,2024,Howrah,West Bengal,DIS-CHL,Cholera,2,0,rising
23,2024,Howrah,West Bengal,DIS-DEN,Dengue,4,0,stable
23,2024,Howrah,West Bengal,DIS-RSP,Respiratory infections,3,0,declining
23,2024,Howrah,West Bengal,DIS-SNK,Snakebite,75,3,rising
23,2024,Howrah,West Bengal,DIS-MAL,Malaria,2,0,declining
24,2024,Howrah,West Bengal,DIS-CHL,Cholera,0,0,declining
24,2024,Howrah,West Bengal,DIS-DEN,Dengue,4,0,declining
24,2024,Howrah,West Bengal,DIS-RSP,Respiratory infections,2,0,stable
24,2024,Howrah,West Bengal,DIS-SNK,Snakebite,19,0,rising
24,2024,Howrah,West Bengal,DIS-MAL,Malaria,1,0,stable
25,2024,Howrah,West Bengal,DIS-CHL,Cholera,92,4,rising
25,2024,Howrah,West Bengal,DIS-DEN,Dengue,3,0,stable
25,2024,Howrah,West Bengal,DIS-RSP,Respiratory infections,0,0,stable
25,2024,Howrah,West Bengal,DIS-SNK,Snakebite,98,2,rising
25,2024,Howrah,West Bengal,DIS-MAL,Malaria,2,0,stable
26,2024,Howrah,West Bengal,DIS-CHL,Cholera,19,0,rising
26,2024,Howrah,West Bengal,DIS-DEN,Dengue,4,0,stable
26,2024,Howrah,West Bengal,DIS-RSP,Respiratory infections,3,0,declining
26,2024,Howrah,West Bengal,DIS-SNK,Snakebite,42,1,rising
26,2024,Howrah,West Bengal,DIS-MAL,Malaria,3,0,declining
27,2024,Howrah,West Bengal,DIS-CHL,Cholera,78,0,rising
27,2024,Howrah,West Bengal,DIS-DEN,Dengue,0,0,stable
27,2024,Howrah,West Bengal,DIS-RSP,Respiratory infections,0,0,declining
27,2024,Howrah,West Bengal,DIS-SNK,Snakebite,30,1,rising
27,2024,Howrah,West Bengal,DIS-MAL,Malaria,3,0,declining
28,2024,Howrah,West Bengal,DIS-CHL,Cholera,92,2,rising
28,2024,Howrah,West Bengal,DIS-DEN,Dengue,0,0,rising
28,2024,Howrah,West Bengal,DIS-RSP,Respiratory infections,2,0,stable
28,2024,Howrah,West Bengal,DIS-SNK,Snakebite,46,0,rising
28,2024,Howrah,West Bengal,DIS-MAL,Malaria,110,3,rising
29,2024,Howrah,West Bengal,DIS-CHL,Cholera,82,3,rising
29,2024,Howrah,West Bengal,DIS-DEN,Dengue,0,0,rising
29,2024,Howrah,West Bengal,DIS-RSP,Respiratory infections,2,0,stable
29,2024,Howrah,West Bengal,DIS-SNK,Snakebite,21,0,rising
29,2024,Howrah,West Bengal,DIS-MAL,Malaria,36,1,rising
30,2024,Howrah,West Bengal,DIS-CHL,Cholera,100,0,declining
30,2024,Howrah,West Bengal,DIS-DEN,Dengue,24,0,rising
30,2024,Howrah,West Bengal,DIS-RSP,Respiratory infections,1,0,rising
30,2024,Howrah,West Bengal,DIS-SNK,Snakebite,64,3,declining
30,2024,Howrah,West Bengal,DIS-MAL,Malaria,56,2,rising
31,2024,Howrah,West Bengal,DIS-CHL,Cholera,24,0,declining
31,2024,Howrah,West Bengal,DIS-DEN,Dengue,35,0,rising
31,2024,Howrah,West Bengal,DIS-RSP,Respiratory infections,3,0,declining
31,2024,Howrah,West Bengal,DIS-SNK,Snakebite,61,0,declining
31,2024,Howrah,West Bengal,DIS-MAL,Malaria,29,1,rising
32,2024,Howrah,West Bengal,DIS-CHL,Cholera,19,0,declining
32,2024,Howrah,West Bengal,DIS-DEN,Dengue,72,0,rising
32,2024,Howrah,West Bengal,DIS-RSP,Respiratory infections,5,0,declining
32,2024,Howrah,West Bengal,DIS-SNK,Snakebite,34,1,declining
32,2024,Howrah,West Bengal,DIS-MAL,Malaria,49,1,rising
33,2024,Howrah,West Bengal,DIS-CHL,Cholera,65,1,declining
33,2024,Howrah,West Bengal,DIS-DEN,Dengue,77,1,rising
33,2024,Howrah,West Bengal,DIS-RSP,Respiratory infections,1,0,declining
33,2024,Howrah,West Bengal,DIS-SNK,Snakebite,29,1,declining
33,2024,Howrah,West Bengal,DIS-MAL,Malaria,85,1,rising
34,2024,Howrah,West Bengal,DIS-CHL,Cholera,82,1,declining
34,2024,Howrah,West Bengal,DIS-DEN,Dengue,41,0,rising
34,2024,Howrah,West Bengal,DIS-RSP,Respiratory infections,3,0,rising
34,2024,Howrah,West Bengal,DIS-SNK,Snakebite,74,3,declining
34,2024,Howrah,West Bengal,DIS-MAL,Malaria,59,2,rising
35,2024,Howrah,West Bengal,DIS-CHL,Cholera,92,2,declining
35,2024,Howrah,West Bengal,DIS-DEN,Dengue,65,2,rising
35,2024,Howrah,West Bengal,DIS-RSP,Respiratory infections,2,0,stable
35,2024,Howrah,West Bengal,DIS-SNK,Snakebite,26,1,declining
35,2024,Howrah,West Bengal,DIS-MAL,Malaria,17,0,declining
36,2024,Howrah,West Bengal,DIS-CHL,Cholera,1,0,stable
36,2024,Howrah,West Bengal,DIS-DEN,Dengue,35,1,rising
36,2024,Howrah,West Bengal,DIS-RSP,Respiratory infections,0,0,stable
36,2024,Howrah,West Bengal,DIS-SNK,Snakebite,75,2,declining
36,2024,Howrah,West Bengal,DIS-MAL,Malaria,37,0,declining
37,2024,Howrah,West Bengal,DIS-CHL,Cholera,2,0,stable
37,2024,Howrah,West Bengal,DIS-DEN,Dengue,70,0,declining
37,2024,Howrah,West Bengal,DIS-RSP,Respiratory infections,4,0,stable
37,2024,Howrah,West Bengal,DIS-SNK,Snakebite,26,0,declining
37,2024,Howrah,West Bengal,DIS-MAL,Malaria,60,1,declining
38,2024,Howrah,West Bengal,DIS-CHL,Cholera,0,0,stable
38,2024,Howrah,West Bengal,DIS-DEN,Dengue,69,0,declining
38,2024,Howrah,West Bengal,DIS-RSP,Respiratory infections,5,0,declining
38,2024,Howrah,West Bengal,DIS-SNK,Snakebite,19,0,declining
38,2024,Howrah,West Bengal,DIS-MAL,Malaria,24,0,declining
39,2024,Howrah,West Bengal,DIS-CHL,Cholera,1,0,stable
39,2024,Howrah,West Bengal,DIS-DEN,Dengue,18,0,declining
39,2024,Howrah,West Bengal,DIS-RSP,Respiratory infections,1,0,stable
39,2024,Howrah,West Bengal,DIS-SNK,Snakebite,40,0,declining
39,2024,Howrah,West Bengal,DIS-MAL,Malaria,27,0,declining
40,2024,Howrah,West Bengal,DIS-CHL,Cholera,3,0,stable
40,2024,Howrah,West Bengal,DIS-DEN,Dengue,87,1,declining
40,2024,Howrah,West Bengal,DIS-RSP,Respiratory infections,0,0,stable
40,2024,Howrah,West Bengal,DIS-SNK,Snakebite,67,1,declining
40,2024,Howrah,West Bengal,DIS-MAL,Malaria,75,1,declining
41,2024,Howrah,West Bengal,DIS-CHL,Cholera,0,0,stable
41,2024,Howrah,West Bengal,DIS-DEN,Dengue,31,1,declining
41,2024,Howrah,West Bengal,DIS-RSP,Respiratory infections,0,0,declining
41,2024,Howrah,West Bengal,DIS-SNK,Snakebite,2,0,stable
41,2024,Howrah,West Bengal,DIS-MAL,Malaria,77,3,declining
42,2024,Howrah,West Bengal,DIS-CHL,Cholera,0,0,rising
42,2024,Howrah,West Bengal,DIS-DEN,Dengue,86,2,declining
42,2024,Howrah,West Bengal,DIS-RSP,Respiratory infections,1,0,rising
42,2024,Howrah,West Bengal,DIS-SNK,Snakebite,4,0,stable
42,2024,Howrah,West Bengal,DIS-MAL,Malaria,89,0,declining
43,2024,Howrah,West Bengal,DIS-CHL,Cholera,0,0,rising
43,2024,Howrah,West Bengal,DIS-DEN,Dengue,37,0,declining
43,2024,Howrah,West Bengal,DIS-RSP,Respiratory infections,2,0,stable
43,2024,Howrah,West Bengal,DIS-SNK,Snakebite,1,0,stable
43,2024,Howrah,West Bengal,DIS-MAL,Malaria,0,0,declining
44,2024,Howrah,West Bengal,DIS-CHL,Cholera,2,0,rising
44,2024,Howrah,West Bengal,DIS-DEN,Dengue,32,0,declining
44,2024,Howrah,West Bengal,DIS-RSP,Respiratory infections,4,0,stable
44,2024,Howrah,West Bengal,DIS-SNK,Snakebite,1,0,stable
44,2024,Howrah,West Bengal,DIS-MAL,Malaria,0,0,rising
45,2024,Howrah,West Bengal,DIS-CHL,Cholera,3,0,stable
45,2024,Howrah,West Bengal,DIS-DEN,Dengue,106,0,declining
45,2024,Howrah,West Bengal,DIS-RSP,Respiratory infections,107,2,declining
45,2024,Howrah,West Bengal,DIS-SNK,Snakebite,2,0,stable
45,2024,Howrah,West Bengal,DIS-MAL,Malaria,1,0,rising
46,2024,Howrah,West Bengal,DIS-CHL,Cholera,0,0,stable
46,2024,Howrah,West Bengal,DIS-DEN,Dengue,2,0,rising
46,2024,Howrah,West Bengal,DIS-RSP,Respiratory infections,87,1,declining
46,2024,Howrah,West Bengal,DIS-SNK,Snakebite,4,0,rising
46,2024,Howrah,West Bengal,DIS-MAL,Malaria,0,0,stable
47,2024,Howrah,West Bengal,DIS-CHL,Cholera,3,0,declining
47,2024,Howrah,West Bengal,DIS-DEN,Dengue,2,0,stable
47,2024,Howrah,West Bengal,DIS-RSP,Respiratory infections,64,0,declining
47,2024,Howrah,West Bengal,DIS-SNK,Snakebite,0,0,rising
47,2024,Howrah,West Bengal,DIS-MAL,Malaria,4,0,declining
48,2024,Howrah,West Bengal,DIS-CHL,Cholera,3,0,stable
48,2024,Howrah,West Bengal,DIS-DEN,Dengue,4,0,stable
48,2024,Howrah,West Bengal,DIS-RSP,Respiratory infections,64,2,declining
48,2024,Howrah,West Bengal,DIS-SNK,Snakebite,1,0,rising
48,2024,Howrah,West Bengal,DIS-MAL,Malaria,0,0,rising
49,2024,Howrah,West Bengal,DIS-CHL,Cholera,4,0,rising
49,2024,Howrah,West Bengal,DIS-DEN,Dengue,1,0,rising
49,2024,Howrah,West Bengal,DIS-RSP,Respiratory infections,73,2,declining
49,2024,Howrah,West Bengal,DIS-SNK,Snakebite,1,0,rising
49,2024,Howrah,West Bengal,DIS-MAL,Malaria,2,0,rising
50,2024,Howrah,West Bengal,DIS-CHL,Cholera,4,0,declining
50,2024,Howrah,West Bengal,DIS-DEN,Dengue,4,0,declining
50,2024,Howrah,West Bengal,DIS-RSP,Respiratory infections,51,0,declining
50,2024,Howrah,West Bengal,DIS-SNK,Snakebite,3,0,stable
50,2024,Howrah,West Bengal,DIS-MAL,Malaria,2,0,stable
51,2024,Howrah,West Bengal,DIS-CHL,Cholera,3,0,declining
51,2024,Howrah,West Bengal,DIS-DEN,Dengue,2,0,stable
51,2024,Howrah,West Bengal,DIS-RSP,Respiratory infections,53,2,declining
51,2024,Howrah,West Bengal,DIS-SNK,Snakebite,4,0,declining
51,2024,Howrah,West Bengal,DIS-MAL,Malaria,2,0,rising
52,2024,Howrah,West Bengal,DIS-CHL,Cholera,0,0,declining
52,2024,Howrah,West Bengal,DIS-DEN,Dengue,1,0,declining
52,2024,Howrah,West Bengal,DIS-RSP,Respiratory infections,50,1,declining
52,2024,Howrah,West Bengal,DIS-SNK,Snakebite,0,0,stable
52,2024,Howrah,West Bengal,DIS-MAL,Malaria,1,0,stable
1,2024,Darjeeling,West Bengal,DIS-CHL,Cholera,4,0,declining
1,2024,Darjeeling,West Bengal,DIS-DEN,Dengue,0,0,declining
1,2024,Darjeeling,West Bengal,DIS-RSP,Respiratory infections,27,0,rising
1,2024,Darjeeling,West Bengal,DIS-SNK,Snakebite,1,0,declining
1,2024,Darjeeling,West Bengal,DIS-MAL,Malaria,0,0,stable
2,2024,Darjeeling,West Bengal,DIS-CHL,Cholera,5,0,stable
2,2024,Darjeeling,West Bengal,DIS-DEN,Dengue,2,0,stable
2,2024,Darjeeling,West Bengal,DIS-RSP,Respiratory infections,64,2,declining
2,2024,Darjeeling,West Bengal,DIS-SNK,Snakebite,1,0,rising
2,2024,Darjeeling,West Bengal,DIS-MAL,Malaria,1,0,rising
3,2024,Darjeeling,West Bengal,DIS-CHL,Cholera,4,0,stable
3,2024,Darjeeling,West Bengal,DIS-DEN,Dengue,3,0,rising
3,2024,Darjeeling,West Bengal,DIS-RSP,Respiratory infections,41,0,declining
3,2024,Darjeeling,West Bengal,DIS-SNK,Snakebite,1,0,stable
3,2024,Darjeeling,West Bengal,DIS-MAL,Malaria,0,0,rising
4,2024,Darjeeling,West Bengal,DIS-CHL,Cholera,4,0,stable
4,2024,Darjeeling,West Bengal,DIS-DEN,Dengue,4,0,stable
4,2024,Darjeeling,West Bengal,DIS-RSP,Respiratory infections,54,2,declining
4,2024,Darjeeling,West Bengal,DIS-SNK,Snakebite,0,0,declining
4,2024,Darjeeling,West Bengal,DIS-MAL,Malaria,3,0,declining
5,2024,Darjeeling,West Bengal,DIS-CHL,Cholera,0,0,stable
5,2024,Darjeeling,West Bengal,DIS-DEN,Dengue,1,0,rising
5,2024,Darjeeling,West Bengal,DIS-RSP,Respiratory infections,82,0,declining
5,2024,Darjeeling,West Bengal,DIS-SNK,Snakebite,0,0,stable
5,2024,Darjeeling,West Bengal,DIS-MAL,Malaria,3,0,stable
6,2024,Darjeeling,West Bengal,DIS-CHL,Cholera,1,0,rising
6,2024,Darjeeling,West Bengal,DIS-DEN,Dengue,0,0,stable
6,2024,Darjeeling,West Bengal,DIS-RSP,Respiratory infections,102,1,declining
6,2024,Darjeeling,West Bengal,DIS-SNK,Snakebite,5,0,declining
6,2024,Darjeeling,West Bengal,DIS-MAL,Malaria,3,0,declining
7,2024,Darjeeling,West Bengal,DIS-CHL,Cholera,2,0,stable
7,2024,Darjeeling,West Bengal,DIS-DEN,Dengue,0,0,declining
7,2024,Darjeeling,West Bengal,DIS-RSP,Respiratory infections,90,0,declining
7,2024,Darjeeling,West Bengal,DIS-SNK,Snakebite,2,0,declining
7,2024,Darjeeling,West Bengal,DIS-MAL,Malaria,3,0,rising
8,2024,Darjeeling,West Bengal,DIS-CHL,Cholera,5,0,rising
8,2024,Darjeeling,West Bengal,DIS-DEN,Dengue,5,0,stable
8,2024,Darjeeling,West Bengal,DIS-RSP,Respiratory infections,23,0,declining
8,2024,Darjeeling,West Bengal,DIS-SNK,Snakebite,4,0,stable
8,2024,Darjeeling,West Bengal,DIS-MAL,Malaria,3,0,stable
9,2024,Darjeeling,West Bengal,DIS-CHL,Cholera,1,0,stable
9,2024,Darjeeling,West Bengal,DIS-DEN,Dengue,0,0,stable
9,2024,Darjeeling,West Bengal,DIS-RSP,Respiratory infections,0,0,stable
9,2024,Darjeeling,West Bengal,DIS-SNK,Snakebite,2,0,rising
9,2024,Darjeeling,West Bengal,DIS-MAL,Malaria,1,0,stable
10,2024,Darjeeling,West Bengal,DIS-CHL,Cholera,2,0,declining
10,2024,Darjeeling,West Bengal,DIS-DEN,Dengue,3,0,stable
10,2024,Darjeeling,West Bengal,DIS-RSP,Respiratory infections,4,0,stable
10,2024,Darjeeling,West Bengal,DIS-SNK,Snakebite,0,0,rising
10,2024,Darjeeling,West Bengal,DIS-MAL,Malaria,3,0,stable
11,2024,Darjeeling,West Bengal,DIS-CHL,Cholera,1,0,stable
11,2024,Darjeeling,West Bengal,DIS-DEN,Dengue,0,0,rising
11,2024,Darjeeling,West Bengal,DIS-RSP,Respiratory infections,2,0,declining
11,2024,Darjeeling,West Bengal,DIS-SNK,Snakebite,2,0,stable
11,2024,Darjeeling,West Bengal,DIS-MAL,Malaria,1,0,declining
12,2024,Darjeeling,West Bengal,DIS-CHL,Cholera,3,0,rising
12,2024,Darjeeling,West Bengal,DIS-DEN,Dengue,0,0,stable
12,2024,Darjeeling,West Bengal,DIS-RSP,Respiratory infections,0,0,rising
12,2024,Darjeeling,West Bengal,DIS-SNK,Snakebite,0,0,declining
12,2024,Darjeeling,West Bengal,DIS-MAL,Malaria,0,0,stable
13,2024,Darjeeling,West Bengal,DIS-CHL,Cholera,0,0,rising
13,2024,Darjeeling,West Bengal,DIS-DEN,Dengue,1,0,stable
13,2024,Darjeeling,West Bengal,DIS-RSP,Respiratory infections,3,0,rising
13,2024,Darjeeling,West Bengal,DIS-SNK,Snakebite,0,0,stable
13,2024,Darjeeling,West Bengal,DIS-MAL,Malaria,0,0,declining
14,2024,Darjeeling,West Bengal,DIS-CHL,Cholera,1,0,stable
14,2024,Darjeeling,West Bengal,DIS-DEN,Dengue,4,0,declining
14,2024,Darjeeling,West Bengal,DIS-RSP,Respiratory infections,4,0,declining
14,2024,Darjeeling,West Bengal,DIS-SNK,Snakebite,2,0,stable
14,2024,Darjeeling,West Bengal,DIS-MAL,Malaria,2,0,stable
15,2024,Darjeeling,West Bengal,DIS-CHL,Cholera,2,0,rising
15,2024,Darjeeling,West Bengal,DIS-DEN,Dengue,4,0,stable
15,2024,Darjeeling,West Bengal,DIS-RSP,Respiratory infections,2,0,stable
15,2024,Darjeeling,West Bengal,DIS-SNK,Snakebite,2,0,stable
15,2024,Darjeeling,West Bengal,DIS-MAL,Malaria,3,0,declining
16,2024,Darjeeling,West Bengal,DIS-CHL,Cholera,4,0,declining
16,2024,Darjeeling,West Bengal,DIS-DEN,Dengue,2,0,stable
16,2024,Darjeeling,West Bengal,DIS-RSP,Respiratory infections,0,0,rising
16,2024,Darjeeling,West Bengal,DIS-SNK,Snakebite,2,0,stable
16,2024,Darjeeling,West Bengal,DIS-MAL,Malaria,0,0,stable
17,2024,Darjeeling,West Bengal,DIS-CHL,Cholera,4,0,stable
17,2024,Darjeeling,West Bengal,DIS-DEN,Dengue,1,0,declining
17,2024,Darjeeling,West Bengal,DIS-RSP,Respiratory infections,2,0,rising
17,2024,Darjeeling,West Bengal,DIS-SNK,Snakebite,3,0,stable
17,2024,Darjeeling,West Bengal,DIS-MAL,Malaria,0,0,stable
18,2024,Darjeeling,West Bengal,DIS-CHL,Cholera,1,0,stable
18,2024,Darjeeling,West Bengal,DIS-DEN,Dengue,1,0,stable
18,2024,Darjeeling,West Bengal,DIS-RSP,Respiratory infections,3,0,rising
18,2024,Darjeeling,West Bengal,DIS-SNK,Snakebite,5,0,stable
18,2024,Darjeeling,West Bengal,DIS-MAL,Malaria,3,0,stable
19,2024,Darjeeling,West Bengal,DIS-CHL,Cholera,0,0,stable
19,2024,Darjeeling,West Bengal,DIS-DEN,Dengue,4,0,stable
19,2024,Darjeeling,West Bengal,DIS-RSP,Respiratory infections,2,0,declining
19,2024,Darjeeling,West Bengal,DIS-SNK,Snakebite,4,0,stable
19,2024,Darjeeling,West Bengal,DIS-MAL,Malaria,4,0,rising
20,2024,Darjeeling,West Bengal,DIS-CHL,Cholera,2,0,stable
20,2024,Darjeeling,West Bengal,DIS-DEN,Dengue,1,0,rising
20,2024,Darjeeling,West Bengal,DIS-RSP,Respiratory infections,0,0,stable
20,2024,Darjeeling,West Bengal,DIS-SNK,Snakebite,95,3,rising
20,2024,Darjeeling,West Bengal,DIS-MAL,Malaria,2,0,stable
21,2024,Darjeeling,West Bengal,DIS-CHL,Cholera,5,0,declining
21,2024,Darjeeling,West Bengal,DIS-DEN,Dengue,0,0,stable
21,2024,Darjeeling,West Bengal,DIS-RSP,Respiratory infections,4,0,stable
21,2024,Darjeeling,West Bengal,DIS-SNK,Snakebite,36,0,rising
21,2024,Darjeeling,West Bengal,DIS-MAL,Malaria,0,0,declining
22,2024,Darjeeling,West Bengal,DIS-CHL,Cholera,0,0,declining
22,2024,Darjeeling,West Bengal,DIS-DEN,Dengue,1,0,stable
22,2024,Darjeeling,West Bengal,DIS-RSP,Respiratory infections,1,0,stable
22,2024,Darjeeling,West Bengal,DIS-SNK,Snakebite,51,1,rising
22,2024,Darjeeling,West Bengal,DIS-MAL,Malaria,2,0,stable
23,2024,Darjeeling,West Bengal,DIS-CHL,Cholera,1,0,declining
23,2024,Darjeeling,West Bengal,DIS-DEN,Dengue,0,0,rising
23,2024,Darjeeling,West Bengal,DIS-RSP,Respiratory infections,4,0,rising
23,2024,Darjeeling,West Bengal,DIS-SNK,Snakebite,44,1,rising
23,2024,Darjeeling,West Bengal,DIS-MAL,Malaria,2,0,stable
24,2024,Darjeeling,West Bengal,DIS-CHL,Cholera,0,0,rising
24,2024,Darjeeling,West Bengal,DIS-DEN,Dengue,2,0,declining
24,2024,Darjeeling,West Bengal,DIS-RSP,Respiratory infections,3,0,declining
24,2024,Darjeeling,West Bengal,DIS-SNK,Snakebite,76,2,rising
24,2024,Darjeeling,West Bengal,DIS-MAL,Malaria,0,0,declining
25,2024,Darjeeling,West Bengal,DIS-CHL,Cholera,49,2,rising
25,2024,Darjeeling,West Bengal,DIS-DEN,Dengue,0,0,stable
25,2024,Darjeeling,West Bengal,DIS-RSP,Respiratory infections,4,0,stable
25,2024,Darjeeling,West Bengal,DIS-SNK,Snakebite,77,1,rising
25,2024,Darjeeling,West Bengal,DIS-MAL,Malaria,3,0,stable
26,2024,Darjeeling,West Bengal,DIS-CHL,Cholera,30,0,rising
26,2024,Darjeeling,West Bengal,DIS-DEN,Dengue,0,0,stable
26,2024,Darjeeling,West Bengal,DIS-RSP,Respiratory infections,4,0,stable
26,2024,Darjeeling,West Bengal,DIS-SNK,Snakebite,40,0,rising
26,2024,Darjeeling,West Bengal,DIS-MAL,Malaria,5,0,rising
27,2024,Darjeeling,West Bengal,DIS-CHL,Cholera,75,2,rising
27,2024,Darjeeling,West Bengal,DIS-DEN,Dengue,3,0,declining
27,2024,Darjeeling,West Bengal,DIS-RSP,Respiratory infections,1,0,stable
27,2024,Darjeeling,West Bengal,DIS-SNK,Snakebite,45,0,rising
27,2024,Darjeeling,West Bengal,DIS-MAL,Malaria,0,0,stable
28,2024,Darjeeling,West Bengal,DIS-CHL,Cholera,48,2,rising
28,2024,Darjeeling,West Bengal,DIS-DEN,Dengue,4,0,stable
28,2024,Darjeeling,West Bengal,DIS-RSP,Respiratory infections,3,0,stable
28,2024,Darjeeling,West Bengal,DIS-SNK,Snakebite,30,1,rising
28,2024,Darjeeling,West Bengal,DIS-MAL,Malaria,97,4,rising
29,2024,Darjeeling,West Bengal,DIS-CHL,Cholera,28,0,rising
29,2024,Darjeeling,West Bengal,DIS-DEN,Dengue,3,0,stable
29,2024,Darjeeling,West Bengal,DIS-RSP,Respiratory infections,0,0,rising
29,2024,Darjeeling,West Bengal,DIS-SNK,Snakebite,77,1,rising
29,2024,Darjeeling,West Bengal,DIS-MAL,Malaria,105,1,rising
30,2024,Darjeeling,West Bengal,DIS-CHL,Cholera,79,1,declining
30,2024,Darjeeling,West Bengal,DIS-DEN,Dengue,53,0,rising
30,2024,Darjeeling,West Bengal,DIS-RSP,Respiratory infections,3,0,stable
30,2024,Darjeeling,West Bengal,DIS-SNK,Snakebite,70,2,declining
30,2024,Darjeeling,West Bengal,DIS-MAL,Malaria,104,4,rising
31,2024,Darjeeling,West Bengal,DIS-CHL,Cholera,25,0,declining
31,2024,Darjeeling,West Bengal,DIS-DEN,Dengue,55,1,rising
31,2024,Darjeeling,West Bengal,DIS-RSP,Respiratory infections,1,0,declining
31,2024,Darjeeling,West Bengal,DIS-SNK,Snakebite,27,0,declining
31,2024,Darjeeling,West Bengal,DIS-MAL,Malaria,58,2,rising
32,2024,Darjeeling,West Bengal,DIS-CHL,Cholera,101,4,declining
32,2024,Darjeeling,West Bengal,DIS-DEN,Dengue,34,1,rising
32,2024,Darjeeling,West Bengal,DIS-RSP,Respiratory infections,4,0,stable
32,2024,Darjeeling,West Bengal,DIS-SNK,Snakebite,51,2,declining
32,2024,Darjeeling,West Bengal,DIS-MAL,Malaria,81,1,rising
33,2024,Darjeeling,West Bengal,DIS-CHL,Cholera,56,1,declining
33,2024,Darjeeling,West Bengal,DIS-DEN,Dengue,82,3,rising
33,2024,Darjeeling,West Bengal,DIS-RSP,Respiratory infections,2,0,declining
33,2024,Darjeeling,West Bengal,DIS-SNK,Snakebite,54,0,declining
33,2024,Darjeeling,West Bengal,DIS-MAL,Malaria,37,1,rising
34,2024,Darjeeling,West Bengal,DIS-CHL,Cholera,73,2,declining
34,2024,Darjeeling,West Bengal,DIS-DEN,Dengue,76,0,rising
34,2024,Darjeeling,West Bengal,DIS-RSP,Respiratory infections,2,0,declining
34,2024,Darjeeling,West Bengal,DIS-SNK,Snakebite,38,1,declining
34,2024,Darjeeling,West Bengal,DIS-MAL,Malaria,42,1,rising
35,2024,Darjeeling,West Bengal,DIS-CHL,Cholera,72,2,declining
35,2024,Darjeeling,West Bengal,DIS-DEN,Dengue,22,0,rising
35,2024,Darjeeling,West Bengal,DIS-RSP,Respiratory infections,1,0,declining
35,2024,Darjeeling,West Bengal,DIS-SNK,Snakebite,45,1,declining
35,2024,Darjeeling,West Bengal,DIS-MAL,Malaria,61,0,declining
36,2024,Darjeeling,West Bengal,DIS-CHL,Cholera,0,0,stable
36,2024,Darjeeling,West Bengal,DIS-DEN,Dengue,76,1,rising
36,2024,Darjeeling,West Bengal,DIS-RSP,Respiratory infections,4,0,declining
36,2024,Darjeeling,West Bengal,DIS-SNK,Snakebite,49,2,declining
36,2024,Darjeeling,West Bengal,DIS-MAL,Malaria,44,1,declining
37,2024,Darjeeling,West Bengal,DIS-CHL,Cholera,3,0,stable
37,2024,Darjeeling,West Bengal,DIS-DEN,Dengue,42,0,declining
37,2024,Darjeeling,West Bengal,DIS-RSP,Respiratory infections,4,0,declining
37,2024,Darjeeling,West Bengal,DIS-SNK,Snakebite,74,1,declining
37,2024,Darjeeling,West Bengal,DIS-MAL,Malaria,40,1,declining
38,2024,Darjeeling,West Bengal,DIS-CHL,Cholera,0,0,declining
38,2024,Darjeeling,West Bengal,DIS-DEN,Dengue,111,0,declining
38,2024,Darjeeling,West Bengal,DIS-RSP,Respiratory infections,3,0,stable
38,2024,Darjeeling,West Bengal,DIS-SNK,Snakebite,79,0,declining
38,2024,Darjeeling,West Bengal,DIS-MAL,Malaria,106,0,declining
39,2024,Darjeeling,West Bengal,DIS-CHL,Cholera,3,0,rising
39,2024,Darjeeling,West Bengal,DIS-DEN,Dengue,36,0,declining
39,2024,Darjeeling,West Bengal,DIS-RSP,Respiratory infections,0,0,stable
39,2024,Darjeeling,West Bengal,DIS-SNK,Snakebite,98,0,declining
39,2024,Darjeeling,West Bengal,DIS-MAL,Malaria,74,1,declining
40,2024,Darjeeling,West Bengal,DIS-CHL,Cholera,4,0,rising
40,2024,Darjeeling,West Bengal,DIS-DEN,Dengue,74,0,declining
40,2024,Darjeeling,West Bengal,DIS-RSP,Respiratory infections,2,0,stable
40,2024,Darjeeling,West Bengal,DIS-SNK,Snakebite,66,0,declining
40,2024,Darjeeling,West Bengal,DIS-MAL,Malaria,19,0,declining
41,2024,Darjeeling,West Bengal,DIS-CHL,Cholera,0,0,rising
41,2024,Darjeeling,West Bengal,DIS-DEN,Dengue,41,0,declining
41,2024,Darjeeling,West Bengal,DIS-RSP,Respiratory infections,0,0,rising
41,2024,Darjeeling,West Bengal,DIS-SNK,Snakebite,0,0,rising
41,2024,Darjeeling,West Bengal,DIS-MAL,Malaria,86,0,declining
42,2024,Darjeeling,West Bengal,DIS-CHL,Cholera,3,0,declining
42,2024,Darjeeling,West Bengal,DIS-DEN,Dengue,29,0,declining
42,2024,Darjeeling,West Bengal,DIS-RSP,Respiratory infections,0,0,rising
42,2024,Darjeeling,West Bengal,DIS-SNK,Snakebite,2,0,stable
42,2024,Darjeeling,West Bengal,DIS-MAL,Malaria,63,0,declining
43,2024,Darjeeling,West Bengal,DIS-CHL,Cholera,5,0,stable
43,2024,Darjeeling,West Bengal,DIS-DEN,Dengue,61,2,declining
43,2024,Darjeeling,West Bengal,DIS-RSP,Respiratory infections,3,0,stable
43,2024,Darjeeling,West Bengal,DIS-SNK,Snakebite,4,0,stable
43,2024,Darjeeling,West Bengal,DIS-MAL,Malaria,4,0,rising
44,2024,Darjeeling,West Bengal,DIS-CHL,Cholera,5,0,declining
44,2024,Darjeeling,West Bengal,DIS-DEN,Dengue,80,1,declining
44,2024,Darjeeling,West Bengal,DIS-RSP,Respiratory infections,4,0,declining
44,2024,Darjeeling,West Bengal,DIS-SNK,Snakebite,3,0,stable
44,2024,Darjeeling,West Bengal,DIS-MAL,Malaria,4,0,rising
45,2024,Darjeeling,West Bengal,DIS-CHL,Cholera,1,0,rising
45,2024,Darjeeling,West Bengal,DIS-DEN,Dengue,43,0,declining
45,2024,Darjeeling,West Bengal,DIS-RSP,Respiratory infections,68,2,declining
45,2024,Darjeeling,West Bengal,DIS-SNK,Snakebite,0,0,rising
45,2024,Darjeeling,West Bengal,DIS-MAL,Malaria,5,0,declining
46,2024,Darjeeling,West Bengal,DIS-CHL,Cholera,1,0,rising
46,2024,Darjeeling,West Bengal,DIS-DEN,Dengue,4,0,stable
46,2024,Darjeeling,West Bengal,DIS-RSP,Respiratory infections,94,3,declining
46,2024,Darjeeling,West Bengal,DIS-SNK,Snakebite,2,0,rising
46,2024,Darjeeling,West Bengal,DIS-MAL,Malaria,4,0,stable
47,2024,Darjeeling,West Bengal,DIS-CHL,Cholera,0,0,stable
47,2024,Darjeeling,West Bengal,DIS-DEN,Dengue,0,0,stable
47,2024,Darjeeling,West Bengal,DIS-RSP,Respiratory infections,22,1,declining
47,2024,Darjeeling,West Bengal,DIS-SNK,Snakebite,0,0,stable
47,2024,Darjeeling,West Bengal,DIS-MAL,Malaria,1,0,stable
48,2024,Darjeeling,West Bengal,DIS-CHL,Cholera,2,0,stable
48,2024,Darjeeling,West Bengal,DIS-DEN,Dengue,0,0,declining
48,2024,Darjeeling,West Bengal,DIS-RSP,Respiratory infections,53,1,declining
48,2024,Darjeeling,West Bengal,DIS-SNK,Snakebite,5,0,stable
48,2024,Darjeeling,West Bengal,DIS-MAL,Malaria,4,0,stable
49,2024,Darjeeling,West Bengal,DIS-CHL,Cholera,2,0,stable
49,2024,Darjeeling,West Bengal,DIS-DEN,Dengue,0,0,stable
49,2024,Darjeeling,West Bengal,DIS-RSP,Respiratory infections,77,3,declining
49,2024,Darjeeling,West Bengal,DIS-SNK,Snakebite,4,0,stable
49,2024,Darjeeling,West Bengal,DIS-MAL,Malaria,3,0,stable
50,2024,Darjeeling,West Bengal,DIS-CHL,Cholera,4,0,stable
50,2024,Darjeeling,West Bengal,DIS-DEN,Dengue,1,0,stable
50,2024,Darjeeling,West Bengal,DIS-RSP,Respiratory infections,119,3,declining
50,2024,Darjeeling,West Bengal,DIS-SNK,Snakebite,0,0,stable
50,2024,Darjeeling,West Bengal,DIS-MAL,Malaria,3,0,rising
51,2024,Darjeeling,West Bengal,DIS-CHL,Cholera,4,0,stable
51,2024,Darjeeling,West Bengal,DIS-DEN,Dengue,4,0,stable
51,2024,Darjeeling,West Bengal,DIS-RSP,Respiratory infections,40,0,declining
51,2024,Darjeeling,West Bengal,DIS-SNK,Snakebite,2,0,stable
51,2024,Darjeeling,West Bengal,DIS-MAL,Malaria,4,0,declining
52,2024,Darjeeling,West Bengal,DIS-CHL,Cholera,5,0,rising
52,2024,Darjeeling,West Bengal,DIS-DEN,Dengue,1,0,stable
52,2024,Darjeeling,West Bengal,DIS-RSP,Respiratory infections,75,3,declining
52,2024,Darjeeling,West Bengal,DIS-SNK,Snakebite,1,0,stable
52,2024,Darjeeling,West Bengal,DIS-MAL,Malaria,3,0,rising
1,2024,Murshidabad,West Bengal,DIS-CHL,Cholera,1,0,rising
1,2024,Murshidabad,West Bengal,DIS-DEN,Dengue,4,0,declining
1,2024,Murshidabad,West Bengal,DIS-RSP,Respiratory infections,65,2,stable
1,2024,Murshidabad,West Bengal,DIS-SNK,Snakebite,2,0,declining
1,2024,Murshidabad,West Bengal,DIS-MAL,Malaria,1,0,stable
2,2024,Murshidabad,West Bengal,DIS-CHL,Cholera,0,0,stable
2,2024,Murshidabad,West Bengal,DIS-DEN,Dengue,1,0,declining
2,2024,Murshidabad,West Bengal,DIS-RSP,Respiratory infections,51,2,declining
2,2024,Murshidabad,West Bengal,DIS-SNK,Snakebite,2,0,stable
2,2024,Murshidabad,West Bengal,DIS-MAL,Malaria,3,0,rising
3,2024,Murshidabad,West Bengal,DIS-CHL,Cholera,2,0,rising
3,2024,Murshidabad,West Bengal,DIS-DEN,Dengue,0,0,declining
3,2024,Murshidabad,West Bengal,DIS-RSP,Respiratory infections,48,2,declining
3,2024,Murshidabad,West Bengal,DIS-SNK,Snakebite,5,0,stable
3,2024,Murshidabad,West Bengal,DIS-MAL,Malaria,2,0,rising
4,2024,Murshidabad,West Bengal,DIS-CHL,Cholera,1,0,stable
4,2024,Murshidabad,West Bengal,DIS-DEN,Dengue,1,0,rising
4,2024,Murshidabad,West Bengal,DIS-RSP,Respiratory infections,43,0,declining
4,2024,Murshidabad,West Bengal,DIS-SNK,Snakebite,0,0,rising
4,2024,Murshidabad,West Bengal,DIS-MAL,Malaria,1,0,stable
5,2024,Murshidabad,West Bengal,DIS-CHL,Cholera,0,0,stable
5,2024,Murshidabad,West Bengal,DIS-DEN,Dengue,3,0,declining
5,2024,Murshidabad,West Bengal,DIS-RSP,Respiratory infections,49,1,declining
5,2024,Murshidabad,West Bengal,DIS-SNK,Snakebite,4,0,stable
5,2024,Murshidabad,West Bengal,DIS-MAL,Malaria,0,0,declining
6,2024,Murshidabad,West Bengal,DIS-CHL,Cholera,0,0,stable
6,2024,Murshidabad,West Bengal,DIS-DEN,Dengue,3,0,stable
6,2024,Murshidabad,West Bengal,DIS-RSP,Respiratory infections,68,3,declining
6,2024,Murshidabad,West Bengal,DIS-SNK,Snakebite,4,0,declining
6,2024,Murshidabad,West Bengal,DIS-MAL,Malaria,0,0,stable
7,2024,Murshidabad,West Bengal,DIS-CHL,Cholera,0,0,stable
7,2024,Murshidabad,West Bengal,DIS-DEN,Dengue,3,0,stable
7,2024,Murshidabad,West Bengal,DIS-RSP,Respiratory infections,74,1,declining
7,2024,Murshidabad,West Bengal,DIS-SNK,Snakebite,0,0,stable
7,2024,Murshidabad,West Bengal,DIS-MAL,Malaria,3,0,stable
8,2024,Murshidabad,West Bengal,DIS-CHL,Cholera,2,0,stable
8,2024,Murshidabad,West Bengal,DIS-DEN,Dengue,3,0,declining
8,2024,Murshidabad,West Bengal,DIS-RSP,Respiratory infections,48,0,declining
8,2024,Murshidabad,West Bengal,DIS-SNK,Snakebite,2,0,stable
8,2024,Murshidabad,West Bengal,DIS-MAL,Malaria,0,0,rising
9,2024,Murshidabad,West Bengal,DIS-CHL,Cholera,4,0,declining
9,2024,Murshidabad,West Bengal,DIS-DEN,Dengue,0,0,rising
9,2024,Murshidabad,West Bengal,DIS-RSP,Respiratory infections,2,0,declining
9,2024,Murshidabad,West Bengal,DIS-SNK,Snakebite,1,0,stable
9,2024,Murshidabad,West Bengal,DIS-MAL,Malaria,2,0,stable
10,2024,Murshidabad,West Bengal,DIS-CHL,Cholera,1,0,stable
10,2024,Murshidabad,West Bengal,DIS-DEN,Dengue,3,0,stable
10,2024,Murshidabad,West Bengal,DIS-RSP,Respiratory infections,1,0,stable
10,2024,Murshidabad,West Bengal,DIS-SNK,Snakebite,1,0,stable
10,2024,Murshidabad,West Bengal,DIS-MAL,Malaria,1,0,declining
11,2024,Murshidabad,West Bengal,DIS-CHL,Cholera,1,0,stable
11,2024,Murshidabad,West Bengal,DIS-DEN,Dengue,0,0,stable
11,2024,Murshidabad,West Bengal,DIS-RSP,Respiratory infections,2,0,stable
11,2024,Murshidabad,West Bengal,DIS-SNK,Snakebite,1,0,rising
11,2024,Murshidabad,West Bengal,DIS-MAL,Malaria,5,0,rising
12,2024,Murshidabad,West Bengal,DIS-CHL,Cholera,2,0,rising
12,2024,Murshidabad,West Bengal,DIS-DEN,Dengue,1,0,declining
12,2024,Murshidabad,West Bengal,DIS-RSP,Respiratory infections,5,0,stable
12,2024,Murshidabad,West Bengal,DIS-SNK,Snakebite,1,0,stable
12,2024,Murshidabad,West Bengal,DIS-MAL,Malaria,3,0,stable
13,2024,Murshidabad,West Bengal,DIS-CHL,Cholera,1,0,stable
13,2024,Murshidabad,West Bengal,DIS-DEN,Dengue,3,0,rising
13,2024,Murshidabad,West Bengal,DIS-RSP,Respiratory infections,3,0,stable
13,2024,Murshidabad,West Bengal,DIS-SNK,Snakebite,3,0,rising
13,2024,Murshidabad,West Bengal,DIS-MAL,Malaria,3,0,rising
14,2024,Murshidabad,West Bengal,DIS-CHL,Cholera,5,0,declining
14,2024,Murshidabad,West Bengal,DIS-DEN,Dengue,2,0,stable
14,2024,Murshidabad,West Bengal,DIS-RSP,Respiratory infections,2,0,rising
14,2024,Murshidabad,West Bengal,DIS-SNK,Snakebite,5,0,rising
14,2024,Murshidabad,West Bengal,DIS-MAL,Malaria,1,0,stable
15,2024,Murshidabad,West Bengal,DIS-CHL,Cholera,2,0,stable
15,2024,Murshidabad,West Bengal,DIS-DEN,Dengue,3,0,stable
15,2024,Murshidabad,West Bengal,DIS-RSP,Respiratory infections,4,0,stable
15,2024,Murshidabad,West Bengal,DIS-SNK,Snakebite,1,0,declining
15,2024,Murshidabad,West Bengal,DIS-MAL,Malaria,4,0,rising
16,2024,Murshidabad,West Bengal,DIS-CHL,Cholera,4,0,rising
16,2024,Murshidabad,West Bengal,DIS-DEN,Dengue,1,0,stable
16,2024,Murshidabad,West Bengal,DIS-RSP,Respiratory infections,3,0,declining
16,2024,Murshidabad,West Bengal,DIS-SNK,Snakebite,3,0,rising
16,2024,Murshidabad,West Bengal,DIS-MAL,Malaria,0,0,stable
17,2024,Murshidabad,West Bengal,DIS-CHL,Cholera,0,0,stable
17,2024,Murshidabad,West Bengal,DIS-DEN,Dengue,4,0,rising
17,2024,Murshidabad,West Bengal,DIS-RSP,Respiratory infections,3,0,declining
17,2024,Murshidabad,West Bengal,DIS-SNK,Snakebite,4,0,rising
17,2024,Murshidabad,West Bengal,DIS-MAL,Malaria,1,0,stable
18,2024,Murshidabad,West Bengal,DIS-CHL,Cholera,4,0,stable
18,2024,Murshidabad,West Bengal,DIS-DEN,Dengue,1,0,declining
18,2024,Murshidabad,West Bengal,DIS-RSP,Respiratory infections,1,0,stable
18,2024,Murshidabad,West Bengal,DIS-SNK,Snakebite,0,0,stable
18,2024,Murshidabad,West Bengal,DIS-MAL,Malaria,1,0,stable
19,2024,Murshidabad,West Bengal,DIS-CHL,Cholera,3,0,stable
19,2024,Murshidabad,West Bengal,DIS-DEN,Dengue,0,0,stable
19,2024,Murshidabad,West Bengal,DIS-RSP,Respiratory infections,4,0,rising
19,2024,Murshidabad,West Bengal,DIS-SNK,Snakebite,1,0,declining
19,2024,Murshidabad,West Bengal,DIS-MAL,Malaria,2,0,stable
20,2024,Murshidabad,West Bengal,DIS-CHL,Cholera,2,0,rising
20,2024,Murshidabad,West Bengal,DIS-DEN,Dengue,1,0,rising
20,2024,Murshidabad,West Bengal,DIS-RSP,Respiratory infections,3,0,rising
20,2024,Murshidabad,West Bengal,DIS-SNK,Snakebite,64,0,rising
20,2024,Murshidabad,West Bengal,DIS-MAL,Malaria,5,0,declining
21,2024,Murshidabad,West Bengal,DIS-CHL,Cholera,0,0,declining
21,2024,Murshidabad,West Bengal,DIS-DEN,Dengue,5,0,declining
21,2024,Murshidabad,West Bengal,DIS-RSP,Respiratory infections,1,0,rising
21,2024,Murshidabad,West Bengal,DIS-SNK,Snakebite,36,0,rising
21,2024,Murshidabad,West Bengal,DIS-MAL,Malaria,1,0,rising
22,2024,Murshidabad,West Bengal,DIS-CHL,Cholera,1,0,stable
22,2024,Murshidabad,West Bengal,DIS-DEN,Dengue,2,0,declining
22,2024,Murshidabad,West Bengal,DIS-RSP,Respiratory infections,0,0,rising
22,2024,Murshidabad,West Bengal,DIS-SNK,Snakebite,27,0,rising
22,2024,Murshidabad,West Bengal,DIS-MAL,Malaria,3,0,stable
23,2024,Murshidabad,West Bengal,DIS-CHL,Cholera,0,0,rising
23,2024,Murshidabad,West Bengal,DIS-DEN,Dengue,0,0,declining
23,2024,Murshidabad,West Bengal,DIS-RSP,Respiratory infections,4,0,rising
23,2024,Murshidabad,West Bengal,DIS-SNK,Snakebite,97,1,rising
23,2024,Murshidabad,West Bengal,DIS-MAL,Malaria,0,0,declining
24,2024,Murshidabad,West Bengal,DIS-CHL,Cholera,2,0,stable
24,2024,Murshidabad,West Bengal,DIS-DEN,Dengue,1,0,rising
24,2024,Murshidabad,West Bengal,DIS-RSP,Respiratory infections,1,0,declining
24,2024,Murshidabad,West Bengal,DIS-SNK,Snakebite,37,0,rising
24,2024,Murshidabad,West Bengal,DIS-MAL,Malaria,2,0,declining
25,2024,Murshidabad,West Bengal,DIS-CHL,Cholera,59,0,rising
25,2024,Murshidabad,West Bengal,DIS-DEN,Dengue,0,0,stable
25,2024,Murshidabad,West Bengal,DIS-RSP,Respiratory infections,0,0,rising
25,2024,Murshidabad,West Bengal,DIS-SNK,Snakebite,72,3,rising
25,2024,Murshidabad,West Bengal,DIS-MAL,Malaria,0,0,stable
26,2024,Murshidabad,West Bengal,DIS-CHL,Cholera,20,0,rising
26,2024,Murshidabad,West Bengal,DIS-DEN,Dengue,0,0,declining
26,2024,Murshidabad,West Bengal,DIS-RSP,Respiratory infections,4,0,rising
26,2024,Murshidabad,West Bengal,DIS-SNK,Snakebite,73,1,rising
26,2024,Murshidabad,West Bengal,DIS-MAL,Malaria,3,0,stable
27,2024,Murshidabad,West Bengal,DIS-CHL,Cholera,43,1,rising
27,2024,Murshidabad,West Bengal,DIS-DEN,Dengue,2,0,declining
27,2024,Murshidabad,West Bengal,DIS-RSP,Respiratory infections,0,0,declining
27,2024,Murshidabad,West Bengal,DIS-SNK,Snakebite,57,0,rising
27,2024,Murshidabad,West Bengal,DIS-MAL,Malaria,5,0,stable
28,2024,Murshidabad,West Bengal,DIS-CHL,Cholera,89,2,rising
28,2024,Murshidabad,West Bengal,DIS-DEN,Dengue,3,0,stable
28,2024,Murshidabad,West Bengal,DIS-RSP,Respiratory infections,5,0,declining
28,2024,Murshidabad,West Bengal,DIS-SNK,Snakebite,47,0,rising
28,2024,Murshidabad,West Bengal,DIS-MAL,Malaria,44,1,rising
29,2024,Murshidabad,West Bengal,DIS-CHL,Cholera,65,1,rising
29,2024,Murshidabad,West Bengal,DIS-DEN,Dengue,0,0,rising
29,2024,Murshidabad,West Bengal,DIS-RSP,Respiratory infections,5,0,stable
29,2024,Murshidabad,West Bengal,DIS-SNK,Snakebite,30,0,rising
29,2024,Murshidabad,West Bengal,DIS-MAL,Malaria,59,2,rising
30,2024,Murshidabad,West Bengal,DIS-CHL,Cholera,37,0,declining
30,2024,Murshidabad,West Bengal,DIS-DEN,Dengue,48,2,rising
30,2024,Murshidabad,West Bengal,DIS-RSP,Respiratory infections,4,0,stable
30,2024,Murshidabad,West Bengal,DIS-SNK,Snakebite,41,1,declining
30,2024,Murshidabad,West Bengal,DIS-MAL,Malaria,37,1,rising
31,2024,Murshidabad,West Bengal,DIS-CHL,Cholera,86,1,declining
31,2024,Murshidabad,West Bengal,DIS-DEN,Dengue,74,2,rising
31,2024,Murshidabad,West Bengal,DIS-RSP,Respiratory infections,0,0,stable
31,2024,Murshidabad,West Bengal,DIS-SNK,Snakebite,83,1,declining
31,2024,Murshidabad,West Bengal,DIS-MAL,Malaria,64,0,rising
32,2024,Murshidabad,West Bengal,DIS-CHL,Cholera,97,3,declining
32,2024,Murshidabad,West Bengal,DIS-DEN,Dengue,98,3,rising
32,2024,Murshidabad,West Bengal,DIS-RSP,Respiratory infections,5,0,declining
32,2024,Murshidabad,West Bengal,DIS-SNK,Snakebite,98,2,declining
32,2024,Murshidabad,West Bengal,DIS-MAL,Malaria,20,0,rising
33,2024,Murshidabad,West Bengal,DIS-CHL,Cholera,56,1,declining
33,2024,Murshidabad,West Bengal,DIS-DEN,Dengue,33,0,rising
33,2024,Murshidabad,West Bengal,DIS-RSP,Respiratory infections,0,0,stable
33,2024,Murshidabad,West Bengal,DIS-SNK,Snakebite,90,0,declining
33,2024,Murshidabad,West Bengal,DIS-MAL,Malaria,62,2,rising
34,2024,Murshidabad,West Bengal,DIS-CHL,Cholera,23,0,declining
34,2024,Murshidabad,West Bengal,DIS-DEN,Dengue,40,0,rising
34,2024,Murshidabad,West Bengal,DIS-RSP,Respiratory infections,2,0,rising
34,2024,Murshidabad,West Bengal,DIS-SNK,Snakebite,48,1,declining
34,2024,Murshidabad,West Bengal,DIS-MAL,Malaria,55,1,rising
35,2024,Murshidabad,West Bengal,DIS-CHL,Cholera,26,0,declining
35,2024,Murshidabad,West Bengal,DIS-DEN,Dengue,39,0,rising
35,2024,Murshidabad,West Bengal,DIS-RSP,Respiratory infections,2,0,rising
35,2024,Murshidabad,West Bengal,DIS-SNK,Snakebite,43,0,declining
35,2024,Murshidabad,West Bengal,DIS-MAL,Malaria,83,0,declining
36,2024,Murshidabad,West Bengal,DIS-CHL,Cholera,4,0,rising
36,2024,Murshidabad,West Bengal,DIS-DEN,Dengue,111,2,rising
36,2024,Murshidabad,West Bengal,DIS-RSP,Respiratory infections,1,0,rising
36,2024,Murshidabad,West Bengal,DIS-SNK,Snakebite,29,0,declining
36,2024,Murshidabad,West Bengal,DIS-MAL,Malaria,61,0,declining
37,2024,Murshidabad,West Bengal,DIS-CHL,Cholera,4,0,rising
37,2024,Murshidabad,West Bengal,DIS-DEN,Dengue,53,1,declining
37,2024,Murshidabad,West Bengal,DIS-RSP,Respiratory infections,5,0,stable
37,2024,Murshidabad,West Bengal,DIS-SNK,Snakebite,79,0,declining
37,2024,Murshidabad,West Bengal,DIS-MAL,Malaria,73,0,declining
38,2024,Murshidabad,West Bengal,DIS-CHL,Cholera,4,0,stable
38,2024,Murshidabad,West Bengal,DIS-DEN,Dengue,60,0,declining
38,2024,Murshidabad,West Bengal,DIS-RSP,Respiratory infections,3,0,stable
38,2024,Murshidabad,West Bengal,DIS-SNK,Snakebite,105,3,declining
38,2024,Murshidabad,West Bengal,DIS-MAL,Malaria,88,3,declining
39,2024,Murshidabad,West Bengal,DIS-CHL,Cholera,1,0,stable
39,2024,Murshidabad,West Bengal,DIS-DEN,Dengue,41,1,declining
39,2024,Murshidabad,West Bengal,DIS-RSP,Respiratory infections,1,0,rising
39,2024,Murshidabad,West Bengal,DIS-SNK,Snakebite,43,1,declining
39,2024,Murshidabad,West Bengal,DIS-MAL,Malaria,35,0,declining
40,2024,Murshidabad,West Bengal,DIS-CHL,Cholera,1,0,rising
40,2024,Murshidabad,West Bengal,DIS-DEN,Dengue,34,1,declining
40,2024,Murshidabad,West Bengal,DIS-RSP,Respiratory infections,2,0,stable
40,2024,Murshidabad,West Bengal,DIS-SNK,Snakebite,41,1,declining
40,2024,Murshidabad,West Bengal,DIS-MAL,Malaria,95,1,declining
41,2024,Murshidabad,West Bengal,DIS-CHL,Cholera,0,0,rising
41,2024,Murshidabad,West Bengal,DIS-DEN,Dengue,50,2,declining
41,2024,Murshidabad,West Bengal,DIS-RSP,Respiratory infections,0,0,declining
41,2024,Murshidabad,West Bengal,DIS-SNK,Snakebite,0,0,stable
41,2024,Murshidabad,West Bengal,DIS-MAL,Malaria,87,2,declining
42,2024,Murshidabad,West Bengal,DIS-CHL,Cholera,5,0,stable
42,2024,Murshidabad,West Bengal,DIS-DEN,Dengue,40,1,declining
42,2024,Murshidabad,West Bengal,DIS-RSP,Respiratory infections,2,0,stable
42,2024,Murshidabad,West Bengal,DIS-SNK,Snakebite,0,0,declining
42,2024,Murshidabad,West Bengal,DIS-MAL,Malaria,37,1,declining
43,2024,Murshidabad,West Bengal,DIS-CHL,Cholera,0,0,stable
43,2024,Murshidabad,West Bengal,DIS-DEN,Dengue,52,2,declining
43,2024,Murshidabad,West Bengal,DIS-RSP,Respiratory infections,1,0,declining
43,2024,Murshidabad,West Bengal,DIS-SNK,Snakebite,0,0,stable
43,2024,Murshidabad,West Bengal,DIS-MAL,Malaria,2,0,rising
44,2024,Murshidabad,West Bengal,DIS-CHL,Cholera,2,0,stable
44,2024,Murshidabad,West Bengal,DIS-DEN,Dengue,55,0,declining
44,2024,Murshidabad,West Bengal,DIS-RSP,Respiratory infections,4,0,stable
44,2024,Murshidabad,West Bengal,DIS-SNK,Snakebite,1,0,stable
44,2024,Murshidabad,West Bengal,DIS-MAL,Malaria,1,0,rising
45,2024,Murshidabad,West Bengal,DIS-CHL,Cholera,2,0,rising
45,2024,Murshidabad,West Bengal,DIS-DEN,Dengue,26,0,declining
45,2024,Murshidabad,West Bengal,DIS-RSP,Respiratory infections,28,0,declining
45,2024,Murshidabad,West Bengal,DIS-SNK,Snakebite,3,0,rising
45,2024,Murshidabad,West Bengal,DIS-MAL,Malaria,1,0,stable
46,2024,Murshidabad,West Bengal,DIS-CHL,Cholera,2,0,stable
46,2024,Murshidabad,West Bengal,DIS-DEN,Dengue,1,0,rising
46,2024,Murshidabad,West Bengal,DIS-RSP,Respiratory infections,59,1,declining
46,2024,Murshidabad,West Bengal,DIS-SNK,Snakebite,0,0,stable
46,2024,Murshidabad,West Bengal,DIS-MAL,Malaria,1,0,rising
47,2024,Murshidabad,West Bengal,DIS-CHL,Cholera,0,0,stable
47,2024,Murshidabad,West Bengal,DIS-DEN,Dengue,3,0,rising
47,2024,Murshidabad,West Bengal,DIS-RSP,Respiratory infections,53,0,declining
47,2024,Murshidabad,West Bengal,DIS-SNK,Snakebite,0,0,rising
47,2024,Murshidabad,West Bengal,DIS-MAL,Malaria,0,0,rising
48,2024,Murshidabad,West Bengal,DIS-CHL,Cholera,3,0,declining
48,2024,Murshidabad,West Bengal,DIS-DEN,Dengue,3,0,stable
48,2024,Murshidabad,West Bengal,DIS-RSP,Respiratory infections,18,0,declining
48,2024,Murshidabad,West Bengal,DIS-SNK,Snakebite,0,0,declining
48,2024,Murshidabad,West Bengal,DIS-MAL,Malaria,3,0,rising
49,2024,Murshidabad,West Bengal,DIS-CHL,Cholera,2,0,rising
49,2024,Murshidabad,West Bengal,DIS-DEN,Dengue,0,0,declining
49,2024,Murshidabad,West Bengal,DIS-RSP,Respiratory infections,32,0,declining
49,2024,Murshidabad,West Bengal,DIS-SNK,Snakebite,1,0,declining
49,2024,Murshidabad,West Bengal,DIS-MAL,Malaria,2,0,stable
50,2024,Murshidabad,West Bengal,DIS-CHL,Cholera,3,0,stable
50,2024,Murshidabad,West Bengal,DIS-DEN,Dengue,2,0,stable
50,2024,Murshidabad,West Bengal,DIS-RSP,Respiratory infections,69,3,declining
50,2024,Murshidabad,West Bengal,DIS-SNK,Snakebite,1,0,stable
50,2024,Murshidabad,West Bengal,DIS-MAL,Malaria,2,0,stable
51,2024,Murshidabad,West Bengal,DIS-CHL,Cholera,4,0,stable
51,2024,Murshidabad,West Bengal,DIS-DEN,Dengue,3,0,stable
51,2024,Murshidabad,West Bengal,DIS-RSP,Respiratory infections,72,0,declining
51,2024,Murshidabad,West Bengal,DIS-SNK,Snakebite,0,0,stable
51,2024,Murshidabad,West Bengal,DIS-MAL,Malaria,1,0,rising
52,2024,Murshidabad,West Bengal,DIS-CHL,Cholera,0,0,stable
52,2024,Murshidabad,West Bengal,DIS-DEN,Dengue,4,0,declining
52,2024,Murshidabad,West Bengal,DIS-RSP,Respiratory infections,54,2,declining
52,2024,Murshidabad,West Bengal,DIS-SNK,Snakebite,5,0,stable
52,2024,Murshidabad,West Bengal,DIS-MAL,Malaria,4,0,stable
1,2024,Bardhaman,West Bengal,DIS-CHL,Cholera,5,0,stable
1,2024,Bardhaman,West Bengal,DIS-DEN,Dengue,4,0,stable
1,2024,Bardhaman,West Bengal,DIS-RSP,Respiratory infections,56,0,rising
1,2024,Bardhaman,West Bengal,DIS-SNK,Snakebite,5,0,declining
1,2024,Bardhaman,West Bengal,DIS-MAL,Malaria,3,0,stable
2,2024,Bardhaman,West Bengal,DIS-CHL,Cholera,1,0,declining
2,2024,Bardhaman,West Bengal,DIS-DEN,Dengue,1,0,stable
2,2024,Bardhaman,West Bengal,DIS-RSP,Respiratory infections,71,2,declining
2,2024,Bardhaman,West Bengal,DIS-SNK,Snakebite,0,0,rising
2,2024,Bardhaman,West Bengal,DIS-MAL,Malaria,0,0,rising
3,2024,Bardhaman,West Bengal,DIS-CHL,Cholera,1,0,stable
3,2024,Bardhaman,West Bengal,DIS-DEN,Dengue,1,0,stable
3,2024,Bardhaman,West Bengal,DIS-RSP,Respiratory infections,94,3,declining
3,2024,Bardhaman,West Bengal,DIS-SNK,Snakebite,2,0,stable
3,2024,Bardhaman,West Bengal,DIS-MAL,Malaria,5,0,stable
4,2024,Bardhaman,West Bengal,DIS-CHL,Cholera,4,0,stable
4,2024,Bardhaman,West Bengal,DIS-DEN,Dengue,2,0,declining
4,2024,Bardhaman,West Bengal,DIS-RSP,Respiratory infections,70,2,declining
4,2024,Bardhaman,West Bengal,DIS-SNK,Snakebite,4,0,declining
4,2024,Bardhaman,West Bengal,DIS-MAL,Malaria,0,0,stable
5,2024,Bardhaman,West Bengal,DIS-CHL,Cholera,3,0,rising
5,2024,Bardhaman,West Bengal,DIS-DEN,Dengue,1,0,stable
5,2024,Bardhaman,West Bengal,DIS-RSP,Respiratory infections,69,0,declining
5,2024,Bardhaman,West Bengal,DIS-SNK,Snakebite,3,0,stable
5,2024,Bardhaman,West Bengal,DIS-MAL,Malaria,5,0,declining
6,2024,Bardhaman,West Bengal,DIS-CHL,Cholera,4,0,stable
6,2024,Bardhaman,West Bengal,DIS-DEN,Dengue,4,0,stable
6,2024,Bardhaman,West Bengal,DIS-RSP,Respiratory infections,64,2,declining
6,2024,Bardhaman,West Bengal,DIS-SNK,Snakebite,2,0,declining
6,2024,Bardhaman,West Bengal,DIS-MAL,Malaria,4,0,stable
7,2024,Bardhaman,West Bengal,DIS-CHL,Cholera,0,0,stable
7,2024,Bardhaman,West Bengal,DIS-DEN,Dengue,2,0,stable
7,2024,Bardhaman,West Bengal,DIS-RSP,Respiratory infections,90,2,declining
7,2024,Bardhaman,West Bengal,DIS-SNK,Snakebite,1,0,declining
7,2024,Bardhaman,West Bengal,DIS-MAL,Malaria,3,0,stable
8,2024,Bardhaman,West Bengal,DIS-CHL,Cholera,1,0,stable
8,2024,Bardhaman,West Bengal,DIS-DEN,Dengue,0,0,stable
8,2024,Bardhaman,West Bengal,DIS-RSP,Respiratory infections,32,0,declining
8,2024,Bardhaman,West Bengal,DIS-SNK,Snakebite,3,0,rising
8,2024,Bardhaman,West Bengal,DIS-MAL,Malaria,4,0,declining
9,2024,Bardhaman,West Bengal,DIS-CHL,Cholera,4,0,stable
9,2024,Bardhaman,West Bengal,DIS-DEN,Dengue,0,0,stable
9,2024,Bardhaman,West Bengal,DIS-RSP,Respiratory infections,1,0,stable
9,2024,Bardhaman,West Bengal,DIS-SNK,Snakebite,4,0,stable
9,2024,Bardhaman,West Bengal,DIS-MAL,Malaria,4,0,declining
10,2024,Bardhaman,West Bengal,DIS-CHL,Cholera,0,0,declining
10,2024,Bardhaman,West Bengal,DIS-DEN,Dengue,2,0,stable
10,2024,Bardhaman,West Bengal,DIS-RSP,Respiratory infections,4,0,declining
10,2024,Bardhaman,West Bengal,DIS-SNK,Snakebite,3,0,rising
10,2024,Bardhaman,West Bengal,DIS-MAL,Malaria,1,0,stable
11,2024,Bardhaman,West Bengal,DIS-CHL,Cholera,1,0,stable
11,2024,Bardhaman,West Bengal,DIS-DEN,Dengue,1,0,stable
11,2024,Bardhaman,West Bengal,DIS-RSP,Respiratory infections,3,0,rising
11,2024,Bardhaman,West Bengal,DIS-SNK,Snakebite,3,0,rising
11,2024,Bardhaman,West Bengal,DIS-MAL,Malaria,4,0,stable
12,2024,Bardhaman,West Bengal,DIS-CHL,Cholera,1,0,stable
12,2024,Bardhaman,West Bengal,DIS-DEN,Dengue,3,0,declining
12,2024,Bardhaman,West Bengal,DIS-RSP,Respiratory infections,4,0,stable
12,2024,Bardhaman,West Bengal,DIS-SNK,Snakebite,3,0,stable
12,2024,Bardhaman,West Bengal,DIS-MAL,Malaria,1,0,declining
13,2024,Bardhaman,West Bengal,DIS-CHL,Cholera,0,0,stable
13,2024,Bardhaman,West Bengal,DIS-DEN,Dengue,0,0,stable
13,2024,Bardhaman,West Bengal,DIS-RSP,Respiratory infections,3,0,rising
13,2024,Bardhaman,West Bengal,DIS-SNK,Snakebite,0,0,stable
13,2024,Bardhaman,West Bengal,DIS-MAL,Malaria,2,0,rising
14,2024,Bardhaman,West Bengal,DIS-CHL,Cholera,0,0,stable
14,2024,Bardhaman,West Bengal,DIS-DEN,Dengue,3,0,rising
14,2024,Bardhaman,West Bengal,DIS-RSP,Respiratory infections,4,0,rising
14,2024,Bardhaman,West Bengal,DIS-SNK,Snakebite,0,0,rising
14,2024,Bardhaman,West Bengal,DIS-MAL,Malaria,5,0,stable
15,2024,Bardhaman,West Bengal,DIS-CHL,Cholera,2,0,rising
15,2024,Bardhaman,West Bengal,DIS-DEN,Dengue,0,0,stable
15,2024,Bardhaman,West Bengal,DIS-RSP,Respiratory infections,1,0,rising
15,2024,Bardhaman,West Bengal,DIS-SNK,Snakebite,0,0,stable
15,2024,Bardhaman,West Bengal,DIS-MAL,Malaria,2,0,declining
16,2024,Bardhaman,West Bengal,DIS-CHL,Cholera,0,0,stable
16,2024,Bardhaman,West Bengal,DIS-DEN,Dengue,1,0,declining
16,2024,Bardhaman,West Bengal,DIS-RSP,Respiratory infections,3,0,declining
16,2024,Bardhaman,West Bengal,DIS-SNK,Snakebite,1,0,rising
16,2024,Bardhaman,West Bengal,DIS-MAL,Malaria,3,0,stable
17,2024,Bardhaman,West Bengal,DIS-CHL,Cholera,3,0,stable
17,2024,Bardhaman,West Bengal,DIS-DEN,Dengue,2,0,rising
17,2024,Bardhaman,West Bengal,DIS-RSP,Respiratory infections,2,0,declining
17,2024,Bardhaman,West Bengal,DIS-SNK,Snakebite,5,0,rising
17,2024,Bardhaman,West Bengal,DIS-MAL,Malaria,2,0,stable
18,2024,Bardhaman,West Bengal,DIS-CHL,Cholera,1,0,stable
18,2024,Bardhaman,West Bengal,DIS-DEN,Dengue,1,0,declining
18,2024,Bardhaman,West Bengal,DIS-RSP,Respiratory infections,3,0,declining
18,2024,Bardhaman,West Bengal,DIS-SNK,Snakebite,2,0,declining
18,2024,Bardhaman,West Bengal,DIS-MAL,Malaria,1,0,stable
19,2024,Bardhaman,West Bengal,DIS-CHL,Cholera,1,0,stable
19,2024,Bardhaman,West Bengal,DIS-DEN,Dengue,0,0,declining
19,2024,Bardhaman,West Bengal,DIS-RSP,Respiratory infections,5,0,rising
19,2024,Bardhaman,West Bengal,DIS-SNK,Snakebite,3,0,declining
19,2024,Bardhaman,West Bengal,DIS-MAL,Malaria,5,0,rising
20,2024,Bardhaman,West Bengal,DIS-CHL,Cholera,0,0,stable
20,2024,Bardhaman,West Bengal,DIS-DEN,Dengue,3,0,declining
20,2024,Bardhaman,West Bengal,DIS-RSP,Respiratory infections,3,0,stable
20,2024,Bardhaman,West Bengal,DIS-SNK,Snakebite,112,0,rising
20,2024,Bardhaman,West Bengal,DIS-MAL,Malaria,4,0,rising
21,2024,Bardhaman,West Bengal,DIS-CHL,Cholera,4,0,stable
21,2024,Bardhaman,West Bengal,DIS-DEN,Dengue,2,0,stable
21,2024,Bardhaman,West Bengal,DIS-RSP,Respiratory infections,2,0,declining
21,2024,Bardhaman,West Bengal,DIS-SNK,Snakebite,57,0,rising
21,2024,Bardhaman,West Bengal,DIS-MAL,Malaria,3,0,stable
22,2024,Bardhaman,West Bengal,DIS-CHL,Cholera,5,0,stable
22,2024,Bardhaman,West Bengal,DIS-DEN,Dengue,3,0,declining
22,2024,Bardhaman,West Bengal,DIS-RSP,Respiratory infections,3,0,declining
22,2024,Bardhaman,West Bengal,DIS-SNK,Snakebite,53,1,rising
22,2024,Bardhaman,West Bengal,DIS-MAL,Malaria,4,0,stable
23,2024,Bardhaman,West Bengal,DIS-CHL,Cholera,1,0,rising
23,2024,Bardhaman,West Bengal,DIS-DEN,Dengue,4,0,stable
23,2024,Bardhaman,West Bengal,DIS-RSP,Respiratory infections,5,0,rising
23,2024,Bardhaman,West Bengal,DIS-SNK,Snakebite,28,1,rising
23,2024,Bardhaman,West Bengal,DIS-MAL,Malaria,2,0,rising
24,2024,Bardhaman,West Bengal,DIS-CHL,Cholera,1,0,stable
24,2024,Bardhaman,West Bengal,DIS-DEN,Dengue,0,0,declining
24,2024,Bardhaman,West Bengal,DIS-RSP,Respiratory infections,5,0,stable
24,2024,Bardhaman,West Bengal,DIS-SNK,Snakebite,35,0,rising
24,2024,Bardhaman,West Bengal,DIS-MAL,Malaria,4,0,stable
25,2024,Bardhaman,West Bengal,DIS-CHL,Cholera,76,1,rising
25,2024,Bardhaman,West Bengal,DIS-DEN,Dengue,0,0,stable
25,2024,Bardhaman,West Bengal,DIS-RSP,Respiratory infections,1,0,stable
25,2024,Bardhaman,West Bengal,DIS-SNK,Snakebite,67,2,rising
25,2024,Bardhaman,West Bengal,DIS-MAL,Malaria,4,0,stable
26,2024,Bardhaman,West Bengal,DIS-CHL,Cholera,72,3,rising
26,2024,Bardhaman,West Bengal,DIS-DEN,Dengue,0,0,declining
26,2024,Bardhaman,West Bengal,DIS-RSP,Respiratory infections,5,0,declining
26,2024,Bardhaman,West Bengal,DIS-SNK,Snakebite,80,1,rising
26,2024,Bardhaman,West Bengal,DIS-MAL,Malaria,2,0,declining
27,2024,Bardhaman,West Bengal,DIS-CHL,Cholera,39,0,rising
27,2024,Bardhaman,West Bengal,DIS-DEN,Dengue,2,0,stable
27,2024,Bardhaman,West Bengal,DIS-RSP,Respiratory infections,2,0,stable
27,2024,Bardhaman,West Bengal,DIS-SNK,Snakebite,57,0,rising
27,2024,Bardhaman,West Bengal,DIS-MAL,Malaria,1,0,stable
28,2024,Bardhaman,West Bengal,DIS-CHL,Cholera,49,0,rising
28,2024,Bardhaman,West Bengal,DIS-DEN,Dengue,2,0,declining
28,2024,Bardhaman,West Bengal,DIS-RSP,Respiratory infections,3,0,stable
28,2024,Bardhaman,West Bengal,DIS-SNK,Snakebite,76,2,rising
28,2024,Bardhaman,West Bengal,DIS-MAL,Malaria,22,0,rising
29,2024,Bardhaman,West Bengal,DIS-CHL,Cholera,17,0,rising
29,2024,Bardhaman,West Bengal,DIS-DEN,Dengue,2,0,declining
29,2024,Bardhaman,West Bengal,DIS-RSP,Respiratory infections,0,0,declining
29,2024,Bardhaman,West Bengal,DIS-SNK,Snakebite,93,2,rising
29,2024,Bardhaman,West Bengal,DIS-MAL,Malaria,39,1,rising
30,2024,Bardhaman,West Bengal,DIS-CHL,Cholera,20,0,declining
30,2024,Bardhaman,West Bengal,DIS-DEN,Dengue,89,3,rising
30,2024,Bardhaman,West Bengal,DIS-RSP,Respiratory infections,3,0,declining
30,2024,Bardhaman,West Bengal,DIS-SNK,Snakebite,110,1,declining
30,2024,Bardhaman,West Bengal,DIS-MAL,Malaria,73,1,rising
31,2024,Bardhaman,West Bengal,DIS-CHL,Cholera,88,1,declining
31,2024,Bardhaman,West Bengal,DIS-DEN,Dengue,46,1,rising
31,2024,Bardhaman,West Bengal,DIS-RSP,Respiratory infections,2,0,stable
31,2024,Bardhaman,West Bengal,DIS-SNK,Snakebite,74,2,declining
31,2024,Bardhaman,West Bengal,DIS-MAL,Malaria,71,1,rising
32,2024,Bardhaman,West Bengal,DIS-CHL,Cholera,25,0,declining
32,2024,Bardhaman,West Bengal,DIS-DEN,Dengue,63,0,rising
32,2024,Bardhaman,West Bengal,DIS-RSP,Respiratory infections,2,0,declining
32,2024,Bardhaman,West Bengal,DIS-SNK,Snakebite,87,2,declining
32,2024,Bardhaman,West Bengal,DIS-MAL,Malaria,42,0,rising
33,2024,Bardhaman,West Bengal,DIS-CHL,Cholera,105,1,declining
33,2024,Bardhaman,West Bengal,DIS-DEN,Dengue,44,1,rising
33,2024,Bardhaman,West Bengal,DIS-RSP,Respiratory infections,0,0,rising
33,2024,Bardhaman,West Bengal,DIS-SNK,Snakebite,97,4,declining
33,2024,Bardhaman,West Bengal,DIS-MAL,Malaria,116,1,rising
34,2024,Bardhaman,West Bengal,DIS-CHL,Cholera,21,0,declining
34,2024,Bardhaman,West Bengal,DIS-DEN,Dengue,19,0,rising
34,2024,Bardhaman,West Bengal,DIS-RSP,Respiratory infections,4,0,rising
34,2024,Bardhaman,West Bengal,DIS-SNK,Snakebite,78,1,declining
34,2024,Bardhaman,West Bengal,DIS-MAL,Malaria,74,3,rising
35,2024,Bardhaman,West Bengal,DIS-CHL,Cholera,51,0,declining
35,2024,Bardhaman,West Bengal,DIS-DEN,Dengue,31,0,rising
35,2024,Bardhaman,West Bengal,DIS-RSP,Respiratory infections,0,0,stable
35,2024,Bardhaman,West Bengal,DIS-SNK,Snakebite,92,0,declining
35,2024,Bardhaman,West Bengal,DIS-MAL,Malaria,82,3,declining
36,2024,Bardhaman,West Bengal,DIS-CHL,Cholera,3,0,stable
36,2024,Bardhaman,West Bengal,DIS-DEN,Dengue,23,0,rising
36,2024,Bardhaman,West Bengal,DIS-RSP,Respiratory infections,3,0,rising
36,2024,Bardhaman,West Bengal,DIS-SNK,Snakebite,50,2,declining
36,2024,Bardhaman,West Bengal,DIS-MAL,Malaria,97,1,declining
37,2024,Bardhaman,West Bengal,DIS-CHL,Cholera,0,0,rising
37,2024,Bardhaman,West Bengal,DIS-DEN,Dengue,69,1,declining
37,2024,Bardhaman,West Bengal,DIS-RSP,Respiratory infections,0,0,declining
37,2024,Bardhaman,West Bengal,DIS-SNK,Snakebite,64,1,declining
37,2024,Bardhaman,West Bengal,DIS-MAL,Malaria,49,0,declining
38,2024,Bardhaman,West Bengal,DIS-CHL,Cholera,3,0,declining
38,2024,Bardhaman,West Bengal,DIS-DEN,Dengue,43,0,declining
38,2024,Bardhaman,West Bengal,DIS-RSP,Respiratory infections,2,0,declining
38,2024,Bardhaman,West Bengal,DIS-SNK,Snakebite,53,2,declining
38,2024,Bardhaman,West Bengal,DIS-MAL,Malaria,99,0,declining
39,2024,Bardhaman,West Bengal,DIS-CHL,Cholera,2,0,rising
39,2024,Bardhaman,West Bengal,DIS-DEN,Dengue,44,1,declining
39,2024,Bardhaman,West Bengal,DIS-RSP,Respiratory infections,1,0,stable
39,2024,Bardhaman,West Bengal,DIS-SNK,Snakebite,43,0,declining
39,2024,Bardhaman,West Bengal,DIS-MAL,Malaria,51,1,declining
40,2024,Bardhaman,West Bengal,DIS-CHL,Cholera,2,0,declining
40,2024,Bardhaman,West Bengal,DIS-DEN,Dengue,23,0,declining
40,2024,Bardhaman,West Bengal,DIS-RSP,Respiratory infections,5,0,rising
40,2024,Bardhaman,West Bengal,DIS-SNK,Snakebite,96,4,declining
40,2024,Bardhaman,West Bengal,DIS-MAL,Malaria,82,3,declining
41,2024,Bardhaman,West Bengal,DIS-CHL,Cholera,2,0,stable
41,2024,Bardhaman,West Bengal,DIS-DEN,Dengue,48,2,declining
41,2024,Bardhaman,West Bengal,DIS-RSP,Respiratory infections,2,0,rising
41,2024,Bardhaman,West Bengal,DIS-SNK,Snakebite,1,0,stable
41,2024,Bardhaman,West Bengal,DIS-MAL,Malaria,25,0,declining
42,2024,Bardhaman,West Bengal,DIS-CHL,Cholera,1,0,stable
42,2024,Bardhaman,West Bengal,DIS-DEN,Dengue,68,3,declining
42,2024,Bardhaman,West Bengal,DIS-RSP,Respiratory infections,5,0,stable
42,2024,Bardhaman,West Bengal,DIS-SNK,Snakebite,4,0,stable
42,2024,Bardhaman,West Bengal,DIS-MAL,Malaria,57,2,declining
43,2024,Bardhaman,West Bengal,DIS-CHL,Cholera,0,0,stable
43,2024,Bardhaman,West Bengal,DIS-DEN,Dengue,52,0,declining
43,2024,Bardhaman,West Bengal,DIS-RSP,Respiratory infections,5,0,rising
43,2024,Bardhaman,West Bengal,DIS-SNK,Snakebite,0,0,stable
43,2024,Bardhaman,West Bengal,DIS-MAL,Malaria,0,0,declining
44,2024,Bardhaman,West Bengal,DIS-CHL,Cholera,3,0,rising
44,2024,Bardhaman,West Bengal,DIS-DEN,Dengue,36,1,declining
44,2024,Bardhaman,West Bengal,DIS-RSP,Respiratory infections,3,0,rising
44,2024,Bardhaman,West Bengal,DIS-SNK,Snakebite,1,0,rising
44,2024,Bardhaman,West Bengal,DIS-MAL,Malaria,5,0,rising
45,2024,Bardhaman,West Bengal,DIS-CHL,Cholera,5,0,declining
45,2024,Bardhaman,West Bengal,DIS-DEN,Dengue,62,0,declining
45,2024,Bardhaman,West Bengal,DIS-RSP,Respiratory infections,23,0,declining
45,2024,Bardhaman,West Bengal,DIS-SNK,Snakebite,5,0,rising
45,2024,Bardhaman,West Bengal,DIS-MAL,Malaria,3,0,stable
46,2024,Bardhaman,West Bengal,DIS-CHL,Cholera,3,0,declining
46,2024,Bardhaman,West Bengal,DIS-DEN,Dengue,5,0,declining
46,2024,Bardhaman,West Bengal,DIS-RSP,Respiratory infections,32,0,declining
46,2024,Bardhaman,West Bengal,DIS-SNK,Snakebite,1,0,declining
46,2024,Bardhaman,West Bengal,DIS-MAL,Malaria,4,0,stable
47,2024,Bardhaman,West Bengal,DIS-CHL,Cholera,2,0,declining
47,2024,Bardhaman,West Bengal,DIS-DEN,Dengue,3,0,declining
47,2024,Bardhaman,West Bengal,DIS-RSP,Respiratory infections,55,2,declining
47,2024,Bardhaman,West Bengal,DIS-SNK,Snakebite,0,0,stable
47,2024,Bardhaman,West Bengal,DIS-MAL,Malaria,2,0,declining
48,2024,Bardhaman,West Bengal,DIS-CHL,Cholera,0,0,rising
48,2024,Bardhaman,West Bengal,DIS-DEN,Dengue,4,0,stable
48,2024,Bardhaman,West Bengal,DIS-RSP,Respiratory infections,36,0,declining
48,2024,Bardhaman,West Bengal,DIS-SNK,Snakebite,3,0,declining
48,2024,Bardhaman,West Bengal,DIS-MAL,Malaria,2,0,rising
49,2024,Bardhaman,West Bengal,DIS-CHL,Cholera,3,0,stable
49,2024,Bardhaman,West Bengal,DIS-DEN,Dengue,0,0,rising
49,2024,Bardhaman,West Bengal,DIS-RSP,Respiratory infections,82,0,declining
49,2024,Bardhaman,West Bengal,DIS-SNK,Snakebite,0,0,stable
49,2024,Bardhaman,West Bengal,DIS-MAL,Malaria,5,0,rising
50,2024,Bardhaman,West Bengal,DIS-CHL,Cholera,0,0,rising
50,2024,Bardhaman,West Bengal,DIS-DEN,Dengue,0,0,declining
50,2024,Bardhaman,West Bengal,DIS-RSP,Respiratory infections,22,0,declining
50,2024,Bardhaman,West Bengal,DIS-SNK,Snakebite,0,0,rising
50,2024,Bardhaman,West Bengal,DIS-MAL,Malaria,3,0,stable
51,2024,Bardhaman,West Bengal,DIS-CHL,Cholera,0,0,rising
51,2024,Bardhaman,West Bengal,DIS-DEN,Dengue,0,0,rising
51,2024,Bardhaman,West Bengal,DIS-RSP,Respiratory infections,69,1,declining
51,2024,Bardhaman,West Bengal,DIS-SNK,Snakebite,1,0,stable
51,2024,Bardhaman,West Bengal,DIS-MAL,Malaria,2,0,stable
52,2024,Bardhaman,West Bengal,DIS-CHL,Cholera,2,0,stable
52,2024,Bardhaman,West Bengal,DIS-DEN,Dengue,0,0,rising
52,2024,Bardhaman,West Bengal,DIS-RSP,Respiratory infections,22,0,declining
52,2024,Bardhaman,West Bengal,DIS-SNK,Snakebite,3,0,declining
52,2024,Bardhaman,West Bengal,DIS-MAL,Malaria,0,0,stable
1,2024,Lucknow,Uttar Pradesh,DIS-CHL,Cholera,1,0,rising
1,2024,Lucknow,Uttar Pradesh,DIS-DEN,Dengue,0,0,rising
1,2024,Lucknow,Uttar Pradesh,DIS-RSP,Respiratory infections,60,0,stable
1,2024,Lucknow,Uttar Pradesh,DIS-SNK,Snakebite,5,0,stable
1,2024,Lucknow,Uttar Pradesh,DIS-MAL,Malaria,0,0,declining
2,2024,Lucknow,Uttar Pradesh,DIS-CHL,Cholera,5,0,rising
2,2024,Lucknow,Uttar Pradesh,DIS-DEN,Dengue,1,0,stable
2,2024,Lucknow,Uttar Pradesh,DIS-RSP,Respiratory infections,65,1,declining
2,2024,Lucknow,Uttar Pradesh,DIS-SNK,Snakebite,0,0,declining
2,2024,Lucknow,Uttar Pradesh,DIS-MAL,Malaria,4,0,rising
3,2024,Lucknow,Uttar Pradesh,DIS-CHL,Cholera,3,0,declining
3,2024,Lucknow,Uttar Pradesh,DIS-DEN,Dengue,0,0,declining
3,2024,Lucknow,Uttar Pradesh,DIS-RSP,Respiratory infections,67,1,declining
3,2024,Lucknow,Uttar Pradesh,DIS-SNK,Snakebite,2,0,rising
3,2024,Lucknow,Uttar Pradesh,DIS-MAL,Malaria,2,0,stable
4,2024,Lucknow,Uttar Pradesh,DIS-CHL,Cholera,2,0,declining
4,2024,Lucknow,Uttar Pradesh,DIS-DEN,Dengue,5,0,rising
4,2024,Lucknow,Uttar Pradesh,DIS-RSP,Respiratory infections,50,1,declining
4,2024,Lucknow,Uttar Pradesh,DIS-SNK,Snakebite,4,0,rising
4,2024,Lucknow,Uttar Pradesh,DIS-MAL,Malaria,3,0,declining
5,2024,Lucknow,Uttar Pradesh,DIS-CHL,Cholera,2,0,stable
5,2024,Lucknow,Uttar Pradesh,DIS-DEN,Dengue,5,0,declining
5,2024,Lucknow,Uttar Pradesh,DIS-RSP,Respiratory infections,53,1,declining
5,2024,Lucknow,Uttar Pradesh,DIS-SNK,Snakebite,2,0,stable
5,2024,Lucknow,Uttar Pradesh,DIS-MAL,Malaria,4,0,stable
6,2024,Lucknow,Uttar Pradesh,DIS-CHL,Cholera,0,0,stable
6,2024,Lucknow,Uttar Pradesh,DIS-DEN,Dengue,5,0,stable
6,2024,Lucknow,Uttar Pradesh,DIS-RSP,Respiratory infections,38,1,declining
6,2024,Lucknow,Uttar Pradesh,DIS-SNK,Snakebite,3,0,declining
6,2024,Lucknow,Uttar Pradesh,DIS-MAL,Malaria,3,0,rising
7,2024,Lucknow,Uttar Pradesh,DIS-CHL,Cholera,2,0,stable
7,2024,Lucknow,Uttar Pradesh,DIS-DEN,Dengue,2,0,declining
7,2024,Lucknow,Uttar Pradesh,DIS-RSP,Respiratory infections,96,4,declining
7,2024,Lucknow,Uttar Pradesh,DIS-SNK,Snakebite,4,0,declining
7,2024,Lucknow,Uttar Pradesh,DIS-MAL,Malaria,3,0,rising
8,2024,Lucknow,Uttar Pradesh,DIS-CHL,Cholera,0,0,rising
8,2024,Lucknow,Uttar Pradesh,DIS-DEN,Dengue,0,0,stable
8,2024,Lucknow,Uttar Pradesh,DIS-RSP,Respiratory infections,29,0,declining
8,2024,Lucknow,Uttar Pradesh,DIS-SNK,Snakebite,3,0,declining
8,2024,Lucknow,Uttar Pradesh,DIS-MAL,Malaria,4,0,rising
9,2024,Lucknow,Uttar Pradesh,DIS-CHL,Cholera,5,0,stable
9,2024,Lucknow,Uttar Pradesh,DIS-DEN,Dengue,1,0,stable
9,2024,Lucknow,Uttar Pradesh,DIS-RSP,Respiratory infections,1,0,stable
9,2024,Lucknow,Uttar Pradesh,DIS-SNK,Snakebite,1,0,declining
9,2024,Lucknow,Uttar Pradesh,DIS-MAL,Malaria,1,0,stable
10,2024,Lucknow,Uttar Pradesh,DIS-CHL,Cholera,4,0,stable
10,2024,Lucknow,Uttar Pradesh,DIS-DEN,Dengue,0,0,declining
10,2024,Lucknow,Uttar Pradesh,DIS-RSP,Respiratory infections,2,0,rising
10,2024,Lucknow,Uttar Pradesh,DIS-SNK,Snakebite,0,0,declining
10,2024,Lucknow,Uttar Pradesh,DIS-MAL,Malaria,4,0,rising
11,2024,Lucknow,Uttar Pradesh,DIS-CHL,Cholera,2,0,rising
11,2024,Lucknow,Uttar Pradesh,DIS-DEN,Dengue,1,0,stable
11,2024,Lucknow,Uttar Pradesh,DIS-RSP,Respiratory infections,2,0,declining
11,2024,Lucknow,Uttar Pradesh,DIS-SNK,Snakebite,4,0,rising
11,2024,Lucknow,Uttar Pradesh,DIS-MAL,Malaria,1,0,stable
12,2024,Lucknow,Uttar Pradesh,DIS-CHL,Cholera,3,0,stable
12,2024,Lucknow,Uttar Pradesh,DIS-DEN,Dengue,1,0,rising
12,2024,Lucknow,Uttar Pradesh,DIS-RSP,Respiratory infections,0,0,declining
12,2024,Lucknow,Uttar Pradesh,DIS-SNK,Snakebite,0,0,declining
12,2024,Lucknow,Uttar Pradesh,DIS-MAL,Malaria,5,0,declining
13,2024,Lucknow,Uttar Pradesh,DIS-CHL,Cholera,0,0,rising
13,2024,Lucknow,Uttar Pradesh,DIS-DEN,Dengue,0,0,declining
13,2024,Lucknow,Uttar Pradesh,DIS-RSP,Respiratory infections,3,0,rising
13,2024,Lucknow,Uttar Pradesh,DIS-SNK,Snakebite,1,0,stable
13,2024,Lucknow,Uttar Pradesh,DIS-MAL,Malaria,4,0,rising
14,2024,Lucknow,Uttar Pradesh,DIS-CHL,Cholera,1,0,rising
14,2024,Lucknow,Uttar Pradesh,DIS-DEN,Dengue,3,0,rising
14,2024,Lucknow,Uttar Pradesh,DIS-RSP,Respiratory infections,0,0,stable
14,2024,Lucknow,Uttar Pradesh,DIS-SNK,Snakebite,5,0,stable
14,2024,Lucknow,Uttar Pradesh,DIS-MAL,Malaria,5,0,declining
15,2024,Lucknow,Uttar Pradesh,DIS-CHL,Cholera,0,0,stable
15,2024,Lucknow,Uttar Pradesh,DIS-DEN,Dengue,5,0,declining
15,2024,Lucknow,Uttar Pradesh,DIS-RSP,Respiratory infections,5,0,stable
15,2024,Lucknow,Uttar Pradesh,DIS-SNK,Snakebite,0,0,declining
15,2024,Lucknow,Uttar Pradesh,DIS-MAL,Malaria,2,0,stable
16,2024,Lucknow,Uttar Pradesh,DIS-CHL,Cholera,1,0,rising
16,2024,Lucknow,Uttar Pradesh,DIS-DEN,Dengue,2,0,rising
16,2024,Lucknow,Uttar Pradesh,DIS-RSP,Respiratory infections,3,0,stable
16,2024,Lucknow,Uttar Pradesh,DIS-SNK,Snakebite,1,0,stable
16,2024,Lucknow,Uttar Pradesh,DIS-MAL,Malaria,0,0,stable
17,2024,Lucknow,Uttar Pradesh,DIS-CHL,Cholera,4,0,stable
17,2024,Lucknow,Uttar Pradesh,DIS-DEN,Dengue,2,0,stable
17,2024,Lucknow,Uttar Pradesh,DIS-RSP,Respiratory infections,3,0,stable
17,2024,Lucknow,Uttar Pradesh,DIS-SNK,Snakebite,3,0,rising
17,2024,Lucknow,Uttar Pradesh,DIS-MAL,Malaria,2,0,declining
18,2024,Lucknow,Uttar Pradesh,DIS-CHL,Cholera,0,0,declining
18,2024,Lucknow,Uttar Pradesh,DIS-DEN,Dengue,0,0,stable
18,2024,Lucknow,Uttar Pradesh,DIS-RSP,Respiratory infections,3,0,stable
18,2024,Lucknow,Uttar Pradesh,DIS-SNK,Snakebite,2,0,stable
18,2024,Lucknow,Uttar Pradesh,DIS-MAL,Malaria,3,0,stable
19,2024,Lucknow,Uttar Pradesh,DIS-CHL,Cholera,4,0,rising
19,2024,Lucknow,Uttar Pradesh,DIS-DEN,Dengue,2,0,stable
19,2024,Lucknow,Uttar Pradesh,DIS-RSP,Respiratory infections,5,0,declining
19,2024,Lucknow,Uttar Pradesh,DIS-SNK,Snakebite,0,0,stable
19,2024,Lucknow,Uttar Pradesh,DIS-MAL,Malaria,1,0,stable
20,2024,Lucknow,Uttar Pradesh,DIS-CHL,Cholera,3,0,stable
20,2024,Lucknow,Uttar Pradesh,DIS-DEN,Dengue,2,0,declining
20,2024,Lucknow,Uttar Pradesh,DIS-RSP,Respiratory infections,5,0,stable
20,2024,Lucknow,Uttar Pradesh,DIS-SNK,Snakebite,59,1,rising
20,2024,Lucknow,Uttar Pradesh,DIS-MAL,Malaria,2,0,declining
21,2024,Lucknow,Uttar Pradesh,DIS-CHL,Cholera,1,0,declining
21,2024,Lucknow,Uttar Pradesh,DIS-DEN,Dengue,0,0,declining
21,2024,Lucknow,Uttar Pradesh,DIS-RSP,Respiratory infections,0,0,declining
21,2024,Lucknow,Uttar Pradesh,DIS-SNK,Snakebite,26,0,rising
21,2024,Lucknow,Uttar Pradesh,DIS-MAL,Malaria,1,0,declining
22,2024,Lucknow,Uttar Pradesh,DIS-CHL,Cholera,3,0,declining
22,2024,Lucknow,Uttar Pradesh,DIS-DEN,Dengue,0,0,rising
22,2024,Lucknow,Uttar Pradesh,DIS-RSP,Respiratory infections,1,0,stable
22,2024,Lucknow,Uttar Pradesh,DIS-SNK,Snakebite,72,0,rising
22,2024,Lucknow,Uttar Pradesh,DIS-MAL,Malaria,1,0,rising
23,2024,Lucknow,Uttar Pradesh,DIS-CHL,Cholera,2,0,stable
23,2024,Lucknow,Uttar Pradesh,DIS-DEN,Dengue,0,0,rising
23,2024,Lucknow,Uttar Pradesh,DIS-RSP,Respiratory infections,2,0,stable
23,2024,Lucknow,Uttar Pradesh,DIS-SNK,Snakebite,20,0,rising
23,2024,Lucknow,Uttar Pradesh,DIS-MAL,Malaria,2,0,stable
24,2024,Lucknow,Uttar Pradesh,DIS-CHL,Cholera,2,0,declining
24,2024,Lucknow,Uttar Pradesh,DIS-DEN,Dengue,4,0,stable
24,2024,Lucknow,Uttar Pradesh,DIS-RSP,Respiratory infections,1,0,rising
24,2024,Lucknow,Uttar Pradesh,DIS-SNK,Snakebite,60,1,rising
24,2024,Lucknow,Uttar Pradesh,DIS-MAL,Malaria,0,0,rising
25,2024,Lucknow,Uttar Pradesh,DIS-CHL,Cholera,68,2,rising
25,2024,Lucknow,Uttar Pradesh,DIS-DEN,Dengue,1,0,rising
25,2024,Lucknow,Uttar Pradesh,DIS-RSP,Respiratory infections,5,0,stable
25,2024,Lucknow,Uttar Pradesh,DIS-SNK,Snakebite,84,4,rising
25,2024,Lucknow,Uttar Pradesh,DIS-MAL,Malaria,1,0,declining
26,2024,Lucknow,Uttar Pradesh,DIS-CHL,Cholera,97,2,rising
26,2024,Lucknow,Uttar Pradesh,DIS-DEN,Dengue,1,0,stable
26,2024,Lucknow,Uttar Pradesh,DIS-RSP,Respiratory infections,2,0,declining
26,2024,Lucknow,Uttar Pradesh,DIS-SNK,Snakebite,69,0,rising
26,2024,Lucknow,Uttar Pradesh,DIS-MAL,Malaria,4,0,rising
27,2024,Lucknow,Uttar Pradesh,DIS-CHL,Cholera,101,1,rising
27,2024,Lucknow,Uttar Pradesh,DIS-DEN,Dengue,4,0,rising
27,2024,Lucknow,Uttar Pradesh,DIS-RSP,Respiratory infections,0,0,declining
27,2024,Lucknow,Uttar Pradesh,DIS-SNK,Snakebite,68,0,rising
27,2024,Lucknow,Uttar Pradesh,DIS-MAL,Malaria,5,0,declining
28,2024,Lucknow,Uttar Pradesh,DIS-CHL,Cholera,83,2,rising
28,2024,Lucknow,Uttar Pradesh,DIS-DEN,Dengue,1,0,stable
28,2024,Lucknow,Uttar Pradesh,DIS-RSP,Respiratory infections,3,0,declining
28,2024,Lucknow,Uttar Pradesh,DIS-SNK,Snakebite,115,3,rising
28,2024,Lucknow,Uttar Pradesh,DIS-MAL,Malaria,93,1,rising
29,2024,Lucknow,Uttar Pradesh,DIS-CHL,Cholera,51,0,rising
29,2024,Lucknow,Uttar Pradesh,DIS-DEN,Dengue,4,0,rising
29,2024,Lucknow,Uttar Pradesh,DIS-RSP,Respiratory infections,4,0,stable
29,2024,Lucknow,Uttar Pradesh,DIS-SNK,Snakebite,34,0,rising
29,2024,Lucknow,Uttar Pradesh,DIS-MAL,Malaria,37,0,rising
30,2024,Lucknow,Uttar Pradesh,DIS-CHL,Cholera,33,0,declining
30,2024,Lucknow,Uttar Pradesh,DIS-DEN,Dengue,80,1,rising
30,2024,Lucknow,Uttar Pradesh,DIS-RSP,Respiratory infections,0,0,rising
30,2024,Lucknow,Uttar Pradesh,DIS-SNK,Snakebite,63,1,declining
30,2024,Lucknow,Uttar Pradesh,DIS-MAL,Malaria,25,0,rising
31,2024,Lucknow,Uttar Pradesh,DIS-CHL,Cholera,93,2,declining
31,2024,Lucknow,Uttar Pradesh,DIS-DEN,Dengue,77,0,rising
31,2024,Lucknow,Uttar Pradesh,DIS-RSP,Respiratory infections,0,0,stable
31,2024,Lucknow,Uttar Pradesh,DIS-SNK,Snakebite,49,2,declining
31,2024,Lucknow,Uttar Pradesh,DIS-MAL,Malaria,82,3,rising
32,2024,Lucknow,Uttar Pradesh,DIS-CHL,Cholera,56,1,declining
32,2024,Lucknow,Uttar Pradesh,DIS-DEN,Dengue,52,0,rising
32,2024,Lucknow,Uttar Pradesh,DIS-RSP,Respiratory infections,0,0,rising
32,2024,Lucknow,Uttar Pradesh,DIS-SNK,Snakebite,40,0,declining
32,2024,Lucknow,Uttar Pradesh,DIS-MAL,Malaria,44,1,rising
33,2024,Lucknow,Uttar Pradesh,DIS-CHL,Cholera,79,2,declining
33,2024,Lucknow,Uttar Pradesh,DIS-DEN,Dengue,60,2,rising
33,2024,Lucknow,Uttar Pradesh,DIS-RSP,Respiratory infections,2,0,stable
33,2024,Lucknow,Uttar Pradesh,DIS-SNK,Snakebite,77,1,declining
33,2024,Lucknow,Uttar Pradesh,DIS-MAL,Malaria,32,0,rising
34,2024,Lucknow,Uttar Pradesh,DIS-CHL,Cholera,34,1,declining
34,2024,Lucknow,Uttar Pradesh,DIS-DEN,Dengue,38,0,rising
34,2024,Lucknow,Uttar Pradesh,DIS-RSP,Respiratory infections,2,0,rising
34,2024,Lucknow,Uttar Pradesh,DIS-SNK,Snakebite,40,1,declining
34,2024,Lucknow,Uttar Pradesh,DIS-MAL,Malaria,54,2,rising
35,2024,Lucknow,Uttar Pradesh,DIS-CHL,Cholera,60,2,declining
35,2024,Lucknow,Uttar Pradesh,DIS-DEN,Dengue,110,4,rising
35,2024,Lucknow,Uttar Pradesh,DIS-RSP,Respiratory infections,2,0,stable
35,2024,Lucknow,Uttar Pradesh,DIS-SNK,Snakebite,94,2,declining
35,2024,Lucknow,Uttar Pradesh,DIS-MAL,Malaria,80,3,declining
36,2024,Lucknow,Uttar Pradesh,DIS-CHL,Cholera,4,0,stable
36,2024,Lucknow,Uttar Pradesh,DIS-DEN,Dengue,61,2,rising
36,2024,Lucknow,Uttar Pradesh,DIS-RSP,Respiratory infections,0,0,stable
36,2024,Lucknow,Uttar Pradesh,DIS-SNK,Snakebite,29,0,declining
36,2024,Lucknow,Uttar Pradesh,DIS-MAL,Malaria,67,0,declining
37,2024,Lucknow,Uttar Pradesh,DIS-CHL,Cholera,5,0,rising
37,2024,Lucknow,Uttar Pradesh,DIS-DEN,Dengue,16,0,declining
37,2024,Lucknow,Uttar Pradesh,DIS-RSP,Respiratory infections,1,0,declining
37,2024,Lucknow,Uttar Pradesh,DIS-SNK,Snakebite,76,2,declining
37,2024,Lucknow,Uttar Pradesh,DIS-MAL,Malaria,71,2,declining
38,2024,Lucknow,Uttar Pradesh,DIS-CHL,Cholera,1,0,stable
38,2024,Lucknow,Uttar Pradesh,DIS-DEN,Dengue,36,0,declining
38,2024,Lucknow,Uttar Pradesh,DIS-RSP,Respiratory infections,0,0,stable
38,2024,Lucknow,Uttar Pradesh,DIS-SNK,Snakebite,28,1,declining
38,2024,Lucknow,Uttar Pradesh,DIS-MAL,Malaria,90,2,declining
39,2024,Lucknow,Uttar Pradesh,DIS-CHL,Cholera,0,0,stable
39,2024,Lucknow,Uttar Pradesh,DIS-DEN,Dengue,23,0,declining
39,2024,Lucknow,Uttar Pradesh,DIS-RSP,Respiratory infections,0,0,stable
39,2024,Lucknow,Uttar Pradesh,DIS-SNK,Snakebite,69,2,declining
39,2024,Lucknow,Uttar Pradesh,DIS-MAL,Malaria,67,0,declining
40,2024,Lucknow,Uttar Pradesh,DIS-CHL,Cholera,0,0,declining
40,2024,Lucknow,Uttar Pradesh,DIS-DEN,Dengue,54,1,declining
40,2024,Lucknow,Uttar Pradesh,DIS-RSP,Respiratory infections,2,0,stable
40,2024,Lucknow,Uttar Pradesh,DIS-SNK,Snakebite,27,0,declining
40,2024,Lucknow,Uttar Pradesh,DIS-MAL,Malaria,50,0,declining
41,2024,Lucknow,Uttar Pradesh,DIS-CHL,Cholera,4,0,stable
41,2024,Lucknow,Uttar Pradesh,DIS-DEN,Dengue,108,0,declining
41,2024,Lucknow,Uttar Pradesh,DIS-RSP,Respiratory infections,2,0,declining
41,2024,Lucknow,Uttar Pradesh,DIS-SNK,Snakebite,4,0,stable
41,2024,Lucknow,Uttar Pradesh,DIS-MAL,Malaria,42,1,declining
42,2024,Lucknow,Uttar Pradesh,DIS-CHL,Cholera,0,0,declining
42,2024,Lucknow,Uttar Pradesh,DIS-DEN,Dengue,58,1,declining
42,2024,Lucknow,Uttar Pradesh,DIS-RSP,Respiratory infections,0,0,rising
42,2024,Lucknow,Uttar Pradesh,DIS-SNK,Snakebite,0,0,declining
42,2024,Lucknow,Uttar Pradesh,DIS-MAL,Malaria,64,2,declining
43,2024,Lucknow,Uttar Pradesh,DIS-CHL,Cholera,2,0,stable
43,2024,Lucknow,Uttar Pradesh,DIS-DEN,Dengue,35,1,declining
43,2024,Lucknow,Uttar Pradesh,DIS-RSP,Respiratory infections,0,0,stable
43,2024,Lucknow,Uttar Pradesh,DIS-SNK,Snakebite,4,0,stable
43,2024,Lucknow,Uttar Pradesh,DIS-MAL,Malaria,1,0,declining
44,2024,Lucknow,Uttar Pradesh,DIS-CHL,Cholera,3,0,stable
44,2024,Lucknow,Uttar Pradesh,DIS-DEN,Dengue,38,1,declining
44,2024,Lucknow,Uttar Pradesh,DIS-RSP,Respiratory infections,0,0,stable
44,2024,Lucknow,Uttar Pradesh,DIS-SNK,Snakebite,0,0,rising
44,2024,Lucknow,Uttar Pradesh,DIS-MAL,Malaria,1,0,declining
45,2024,Lucknow,Uttar Pradesh,DIS-CHL,Cholera,1,0,stable
45,2024,Lucknow,Uttar Pradesh,DIS-DEN,Dengue,61,1,declining
45,2024,Lucknow,Uttar Pradesh,DIS-RSP,Respiratory infections,76,2,declining
45,2024,Lucknow,Uttar Pradesh,DIS-SNK,Snakebite,0,0,declining
45,2024,Lucknow,Uttar Pradesh,DIS-MAL,Malaria,0,0,declining
46,2024,Lucknow,Uttar Pradesh,DIS-CHL,Cholera,0,0,declining
46,2024,Lucknow,Uttar Pradesh,DIS-DEN,Dengue,3,0,rising
46,2024,Lucknow,Uttar Pradesh,DIS-RSP,Respiratory infections,60,2,declining
46,2024,Lucknow,Uttar Pradesh,DIS-SNK,Snakebite,3,0,declining
46,2024,Lucknow,Uttar Pradesh,DIS-MAL,Malaria,0,0,rising
47,2024,Lucknow,Uttar Pradesh,DIS-CHL,Cholera,0,0,stable
47,2024,Lucknow,Uttar Pradesh,DIS-DEN,Dengue,2,0,stable
47,2024,Lucknow,Uttar Pradesh,DIS-RSP,Respiratory infections,65,2,declining
47,2024,Lucknow,Uttar Pradesh,DIS-SNK,Snakebite,1,0,rising
47,2024,Lucknow,Uttar Pradesh,DIS-MAL,Malaria,4,0,rising
48,2024,Lucknow,Uttar Pradesh,DIS-CHL,Cholera,4,0,declining
48,2024,Lucknow,Uttar Pradesh,DIS-DEN,Dengue,0,0,stable
48,2024,Lucknow,Uttar Pradesh,DIS-RSP,Respiratory infections,97,2,declining
48,2024,Lucknow,Uttar Pradesh,DIS-SNK,Snakebite,0,0,stable
48,2024,Lucknow,Uttar Pradesh,DIS-MAL,Malaria,3,0,stable
49,2024,Lucknow,Uttar Pradesh,DIS-CHL,Cholera,5,0,declining
49,2024,Lucknow,Uttar Pradesh,DIS-DEN,Dengue,0,0,stable
49,2024,Lucknow,Uttar Pradesh,DIS-RSP,Respiratory infections,105,1,declining
49,2024,Lucknow,Uttar Pradesh,DIS-SNK,Snakebite,1,0,declining
49,2024,Lucknow,Uttar Pradesh,DIS-MAL,Malaria,4,0,rising
50,2024,Lucknow,Uttar Pradesh,DIS-CHL,Cholera,0,0,stable
50,2024,Lucknow,Uttar Pradesh,DIS-DEN,Dengue,4,0,declining
50,2024,Lucknow,Uttar Pradesh,DIS-RSP,Respiratory infections,50,1,declining
50,2024,Lucknow,Uttar Pradesh,DIS-SNK,Snakebite,0,0,rising
50,2024,Lucknow,Uttar Pradesh,DIS-MAL,Malaria,3,0,declining
51,2024,Lucknow,Uttar Pradesh,DIS-CHL,Cholera,0,0,rising
51,2024,Lucknow,Uttar Pradesh,DIS-DEN,Dengue,2,0,stable
51,2024,Lucknow,Uttar Pradesh,DIS-RSP,Respiratory infections,58,2,declining
51,2024,Lucknow,Uttar Pradesh,DIS-SNK,Snakebite,3,0,stable
51,2024,Lucknow,Uttar Pradesh,DIS-MAL,Malaria,0,0,stable
52,2024,Lucknow,Uttar Pradesh,DIS-CHL,Cholera,0,0,declining
52,2024,Lucknow,Uttar Pradesh,DIS-DEN,Dengue,4,0,stable
52,2024,Lucknow,Uttar Pradesh,DIS-RSP,Respiratory infections,62,2,declining
52,2024,Lucknow,Uttar Pradesh,DIS-SNK,Snakebite,0,0,rising
52,2024,Lucknow,Uttar Pradesh,DIS-MAL,Malaria,3,0,rising
1,2024,Varanasi,Uttar Pradesh,DIS-CHL,Cholera,5,0,stable
1,2024,Varanasi,Uttar Pradesh,DIS-DEN,Dengue,0,0,declining
1,2024,Varanasi,Uttar Pradesh,DIS-RSP,Respiratory infections,96,2,rising
1,2024,Varanasi,Uttar Pradesh,DIS-SNK,Snakebite,5,0,stable
1,2024,Varanasi,Uttar Pradesh,DIS-MAL,Malaria,4,0,rising
2,2024,Varanasi,Uttar Pradesh,DIS-CHL,Cholera,4,0,rising
2,2024,Varanasi,Uttar Pradesh,DIS-DEN,Dengue,4,0,rising
2,2024,Varanasi,Uttar Pradesh,DIS-RSP,Respiratory infections,72,3,declining
2,2024,Varanasi,Uttar Pradesh,DIS-SNK,Snakebite,4,0,rising
2,2024,Varanasi,Uttar Pradesh,DIS-MAL,Malaria,5,0,rising
3,2024,Varanasi,Uttar Pradesh,DIS-CHL,Cholera,5,0,stable
3,2024,Varanasi,Uttar Pradesh,DIS-DEN,Dengue,0,0,stable
3,2024,Varanasi,Uttar Pradesh,DIS-RSP,Respiratory infections,61,0,declining
3,2024,Varanasi,Uttar Pradesh,DIS-SNK,Snakebite,4,0,rising
3,2024,Varanasi,Uttar Pradesh,DIS-MAL,Malaria,3,0,stable
4,2024,Varanasi,Uttar Pradesh,DIS-CHL,Cholera,3,0,rising
4,2024,Varanasi,Uttar Pradesh,DIS-DEN,Dengue,3,0,rising
4,2024,Varanasi,Uttar Pradesh,DIS-RSP,Respiratory infections,114,2,declining
4,2024,Varanasi,Uttar Pradesh,DIS-SNK,Snakebite,4,0,stable
4,2024,Varanasi,Uttar Pradesh,DIS-MAL,Malaria,0,0,stable
5,2024,Varanasi,Uttar Pradesh,DIS-CHL,Cholera,2,0,rising
5,2024,Varanasi,Uttar Pradesh,DIS-DEN,Dengue,4,0,stable
5,2024,Varanasi,Uttar Pradesh,DIS-RSP,Respiratory infections,99,1,declining
5,2024,Varanasi,Uttar Pradesh,DIS-SNK,Snakebite,5,0,rising
5,2024,Varanasi,Uttar Pradesh,DIS-MAL,Malaria,2,0,stable
6,2024,Varanasi,Uttar Pradesh,DIS-CHL,Cholera,3,0,declining
6,2024,Varanasi,Uttar Pradesh,DIS-DEN,Dengue,0,0,stable
6,2024,Varanasi,Uttar Pradesh,DIS-RSP,Respiratory infections,72,0,declining
6,2024,Varanasi,Uttar Pradesh,DIS-SNK,Snakebite,2,0,rising
6,2024,Varanasi,Uttar Pradesh,DIS-MAL,Malaria,0,0,stable
7,2024,Varanasi,Uttar Pradesh,DIS-CHL,Cholera,1,0,stable
7,2024,Varanasi,Uttar Pradesh,DIS-DEN,Dengue,0,0,rising
7,2024,Varanasi,Uttar Pradesh,DIS-RSP,Respiratory infections,33,0,declining
7,2024,Varanasi,Uttar Pradesh,DIS-SNK,Snakebite,0,0,declining
7,2024,Varanasi,Uttar Pradesh,DIS-MAL,Malaria,3,0,stable
8,2024,Varanasi,Uttar Pradesh,DIS-CHL,Cholera,0,0,rising
8,2024,Varanasi,Uttar Pradesh,DIS-DEN,Dengue,2,0,rising
8,2024,Varanasi,Uttar Pradesh,DIS-RSP,Respiratory infections,72,0,declining
8,2024,Varanasi,Uttar Pradesh,DIS-SNK,Snakebite,5,0,declining
8,2024,Varanasi,Uttar Pradesh,DIS-MAL,Malaria,3,0,stable
9,2024,Varanasi,Uttar Pradesh,DIS-CHL,Cholera,5,0,declining
9,2024,Varanasi,Uttar Pradesh,DIS-DEN,Dengue,0,0,rising
9,2024,Varanasi,Uttar Pradesh,DIS-RSP,Respiratory infections,0,0,stable
9,2024,Varanasi,Uttar Pradesh,DIS-SNK,Snakebite,2,0,stable
9,2024,Varanasi,Uttar Pradesh,DIS-MAL,Malaria,4,0,declining
10,2024,Varanasi,Uttar Pradesh,DIS-CHL,Cholera,4,0,declining
10,2024,Varanasi,Uttar Pradesh,DIS-DEN,Dengue,1,0,stable
10,2024,Varanasi,Uttar Pradesh,DIS-RSP,Respiratory infections,0,0,rising
10,2024,Varanasi,Uttar Pradesh,DIS-SNK,Snakebite,3,0,stable
10,2024,Varanasi,Uttar Pradesh,DIS-MAL,Malaria,2,0,stable
11,2024,Varanasi,Uttar Pradesh,DIS-CHL,Cholera,4,0,rising
11,2024,Varanasi,Uttar Pradesh,DIS-DEN,Dengue,0,0,declining
11,2024,Varanasi,Uttar Pradesh,DIS-RSP,Respiratory infections,4,0,declining
11,2024,Varanasi,Uttar Pradesh,DIS-SNK,Snakebite,1,0,stable
11,2024,Varanasi,Uttar Pradesh,DIS-MAL,Malaria,0,0,stable
12,2024,Varanasi,Uttar Pradesh,DIS-CHL,Cholera,3,0,declining
12,2024,Varanasi,Uttar Pradesh,DIS-DEN,Dengue,2,0,stable
12,2024,Varanasi,Uttar Pradesh,DIS-RSP,Respiratory infections,4,0,rising
12,2024,Varanasi,Uttar Pradesh,DIS-SNK,Snakebite,4,0,rising
12,2024,Varanasi,Uttar Pradesh,DIS-MAL,Malaria,0,0,stable
13,2024,Varanasi,Uttar Pradesh,DIS-CHL,Cholera,4,0,stable
13,2024,Varanasi,Uttar Pradesh,DIS-DEN,Dengue,0,0,stable
13,2024,Varanasi,Uttar Pradesh,DIS-RSP,Respiratory infections,3,0,stable
13,2024,Varanasi,Uttar Pradesh,DIS-SNK,Snakebite,3,0,stable
13,2024,Varanasi,Uttar Pradesh,DIS-MAL,Malaria,1,0,stable
14,2024,Varanasi,Uttar Pradesh,DIS-CHL,Cholera,2,0,stable
14,2024,Varanasi,Uttar Pradesh,DIS-DEN,Dengue,0,0,declining
14,2024,Varanasi,Uttar Pradesh,DIS-RSP,Respiratory infections,0,0,stable
14,2024,Varanasi,Uttar Pradesh,DIS-SNK,Snakebite,2,0,stable
14,2024,Varanasi,Uttar Pradesh,DIS-MAL,Malaria,0,0,rising
15,2024,Varanasi,Uttar Pradesh,DIS-CHL,Cholera,0,0,declining
15,2024,Varanasi,Uttar Pradesh,DIS-DEN,Dengue,1,0,declining
15,2024,Varanasi,Uttar Pradesh,DIS-RSP,Respiratory infections,0,0,stable
15,2024,Varanasi,Uttar Pradesh,DIS-SNK,Snakebite,2,0,rising
15,2024,Varanasi,Uttar Pradesh,DIS-MAL,Malaria,1,0,stable
16,2024,Varanasi,Uttar Pradesh,DIS-CHL,Cholera,4,0,declining
16,2024,Varanasi,Uttar Pradesh,DIS-DEN,Dengue,3,0,rising
16,2024,Varanasi,Uttar Pradesh,DIS-RSP,Respiratory infections,3,0,rising
16,2024,Varanasi,Uttar Pradesh,DIS-SNK,Snakebite,1,0,declining
16,2024,Varanasi,Uttar Pradesh,DIS-MAL,Malaria,3,0,stable
17,2024,Varanasi,Uttar Pradesh,DIS-CHL,Cholera,1,0,rising
17,2024,Varanasi,Uttar Pradesh,DIS-DEN,Dengue,0,0,declining
17,2024,Varanasi,Uttar Pradesh,DIS-RSP,Respiratory infections,1,0,declining
17,2024,Varanasi,Uttar Pradesh,DIS-SNK,Snakebite,5,0,stable
17,2024,Varanasi,Uttar Pradesh,DIS-MAL,Malaria,4,0,rising
18,2024,Varanasi,Uttar Pradesh,DIS-CHL,Cholera,1,0,rising
18,2024,Varanasi,Uttar Pradesh,DIS-DEN,Dengue,1,0,rising
18,2024,Varanasi,Uttar Pradesh,DIS-RSP,Respiratory infections,0,0,stable
18,2024,Varanasi,Uttar Pradesh,DIS-SNK,Snakebite,3,0,declining
18,2024,Varanasi,Uttar Pradesh,DIS-MAL,Malaria,4,0,stable
19,2024,Varanasi,Uttar Pradesh,DIS-CHL,Cholera,1,0,stable
19,2024,Varanasi,Uttar Pradesh,DIS-DEN,Dengue,1,0,declining
19,2024,Varanasi,Uttar Pradesh,DIS-RSP,Respiratory infections,1,0,stable
19,2024,Varanasi,Uttar Pradesh,DIS-SNK,Snakebite,1,0,declining
19,2024,Varanasi,Uttar Pradesh,DIS-MAL,Malaria,5,0,rising
20,2024,Varanasi,Uttar Pradesh,DIS-CHL,Cholera,4,0,stable
20,2024,Varanasi,Uttar Pradesh,DIS-DEN,Dengue,5,0,stable
20,2024,Varanasi,Uttar Pradesh,DIS-RSP,Respiratory infections,5,0,stable
20,2024,Varanasi,Uttar Pradesh,DIS-SNK,Snakebite,72,1,rising
20,2024,Varanasi,Uttar Pradesh,DIS-MAL,Malaria,1,0,declining
21,2024,Varanasi,Uttar Pradesh,DIS-CHL,Cholera,0,0,declining
21,2024,Varanasi,Uttar Pradesh,DIS-DEN,Dengue,2,0,stable
21,2024,Varanasi,Uttar Pradesh,DIS-RSP,Respiratory infections,4,0,rising
21,2024,Varanasi,Uttar Pradesh,DIS-SNK,Snakebite,67,3,rising
21,2024,Varanasi,Uttar Pradesh,DIS-MAL,Malaria,1,0,stable
22,2024,Varanasi,Uttar Pradesh,DIS-CHL,Cholera,1,0,declining
22,2024,Varanasi,Uttar Pradesh,DIS-DEN,Dengue,2,0,rising
22,2024,Varanasi,Uttar Pradesh,DIS-RSP,Respiratory infections,0,0,rising
22,2024,Varanasi,Uttar Pradesh,DIS-SNK,Snakebite,86,2,rising
22,2024,Varanasi,Uttar Pradesh,DIS-MAL,Malaria,0,0,declining
23,2024,Varanasi,Uttar Pradesh,DIS-CHL,Cholera,5,0,rising
23,2024,Varanasi,Uttar Pradesh,DIS-DEN,Dengue,1,0,stable
23,2024,Varanasi,Uttar Pradesh,DIS-RSP,Respiratory infections,3,0,rising
23,2024,Varanasi,Uttar Pradesh,DIS-SNK,Snakebite,74,3,rising
23,2024,Varanasi,Uttar Pradesh,DIS-MAL,Malaria,0,0,rising
24,2024,Varanasi,Uttar Pradesh,DIS-CHL,Cholera,1,0,rising
24,2024,Varanasi,Uttar Pradesh,DIS-DEN,Dengue,2,0,stable
24,2024,Varanasi,Uttar Pradesh,DIS-RSP,Respiratory infections,2,0,rising
24,2024,Varanasi,Uttar Pradesh,DIS-SNK,Snakebite,66,1,rising
24,2024,Varanasi,Uttar Pradesh,DIS-MAL,Malaria,1,0,rising
25,2024,Varanasi,Uttar Pradesh,DIS-CHL,Cholera,33,0,rising
25,2024,Varanasi,Uttar Pradesh,DIS-DEN,Dengue,0,0,stable
25,2024,Varanasi,Uttar Pradesh,DIS-RSP,Respiratory infections,0,0,rising
25,2024,Varanasi,Uttar Pradesh,DIS-SNK,Snakebite,21,0,rising
25,2024,Varanasi,Uttar Pradesh,DIS-MAL,Malaria,1,0,stable
26,2024,Varanasi,Uttar Pradesh,DIS-CHL,Cholera,66,1,rising
26,2024,Varanasi,Uttar Pradesh,DIS-DEN,Dengue,0,0,stable
26,2024,Varanasi,Uttar Pradesh,DIS-RSP,Respiratory infections,5,0,stable
26,2024,Varanasi,Uttar Pradesh,DIS-SNK,Snakebite,82,0,rising
26,2024,Varanasi,Uttar Pradesh,DIS-MAL,Malaria,2,0,declining
27,2024,Varanasi,Uttar Pradesh,DIS-CHL,Cholera,20,0,rising
27,2024,Varanasi,Uttar Pradesh,DIS-DEN,Dengue,0,0,stable
27,2024,Varanasi,Uttar Pradesh,DIS-RSP,Respiratory infections,4,0,stable
27,2024,Varanasi,Uttar Pradesh,DIS-SNK,Snakebite,76,1,rising
27,2024,Varanasi,Uttar Pradesh,DIS-MAL,Malaria,5,0,stable
28,2024,Varanasi,Uttar Pradesh,DIS-CHL,Cholera,70,3,rising
28,2024,Varanasi,Uttar Pradesh,DIS-DEN,Dengue,4,0,declining
28,2024,Varanasi,Uttar Pradesh,DIS-RSP,Respiratory infections,5,0,stable
28,2024,Varanasi,Uttar Pradesh,DIS-SNK,Snakebite,59,2,rising
28,2024,Varanasi,Uttar Pradesh,DIS-MAL,Malaria,20,0,rising
29,2024,Varanasi,Uttar Pradesh,DIS-CHL,Cholera,86,1,rising
29,2024,Varanasi,Uttar Pradesh,DIS-DEN,Dengue,1,0,rising
29,2024,Varanasi,Uttar Pradesh,DIS-RSP,Respiratory infections,3,0,rising
29,2024,Varanasi,Uttar Pradesh,DIS-SNK,Snakebite,45,0,rising
29,2024,Varanasi,Uttar Pradesh,DIS-MAL,Malaria,59,2,rising
30,2024,Varanasi,Uttar Pradesh,DIS-CHL,Cholera,26,0,declining
30,2024,Varanasi,Uttar Pradesh,DIS-DEN,Dengue,57,0,rising
30,2024,Varanasi,Uttar Pradesh,DIS-RSP,Respiratory infections,3,0,stable
30,2024,Varanasi,Uttar Pradesh,DIS-SNK,Snakebite,32,0,declining
30,2024,Varanasi,Uttar Pradesh,DIS-MAL,Malaria,30,0,rising
31,2024,Varanasi,Uttar Pradesh,DIS-CHL,Cholera,74,0,declining
31,2024,Varanasi,Uttar Pradesh,DIS-DEN,Dengue,33,1,rising
31,2024,Varanasi,Uttar Pradesh,DIS-RSP,Respiratory infections,3,0,declining
31,2024,Varanasi,Uttar Pradesh,DIS-SNK,Snakebite,79,3,declining
31,2024,Varanasi,Uttar Pradesh,DIS-MAL,Malaria,56,1,rising
32,2024,Varanasi,Uttar Pradesh,DIS-CHL,Cholera,48,0,declining
32,2024,Varanasi,Uttar Pradesh,DIS-DEN,Dengue,22,0,rising
32,2024,Varanasi,Uttar Pradesh,DIS-RSP,Respiratory infections,0,0,stable
32,2024,Varanasi,Uttar Pradesh,DIS-SNK,Snakebite,39,0,declining
32,2024,Varanasi,Uttar Pradesh,DIS-MAL,Malaria,25,0,rising
33,2024,Varanasi,Uttar Pradesh,DIS-CHL,Cholera,27,0,declining
33,2024,Varanasi,Uttar Pradesh,DIS-DEN,Dengue,60,1,rising
33,2024,Varanasi,Uttar Pradesh,DIS-RSP,Respiratory infections,1,0,stable
33,2024,Varanasi,Uttar Pradesh,DIS-SNK,Snakebite,73,1,declining
33,2024,Varanasi,Uttar Pradesh,DIS-MAL,Malaria,63,0,rising
34,2024,Varanasi,Uttar Pradesh,DIS-CHL,Cholera,78,1,declining
34,2024,Varanasi,Uttar Pradesh,DIS-DEN,Dengue,92,0,rising
34,2024,Varanasi,Uttar Pradesh,DIS-RSP,Respiratory infections,1,0,rising
34,2024,Varanasi,Uttar Pradesh,DIS-SNK,Snakebite,19,0,declining
34,2024,Varanasi,Uttar Pradesh,DIS-MAL,Malaria,37,1,rising
35,2024,Varanasi,Uttar Pradesh,DIS-CHL,Cholera,34,0,declining
35,2024,Varanasi,Uttar Pradesh,DIS-DEN,Dengue,38,0,rising
35,2024,Varanasi,Uttar Pradesh,DIS-RSP,Respiratory infections,2,0,stable
35,2024,Varanasi,Uttar Pradesh,DIS-SNK,Snakebite,28,1,declining
35,2024,Varanasi,Uttar Pradesh,DIS-MAL,Malaria,114,5,declining
36,2024,Varanasi,Uttar Pradesh,DIS-CHL,Cholera,4,0,declining
36,2024,Varanasi,Uttar Pradesh,DIS-DEN,Dengue,96,4,rising
36,2024,Varanasi,Uttar Pradesh,DIS-RSP,Respiratory infections,1,0,rising
36,2024,Varanasi,Uttar Pradesh,DIS-SNK,Snakebite,49,0,declining
36,2024,Varanasi,Uttar Pradesh,DIS-MAL,Malaria,101,0,declining
37,2024,Varanasi,Uttar Pradesh,DIS-CHL,Cholera,0,0,stable
37,2024,Varanasi,Uttar Pradesh,DIS-DEN,Dengue,81,0,declining
37,2024,Varanasi,Uttar Pradesh,DIS-RSP,Respiratory infections,4,0,rising
37,2024,Varanasi,Uttar Pradesh,DIS-SNK,Snakebite,28,0,declining
37,2024,Varanasi,Uttar Pradesh,DIS-MAL,Malaria,59,2,declining
38,2024,Varanasi,Uttar Pradesh,DIS-CHL,Cholera,3,0,rising
38,2024,Varanasi,Uttar Pradesh,DIS-DEN,Dengue,107,0,declining
38,2024,Varanasi,Uttar Pradesh,DIS-RSP,Respiratory infections,3,0,declining
38,2024,Varanasi,Uttar Pradesh,DIS-SNK,Snakebite,77,3,declining
38,2024,Varanasi,Uttar Pradesh,DIS-MAL,Malaria,22,1,declining
39,2024,Varanasi,Uttar Pradesh,DIS-CHL,Cholera,2,0,rising
39,2024,Varanasi,Uttar Pradesh,DIS-DEN,Dengue,28,0,declining
39,2024,Varanasi,Uttar Pradesh,DIS-RSP,Respiratory infections,4,0,stable
39,2024,Varanasi,Uttar Pradesh,DIS-SNK,Snakebite,88,1,declining
39,2024,Varanasi,Uttar Pradesh,DIS-MAL,Malaria,89,4,declining
40,2024,Varanasi,Uttar Pradesh,DIS-CHL,Cholera,3,0,declining
40,2024,Varanasi,Uttar Pradesh,DIS-DEN,Dengue,24,0,declining
40,2024,Varanasi,Uttar Pradesh,DIS-RSP,Respiratory infections,0,0,stable
40,2024,Varanasi,Uttar Pradesh,DIS-SNK,Snakebite,44,0,declining
40,2024,Varanasi,Uttar Pradesh,DIS-MAL,Malaria,87,3,declining
41,2024,Varanasi,Uttar Pradesh,DIS-CHL,Cholera,3,0,rising
41,2024,Varanasi,Uttar Pradesh,DIS-DEN,Dengue,31,1,declining
41,2024,Varanasi,Uttar Pradesh,DIS-RSP,Respiratory infections,4,0,rising
41,2024,Varanasi,Uttar Pradesh,DIS-SNK,Snakebite,2,0,stable
41,2024,Varanasi,Uttar Pradesh,DIS-MAL,Malaria,32,0,declining
42,2024,Varanasi,Uttar Pradesh,DIS-CHL,Cholera,2,0,stable
42,2024,Varanasi,Uttar Pradesh,DIS-DEN,Dengue,67,1,declining
42,2024,Varanasi,Uttar Pradesh,DIS-RSP,Respiratory infections,1,0,rising
42,2024,Varanasi,Uttar Pradesh,DIS-SNK,Snakebite,4,0,declining
42,2024,Varanasi,Uttar Pradesh,DIS-MAL,Malaria,85,1,declining
43,2024,Varanasi,Uttar Pradesh,DIS-CHL,Cholera,3,0,stable
43,2024,Varanasi,Uttar Pradesh,DIS-DEN,Dengue,79,2,declining
43,2024,Varanasi,Uttar Pradesh,DIS-RSP,Respiratory infections,1,0,stable
43,2024,Varanasi,Uttar Pradesh,DIS-SNK,Snakebite,1,0,stable
43,2024,Varanasi,Uttar Pradesh,DIS-MAL,Malaria,4,0,stable
44,2024,Varanasi,Uttar Pradesh,DIS-CHL,Cholera,4,0,rising
44,2024,Varanasi,Uttar Pradesh,DIS-DEN,Dengue,39,1,declining
44,2024,Varanasi,Uttar Pradesh,DIS-RSP,Respiratory infections,3,0,stable
44,2024,Varanasi,Uttar Pradesh,DIS-SNK,Snakebite,0,0,stable
44,2024,Varanasi,Uttar Pradesh,DIS-MAL,Malaria,2,0,declining
45,2024,Varanasi,Uttar Pradesh,DIS-CHL,Cholera,2,0,stable
45,2024,Varanasi,Uttar Pradesh,DIS-DEN,Dengue,30,0,declining
45,2024,Varanasi,Uttar Pradesh,DIS-RSP,Respiratory infections,96,2,declining
45,2024,Varanasi,Uttar Pradesh,DIS-SNK,Snakebite,3,0,rising
45,2024,Varanasi,Uttar Pradesh,DIS-MAL,Malaria,2,0,declining
46,2024,Varanasi,Uttar Pradesh,DIS-CHL,Cholera,0,0,declining
46,2024,Varanasi,Uttar Pradesh,DIS-DEN,Dengue,1,0,stable
46,2024,Varanasi,Uttar Pradesh,DIS-RSP,Respiratory infections,42,1,declining
46,2024,Varanasi,Uttar Pradesh,DIS-SNK,Snakebite,3,0,declining
46,2024,Varanasi,Uttar Pradesh,DIS-MAL,Malaria,5,0,stable
47,2024,Varanasi,Uttar Pradesh,DIS-CHL,Cholera,5,0,rising
47,2024,Varanasi,Uttar Pradesh,DIS-DEN,Dengue,5,0,stable
47,2024,Varanasi,Uttar Pradesh,DIS-RSP,Respiratory infections,98,1,declining
47,2024,Varanasi,Uttar Pradesh,DIS-SNK,Snakebite,5,0,rising
47,2024,Varanasi,Uttar Pradesh,DIS-MAL,Malaria,3,0,stable
48,2024,Varanasi,Uttar Pradesh,DIS-CHL,Cholera,1,0,rising
48,2024,Varanasi,Uttar Pradesh,DIS-DEN,Dengue,3,0,stable
48,2024,Varanasi,Uttar Pradesh,DIS-RSP,Respiratory infections,69,0,declining
48,2024,Varanasi,Uttar Pradesh,DIS-SNK,Snakebite,0,0,stable
48,2024,Varanasi,Uttar Pradesh,DIS-MAL,Malaria,2,0,rising
49,2024,Varanasi,Uttar Pradesh,DIS-CHL,Cholera,2,0,declining
49,2024,Varanasi,Uttar Pradesh,DIS-DEN,Dengue,1,0,declining
49,2024,Varanasi,Uttar Pradesh,DIS-RSP,Respiratory infections,82,2,declining
49,2024,Varanasi,Uttar Pradesh,DIS-SNK,Snakebite,4,0,rising
49,2024,Varanasi,Uttar Pradesh,DIS-MAL,Malaria,1,0,declining
50,2024,Varanasi,Uttar Pradesh,DIS-CHL,Cholera,0,0,rising
50,2024,Varanasi,Uttar Pradesh,DIS-DEN,Dengue,2,0,stable
50,2024,Varanasi,Uttar Pradesh,DIS-RSP,Respiratory infections,22,0,declining
50,2024,Varanasi,Uttar Pradesh,DIS-SNK,Snakebite,4,0,rising
50,2024,Varanasi,Uttar Pradesh,DIS-MAL,Malaria,1,0,rising
51,2024,Varanasi,Uttar Pradesh,DIS-CHL,Cholera,1,0,rising
51,2024,Varanasi,Uttar Pradesh,DIS-DEN,Dengue,5,0,stable
51,2024,Varanasi,Uttar Pradesh,DIS-RSP,Respiratory infections,63,1,declining
51,2024,Varanasi,Uttar Pradesh,DIS-SNK,Snakebite,0,0,declining
51,2024,Varanasi,Uttar Pradesh,DIS-MAL,Malaria,3,0,declining
52,2024,Varanasi,Uttar Pradesh,DIS-CHL,Cholera,4,0,stable
52,2024,Varanasi,Uttar Pradesh,DIS-DEN,Dengue,3,0,stable
52,2024,Varanasi,Uttar Pradesh,DIS-RSP,Respiratory infections,65,2,declining
52,2024,Varanasi,Uttar Pradesh,DIS-SNK,Snakebite,4,0,rising
52,2024,Varanasi,Uttar Pradesh,DIS-MAL,Malaria,1,0,declining
1,2024,Agra,Uttar Pradesh,DIS-CHL,Cholera,3,0,stable
1,2024,Agra,Uttar Pradesh,DIS-DEN,Dengue,4,0,stable
1,2024,Agra,Uttar Pradesh,DIS-RSP,Respiratory infections,42,0,rising
1,2024,Agra,Uttar Pradesh,DIS-SNK,Snakebite,0,0,declining
1,2024,Agra,Uttar Pradesh,DIS-MAL,Malaria,0,0,declining
2,2024,Agra,Uttar Pradesh,DIS-CHL,Cholera,2,0,stable
2,2024,Agra,Uttar Pradesh,DIS-DEN,Dengue,1,0,stable
2,2024,Agra,Uttar Pradesh,DIS-RSP,Respiratory infections,74,0,declining
2,2024,Agra,Uttar Pradesh,DIS-SNK,Snakebite,0,0,declining
2,2024,Agra,Uttar Pradesh,DIS-MAL,Malaria,0,0,stable
3,2024,Agra,Uttar Pradesh,DIS-CHL,Cholera,2,0,stable
3,2024,Agra,Uttar Pradesh,DIS-DEN,Dengue,4,0,stable
3,2024,Agra,Uttar Pradesh,DIS-RSP,Respiratory infections,67,1,declining
3,2024,Agra,Uttar Pradesh,DIS-SNK,Snakebite,3,0,rising
3,2024,Agra,Uttar Pradesh,DIS-MAL,Malaria,3,0,rising
4,2024,Agra,Uttar Pradesh,DIS-CHL,Cholera,4,0,stable
4,2024,Agra,Uttar Pradesh,DIS-DEN,Dengue,0,0,stable
4,2024,Agra,Uttar Pradesh,DIS-RSP,Respiratory infections,77,1,declining
4,2024,Agra,Uttar Pradesh,DIS-SNK,Snakebite,1,0,stable
4,2024,Agra,Uttar Pradesh,DIS-MAL,Malaria,1,0,rising
5,2024,Agra,Uttar Pradesh,DIS-CHL,Cholera,4,0,stable
5,2024,Agra,Uttar Pradesh,DIS-DEN,Dengue,0,0,stable
5,2024,Agra,Uttar Pradesh,DIS-RSP,Respiratory infections,61,2,declining
5,2024,Agra,Uttar Pradesh,DIS-SNK,Snakebite,2,0,stable
5,2024,Agra,Uttar Pradesh,DIS-MAL,Malaria,0,0,rising
6,2024,Agra,Uttar Pradesh,DIS-CHL,Cholera,4,0,rising
6,2024,Agra,Uttar Pradesh,DIS-DEN,Dengue,4,0,declining
6,2024,Agra,Uttar Pradesh,DIS-RSP,Respiratory infections,65,2,declining
6,2024,Agra,Uttar Pradesh,DIS-SNK,Snakebite,5,0,declining
6,2024,Agra,Uttar Pradesh,DIS-MAL,Malaria,2,0,stable
7,2024,Agra,Uttar Pradesh,DIS-CHL,Cholera,4,0,stable
7,2024,Agra,Uttar Pradesh,DIS-DEN,Dengue,2,0,stable
7,2024,Agra,Uttar Pradesh,DIS-RSP,Respiratory infections,51,1,declining
7,2024,Agra,Uttar Pradesh,DIS-SNK,Snakebite,0,0,declining
7,2024,Agra,Uttar Pradesh,DIS-MAL,Malaria,3,0,rising
8,2024,Agra,Uttar Pradesh,DIS-CHL,Cholera,0,0,declining
8,2024,Agra,Uttar Pradesh,DIS-DEN,Dengue,0,0,rising
8,2024,Agra,Uttar Pradesh,DIS-RSP,Respiratory infections,79,3,declining
8,2024,Agra,Uttar Pradesh,DIS-SNK,Snakebite,4,0,stable
8,2024,Agra,Uttar Pradesh,DIS-MAL,Malaria,0,0,declining
9,2024,Agra,Uttar Pradesh,DIS-CHL,Cholera,2,0,rising
9,2024,Agra,Uttar Pradesh,DIS-DEN,Dengue,1,0,stable
9,2024,Agra,Uttar Pradesh,DIS-RSP,Respiratory infections,0,0,rising
9,2024,Agra,Uttar Pradesh,DIS-SNK,Snakebite,4,0,declining
9,2024,Agra,Uttar Pradesh,DIS-MAL,Malaria,4,0,declining
10,2024,Agra,Uttar Pradesh,DIS-CHL,Cholera,3,0,stable
10,2024,Agra,Uttar Pradesh,DIS-DEN,Dengue,3,0,stable
10,2024,Agra,Uttar Pradesh,DIS-RSP,Respiratory infections,4,0,declining
10,2024,Agra,Uttar Pradesh,DIS-SNK,Snakebite,5,0,stable
10,2024,Agra,Uttar Pradesh,DIS-MAL,Malaria,0,0,declining
11,2024,Agra,Uttar Pradesh,DIS-CHL,Cholera,3,0,stable
11,2024,Agra,Uttar Pradesh,DIS-DEN,Dengue,4,0,rising
11,2024,Agra,Uttar Pradesh,DIS-RSP,Respiratory infections,5,0,stable
11,2024,Agra,Uttar Pradesh,DIS-SNK,Snakebite,3,0,declining
11,2024,Agra,Uttar Pradesh,DIS-MAL,Malaria,2,0,rising
12,2024,Agra,Uttar Pradesh,DIS-CHL,Cholera,5,0,stable
12,2024,Agra,Uttar Pradesh,DIS-DEN,Dengue,4,0,stable
12,2024,Agra,Uttar Pradesh,DIS-RSP,Respiratory infections,4,0,rising
12,2024,Agra,Uttar Pradesh,DIS-SNK,Snakebite,1,0,stable
12,2024,Agra,Uttar Pradesh,DIS-MAL,Malaria,3,0,stable
13,2024,Agra,Uttar Pradesh,DIS-CHL,Cholera,2,0,stable
13,2024,Agra,Uttar Pradesh,DIS-DEN,Dengue,5,0,stable
13,2024,Agra,Uttar Pradesh,DIS-RSP,Respiratory infections,2,0,declining
13,2024,Agra,Uttar Pradesh,DIS-SNK,Snakebite,2,0,declining
13,2024,Agra,Uttar Pradesh,DIS-MAL,Malaria,4,0,rising
14,2024,Agra,Uttar Pradesh,DIS-CHL,Cholera,1,0,stable
14,2024,Agra,Uttar Pradesh,DIS-DEN,Dengue,0,0,stable
14,2024,Agra,Uttar Pradesh,DIS-RSP,Respiratory infections,2,0,stable
14,2024,Agra,Uttar Pradesh,DIS-SNK,Snakebite,1,0,stable
14,2024,Agra,Uttar Pradesh,DIS-MAL,Malaria,1,0,stable
15,2024,Agra,Uttar Pradesh,DIS-CHL,Cholera,5,0,rising
15,2024,Agra,Uttar Pradesh,DIS-DEN,Dengue,2,0,stable
15,2024,Agra,Uttar Pradesh,DIS-RSP,Respiratory infections,1,0,stable
15,2024,Agra,Uttar Pradesh,DIS-SNK,Snakebite,3,0,stable
15,2024,Agra,Uttar Pradesh,DIS-MAL,Malaria,0,0,stable
16,2024,Agra,Uttar Pradesh,DIS-CHL,Cholera,0,0,declining
16,2024,Agra,Uttar Pradesh,DIS-DEN,Dengue,5,0,declining
16,2024,Agra,Uttar Pradesh,DIS-RSP,Respiratory infections,4,0,stable
16,2024,Agra,Uttar Pradesh,DIS-SNK,Snakebite,1,0,stable
16,2024,Agra,Uttar Pradesh,DIS-MAL,Malaria,0,0,stable
17,2024,Agra,Uttar Pradesh,DIS-CHL,Cholera,2,0,stable
17,2024,Agra,Uttar Pradesh,DIS-DEN,Dengue,0,0,declining
17,2024,Agra,Uttar Pradesh,DIS-RSP,Respiratory infections,5,0,stable
17,2024,Agra,Uttar Pradesh,DIS-SNK,Snakebite,1,0,stable
17,2024,Agra,Uttar Pradesh,DIS-MAL,Malaria,4,0,declining
18,2024,Agra,Uttar Pradesh,DIS-CHL,Cholera,4,0,stable
18,2024,Agra,Uttar Pradesh,DIS-DEN,Dengue,2,0,stable
18,2024,Agra,Uttar Pradesh,DIS-RSP,Respiratory infections,0,0,stable
18,2024,Agra,Uttar Pradesh,DIS-SNK,Snakebite,3,0,rising
18,2024,Agra,Uttar Pradesh,DIS-MAL,Malaria,0,0,declining
19,2024,Agra,Uttar Pradesh,DIS-CHL,Cholera,4,0,declining
19,2024,Agra,Uttar Pradesh,DIS-DEN,Dengue,0,0,stable
19,2024,Agra,Uttar Pradesh,DIS-RSP,Respiratory infections,4,0,declining
19,2024,Agra,Uttar Pradesh,DIS-SNK,Snakebite,1,0,declining
19,2024,Agra,Uttar Pradesh,DIS-MAL,Malaria,0,0,stable
20,2024,Agra,Uttar Pradesh,DIS-CHL,Cholera,3,0,rising
20,2024,Agra,Uttar Pradesh,DIS-DEN,Dengue,0,0,stable
20,2024,Agra,Uttar Pradesh,DIS-RSP,Respiratory infections,2,0,declining
20,2024,Agra,Uttar Pradesh,DIS-SNK,Snakebite,82,1,rising
20,2024,Agra,Uttar Pradesh,DIS-MAL,Malaria,4,0,declining
21,2024,Agra,Uttar Pradesh,DIS-CHL,Cholera,4,0,declining
21,2024,Agra,Uttar Pradesh,DIS-DEN,Dengue,4,0,rising
21,2024,Agra,Uttar Pradesh,DIS-RSP,Respiratory infections,3,0,stable
21,2024,Agra,Uttar Pradesh,DIS-SNK,Snakebite,73,0,rising
21,2024,Agra,Uttar Pradesh,DIS-MAL,Malaria,4,0,stable
22,2024,Agra,Uttar Pradesh,DIS-CHL,Cholera,0,0,stable
22,2024,Agra,Uttar Pradesh,DIS-DEN,Dengue,1,0,stable
22,2024,Agra,Uttar Pradesh,DIS-RSP,Respiratory infections,1,0,declining
22,2024,Agra,Uttar Pradesh,DIS-SNK,Snakebite,28,0,rising
22,2024,Agra,Uttar Pradesh,DIS-MAL,Malaria,3,0,stable
23,2024,Agra,Uttar Pradesh,DIS-CHL,Cholera,2,0,stable
23,2024,Agra,Uttar Pradesh,DIS-DEN,Dengue,3,0,stable
23,2024,Agra,Uttar Pradesh,DIS-RSP,Respiratory infections,5,0,declining
23,2024,Agra,Uttar Pradesh,DIS-SNK,Snakebite,32,1,rising
23,2024,Agra,Uttar Pradesh,DIS-MAL,Malaria,3,0,rising
24,2024,Agra,Uttar Pradesh,DIS-CHL,Cholera,1,0,rising
24,2024,Agra,Uttar Pradesh,DIS-DEN,Dengue,4,0,stable
24,2024,Agra,Uttar Pradesh,DIS-RSP,Respiratory infections,1,0,stable
24,2024,Agra,Uttar Pradesh,DIS-SNK,Snakebite,17,0,rising
24,2024,Agra,Uttar Pradesh,DIS-MAL,Malaria,0,0,declining
25,2024,Agra,Uttar Pradesh,DIS-CHL,Cholera,93,3,rising
25,2024,Agra,Uttar Pradesh,DIS-DEN,Dengue,4,0,stable
25,2024,Agra,Uttar Pradesh,DIS-RSP,Respiratory infections,0,0,rising
25,2024,Agra,Uttar Pradesh,DIS-SNK,Snakebite,60,0,rising
25,2024,Agra,Uttar Pradesh,DIS-MAL,Malaria,1,0,stable
26,2024,Agra,Uttar Pradesh,DIS-CHL,Cholera,43,0,rising
26,2024,Agra,Uttar Pradesh,DIS-DEN,Dengue,4,0,declining
26,2024,Agra,Uttar Pradesh,DIS-RSP,Respiratory infections,0,0,stable
26,2024,Agra,Uttar Pradesh,DIS-SNK,Snakebite,66,3,rising
26,2024,Agra,Uttar Pradesh,DIS-MAL,Malaria,0,0,stable
27,2024,Agra,Uttar Pradesh,DIS-CHL,Cholera,61,1,rising
27,2024,Agra,Uttar Pradesh,DIS-DEN,Dengue,3,0,declining
27,2024,Agra,Uttar Pradesh,DIS-RSP,Respiratory infections,5,0,declining
27,2024,Agra,Uttar Pradesh,DIS-SNK,Snakebite,50,2,rising
27,2024,Agra,Uttar Pradesh,DIS-MAL,Malaria,0,0,stable
28,2024,Agra,Uttar Pradesh,DIS-CHL,Cholera,44,0,rising
28,2024,Agra,Uttar Pradesh,DIS-DEN,Dengue,5,0,stable
28,2024,Agra,Uttar Pradesh,DIS-RSP,Respiratory infections,4,0,declining
28,2024,Agra,Uttar Pradesh,DIS-SNK,Snakebite,61,1,rising
28,2024,Agra,Uttar Pradesh,DIS-MAL,Malaria,72,2,rising
29,2024,Agra,Uttar Pradesh,DIS-CHL,Cholera,32,0,rising
29,2024,Agra,Uttar Pradesh,DIS-DEN,Dengue,0,0,declining
29,2024,Agra,Uttar Pradesh,DIS-RSP,Respiratory infections,5,0,stable
29,2024,Agra,Uttar Pradesh,DIS-SNK,Snakebite,28,0,rising
29,2024,Agra,Uttar Pradesh,DIS-MAL,Malaria,56,2,rising
30,2024,Agra,Uttar Pradesh,DIS-CHL,Cholera,68,1,declining
30,2024,Agra,Uttar Pradesh,DIS-DEN,Dengue,48,1,rising
30,2024,Agra,Uttar Pradesh,DIS-RSP,Respiratory infections,5,0,declining
30,2024,Agra,Uttar Pradesh,DIS-SNK,Snakebite,58,2,declining
30,2024,Agra,Uttar Pradesh,DIS-MAL,Malaria,87,1,rising
31,2024,Agra,Uttar Pradesh,DIS-CHL,Cholera,98,0,declining
31,2024,Agra,Uttar Pradesh,DIS-DEN,Dengue,35,1,rising
31,2024,Agra,Uttar Pradesh,DIS-RSP,Respiratory infections,2,0,rising
31,2024,Agra,Uttar Pradesh,DIS-SNK,Snakebite,62,1,declining
31,2024,Agra,Uttar Pradesh,DIS-MAL,Malaria,87,3,rising
32,2024,Agra,Uttar Pradesh,DIS-CHL,Cholera,64,2,declining
32,2024,Agra,Uttar Pradesh,DIS-DEN,Dengue,22,0,rising
32,2024,Agra,Uttar Pradesh,DIS-RSP,Respiratory infections,3,0,stable
32,2024,Agra,Uttar Pradesh,DIS-SNK,Snakebite,67,1,declining
32,2024,Agra,Uttar Pradesh,DIS-MAL,Malaria,98,2,rising
33,2024,Agra,Uttar Pradesh,DIS-CHL,Cholera,68,0,declining
33,2024,Agra,Uttar Pradesh,DIS-DEN,Dengue,57,2,rising
33,2024,Agra,Uttar Pradesh,DIS-RSP,Respiratory infections,5,0,declining
33,2024,Agra,Uttar Pradesh,DIS-SNK,Snakebite,71,1,declining
33,2024,Agra,Uttar Pradesh,DIS-MAL,Malaria,34,0,rising
34,2024,Agra,Uttar Pradesh,DIS-CHL,Cholera,60,1,declining
34,2024,Agra,Uttar Pradesh,DIS-DEN,Dengue,83,3,rising
34,2024,Agra,Uttar Pradesh,DIS-RSP,Respiratory infections,2,0,stable
34,2024,Agra,Uttar Pradesh,DIS-SNK,Snakebite,31,0,declining
34,2024,Agra,Uttar Pradesh,DIS-MAL,Malaria,25,0,rising
35,2024,Agra,Uttar Pradesh,DIS-CHL,Cholera,109,1,declining
35,2024,Agra,Uttar Pradesh,DIS-DEN,Dengue,81,2,rising
35,2024,Agra,Uttar Pradesh,DIS-RSP,Respiratory infections,1,0,stable
35,2024,Agra,Uttar Pradesh,DIS-SNK,Snakebite,41,1,declining
35,2024,Agra,Uttar Pradesh,DIS-MAL,Malaria,43,0,declining
36,2024,Agra,Uttar Pradesh,DIS-CHL,Cholera,5,0,rising
36,2024,Agra,Uttar Pradesh,DIS-DEN,Dengue,72,0,rising
36,2024,Agra,Uttar Pradesh,DIS-RSP,Respiratory infections,4,0,stable
36,2024,Agra,Uttar Pradesh,DIS-SNK,Snakebite,97,4,declining
36,2024,Agra,Uttar Pradesh,DIS-MAL,Malaria,73,3,declining
37,2024,Agra,Uttar Pradesh,DIS-CHL,Cholera,4,0,stable
37,2024,Agra,Uttar Pradesh,DIS-DEN,Dengue,72,1,declining
37,2024,Agra,Uttar Pradesh,DIS-RSP,Respiratory infections,5,0,declining
37,2024,Agra,Uttar Pradesh,DIS-SNK,Snakebite,52,0,declining
37,2024,Agra,Uttar Pradesh,DIS-MAL,Malaria,77,2,declining
38,2024,Agra,Uttar Pradesh,DIS-CHL,Cholera,2,0,stable
38,2024,Agra,Uttar Pradesh,DIS-DEN,Dengue,65,0,declining
38,2024,Agra,Uttar Pradesh,DIS-RSP,Respiratory infections,0,0,rising
38,2024,Agra,Uttar Pradesh,DIS-SNK,Snakebite,39,0,declining
38,2024,Agra,Uttar Pradesh,DIS-MAL,Malaria,59,1,declining
39,2024,Agra,Uttar Pradesh,DIS-CHL,Cholera,1,0,stable
39,2024,Agra,Uttar Pradesh,DIS-DEN,Dengue,49,1,declining
39,2024,Agra,Uttar Pradesh,DIS-RSP,Respiratory infections,2,0,stable
39,2024,Agra,Uttar Pradesh,DIS-SNK,Snakebite,83,0,declining
39,2024,Agra,Uttar Pradesh,DIS-MAL,Malaria,94,2,declining
40,2024,Agra,Uttar Pradesh,DIS-CHL,Cholera,2,0,declining
40,2024,Agra,Uttar Pradesh,DIS-DEN,Dengue,105,4,declining
40,2024,Agra,Uttar Pradesh,DIS-RSP,Respiratory infections,3,0,stable
40,2024,Agra,Uttar Pradesh,DIS-SNK,Snakebite,79,1,declining
40,2024,Agra,Uttar Pradesh,DIS-MAL,Malaria,104,2,declining
41,2024,Agra,Uttar Pradesh,DIS-CHL,Cholera,1,0,rising
41,2024,Agra,Uttar Pradesh,DIS-DEN,Dengue,50,1,declining
41,2024,Agra,Uttar Pradesh,DIS-RSP,Respiratory infections,2,0,stable
41,2024,Agra,Uttar Pradesh,DIS-SNK,Snakebite,4,0,stable
41,2024,Agra,Uttar Pradesh,DIS-MAL,Malaria,43,0,declining
42,2024,Agra,Uttar Pradesh,DIS-CHL,Cholera,3,0,stable
42,2024,Agra,Uttar Pradesh,DIS-DEN,Dengue,59,0,declining
42,2024,Agra,Uttar Pradesh,DIS-RSP,Respiratory infections,5,0,rising
42,2024,Agra,Uttar Pradesh,DIS-SNK,Snakebite,0,0,stable
42,2024,Agra,Uttar Pradesh,DIS-MAL,Malaria,99,0,declining
43,2024,Agra,Uttar Pradesh,DIS-CHL,Cholera,4,0,stable
43,2024,Agra,Uttar Pradesh,DIS-DEN,Dengue,64,3,declining
43,2024,Agra,Uttar Pradesh,DIS-RSP,Respiratory infections,0,0,stable
43,2024,Agra,Uttar Pradesh,DIS-SNK,Snakebite,4,0,rising
43,2024,Agra,Uttar Pradesh,DIS-MAL,Malaria,0,0,stable
44,2024,Agra,Uttar Pradesh,DIS-CHL,Cholera,1,0,rising
44,2024,Agra,Uttar Pradesh,DIS-DEN,Dengue,85,2,declining
44,2024,Agra,Uttar Pradesh,DIS-RSP,Respiratory infections,3,0,stable
44,2024,Agra,Uttar Pradesh,DIS-SNK,Snakebite,1,0,declining
44,2024,Agra,Uttar Pradesh,DIS-MAL,Malaria,3,0,stable
45,2024,Agra,Uttar Pradesh,DIS-CHL,Cholera,1,0,rising
45,2024,Agra,Uttar Pradesh,DIS-DEN,Dengue,23,1,declining
45,2024,Agra,Uttar Pradesh,DIS-RSP,Respiratory infections,65,0,declining
45,2024,Agra,Uttar Pradesh,DIS-SNK,Snakebite,0,0,declining
45,2024,Agra,Uttar Pradesh,DIS-MAL,Malaria,4,0,declining
46,2024,Agra,Uttar Pradesh,DIS-CHL,Cholera,1,0,stable
46,2024,Agra,Uttar Pradesh,DIS-DEN,Dengue,0,0,stable
46,2024,Agra,Uttar Pradesh,DIS-RSP,Respiratory infections,49,1,declining
46,2024,Agra,Uttar Pradesh,DIS-SNK,Snakebite,3,0,rising
46,2024,Agra,Uttar Pradesh,DIS-MAL,Malaria,4,0,stable
47,2024,Agra,Uttar Pradesh,DIS-CHL,Cholera,0,0,stable
47,2024,Agra,Uttar Pradesh,DIS-DEN,Dengue,3,0,stable
47,2024,Agra,Uttar Pradesh,DIS-RSP,Respiratory infections,115,4,declining
47,2024,Agra,Uttar Pradesh,DIS-SNK,Snakebite,0,0,rising
47,2024,Agra,Uttar Pradesh,DIS-MAL,Malaria,1,0,stable
48,2024,Agra,Uttar Pradesh,DIS-CHL,Cholera,0,0,stable
48,2024,Agra,Uttar Pradesh,DIS-DEN,Dengue,4,0,rising
48,2024,Agra,Uttar Pradesh,DIS-RSP,Respiratory infections,62,0,declining
48,2024,Agra,Uttar Pradesh,DIS-SNK,Snakebite,4,0,rising
48,2024,Agra,Uttar Pradesh,DIS-MAL,Malaria,2,0,stable
49,2024,Agra,Uttar Pradesh,DIS-CHL,Cholera,2,0,stable
49,2024,Agra,Uttar Pradesh,DIS-DEN,Dengue,0,0,declining
49,2024,Agra,Uttar Pradesh,DIS-RSP,Respiratory infections,79,0,declining
49,2024,Agra,Uttar Pradesh,DIS-SNK,Snakebite,1,0,stable
49,2024,Agra,Uttar Pradesh,DIS-MAL,Malaria,3,0,declining
50,2024,Agra,Uttar Pradesh,DIS-CHL,Cholera,2,0,stable
50,2024,Agra,Uttar Pradesh,DIS-DEN,Dengue,3,0,stable
50,2024,Agra,Uttar Pradesh,DIS-RSP,Respiratory infections,37,0,declining
50,2024,Agra,Uttar Pradesh,DIS-SNK,Snakebite,2,0,stable
50,2024,Agra,Uttar Pradesh,DIS-MAL,Malaria,2,0,stable
51,2024,Agra,Uttar Pradesh,DIS-CHL,Cholera,0,0,declining
51,2024,Agra,Uttar Pradesh,DIS-DEN,Dengue,2,0,stable
51,2024,Agra,Uttar Pradesh,DIS-RSP,Respiratory infections,67,3,declining
51,2024,Agra,Uttar Pradesh,DIS-SNK,Snakebite,0,0,declining
51,2024,Agra,Uttar Pradesh,DIS-MAL,Malaria,3,0,rising
52,2024,Agra,Uttar Pradesh,DIS-CHL,Cholera,1,0,stable
52,2024,Agra,Uttar Pradesh,DIS-DEN,Dengue,2,0,stable
52,2024,Agra,Uttar Pradesh,DIS-RSP,Respiratory infections,85,2,declining
52,2024,Agra,Uttar Pradesh,DIS-SNK,Snakebite,4,0,declining
52,2024,Agra,Uttar Pradesh,DIS-MAL,Malaria,4,0,declining
1,2024,Kanpur,Uttar Pradesh,DIS-CHL,Cholera,2,0,stable
1,2024,Kanpur,Uttar Pradesh,DIS-DEN,Dengue,0,0,stable
1,2024,Kanpur,Uttar Pradesh,DIS-RSP,Respiratory infections,23,0,declining
1,2024,Kanpur,Uttar Pradesh,DIS-SNK,Snakebite,0,0,stable
1,2024,Kanpur,Uttar Pradesh,DIS-MAL,Malaria,1,0,rising
2,2024,Kanpur,Uttar Pradesh,DIS-CHL,Cholera,1,0,declining
2,2024,Kanpur,Uttar Pradesh,DIS-DEN,Dengue,5,0,stable
2,2024,Kanpur,Uttar Pradesh,DIS-RSP,Respiratory infections,31,0,declining
2,2024,Kanpur,Uttar Pradesh,DIS-SNK,Snakebite,0,0,stable
2,2024,Kanpur,Uttar Pradesh,DIS-MAL,Malaria,0,0,declining
3,2024,Kanpur,Uttar Pradesh,DIS-CHL,Cholera,1,0,rising
3,2024,Kanpur,Uttar Pradesh,DIS-DEN,Dengue,0,0,stable
3,2024,Kanpur,Uttar Pradesh,DIS-RSP,Respiratory infections,40,0,declining
3,2024,Kanpur,Uttar Pradesh,DIS-SNK,Snakebite,1,0,stable
3,2024,Kanpur,Uttar Pradesh,DIS-MAL,Malaria,2,0,declining
4,2024,Kanpur,Uttar Pradesh,DIS-CHL,Cholera,2,0,stable
4,2024,Kanpur,Uttar Pradesh,DIS-DEN,Dengue,3,0,stable
4,2024,Kanpur,Uttar Pradesh,DIS-RSP,Respiratory infections,63,1,declining
4,2024,Kanpur,Uttar Pradesh,DIS-SNK,Snakebite,5,0,stable
4,2024,Kanpur,Uttar Pradesh,DIS-MAL,Malaria,0,0,rising
5,2024,Kanpur,Uttar Pradesh,DIS-CHL,Cholera,0,0,stable
5,2024,Kanpur,Uttar Pradesh,DIS-DEN,Dengue,3,0,declining
5,2024,Kanpur,Uttar Pradesh,DIS-RSP,Respiratory infections,115,1,declining
5,2024,Kanpur,Uttar Pradesh,DIS-SNK,Snakebite,0,0,stable
5,2024,Kanpur,Uttar Pradesh,DIS-MAL,Malaria,0,0,stable
6,2024,Kanpur,Uttar Pradesh,DIS-CHL,Cholera,4,0,stable
6,2024,Kanpur,Uttar Pradesh,DIS-DEN,Dengue,2,0,stable
6,2024,Kanpur,Uttar Pradesh,DIS-RSP,Respiratory infections,84,3,declining
6,2024,Kanpur,Uttar Pradesh,DIS-SNK,Snakebite,4,0,stable
6,2024,Kanpur,Uttar Pradesh,DIS-MAL,Malaria,1,0,stable
7,2024,Kanpur,Uttar Pradesh,DIS-CHL,Cholera,2,0,rising
7,2024,Kanpur,Uttar Pradesh,DIS-DEN,Dengue,0,0,declining
7,2024,Kanpur,Uttar Pradesh,DIS-RSP,Respiratory infections,70,0,declining
7,2024,Kanpur,Uttar Pradesh,DIS-SNK,Snakebite,0,0,stable
7,2024,Kanpur,Uttar Pradesh,DIS-MAL,Malaria,0,0,stable
8,2024,Kanpur,Uttar Pradesh,DIS-CHL,Cholera,1,0,declining
8,2024,Kanpur,Uttar Pradesh,DIS-DEN,Dengue,3,0,stable
8,2024,Kanpur,Uttar Pradesh,DIS-RSP,Respiratory infections,61,2,declining
8,2024,Kanpur,Uttar Pradesh,DIS-SNK,Snakebite,3,0,declining
8,2024,Kanpur,Uttar Pradesh,DIS-MAL,Malaria,3,0,stable
9,2024,Kanpur,Uttar Pradesh,DIS-CHL,Cholera,4,0,stable
9,2024,Kanpur,Uttar Pradesh,DIS-DEN,Dengue,1,0,declining
9,2024,Kanpur,Uttar Pradesh,DIS-RSP,Respiratory infections,3,0,declining
9,2024,Kanpur,Uttar Pradesh,DIS-SNK,Snakebite,3,0,stable
9,2024,Kanpur,Uttar Pradesh,DIS-MAL,Malaria,1,0,stable
10,2024,Kanpur,Uttar Pradesh,DIS-CHL,Cholera,0,0,stable
10,2024,Kanpur,Uttar Pradesh,DIS-DEN,Dengue,3,0,stable
10,2024,Kanpur,Uttar Pradesh,DIS-RSP,Respiratory infections,0,0,declining
10,2024,Kanpur,Uttar Pradesh,DIS-SNK,Snakebite,3,0,stable
10,2024,Kanpur,Uttar Pradesh,DIS-MAL,Malaria,1,0,stable
11,2024,Kanpur,Uttar Pradesh,DIS-CHL,Cholera,5,0,rising
11,2024,Kanpur,Uttar Pradesh,DIS-DEN,Dengue,4,0,rising
11,2024,Kanpur,Uttar Pradesh,DIS-RSP,Respiratory infections,2,0,stable
11,2024,Kanpur,Uttar Pradesh,DIS-SNK,Snakebite,2,0,stable
11,2024,Kanpur,Uttar Pradesh,DIS-MAL,Malaria,2,0,stable
12,2024,Kanpur,Uttar Pradesh,DIS-CHL,Cholera,3,0,stable
12,2024,Kanpur,Uttar Pradesh,DIS-DEN,Dengue,4,0,declining
12,2024,Kanpur,Uttar Pradesh,DIS-RSP,Respiratory infections,2,0,declining
12,2024,Kanpur,Uttar Pradesh,DIS-SNK,Snakebite,0,0,declining
12,2024,Kanpur,Uttar Pradesh,DIS-MAL,Malaria,0,0,stable
13,2024,Kanpur,Uttar Pradesh,DIS-CHL,Cholera,0,0,rising
13,2024,Kanpur,Uttar Pradesh,DIS-DEN,Dengue,2,0,declining
13,2024,Kanpur,Uttar Pradesh,DIS-RSP,Respiratory infections,2,0,stable
13,2024,Kanpur,Uttar Pradesh,DIS-SNK,Snakebite,2,0,stable
13,2024,Kanpur,Uttar Pradesh,DIS-MAL,Malaria,0,0,stable
14,2024,Kanpur,Uttar Pradesh,DIS-CHL,Cholera,1,0,stable
14,2024,Kanpur,Uttar Pradesh,DIS-DEN,Dengue,1,0,rising
14,2024,Kanpur,Uttar Pradesh,DIS-RSP,Respiratory infections,0,0,stable
14,2024,Kanpur,Uttar Pradesh,DIS-SNK,Snakebite,1,0,rising
14,2024,Kanpur,Uttar Pradesh,DIS-MAL,Malaria,2,0,rising
15,2024,Kanpur,Uttar Pradesh,DIS-CHL,Cholera,3,0,rising
15,2024,Kanpur,Uttar Pradesh,DIS-DEN,Dengue,3,0,rising
15,2024,Kanpur,Uttar Pradesh,DIS-RSP,Respiratory infections,4,0,rising
15,2024,Kanpur,Uttar Pradesh,DIS-SNK,Snakebite,2,0,rising
15,2024,Kanpur,Uttar Pradesh,DIS-MAL,Malaria,2,0,declining
16,2024,Kanpur,Uttar Pradesh,DIS-CHL,Cholera,1,0,stable
16,2024,Kanpur,Uttar Pradesh,DIS-DEN,Dengue,1,0,stable
16,2024,Kanpur,Uttar Pradesh,DIS-RSP,Respiratory infections,3,0,rising
16,2024,Kanpur,Uttar Pradesh,DIS-SNK,Snakebite,1,0,rising
16,2024,Kanpur,Uttar Pradesh,DIS-MAL,Malaria,1,0,stable
17,2024,Kanpur,Uttar Pradesh,DIS-CHL,Cholera,4,0,stable
17,2024,Kanpur,Uttar Pradesh,DIS-DEN,Dengue,2,0,declining
17,2024,Kanpur,Uttar Pradesh,DIS-RSP,Respiratory infections,4,0,rising
17,2024,Kanpur,Uttar Pradesh,DIS-SNK,Snakebite,3,0,stable
17,2024,Kanpur,Uttar Pradesh,DIS-MAL,Malaria,5,0,stable
18,2024,Kanpur,Uttar Pradesh,DIS-CHL,Cholera,1,0,declining
18,2024,Kanpur,Uttar Pradesh,DIS-DEN,Dengue,1,0,declining
18,2024,Kanpur,Uttar Pradesh,DIS-RSP,Respiratory infections,1,0,stable
18,2024,Kanpur,Uttar Pradesh,DIS-SNK,Snakebite,1,0,declining
18,2024,Kanpur,Uttar Pradesh,DIS-MAL,Malaria,4,0,declining
19,2024,Kanpur,Uttar Pradesh,DIS-CHL,Cholera,1,0,stable
19,2024,Kanpur,Uttar Pradesh,DIS-DEN,Dengue,2,0,stable
19,2024,Kanpur,Uttar Pradesh,DIS-RSP,Respiratory infections,3,0,rising
19,2024,Kanpur,Uttar Pradesh,DIS-SNK,Snakebite,0,0,rising
19,2024,Kanpur,Uttar Pradesh,DIS-MAL,Malaria,1,0,stable
20,2024,Kanpur,Uttar Pradesh,DIS-CHL,Cholera,3,0,declining
20,2024,Kanpur,Uttar Pradesh,DIS-DEN,Dengue,3,0,declining
20,2024,Kanpur,Uttar Pradesh,DIS-RSP,Respiratory infections,4,0,stable
20,2024,Kanpur,Uttar Pradesh,DIS-SNK,Snakebite,37,0,rising
20,2024,Kanpur,Uttar Pradesh,DIS-MAL,Malaria,0,0,stable
21,2024,Kanpur,Uttar Pradesh,DIS-CHL,Cholera,4,0,rising
21,2024,Kanpur,Uttar Pradesh,DIS-DEN,Dengue,1,0,stable
21,2024,Kanpur,Uttar Pradesh,DIS-RSP,Respiratory infections,4,0,stable
21,2024,Kanpur,Uttar Pradesh,DIS-SNK,Snakebite,39,1,rising
21,2024,Kanpur,Uttar Pradesh,DIS-MAL,Malaria,5,0,declining
22,2024,Kanpur,Uttar Pradesh,DIS-CHL,Cholera,2,0,stable
22,2024,Kanpur,Uttar Pradesh,DIS-DEN,Dengue,3,0,stable
22,2024,Kanpur,Uttar Pradesh,DIS-RSP,Respiratory infections,3,0,rising
22,2024,Kanpur,Uttar Pradesh,DIS-SNK,Snakebite,18,0,rising
22,2024,Kanpur,Uttar Pradesh,DIS-MAL,Malaria,0,0,rising
23,2024,Kanpur,Uttar Pradesh,DIS-CHL,Cholera,1,0,declining
23,2024,Kanpur,Uttar Pradesh,DIS-DEN,Dengue,1,0,declining
23,2024,Kanpur,Uttar Pradesh,DIS-RSP,Respiratory infections,2,0,declining
23,2024,Kanpur,Uttar Pradesh,DIS-SNK,Snakebite,21,0,rising
23,2024,Kanpur,Uttar Pradesh,DIS-MAL,Malaria,4,0,rising
24,2024,Kanpur,Uttar Pradesh,DIS-CHL,Cholera,3,0,declining
24,2024,Kanpur,Uttar Pradesh,DIS-DEN,Dengue,0,0,stable
24,2024,Kanpur,Uttar Pradesh,DIS-RSP,Respiratory infections,1,0,rising
24,2024,Kanpur,Uttar Pradesh,DIS-SNK,Snakebite,74,2,rising
24,2024,Kanpur,Uttar Pradesh,DIS-MAL,Malaria,5,0,stable
25,2024,Kanpur,Uttar Pradesh,DIS-CHL,Cholera,81,2,rising
25,2024,Kanpur,Uttar Pradesh,DIS-DEN,Dengue,4,0,stable
25,2024,Kanpur,Uttar Pradesh,DIS-RSP,Respiratory infections,4,0,rising
25,2024,Kanpur,Uttar Pradesh,DIS-SNK,Snakebite,62,0,rising
25,2024,Kanpur,Uttar Pradesh,DIS-MAL,Malaria,2,0,stable
26,2024,Kanpur,Uttar Pradesh,DIS-CHL,Cholera,23,0,rising
26,2024,Kanpur,Uttar Pradesh,DIS-DEN,Dengue,1,0,stable
26,2024,Kanpur,Uttar Pradesh,DIS-RSP,Respiratory infections,1,0,rising
26,2024,Kanpur,Uttar Pradesh,DIS-SNK,Snakebite,47,0,rising
26,2024,Kanpur,Uttar Pradesh,DIS-MAL,Malaria,1,0,stable
27,2024,Kanpur,Uttar Pradesh,DIS-CHL,Cholera,24,0,rising
27,2024,Kanpur,Uttar Pradesh,DIS-DEN,Dengue,4,0,rising
27,2024,Kanpur,Uttar Pradesh,DIS-RSP,Respiratory infections,1,0,declining
27,2024,Kanpur,Uttar Pradesh,DIS-SNK,Snakebite,26,0,rising
27,2024,Kanpur,Uttar Pradesh,DIS-MAL,Malaria,0,0,stable
28,2024,Kanpur,Uttar Pradesh,DIS-CHL,Cholera,43,0,rising
28,2024,Kanpur,Uttar Pradesh,DIS-DEN,Dengue,0,0,stable
28,2024,Kanpur,Uttar Pradesh,DIS-RSP,Respiratory infections,3,0,stable
28,2024,Kanpur,Uttar Pradesh,DIS-SNK,Snakebite,96,0,rising
28,2024,Kanpur,Uttar Pradesh,DIS-MAL,Malaria,50,1,rising
29,2024,Kanpur,Uttar Pradesh,DIS-CHL,Cholera,38,0,rising
29,2024,Kanpur,Uttar Pradesh,DIS-DEN,Dengue,4,0,rising
29,2024,Kanpur,Uttar Pradesh,DIS-RSP,Respiratory infections,0,0,declining
29,2024,Kanpur,Uttar Pradesh,DIS-SNK,Snakebite,46,1,rising
29,2024,Kanpur,Uttar Pradesh,DIS-MAL,Malaria,38,0,rising
30,2024,Kanpur,Uttar Pradesh,DIS-CHL,Cholera,28,0,declining
30,2024,Kanpur,Uttar Pradesh,DIS-DEN,Dengue,24,0,rising
30,2024,Kanpur,Uttar Pradesh,DIS-RSP,Respiratory infections,1,0,stable
30,2024,Kanpur,Uttar Pradesh,DIS-SNK,Snakebite,86,3,declining
30,2024,Kanpur,Uttar Pradesh,DIS-MAL,Malaria,64,2,rising
31,2024,Kanpur,Uttar Pradesh,DIS-CHL,Cholera,44,1,declining
31,2024,Kanpur,Uttar Pradesh,DIS-DEN,Dengue,109,3,rising
31,2024,Kanpur,Uttar Pradesh,DIS-RSP,Respiratory infections,3,0,declining
31,2024,Kanpur,Uttar Pradesh,DIS-SNK,Snakebite,68,1,declining
31,2024,Kanpur,Uttar Pradesh,DIS-MAL,Malaria,94,2,rising
32,2024,Kanpur,Uttar Pradesh,DIS-CHL,Cholera,84,3,declining
32,2024,Kanpur,Uttar Pradesh,DIS-DEN,Dengue,94,4,rising
32,2024,Kanpur,Uttar Pradesh,DIS-RSP,Respiratory infections,1,0,rising
32,2024,Kanpur,Uttar Pradesh,DIS-SNK,Snakebite,62,0,declining
32,2024,Kanpur,Uttar Pradesh,DIS-MAL,Malaria,90,0,rising
33,2024,Kanpur,Uttar Pradesh,DIS-CHL,Cholera,76,1,declining
33,2024,Kanpur,Uttar Pradesh,DIS-DEN,Dengue,81,2,rising
33,2024,Kanpur,Uttar Pradesh,DIS-RSP,Respiratory infections,2,0,stable
33,2024,Kanpur,Uttar Pradesh,DIS-SNK,Snakebite,85,4,declining
33,2024,Kanpur,Uttar Pradesh,DIS-MAL,Malaria,26,0,rising
34,2024,Kanpur,Uttar Pradesh,DIS-CHL,Cholera,44,1,declining
34,2024,Kanpur,Uttar Pradesh,DIS-DEN,Dengue,66,1,rising
34,2024,Kanpur,Uttar Pradesh,DIS-RSP,Respiratory infections,3,0,stable
34,2024,Kanpur,Uttar Pradesh,DIS-SNK,Snakebite,36,0,declining
34,2024,Kanpur,Uttar Pradesh,DIS-MAL,Malaria,92,2,rising
35,2024,Kanpur,Uttar Pradesh,DIS-CHL,Cholera,47,1,declining
35,2024,Kanpur,Uttar Pradesh,DIS-DEN,Dengue,55,0,rising
35,2024,Kanpur,Uttar Pradesh,DIS-RSP,Respiratory infections,2,0,stable
35,2024,Kanpur,Uttar Pradesh,DIS-SNK,Snakebite,82,0,declining
35,2024,Kanpur,Uttar Pradesh,DIS-MAL,Malaria,63,1,declining
36,2024,Kanpur,Uttar Pradesh,DIS-CHL,Cholera,4,0,declining
36,2024,Kanpur,Uttar Pradesh,DIS-DEN,Dengue,53,2,rising
36,2024,Kanpur,Uttar Pradesh,DIS-RSP,Respiratory infections,1,0,declining
36,2024,Kanpur,Uttar Pradesh,DIS-SNK,Snakebite,59,2,declining
36,2024,Kanpur,Uttar Pradesh,DIS-MAL,Malaria,27,1,declining
37,2024,Kanpur,Uttar Pradesh,DIS-CHL,Cholera,3,0,rising
37,2024,Kanpur,Uttar Pradesh,DIS-DEN,Dengue,61,1,declining
37,2024,Kanpur,Uttar Pradesh,DIS-RSP,Respiratory infections,2,0,rising
37,2024,Kanpur,Uttar Pradesh,DIS-SNK,Snakebite,62,0,declining
37,2024,Kanpur,Uttar Pradesh,DIS-MAL,Malaria,84,3,declining
38,2024,Kanpur,Uttar Pradesh,DIS-CHL,Cholera,0,0,rising
38,2024,Kanpur,Uttar Pradesh,DIS-DEN,Dengue,95,2,declining
38,2024,Kanpur,Uttar Pradesh,DIS-RSP,Respiratory infections,1,0,declining
38,2024,Kanpur,Uttar Pradesh,DIS-SNK,Snakebite,72,1,declining
38,2024,Kanpur,Uttar Pradesh,DIS-MAL,Malaria,22,1,declining
39,2024,Kanpur,Uttar Pradesh,DIS-CHL,Cholera,0,0,declining
39,2024,Kanpur,Uttar Pradesh,DIS-DEN,Dengue,75,3,declining
39,2024,Kanpur,Uttar Pradesh,DIS-RSP,Respiratory infections,1,0,rising
39,2024,Kanpur,Uttar Pradesh,DIS-SNK,Snakebite,49,0,declining
39,2024,Kanpur,Uttar Pradesh,DIS-MAL,Malaria,75,1,declining
40,2024,Kanpur,Uttar Pradesh,DIS-CHL,Cholera,3,0,stable
40,2024,Kanpur,Uttar Pradesh,DIS-DEN,Dengue,18,0,declining
40,2024,Kanpur,Uttar Pradesh,DIS-RSP,Respiratory infections,4,0,declining
40,2024,Kanpur,Uttar Pradesh,DIS-SNK,Snakebite,69,3,declining
40,2024,Kanpur,Uttar Pradesh,DIS-MAL,Malaria,34,0,declining
41,2024,Kanpur,Uttar Pradesh,DIS-CHL,Cholera,1,0,stable
41,2024,Kanpur,Uttar Pradesh,DIS-DEN,Dengue,39,0,declining
41,2024,Kanpur,Uttar Pradesh,DIS-RSP,Respiratory infections,1,0,declining
41,2024,Kanpur,Uttar Pradesh,DIS-SNK,Snakebite,1,0,stable
41,2024,Kanpur,Uttar Pradesh,DIS-MAL,Malaria,62,2,declining
42,2024,Kanpur,Uttar Pradesh,DIS-CHL,Cholera,1,0,stable
42,2024,Kanpur,Uttar Pradesh,DIS-DEN,Dengue,34,0,declining
42,2024,Kanpur,Uttar Pradesh,DIS-RSP,Respiratory infections,4,0,stable
42,2024,Kanpur,Uttar Pradesh,DIS-SNK,Snakebite,4,0,stable
42,2024,Kanpur,Uttar Pradesh,DIS-MAL,Malaria,103,0,declining
43,2024,Kanpur,Uttar Pradesh,DIS-CHL,Cholera,0,0,stable
43,2024,Kanpur,Uttar Pradesh,DIS-DEN,Dengue,104,3,declining
43,2024,Kanpur,Uttar Pradesh,DIS-RSP,Respiratory infections,3,0,rising
43,2024,Kanpur,Uttar Pradesh,DIS-SNK,Snakebite,0,0,stable
43,2024,Kanpur,Uttar Pradesh,DIS-MAL,Malaria,0,0,stable
44,2024,Kanpur,Uttar Pradesh,DIS-CHL,Cholera,0,0,declining
44,2024,Kanpur,Uttar Pradesh,DIS-DEN,Dengue,36,0,declining
44,2024,Kanpur,Uttar Pradesh,DIS-RSP,Respiratory infections,2,0,stable
44,2024,Kanpur,Uttar Pradesh,DIS-SNK,Snakebite,0,0,rising
44,2024,Kanpur,Uttar Pradesh,DIS-MAL,Malaria,2,0,stable
45,2024,Kanpur,Uttar Pradesh,DIS-CHL,Cholera,1,0,rising
45,2024,Kanpur,Uttar Pradesh,DIS-DEN,Dengue,75,0,declining
45,2024,Kanpur,Uttar Pradesh,DIS-RSP,Respiratory infections,68,0,declining
45,2024,Kanpur,Uttar Pradesh,DIS-SNK,Snakebite,2,0,declining
45,2024,Kanpur,Uttar Pradesh,DIS-MAL,Malaria,1,0,rising
46,2024,Kanpur,Uttar Pradesh,DIS-CHL,Cholera,1,0,declining
46,2024,Kanpur,Uttar Pradesh,DIS-DEN,Dengue,0,0,declining
46,2024,Kanpur,Uttar Pradesh,DIS-RSP,Respiratory infections,23,0,declining
46,2024,Kanpur,Uttar Pradesh,DIS-SNK,Snakebite,5,0,stable
46,2024,Kanpur,Uttar Pradesh,DIS-MAL,Malaria,1,0,rising
47,2024,Kanpur,Uttar Pradesh,DIS-CHL,Cholera,2,0,declining
47,2024,Kanpur,Uttar Pradesh,DIS-DEN,Dengue,0,0,stable
47,2024,Kanpur,Uttar Pradesh,DIS-RSP,Respiratory infections,71,3,declining
47,2024,Kanpur,Uttar Pradesh,DIS-SNK,Snakebite,0,0,stable
47,2024,Kanpur,Uttar Pradesh,DIS-MAL,Malaria,5,0,declining
48,2024,Kanpur,Uttar Pradesh,DIS-CHL,Cholera,2,0,stable
48,2024,Kanpur,Uttar Pradesh,DIS-DEN,Dengue,4,0,rising
48,2024,Kanpur,Uttar Pradesh,DIS-RSP,Respiratory infections,36,1,declining
48,2024,Kanpur,Uttar Pradesh,DIS-SNK,Snakebite,0,0,stable
48,2024,Kanpur,Uttar Pradesh,DIS-MAL,Malaria,0,0,stable
49,2024,Kanpur,Uttar Pradesh,DIS-CHL,Cholera,0,0,stable
49,2024,Kanpur,Uttar Pradesh,DIS-DEN,Dengue,4,0,stable
49,2024,Kanpur,Uttar Pradesh,DIS-RSP,Respiratory infections,25,0,declining
49,2024,Kanpur,Uttar Pradesh,DIS-SNK,Snakebite,1,0,stable
49,2024,Kanpur,Uttar Pradesh,DIS-MAL,Malaria,4,0,stable
50,2024,Kanpur,Uttar Pradesh,DIS-CHL,Cholera,4,0,rising
50,2024,Kanpur,Uttar Pradesh,DIS-DEN,Dengue,2,0,stable
50,2024,Kanpur,Uttar Pradesh,DIS-RSP,Respiratory infections,74,1,declining
50,2024,Kanpur,Uttar Pradesh,DIS-SNK,Snakebite,0,0,declining
50,2024,Kanpur,Uttar Pradesh,DIS-MAL,Malaria,3,0,stable
51,2024,Kanpur,Uttar Pradesh,DIS-CHL,Cholera,0,0,stable
51,2024,Kanpur,Uttar Pradesh,DIS-DEN,Dengue,2,0,declining
51,2024,Kanpur,Uttar Pradesh,DIS-RSP,Respiratory infections,47,1,declining
51,2024,Kanpur,Uttar Pradesh,DIS-SNK,Snakebite,0,0,stable
51,2024,Kanpur,Uttar Pradesh,DIS-MAL,Malaria,5,0,stable
52,2024,Kanpur,Uttar Pradesh,DIS-CHL,Cholera,5,0,stable
52,2024,Kanpur,Uttar Pradesh,DIS-DEN,Dengue,1,0,declining
52,2024,Kanpur,Uttar Pradesh,DIS-RSP,Respiratory infections,62,0,declining
52,2024,Kanpur,Uttar Pradesh,DIS-SNK,Snakebite,3,0,stable
52,2024,Kanpur,Uttar Pradesh,DIS-MAL,Malaria,5,0,declining
1,2024,Prayagraj,Uttar Pradesh,DIS-CHL,Cholera,0,0,rising
1,2024,Prayagraj,Uttar Pradesh,DIS-DEN,Dengue,4,0,stable
1,2024,Prayagraj,Uttar Pradesh,DIS-RSP,Respiratory infections,25,0,stable
1,2024,Prayagraj,Uttar Pradesh,DIS-SNK,Snakebite,1,0,rising
1,2024,Prayagraj,Uttar Pradesh,DIS-MAL,Malaria,1,0,stable
2,2024,Prayagraj,Uttar Pradesh,DIS-CHL,Cholera,0,0,stable
2,2024,Prayagraj,Uttar Pradesh,DIS-DEN,Dengue,2,0,declining
2,2024,Prayagraj,Uttar Pradesh,DIS-RSP,Respiratory infections,98,4,declining
2,2024,Prayagraj,Uttar Pradesh,DIS-SNK,Snakebite,5,0,declining
2,2024,Prayagraj,Uttar Pradesh,DIS-MAL,Malaria,3,0,rising
3,2024,Prayagraj,Uttar Pradesh,DIS-CHL,Cholera,2,0,declining
3,2024,Prayagraj,Uttar Pradesh,DIS-DEN,Dengue,1,0,declining
3,2024,Prayagraj,Uttar Pradesh,DIS-RSP,Respiratory infections,31,1,declining
3,2024,Prayagraj,Uttar Pradesh,DIS-SNK,Snakebite,1,0,rising
3,2024,Prayagraj,Uttar Pradesh,DIS-MAL,Malaria,3,0,declining
4,2024,Prayagraj,Uttar Pradesh,DIS-CHL,Cholera,5,0,stable
4,2024,Prayagraj,Uttar Pradesh,DIS-DEN,Dengue,0,0,stable
4,2024,Prayagraj,Uttar Pradesh,DIS-RSP,Respiratory infections,52,1,declining
4,2024,Prayagraj,Uttar Pradesh,DIS-SNK,Snakebite,4,0,declining
4,2024,Prayagraj,Uttar Pradesh,DIS-MAL,Malaria,3,0,stable
5,2024,Prayagraj,Uttar Pradesh,DIS-CHL,Cholera,0,0,stable
5,2024,Prayagraj,Uttar Pradesh,DIS-DEN,Dengue,1,0,stable
5,2024,Prayagraj,Uttar Pradesh,DIS-RSP,Respiratory infections,55,1,declining
5,2024,Prayagraj,Uttar Pradesh,DIS-SNK,Snakebite,5,0,declining
5,2024,Prayagraj,Uttar Pradesh,DIS-MAL,Malaria,3,0,rising
6,2024,Prayagraj,Uttar Pradesh,DIS-CHL,Cholera,4,0,stable
6,2024,Prayagraj,Uttar Pradesh,DIS-DEN,Dengue,1,0,stable
6,2024,Prayagraj,Uttar Pradesh,DIS-RSP,Respiratory infections,70,3,declining
6,2024,Prayagraj,Uttar Pradesh,DIS-SNK,Snakebite,1,0,rising
6,2024,Prayagraj,Uttar Pradesh,DIS-MAL,Malaria,0,0,rising
7,2024,Prayagraj,Uttar Pradesh,DIS-CHL,Cholera,3,0,declining
7,2024,Prayagraj,Uttar Pradesh,DIS-DEN,Dengue,1,0,rising
7,2024,Prayagraj,Uttar Pradesh,DIS-RSP,Respiratory infections,54,1,declining
7,2024,Prayagraj,Uttar Pradesh,DIS-SNK,Snakebite,2,0,stable
7,2024,Prayagraj,Uttar Pradesh,DIS-MAL,Malaria,0,0,declining
8,2024,Prayagraj,Uttar Pradesh,DIS-CHL,Cholera,0,0,stable
8,2024,Prayagraj,Uttar Pradesh,DIS-DEN,Dengue,5,0,stable
8,2024,Prayagraj,Uttar Pradesh,DIS-RSP,Respiratory infections,65,1,declining
8,2024,Prayagraj,Uttar Pradesh,DIS-SNK,Snakebite,2,0,declining
8,2024,Prayagraj,Uttar Pradesh,DIS-MAL,Malaria,2,0,declining
9,2024,Prayagraj,Uttar Pradesh,DIS-CHL,Cholera,5,0,stable
9,2024,Prayagraj,Uttar Pradesh,DIS-DEN,Dengue,0,0,stable
9,2024,Prayagraj,Uttar Pradesh,DIS-RSP,Respiratory infections,2,0,rising
9,2024,Prayagraj,Uttar Pradesh,DIS-SNK,Snakebite,0,0,declining
9,2024,Prayagraj,Uttar Pradesh,DIS-MAL,Malaria,1,0,declining
10,2024,Prayagraj,Uttar Pradesh,DIS-CHL,Cholera,5,0,stable
10,2024,Prayagraj,Uttar Pradesh,DIS-DEN,Dengue,3,0,rising
10,2024,Prayagraj,Uttar Pradesh,DIS-RSP,Respiratory infections,3,0,stable
10,2024,Prayagraj,Uttar Pradesh,DIS-SNK,Snakebite,3,0,declining
10,2024,Prayagraj,Uttar Pradesh,DIS-MAL,Malaria,3,0,declining
11,2024,Prayagraj,Uttar Pradesh,DIS-CHL,Cholera,0,0,declining
11,2024,Prayagraj,Uttar Pradesh,DIS-DEN,Dengue,3,0,declining
11,2024,Prayagraj,Uttar Pradesh,DIS-RSP,Respiratory infections,2,0,rising
11,2024,Prayagraj,Uttar Pradesh,DIS-SNK,Snakebite,0,0,rising
11,2024,Prayagraj,Uttar Pradesh,DIS-MAL,Malaria,4,0,stable
12,2024,Prayagraj,Uttar Pradesh,DIS-CHL,Cholera,2,0,stable
12,2024,Prayagraj,Uttar Pradesh,DIS-DEN,Dengue,0,0,declining
12,2024,Prayagraj,Uttar Pradesh,DIS-RSP,Respiratory infections,0,0,rising
12,2024,Prayagraj,Uttar Pradesh,DIS-SNK,Snakebite,0,0,rising
12,2024,Prayagraj,Uttar Pradesh,DIS-MAL,Malaria,2,0,declining
13,2024,Prayagraj,Uttar Pradesh,DIS-CHL,Cholera,1,0,declining
13,2024,Prayagraj,Uttar Pradesh,DIS-DEN,Dengue,1,0,declining
13,2024,Prayagraj,Uttar Pradesh,DIS-RSP,Respiratory infections,0,0,declining
13,2024,Prayagraj,Uttar Pradesh,DIS-SNK,Snakebite,2,0,stable
13,2024,Prayagraj,Uttar Pradesh,DIS-MAL,Malaria,0,0,rising
14,2024,Prayagraj,Uttar Pradesh,DIS-CHL,Cholera,1,0,rising
14,2024,Prayagraj,Uttar Pradesh,DIS-DEN,Dengue,5,0,rising
14,2024,Prayagraj,Uttar Pradesh,DIS-RSP,Respiratory infections,5,0,stable
14,2024,Prayagraj,Uttar Pradesh,DIS-SNK,Snakebite,5,0,stable
14,2024,Prayagraj,Uttar Pradesh,DIS-MAL,Malaria,3,0,rising
15,2024,Prayagraj,Uttar Pradesh,DIS-CHL,Cholera,0,0,rising
15,2024,Prayagraj,Uttar Pradesh,DIS-DEN,Dengue,0,0,stable
15,2024,Prayagraj,Uttar Pradesh,DIS-RSP,Respiratory infections,0,0,stable
15,2024,Prayagraj,Uttar Pradesh,DIS-SNK,Snakebite,0,0,rising
15,2024,Prayagraj,Uttar Pradesh,DIS-MAL,Malaria,2,0,stable
16,2024,Prayagraj,Uttar Pradesh,DIS-CHL,Cholera,0,0,stable
16,2024,Prayagraj,Uttar Pradesh,DIS-DEN,Dengue,4,0,stable
16,2024,Prayagraj,Uttar Pradesh,DIS-RSP,Respiratory infections,3,0,stable
16,2024,Prayagraj,Uttar Pradesh,DIS-SNK,Snakebite,0,0,stable
16,2024,Prayagraj,Uttar Pradesh,DIS-MAL,Malaria,1,0,stable
17,2024,Prayagraj,Uttar Pradesh,DIS-CHL,Cholera,1,0,stable
17,2024,Prayagraj,Uttar Pradesh,DIS-DEN,Dengue,4,0,stable
17,2024,Prayagraj,Uttar Pradesh,DIS-RSP,Respiratory infections,4,0,stable
17,2024,Prayagraj,Uttar Pradesh,DIS-SNK,Snakebite,1,0,rising
17,2024,Prayagraj,Uttar Pradesh,DIS-MAL,Malaria,4,0,stable
18,2024,Prayagraj,Uttar Pradesh,DIS-CHL,Cholera,3,0,rising
18,2024,Prayagraj,Uttar Pradesh,DIS-DEN,Dengue,3,0,declining
18,2024,Prayagraj,Uttar Pradesh,DIS-RSP,Respiratory infections,3,0,rising
18,2024,Prayagraj,Uttar Pradesh,DIS-SNK,Snakebite,0,0,stable
18,2024,Prayagraj,Uttar Pradesh,DIS-MAL,Malaria,3,0,declining
19,2024,Prayagraj,Uttar Pradesh,DIS-CHL,Cholera,0,0,stable
19,2024,Prayagraj,Uttar Pradesh,DIS-DEN,Dengue,3,0,stable
19,2024,Prayagraj,Uttar Pradesh,DIS-RSP,Respiratory infections,5,0,stable
19,2024,Prayagraj,Uttar Pradesh,DIS-SNK,Snakebite,2,0,stable
19,2024,Prayagraj,Uttar Pradesh,DIS-MAL,Malaria,2,0,declining
20,2024,Prayagraj,Uttar Pradesh,DIS-CHL,Cholera,1,0,rising
20,2024,Prayagraj,Uttar Pradesh,DIS-DEN,Dengue,0,0,stable
20,2024,Prayagraj,Uttar Pradesh,DIS-RSP,Respiratory infections,4,0,stable
20,2024,Prayagraj,Uttar Pradesh,DIS-SNK,Snakebite,25,1,rising
20,2024,Prayagraj,Uttar Pradesh,DIS-MAL,Malaria,3,0,rising
21,2024,Prayagraj,Uttar Pradesh,DIS-CHL,Cholera,5,0,rising
21,2024,Prayagraj,Uttar Pradesh,DIS-DEN,Dengue,4,0,stable
21,2024,Prayagraj,Uttar Pradesh,DIS-RSP,Respiratory infections,0,0,stable
21,2024,Prayagraj,Uttar Pradesh,DIS-SNK,Snakebite,59,0,rising
21,2024,Prayagraj,Uttar Pradesh,DIS-MAL,Malaria,2,0,stable
22,2024,Prayagraj,Uttar Pradesh,DIS-CHL,Cholera,3,0,stable
22,2024,Prayagraj,Uttar Pradesh,DIS-DEN,Dengue,0,0,declining
22,2024,Prayagraj,Uttar Pradesh,DIS-RSP,Respiratory infections,3,0,stable
22,2024,Prayagraj,Uttar Pradesh,DIS-SNK,Snakebite,54,1,rising
22,2024,Prayagraj,Uttar Pradesh,DIS-MAL,Malaria,1,0,stable
23,2024,Prayagraj,Uttar Pradesh,DIS-CHL,Cholera,0,0,stable
23,2024,Prayagraj,Uttar Pradesh,DIS-DEN,Dengue,1,0,rising
23,2024,Prayagraj,Uttar Pradesh,DIS-RSP,Respiratory infections,4,0,rising
23,2024,Prayagraj,Uttar Pradesh,DIS-SNK,Snakebite,74,0,rising
23,2024,Prayagraj,Uttar Pradesh,DIS-MAL,Malaria,2,0,stable
24,2024,Prayagraj,Uttar Pradesh,DIS-CHL,Cholera,4,0,rising
24,2024,Prayagraj,Uttar Pradesh,DIS-DEN,Dengue,2,0,rising
24,2024,Prayagraj,Uttar Pradesh,DIS-RSP,Respiratory infections,1,0,stable
24,2024,Prayagraj,Uttar Pradesh,DIS-SNK,Snakebite,57,2,rising
24,2024,Prayagraj,Uttar Pradesh,DIS-MAL,Malaria,5,0,stable
25,2024,Prayagraj,Uttar Pradesh,DIS-CHL,Cholera,68,1,rising
25,2024,Prayagraj,Uttar Pradesh,DIS-DEN,Dengue,2,0,declining
25,2024,Prayagraj,Uttar Pradesh,DIS-RSP,Respiratory infections,1,0,declining
25,2024,Prayagraj,Uttar Pradesh,DIS-SNK,Snakebite,52,1,rising
25,2024,Prayagraj,Uttar Pradesh,DIS-MAL,Malaria,1,0,rising
26,2024,Prayagraj,Uttar Pradesh,DIS-CHL,Cholera,62,1,rising
26,2024,Prayagraj,Uttar Pradesh,DIS-DEN,Dengue,0,0,stable
26,2024,Prayagraj,Uttar Pradesh,DIS-RSP,Respiratory infections,0,0,declining
26,2024,Prayagraj,Uttar Pradesh,DIS-SNK,Snakebite,115,2,rising
26,2024,Prayagraj,Uttar Pradesh,DIS-MAL,Malaria,4,0,stable
27,2024,Prayagraj,Uttar Pradesh,DIS-CHL,Cholera,28,1,rising
27,2024,Prayagraj,Uttar Pradesh,DIS-DEN,Dengue,1,0,declining
27,2024,Prayagraj,Uttar Pradesh,DIS-RSP,Respiratory infections,0,0,stable
27,2024,Prayagraj,Uttar Pradesh,DIS-SNK,Snakebite,85,0,rising
27,2024,Prayagraj,Uttar Pradesh,DIS-MAL,Malaria,2,0,declining
28,2024,Prayagraj,Uttar Pradesh,DIS-CHL,Cholera,104,2,rising
28,2024,Prayagraj,Uttar Pradesh,DIS-DEN,Dengue,0,0,stable
28,2024,Prayagraj,Uttar Pradesh,DIS-RSP,Respiratory infections,4,0,declining
28,2024,Prayagraj,Uttar Pradesh,DIS-SNK,Snakebite,22,0,rising
28,2024,Prayagraj,Uttar Pradesh,DIS-MAL,Malaria,21,0,rising
29,2024,Prayagraj,Uttar Pradesh,DIS-CHL,Cholera,71,2,rising
29,2024,Prayagraj,Uttar Pradesh,DIS-DEN,Dengue,0,0,rising
29,2024,Prayagraj,Uttar Pradesh,DIS-RSP,Respiratory infections,5,0,stable
29,2024,Prayagraj,Uttar Pradesh,DIS-SNK,Snakebite,87,4,rising
29,2024,Prayagraj,Uttar Pradesh,DIS-MAL,Malaria,60,1,rising
30,2024,Prayagraj,Uttar Pradesh,DIS-CHL,Cholera,72,0,declining
30,2024,Prayagraj,Uttar Pradesh,DIS-DEN,Dengue,76,1,rising
30,2024,Prayagraj,Uttar Pradesh,DIS-RSP,Respiratory infections,4,0,rising
30,2024,Prayagraj,Uttar Pradesh,DIS-SNK,Snakebite,45,0,declining
30,2024,Prayagraj,Uttar Pradesh,DIS-MAL,Malaria,71,3,rising
31,2024,Prayagraj,Uttar Pradesh,DIS-CHL,Cholera,60,0,declining
31,2024,Prayagraj,Uttar Pradesh,DIS-DEN,Dengue,96,1,rising
31,2024,Prayagraj,Uttar Pradesh,DIS-RSP,Respiratory infections,1,0,rising
31,2024,Prayagraj,Uttar Pradesh,DIS-SNK,Snakebite,96,4,declining
31,2024,Prayagraj,Uttar Pradesh,DIS-MAL,Malaria,101,0,rising
32,2024,Prayagraj,Uttar Pradesh,DIS-CHL,Cholera,65,3,declining
32,2024,Prayagraj,Uttar Pradesh,DIS-DEN,Dengue,62,0,rising
32,2024,Prayagraj,Uttar Pradesh,DIS-RSP,Respiratory infections,0,0,stable
32,2024,Prayagraj,Uttar Pradesh,DIS-SNK,Snakebite,54,2,declining
32,2024,Prayagraj,Uttar Pradesh,DIS-MAL,Malaria,56,0,rising
33,2024,Prayagraj,Uttar Pradesh,DIS-CHL,Cholera,91,2,declining
33,2024,Prayagraj,Uttar Pradesh,DIS-DEN,Dengue,78,3,rising
33,2024,Prayagraj,Uttar Pradesh,DIS-RSP,Respiratory infections,1,0,stable
33,2024,Prayagraj,Uttar Pradesh,DIS-SNK,Snakebite,65,0,declining
33,2024,Prayagraj,Uttar Pradesh,DIS-MAL,Malaria,18,0,rising
34,2024,Prayagraj,Uttar Pradesh,DIS-CHL,Cholera,69,3,declining
34,2024,Prayagraj,Uttar Pradesh,DIS-DEN,Dengue,77,2,rising
34,2024,Prayagraj,Uttar Pradesh,DIS-RSP,Respiratory infections,3,0,stable
34,2024,Prayagraj,Uttar Pradesh,DIS-SNK,Snakebite,49,1,declining
34,2024,Prayagraj,Uttar Pradesh,DIS-MAL,Malaria,25,0,rising
35,2024,Prayagraj,Uttar Pradesh,DIS-CHL,Cholera,70,0,declining
35,2024,Prayagraj,Uttar Pradesh,DIS-DEN,Dengue,48,1,rising
35,2024,Prayagraj,Uttar Pradesh,DIS-RSP,Respiratory infections,0,0,rising
35,2024,Prayagraj,Uttar Pradesh,DIS-SNK,Snakebite,33,0,declining
35,2024,Prayagraj,Uttar Pradesh,DIS-MAL,Malaria,74,1,declining
36,2024,Prayagraj,Uttar Pradesh,DIS-CHL,Cholera,0,0,declining
36,2024,Prayagraj,Uttar Pradesh,DIS-DEN,Dengue,76,1,rising
36,2024,Prayagraj,Uttar Pradesh,DIS-RSP,Respiratory infections,5,0,stable
36,2024,Prayagraj,Uttar Pradesh,DIS-SNK,Snakebite,77,0,declining
36,2024,Prayagraj,Uttar Pradesh,DIS-MAL,Malaria,51,1,declining
37,2024,Prayagraj,Uttar Pradesh,DIS-CHL,Cholera,3,0,declining
37,2024,Prayagraj,Uttar Pradesh,DIS-DEN,Dengue,23,0,declining
37,2024,Prayagraj,Uttar Pradesh,DIS-RSP,Respiratory infections,3,0,stable
37,2024,Prayagraj,Uttar Pradesh,DIS-SNK,Snakebite,22,0,declining
37,2024,Prayagraj,Uttar Pradesh,DIS-MAL,Malaria,107,1,declining
38,2024,Prayagraj,Uttar Pradesh,DIS-CHL,Cholera,2,0,stable
38,2024,Prayagraj,Uttar Pradesh,DIS-DEN,Dengue,49,1,declining
38,2024,Prayagraj,Uttar Pradesh,DIS-RSP,Respiratory infections,2,0,rising
38,2024,Prayagraj,Uttar Pradesh,DIS-SNK,Snakebite,34,0,declining
38,2024,Prayagraj,Uttar Pradesh,DIS-MAL,Malaria,64,0,declining
39,2024,Prayagraj,Uttar Pradesh,DIS-CHL,Cholera,0,0,stable
39,2024,Prayagraj,Uttar Pradesh,DIS-DEN,Dengue,50,0,declining
39,2024,Prayagraj,Uttar Pradesh,DIS-RSP,Respiratory infections,3,0,stable
39,2024,Prayagraj,Uttar Pradesh,DIS-SNK,Snakebite,38,0,declining
39,2024,Prayagraj,Uttar Pradesh,DIS-MAL,Malaria,88,2,declining
40,2024,Prayagraj,Uttar Pradesh,DIS-CHL,Cholera,4,0,stable
40,2024,Prayagraj,Uttar Pradesh,DIS-DEN,Dengue,70,2,declining
40,2024,Prayagraj,Uttar Pradesh,DIS-RSP,Respiratory infections,3,0,declining
40,2024,Prayagraj,Uttar Pradesh,DIS-SNK,Snakebite,43,1,declining
40,2024,Prayagraj,Uttar Pradesh,DIS-MAL,Malaria,30,1,declining
41,2024,Prayagraj,Uttar Pradesh,DIS-CHL,Cholera,1,0,rising
41,2024,Prayagraj,Uttar Pradesh,DIS-DEN,Dengue,53,0,declining
41,2024,Prayagraj,Uttar Pradesh,DIS-RSP,Respiratory infections,0,0,stable
41,2024,Prayagraj,Uttar Pradesh,DIS-SNK,Snakebite,4,0,rising
41,2024,Prayagraj,Uttar Pradesh,DIS-MAL,Malaria,32,1,declining
42,2024,Prayagraj,Uttar Pradesh,DIS-CHL,Cholera,1,0,rising
42,2024,Prayagraj,Uttar Pradesh,DIS-DEN,Dengue,97,2,declining
42,2024,Prayagraj,Uttar Pradesh,DIS-RSP,Respiratory infections,2,0,stable
42,2024,Prayagraj,Uttar Pradesh,DIS-SNK,Snakebite,0,0,stable
42,2024,Prayagraj,Uttar Pradesh,DIS-MAL,Malaria,38,1,declining
43,2024,Prayagraj,Uttar Pradesh,DIS-CHL,Cholera,5,0,stable
43,2024,Prayagraj,Uttar Pradesh,DIS-DEN,Dengue,39,0,declining
43,2024,Prayagraj,Uttar Pradesh,DIS-RSP,Respiratory infections,0,0,stable
43,2024,Prayagraj,Uttar Pradesh,DIS-SNK,Snakebite,3,0,stable
43,2024,Prayagraj,Uttar Pradesh,DIS-MAL,Malaria,1,0,stable
44,2024,Prayagraj,Uttar Pradesh,DIS-CHL,Cholera,0,0,rising
44,2024,Prayagraj,Uttar Pradesh,DIS-DEN,Dengue,42,0,declining
44,2024,Prayagraj,Uttar Pradesh,DIS-RSP,Respiratory infections,5,0,rising
44,2024,Prayagraj,Uttar Pradesh,DIS-SNK,Snakebite,1,0,rising
44,2024,Prayagraj,Uttar Pradesh,DIS-MAL,Malaria,3,0,stable
45,2024,Prayagraj,Uttar Pradesh,DIS-CHL,Cholera,3,0,declining
45,2024,Prayagraj,Uttar Pradesh,DIS-DEN,Dengue,75,1,declining
45,2024,Prayagraj,Uttar Pradesh,DIS-RSP,Respiratory infections,19,0,declining
45,2024,Prayagraj,Uttar Pradesh,DIS-SNK,Snakebite,4,0,stable
45,2024,Prayagraj,Uttar Pradesh,DIS-MAL,Malaria,2,0,rising
46,2024,Prayagraj,Uttar Pradesh,DIS-CHL,Cholera,1,0,declining
46,2024,Prayagraj,Uttar Pradesh,DIS-DEN,Dengue,0,0,stable
46,2024,Prayagraj,Uttar Pradesh,DIS-RSP,Respiratory infections,77,1,declining
46,2024,Prayagraj,Uttar Pradesh,DIS-SNK,Snakebite,2,0,rising
46,2024,Prayagraj,Uttar Pradesh,DIS-MAL,Malaria,0,0,stable
47,2024,Prayagraj,Uttar Pradesh,DIS-CHL,Cholera,5,0,rising
47,2024,Prayagraj,Uttar Pradesh,DIS-DEN,Dengue,0,0,declining
47,2024,Prayagraj,Uttar Pradesh,DIS-RSP,Respiratory infections,107,0,declining
47,2024,Prayagraj,Uttar Pradesh,DIS-SNK,Snakebite,5,0,rising
47,2024,Prayagraj,Uttar Pradesh,DIS-MAL,Malaria,3,0,declining
48,2024,Prayagraj,Uttar Pradesh,DIS-CHL,Cholera,3,0,rising
48,2024,Prayagraj,Uttar Pradesh,DIS-DEN,Dengue,0,0,stable
48,2024,Prayagraj,Uttar Pradesh,DIS-RSP,Respiratory infections,27,1,declining
48,2024,Prayagraj,Uttar Pradesh,DIS-SNK,Snakebite,4,0,stable
48,2024,Prayagraj,Uttar Pradesh,DIS-MAL,Malaria,3,0,stable
49,2024,Prayagraj,Uttar Pradesh,DIS-CHL,Cholera,3,0,declining
49,2024,Prayagraj,Uttar Pradesh,DIS-DEN,Dengue,0,0,rising
49,2024,Prayagraj,Uttar Pradesh,DIS-RSP,Respiratory infections,76,0,declining
49,2024,Prayagraj,Uttar Pradesh,DIS-SNK,Snakebite,0,0,stable
49,2024,Prayagraj,Uttar Pradesh,DIS-MAL,Malaria,0,0,rising
50,2024,Prayagraj,Uttar Pradesh,DIS-CHL,Cholera,2,0,stable
50,2024,Prayagraj,Uttar Pradesh,DIS-DEN,Dengue,2,0,declining
50,2024,Prayagraj,Uttar Pradesh,DIS-RSP,Respiratory infections,29,1,declining
50,2024,Prayagraj,Uttar Pradesh,DIS-SNK,Snakebite,0,0,stable
50,2024,Prayagraj,Uttar Pradesh,DIS-MAL,Malaria,3,0,declining
51,2024,Prayagraj,Uttar Pradesh,DIS-CHL,Cholera,2,0,stable
51,2024,Prayagraj,Uttar Pradesh,DIS-DEN,Dengue,3,0,stable
51,2024,Prayagraj,Uttar Pradesh,DIS-RSP,Respiratory infections,41,2,declining
51,2024,Prayagraj,Uttar Pradesh,DIS-SNK,Snakebite,1,0,rising
51,2024,Prayagraj,Uttar Pradesh,DIS-MAL,Malaria,1,0,declining
52,2024,Prayagraj,Uttar Pradesh,DIS-CHL,Cholera,3,0,stable
52,2024,Prayagraj,Uttar Pradesh,DIS-DEN,Dengue,1,0,stable
52,2024,Prayagraj,Uttar Pradesh,DIS-RSP,Respiratory infections,16,0,declining
52,2024,Prayagraj,Uttar Pradesh,DIS-SNK,Snakebite,2,0,stable
52,2024,Prayagraj,Uttar Pradesh,DIS-MAL,Malaria,3,0,stable
1,2024,Patna,Bihar,DIS-CHL,Cholera,2,0,stable
1,2024,Patna,Bihar,DIS-DEN,Dengue,4,0,stable
1,2024,Patna,Bihar,DIS-RSP,Respiratory infections,99,3,stable
1,2024,Patna,Bihar,DIS-SNK,Snakebite,4,0,declining
1,2024,Patna,Bihar,DIS-MAL,Malaria,4,0,stable
2,2024,Patna,Bihar,DIS-CHL,Cholera,0,0,stable
2,2024,Patna,Bihar,DIS-DEN,Dengue,0,0,rising
2,2024,Patna,Bihar,DIS-RSP,Respiratory infections,95,2,declining
2,2024,Patna,Bihar,DIS-SNK,Snakebite,1,0,declining
2,2024,Patna,Bihar,DIS-MAL,Malaria,1,0,stable
3,2024,Patna,Bihar,DIS-CHL,Cholera,0,0,declining
3,2024,Patna,Bihar,DIS-DEN,Dengue,3,0,stable
3,2024,Patna,Bihar,DIS-RSP,Respiratory infections,40,1,declining
3,2024,Patna,Bihar,DIS-SNK,Snakebite,1,0,declining
3,2024,Patna,Bihar,DIS-MAL,Malaria,0,0,rising
4,2024,Patna,Bihar,DIS-CHL,Cholera,3,0,stable
4,2024,Patna,Bihar,DIS-DEN,Dengue,3,0,rising
4,2024,Patna,Bihar,DIS-RSP,Respiratory infections,57,0,declining
4,2024,Patna,Bihar,DIS-SNK,Snakebite,1,0,stable
4,2024,Patna,Bihar,DIS-MAL,Malaria,5,0,declining
5,2024,Patna,Bihar,DIS-CHL,Cholera,0,0,declining
5,2024,Patna,Bihar,DIS-DEN,Dengue,4,0,stable
5,2024,Patna,Bihar,DIS-RSP,Respiratory infections,110,3,declining
5,2024,Patna,Bihar,DIS-SNK,Snakebite,1,0,declining
5,2024,Patna,Bihar,DIS-MAL,Malaria,4,0,rising
6,2024,Patna,Bihar,DIS-CHL,Cholera,0,0,stable
6,2024,Patna,Bihar,DIS-DEN,Dengue,0,0,stable
6,2024,Patna,Bihar,DIS-RSP,Respiratory infections,66,0,declining
6,2024,Patna,Bihar,DIS-SNK,Snakebite,0,0,stable
6,2024,Patna,Bihar,DIS-MAL,Malaria,0,0,stable
7,2024,Patna,Bihar,DIS-CHL,Cholera,1,0,rising
7,2024,Patna,Bihar,DIS-DEN,Dengue,3,0,rising
7,2024,Patna,Bihar,DIS-RSP,Respiratory infections,50,0,declining
7,2024,Patna,Bihar,DIS-SNK,Snakebite,5,0,stable
7,2024,Patna,Bihar,DIS-MAL,Malaria,4,0,stable
8,2024,Patna,Bihar,DIS-CHL,Cholera,0,0,rising
8,2024,Patna,Bihar,DIS-DEN,Dengue,1,0,rising
8,2024,Patna,Bihar,DIS-RSP,Respiratory infections,70,2,declining
8,2024,Patna,Bihar,DIS-SNK,Snakebite,0,0,declining
8,2024,Patna,Bihar,DIS-MAL,Malaria,5,0,rising
9,2024,Patna,Bihar,DIS-CHL,Cholera,4,0,declining
9,2024,Patna,Bihar,DIS-DEN,Dengue,3,0,declining
9,2024,Patna,Bihar,DIS-RSP,Respiratory infections,4,0,rising
9,2024,Patna,Bihar,DIS-SNK,Snakebite,2,0,declining
9,2024,Patna,Bihar,DIS-MAL,Malaria,0,0,stable
10,2024,Patna,Bihar,DIS-CHL,Cholera,1,0,stable
10,2024,Patna,Bihar,DIS-DEN,Dengue,5,0,declining
10,2024,Patna,Bihar,DIS-RSP,Respiratory infections,4,0,stable
10,2024,Patna,Bihar,DIS-SNK,Snakebite,0,0,declining
10,2024,Patna,Bihar,DIS-MAL,Malaria,0,0,rising
11,2024,Patna,Bihar,DIS-CHL,Cholera,3,0,declining
11,2024,Patna,Bihar,DIS-DEN,Dengue,5,0,stable
11,2024,Patna,Bihar,DIS-RSP,Respiratory infections,3,0,declining
11,2024,Patna,Bihar,DIS-SNK,Snakebite,3,0,stable
11,2024,Patna,Bihar,DIS-MAL,Malaria,5,0,rising
12,2024,Patna,Bihar,DIS-CHL,Cholera,4,0,stable
12,2024,Patna,Bihar,DIS-DEN,Dengue,3,0,stable
12,2024,Patna,Bihar,DIS-RSP,Respiratory infections,0,0,stable
12,2024,Patna,Bihar,DIS-SNK,Snakebite,1,0,rising
12,2024,Patna,Bihar,DIS-MAL,Malaria,0,0,declining
13,2024,Patna,Bihar,DIS-CHL,Cholera,3,0,rising
13,2024,Patna,Bihar,DIS-DEN,Dengue,5,0,stable
13,2024,Patna,Bihar,DIS-RSP,Respiratory infections,3,0,stable
13,2024,Patna,Bihar,DIS-SNK,Snakebite,3,0,stable
13,2024,Patna,Bihar,DIS-MAL,Malaria,1,0,stable
14,2024,Patna,Bihar,DIS-CHL,Cholera,3,0,rising
14,2024,Patna,Bihar,DIS-DEN,Dengue,2,0,stable
14,2024,Patna,Bihar,DIS-RSP,Respiratory infections,3,0,stable
14,2024,Patna,Bihar,DIS-SNK,Snakebite,3,0,declining
14,2024,Patna,Bihar,DIS-MAL,Malaria,0,0,rising
15,2024,Patna,Bihar,DIS-CHL,Cholera,4,0,stable
15,2024,Patna,Bihar,DIS-DEN,Dengue,2,0,rising
15,2024,Patna,Bihar,DIS-RSP,Respiratory infections,4,0,stable
15,2024,Patna,Bihar,DIS-SNK,Snakebite,2,0,stable
15,2024,Patna,Bihar,DIS-MAL,Malaria,0,0,stable
16,2024,Patna,Bihar,DIS-CHL,Cholera,0,0,stable
16,2024,Patna,Bihar,DIS-DEN,Dengue,1,0,rising
16,2024,Patna,Bihar,DIS-RSP,Respiratory infections,4,0,stable
16,2024,Patna,Bihar,DIS-SNK,Snakebite,0,0,rising
16,2024,Patna,Bihar,DIS-MAL,Malaria,4,0,stable
17,2024,Patna,Bihar,DIS-CHL,Cholera,2,0,stable
17,2024,Patna,Bihar,DIS-DEN,Dengue,3,0,declining
17,2024,Patna,Bihar,DIS-RSP,Respiratory infections,0,0,declining
17,2024,Patna,Bihar,DIS-SNK,Snakebite,2,0,stable
17,2024,Patna,Bihar,DIS-MAL,Malaria,2,0,stable
18,2024,Patna,Bihar,DIS-CHL,Cholera,1,0,stable
18,2024,Patna,Bihar,DIS-DEN,Dengue,1,0,stable
18,2024,Patna,Bihar,DIS-RSP,Respiratory infections,3,0,declining
18,2024,Patna,Bihar,DIS-SNK,Snakebite,5,0,rising
18,2024,Patna,Bihar,DIS-MAL,Malaria,1,0,declining
19,2024,Patna,Bihar,DIS-CHL,Cholera,3,0,stable
19,2024,Patna,Bihar,DIS-DEN,Dengue,2,0,stable
19,2024,Patna,Bihar,DIS-RSP,Respiratory infections,2,0,rising
19,2024,Patna,Bihar,DIS-SNK,Snakebite,0,0,rising
19,2024,Patna,Bihar,DIS-MAL,Malaria,4,0,stable
20,2024,Patna,Bihar,DIS-CHL,Cholera,0,0,stable
20,2024,Patna,Bihar,DIS-DEN,Dengue,1,0,declining
20,2024,Patna,Bihar,DIS-RSP,Respiratory infections,4,0,rising
20,2024,Patna,Bihar,DIS-SNK,Snakebite,33,1,rising
20,2024,Patna,Bihar,DIS-MAL,Malaria,4,0,stable
21,2024,Patna,Bihar,DIS-CHL,Cholera,1,0,stable
21,2024,Patna,Bihar,DIS-DEN,Dengue,1,0,rising
21,2024,Patna,Bihar,DIS-RSP,Respiratory infections,3,0,stable
21,2024,Patna,Bihar,DIS-SNK,Snakebite,77,2,rising
21,2024,Patna,Bihar,DIS-MAL,Malaria,1,0,stable
22,2024,Patna,Bihar,DIS-CHL,Cholera,0,0,stable
22,2024,Patna,Bihar,DIS-DEN,Dengue,1,0,declining
22,2024,Patna,Bihar,DIS-RSP,Respiratory infections,3,0,stable
22,2024,Patna,Bihar,DIS-SNK,Snakebite,32,0,rising
22,2024,Patna,Bihar,DIS-MAL,Malaria,3,0,rising
23,2024,Patna,Bihar,DIS-CHL,Cholera,1,0,stable
23,2024,Patna,Bihar,DIS-DEN,Dengue,3,0,stable
23,2024,Patna,Bihar,DIS-RSP,Respiratory infections,1,0,stable
23,2024,Patna,Bihar,DIS-SNK,Snakebite,77,2,rising
23,2024,Patna,Bihar,DIS-MAL,Malaria,2,0,stable
24,2024,Patna,Bihar,DIS-CHL,Cholera,2,0,rising
24,2024,Patna,Bihar,DIS-DEN,Dengue,3,0,stable
24,2024,Patna,Bihar,DIS-RSP,Respiratory infections,3,0,stable
24,2024,Patna,Bihar,DIS-SNK,Snakebite,87,2,rising
24,2024,Patna,Bihar,DIS-MAL,Malaria,4,0,declining
25,2024,Patna,Bihar,DIS-CHL,Cholera,28,0,rising
25,2024,Patna,Bihar,DIS-DEN,Dengue,3,0,stable
25,2024,Patna,Bihar,DIS-RSP,Respiratory infections,5,0,declining
25,2024,Patna,Bihar,DIS-SNK,Snakebite,49,1,rising
25,2024,Patna,Bihar,DIS-MAL,Malaria,2,0,rising
26,2024,Patna,Bihar,DIS-CHL,Cholera,34,0,rising
26,2024,Patna,Bihar,DIS-DEN,Dengue,3,0,stable
26,2024,Patna,Bihar,DIS-RSP,Respiratory infections,1,0,stable
26,2024,Patna,Bihar,DIS-SNK,Snakebite,62,1,rising
26,2024,Patna,Bihar,DIS-MAL,Malaria,0,0,stable
27,2024,Patna,Bihar,DIS-CHL,Cholera,37,1,rising
27,2024,Patna,Bihar,DIS-DEN,Dengue,5,0,rising
27,2024,Patna,Bihar,DIS-RSP,Respiratory infections,3,0,stable
27,2024,Patna,Bihar,DIS-SNK,Snakebite,24,0,rising
27,2024,Patna,Bihar,DIS-MAL,Malaria,3,0,stable
28,2024,Patna,Bihar,DIS-CHL,Cholera,40,1,rising
28,2024,Patna,Bihar,DIS-DEN,Dengue,2,0,stable
28,2024,Patna,Bihar,DIS-RSP,Respiratory infections,0,0,rising
28,2024,Patna,Bihar,DIS-SNK,Snakebite,43,2,rising
28,2024,Patna,Bihar,DIS-MAL,Malaria,45,1,rising
29,2024,Patna,Bihar,DIS-CHL,Cholera,34,0,rising
29,2024,Patna,Bihar,DIS-DEN,Dengue,3,0,stable
29,2024,Patna,Bihar,DIS-RSP,Respiratory infections,0,0,stable
29,2024,Patna,Bihar,DIS-SNK,Snakebite,48,2,rising
29,2024,Patna,Bihar,DIS-MAL,Malaria,54,1,rising
30,2024,Patna,Bihar,DIS-CHL,Cholera,38,1,declining
30,2024,Patna,Bihar,DIS-DEN,Dengue,59,2,rising
30,2024,Patna,Bihar,DIS-RSP,Respiratory infections,0,0,declining
30,2024,Patna,Bihar,DIS-SNK,Snakebite,26,0,declining
30,2024,Patna,Bihar,DIS-MAL,Malaria,76,0,rising
31,2024,Patna,Bihar,DIS-CHL,Cholera,74,0,declining
31,2024,Patna,Bihar,DIS-DEN,Dengue,33,0,rising
31,2024,Patna,Bihar,DIS-RSP,Respiratory infections,1,0,stable
31,2024,Patna,Bihar,DIS-SNK,Snakebite,89,1,declining
31,2024,Patna,Bihar,DIS-MAL,Malaria,30,0,rising
32,2024,Patna,Bihar,DIS-CHL,Cholera,94,0,declining
32,2024,Patna,Bihar,DIS-DEN,Dengue,67,3,rising
32,2024,Patna,Bihar,DIS-RSP,Respiratory infections,4,0,rising
32,2024,Patna,Bihar,DIS-SNK,Snakebite,50,1,declining
32,2024,Patna,Bihar,DIS-MAL,Malaria,57,0,rising
33,2024,Patna,Bihar,DIS-CHL,Cholera,94,0,declining
33,2024,Patna,Bihar,DIS-DEN,Dengue,85,0,rising
33,2024,Patna,Bihar,DIS-RSP,Respiratory infections,4,0,stable
33,2024,Patna,Bihar,DIS-SNK,Snakebite,47,2,declining
33,2024,Patna,Bihar,DIS-MAL,Malaria,112,2,rising
34,2024,Patna,Bihar,DIS-CHL,Cholera,47,0,declining
34,2024,Patna,Bihar,DIS-DEN,Dengue,43,2,rising
34,2024,Patna,Bihar,DIS-RSP,Respiratory infections,0,0,declining
34,2024,Patna,Bihar,DIS-SNK,Snakebite,104,0,declining
34,2024,Patna,Bihar,DIS-MAL,Malaria,89,1,rising
35,2024,Patna,Bihar,DIS-CHL,Cholera,25,0,declining
35,2024,Patna,Bihar,DIS-DEN,Dengue,18,0,rising
35,2024,Patna,Bihar,DIS-RSP,Respiratory infections,0,0,declining
35,2024,Patna,Bihar,DIS-SNK,Snakebite,85,3,declining
35,2024,Patna,Bihar,DIS-MAL,Malaria,62,2,declining
36,2024,Patna,Bihar,DIS-CHL,Cholera,2,0,declining
36,2024,Patna,Bihar,DIS-DEN,Dengue,44,2,rising
36,2024,Patna,Bihar,DIS-RSP,Respiratory infections,4,0,stable
36,2024,Patna,Bihar,DIS-SNK,Snakebite,19,0,declining
36,2024,Patna,Bihar,DIS-MAL,Malaria,32,0,declining
37,2024,Patna,Bihar,DIS-CHL,Cholera,3,0,declining
37,2024,Patna,Bihar,DIS-DEN,Dengue,72,2,declining
37,2024,Patna,Bihar,DIS-RSP,Respiratory infections,4,0,rising
37,2024,Patna,Bihar,DIS-SNK,Snakebite,35,1,declining
37,2024,Patna,Bihar,DIS-MAL,Malaria,62,2,declining
38,2024,Patna,Bihar,DIS-CHL,Cholera,4,0,stable
38,2024,Patna,Bihar,DIS-DEN,Dengue,74,0,declining
38,2024,Patna,Bihar,DIS-RSP,Respiratory infections,0,0,rising
38,2024,Patna,Bihar,DIS-SNK,Snakebite,45,0,declining
38,2024,Patna,Bihar,DIS-MAL,Malaria,20,0,declining
39,2024,Patna,Bihar,DIS-CHL,Cholera,0,0,stable
39,2024,Patna,Bihar,DIS-DEN,Dengue,84,2,declining
39,2024,Patna,Bihar,DIS-RSP,Respiratory infections,3,0,rising
39,2024,Patna,Bihar,DIS-SNK,Snakebite,55,2,declining
39,2024,Patna,Bihar,DIS-MAL,Malaria,46,0,declining
40,2024,Patna,Bihar,DIS-CHL,Cholera,0,0,stable
40,2024,Patna,Bihar,DIS-DEN,Dengue,63,0,declining
40,2024,Patna,Bihar,DIS-RSP,Respiratory infections,4,0,stable
40,2024,Patna,Bihar,DIS-SNK,Snakebite,56,1,declining
40,2024,Patna,Bihar,DIS-MAL,Malaria,61,1,declining
41,2024,Patna,Bihar,DIS-CHL,Cholera,5,0,stable
41,2024,Patna,Bihar,DIS-DEN,Dengue,92,4,declining
41,2024,Patna,Bihar,DIS-RSP,Respiratory infections,1,0,stable
41,2024,Patna,Bihar,DIS-SNK,Snakebite,0,0,rising
41,2024,Patna,Bihar,DIS-MAL,Malaria,24,0,declining
42,2024,Patna,Bihar,DIS-CHL,Cholera,3,0,rising
42,2024,Patna,Bihar,DIS-DEN,Dengue,30,0,declining
42,2024,Patna,Bihar,DIS-RSP,Respiratory infections,0,0,stable
42,2024,Patna,Bihar,DIS-SNK,Snakebite,2,0,declining
42,2024,Patna,Bihar,DIS-MAL,Malaria,83,3,declining
43,2024,Patna,Bihar,DIS-CHL,Cholera,2,0,rising
43,2024,Patna,Bihar,DIS-DEN,Dengue,48,1,declining
43,2024,Patna,Bihar,DIS-RSP,Respiratory infections,1,0,declining
43,2024,Patna,Bihar,DIS-SNK,Snakebite,1,0,declining
43,2024,Patna,Bihar,DIS-MAL,Malaria,4,0,rising
44,2024,Patna,Bihar,DIS-CHL,Cholera,2,0,stable
44,2024,Patna,Bihar,DIS-DEN,Dengue,43,0,declining
44,2024,Patna,Bihar,DIS-RSP,Respiratory infections,1,0,declining
44,2024,Patna,Bihar,DIS-SNK,Snakebite,0,0,stable
44,2024,Patna,Bihar,DIS-MAL,Malaria,3,0,declining
45,2024,Patna,Bihar,DIS-CHL,Cholera,3,0,rising
45,2024,Patna,Bihar,DIS-DEN,Dengue,84,0,declining
45,2024,Patna,Bihar,DIS-RSP,Respiratory infections,38,1,declining
45,2024,Patna,Bihar,DIS-SNK,Snakebite,0,0,stable
45,2024,Patna,Bihar,DIS-MAL,Malaria,1,0,rising
46,2024,Patna,Bihar,DIS-CHL,Cholera,0,0,stable
46,2024,Patna,Bihar,DIS-DEN,Dengue,3,0,declining
46,2024,Patna,Bihar,DIS-RSP,Respiratory infections,91,2,declining
46,2024,Patna,Bihar,DIS-SNK,Snakebite,4,0,rising
46,2024,Patna,Bihar,DIS-MAL,Malaria,3,0,stable
47,2024,Patna,Bihar,DIS-CHL,Cholera,4,0,declining
47,2024,Patna,Bihar,DIS-DEN,Dengue,3,0,rising
47,2024,Patna,Bihar,DIS-RSP,Respiratory infections,98,1,declining
47,2024,Patna,Bihar,DIS-SNK,Snakebite,3,0,declining
47,2024,Patna,Bihar,DIS-MAL,Malaria,2,0,declining
48,2024,Patna,Bihar,DIS-CHL,Cholera,2,0,stable
48,2024,Patna,Bihar,DIS-DEN,Dengue,3,0,rising
48,2024,Patna,Bihar,DIS-RSP,Respiratory infections,84,0,declining
48,2024,Patna,Bihar,DIS-SNK,Snakebite,2,0,declining
48,2024,Patna,Bihar,DIS-MAL,Malaria,0,0,stable
49,2024,Patna,Bihar,DIS-CHL,Cholera,4,0,stable
49,2024,Patna,Bihar,DIS-DEN,Dengue,5,0,stable
49,2024,Patna,Bihar,DIS-RSP,Respiratory infections,32,0,declining
49,2024,Patna,Bihar,DIS-SNK,Snakebite,1,0,stable
49,2024,Patna,Bihar,DIS-MAL,Malaria,5,0,declining
50,2024,Patna,Bihar,DIS-CHL,Cholera,2,0,stable
50,2024,Patna,Bihar,DIS-DEN,Dengue,0,0,stable
50,2024,Patna,Bihar,DIS-RSP,Respiratory infections,64,0,declining
50,2024,Patna,Bihar,DIS-SNK,Snakebite,2,0,stable
50,2024,Patna,Bihar,DIS-MAL,Malaria,3,0,declining
51,2024,Patna,Bihar,DIS-CHL,Cholera,1,0,stable
51,2024,Patna,Bihar,DIS-DEN,Dengue,3,0,declining
51,2024,Patna,Bihar,DIS-RSP,Respiratory infections,72,2,declining
51,2024,Patna,Bihar,DIS-SNK,Snakebite,1,0,rising
51,2024,Patna,Bihar,DIS-MAL,Malaria,1,0,stable
52,2024,Patna,Bihar,DIS-CHL,Cholera,3,0,declining
52,2024,Patna,Bihar,DIS-DEN,Dengue,2,0,stable
52,2024,Patna,Bihar,DIS-RSP,Respiratory infections,74,0,declining
52,2024,Patna,Bihar,DIS-SNK,Snakebite,0,0,stable
52,2024,Patna,Bihar,DIS-MAL,Malaria,4,0,stable
1,2024,Gaya,Bihar,DIS-CHL,Cholera,0,0,rising
1,2024,Gaya,Bihar,DIS-DEN,Dengue,4,0,stable
1,2024,Gaya,Bihar,DIS-RSP,Respiratory infections,107,4,stable
1,2024,Gaya,Bihar,DIS-SNK,Snakebite,4,0,declining
1,2024,Gaya,Bihar,DIS-MAL,Malaria,2,0,declining
2,2024,Gaya,Bihar,DIS-CHL,Cholera,1,0,rising
2,2024,Gaya,Bihar,DIS-DEN,Dengue,4,0,declining
2,2024,Gaya,Bihar,DIS-RSP,Respiratory infections,58,2,declining
2,2024,Gaya,Bihar,DIS-SNK,Snakebite,1,0,declining
2,2024,Gaya,Bihar,DIS-MAL,Malaria,2,0,stable
3,2024,Gaya,Bihar,DIS-CHL,Cholera,3,0,declining
3,2024,Gaya,Bihar,DIS-DEN,Dengue,3,0,declining
3,2024,Gaya,Bihar,DIS-RSP,Respiratory infections,98,2,declining
3,2024,Gaya,Bihar,DIS-SNK,Snakebite,5,0,rising
3,2024,Gaya,Bihar,DIS-MAL,Malaria,5,0,stable
4,2024,Gaya,Bihar,DIS-CHL,Cholera,4,0,rising
4,2024,Gaya,Bihar,DIS-DEN,Dengue,4,0,stable
4,2024,Gaya,Bihar,DIS-RSP,Respiratory infections,33,1,declining
4,2024,Gaya,Bihar,DIS-SNK,Snakebite,2,0,stable
4,2024,Gaya,Bihar,DIS-MAL,Malaria,0,0,stable
5,2024,Gaya,Bihar,DIS-CHL,Cholera,0,0,stable
5,2024,Gaya,Bihar,DIS-DEN,Dengue,5,0,stable
5,2024,Gaya,Bihar,DIS-RSP,Respiratory infections,42,0,declining
5,2024,Gaya,Bihar,DIS-SNK,Snakebite,2,0,stable
5,2024,Gaya,Bihar,DIS-MAL,Malaria,4,0,rising
6,2024,Gaya,Bihar,DIS-CHL,Cholera,3,0,declining
6,2024,Gaya,Bihar,DIS-DEN,Dengue,0,0,stable
6,2024,Gaya,Bihar,DIS-RSP,Respiratory infections,68,1,declining
6,2024,Gaya,Bihar,DIS-SNK,Snakebite,0,0,declining
6,2024,Gaya,Bihar,DIS-MAL,Malaria,2,0,declining
7,2024,Gaya,Bihar,DIS-CHL,Cholera,0,0,rising
7,2024,Gaya,Bihar,DIS-DEN,Dengue,5,0,stable
7,2024,Gaya,Bihar,DIS-RSP,Respiratory infections,55,0,declining
7,2024,Gaya,Bihar,DIS-SNK,Snakebite,5,0,declining
7,2024,Gaya,Bihar,DIS-MAL,Malaria,5,0,rising
8,2024,Gaya,Bihar,DIS-CHL,Cholera,1,0,declining
8,2024,Gaya,Bihar,DIS-DEN,Dengue,0,0,rising
8,2024,Gaya,Bihar,DIS-RSP,Respiratory infections,102,0,declining
8,2024,Gaya,Bihar,DIS-SNK,Snakebite,0,0,stable
8,2024,Gaya,Bihar,DIS-MAL,Malaria,4,0,stable
9,2024,Gaya,Bihar,DIS-CHL,Cholera,3,0,rising
9,2024,Gaya,Bihar,DIS-DEN,Dengue,0,0,stable
9,2024,Gaya,Bihar,DIS-RSP,Respiratory infections,3,0,stable
9,2024,Gaya,Bihar,DIS-SNK,Snakebite,1,0,stable
9,2024,Gaya,Bihar,DIS-MAL,Malaria,2,0,stable
10,2024,Gaya,Bihar,DIS-CHL,Cholera,4,0,rising
10,2024,Gaya,Bihar,DIS-DEN,Dengue,3,0,declining
10,2024,Gaya,Bihar,DIS-RSP,Respiratory infections,0,0,stable
10,2024,Gaya,Bihar,DIS-SNK,Snakebite,5,0,rising
10,2024,Gaya,Bihar,DIS-MAL,Malaria,0,0,stable
11,2024,Gaya,Bihar,DIS-CHL,Cholera,2,0,stable
11,2024,Gaya,Bihar,DIS-DEN,Dengue,3,0,declining
11,2024,Gaya,Bihar,DIS-RSP,Respiratory infections,5,0,declining
11,2024,Gaya,Bihar,DIS-SNK,Snakebite,0,0,rising
11,2024,Gaya,Bihar,DIS-MAL,Malaria,1,0,declining
12,2024,Gaya,Bihar,DIS-CHL,Cholera,2,0,declining
12,2024,Gaya,Bihar,DIS-DEN,Dengue,4,0,stable
12,2024,Gaya,Bihar,DIS-RSP,Respiratory infections,0,0,stable
12,2024,Gaya,Bihar,DIS-SNK,Snakebite,4,0,rising
12,2024,Gaya,Bihar,DIS-MAL,Malaria,0,0,stable
13,2024,Gaya,Bihar,DIS-CHL,Cholera,0,0,stable
13,2024,Gaya,Bihar,DIS-DEN,Dengue,3,0,declining
13,2024,Gaya,Bihar,DIS-RSP,Respiratory infections,1,0,rising
13,2024,Gaya,Bihar,DIS-SNK,Snakebite,2,0,stable
13,2024,Gaya,Bihar,DIS-MAL,Malaria,0,0,stable
14,2024,Gaya,Bihar,DIS-CHL,Cholera,0,0,stable
14,2024,Gaya,Bihar,DIS-DEN,Dengue,2,0,stable
14,2024,Gaya,Bihar,DIS-RSP,Respiratory infections,0,0,stable
14,2024,Gaya,Bihar,DIS-SNK,Snakebite,1,0,stable
14,2024,Gaya,Bihar,DIS-MAL,Malaria,4,0,rising
15,2024,Gaya,Bihar,DIS-CHL,Cholera,3,0,declining
15,2024,Gaya,Bihar,DIS-DEN,Dengue,4,0,declining
15,2024,Gaya,Bihar,DIS-RSP,Respiratory infections,1,0,declining
15,2024,Gaya,Bihar,DIS-SNK,Snakebite,2,0,stable
15,2024,Gaya,Bihar,DIS-MAL,Malaria,0,0,stable
16,2024,Gaya,Bihar,DIS-CHL,Cholera,0,0,rising
16,2024,Gaya,Bihar,DIS-DEN,Dengue,3,0,stable
16,2024,Gaya,Bihar,DIS-RSP,Respiratory infections,0,0,stable
16,2024,Gaya,Bihar,DIS-SNK,Snakebite,3,0,stable
16,2024,Gaya,Bihar,DIS-MAL,Malaria,4,0,stable
17,2024,Gaya,Bihar,DIS-CHL,Cholera,3,0,declining
17,2024,Gaya,Bihar,DIS-DEN,Dengue,1,0,rising
17,2024,Gaya,Bihar,DIS-RSP,Respiratory infections,1,0,rising
17,2024,Gaya,Bihar,DIS-SNK,Snakebite,2,0,stable
17,2024,Gaya,Bihar,DIS-MAL,Malaria,0,0,stable
18,2024,Gaya,Bihar,DIS-CHL,Cholera,0,0,stable
18,2024,Gaya,Bihar,DIS-DEN,Dengue,2,0,stable
18,2024,Gaya,Bihar,DIS-RSP,Respiratory infections,4,0,declining
18,2024,Gaya,Bihar,DIS-SNK,Snakebite,0,0,rising
18,2024,Gaya,Bihar,DIS-MAL,Malaria,4,0,stable
19,2024,Gaya,Bihar,DIS-CHL,Cholera,3,0,rising
19,2024,Gaya,Bihar,DIS-DEN,Dengue,3,0,stable
19,2024,Gaya,Bihar,DIS-RSP,Respiratory infections,0,0,stable
19,2024,Gaya,Bihar,DIS-SNK,Snakebite,1,0,stable
19,2024,Gaya,Bihar,DIS-MAL,Malaria,0,0,stable
20,2024,Gaya,Bihar,DIS-CHL,Cholera,4,0,stable
20,2024,Gaya,Bihar,DIS-DEN,Dengue,3,0,declining
20,2024,Gaya,Bihar,DIS-RSP,Respiratory infections,2,0,stable
20,2024,Gaya,Bihar,DIS-SNK,Snakebite,71,1,rising
20,2024,Gaya,Bihar,DIS-MAL,Malaria,3,0,rising
21,2024,Gaya,Bihar,DIS-CHL,Cholera,0,0,rising
21,2024,Gaya,Bihar,DIS-DEN,Dengue,0,0,rising
21,2024,Gaya,Bihar,DIS-RSP,Respiratory infections,0,0,stable
21,2024,Gaya,Bihar,DIS-SNK,Snakebite,73,0,rising
21,2024,Gaya,Bihar,DIS-MAL,Malaria,2,0,stable
22,2024,Gaya,Bihar,DIS-CHL,Cholera,3,0,stable
22,2024,Gaya,Bihar,DIS-DEN,Dengue,5,0,stable
22,2024,Gaya,Bihar,DIS-RSP,Respiratory infections,5,0,stable
22,2024,Gaya,Bihar,DIS-SNK,Snakebite,47,1,rising
22,2024,Gaya,Bihar,DIS-MAL,Malaria,3,0,rising
23,2024,Gaya,Bihar,DIS-CHL,Cholera,0,0,stable
23,2024,Gaya,Bihar,DIS-DEN,Dengue,2,0,stable
23,2024,Gaya,Bihar,DIS-RSP,Respiratory infections,2,0,declining
23,2024,Gaya,Bihar,DIS-SNK,Snakebite,30,1,rising
23,2024,Gaya,Bihar,DIS-MAL,Malaria,5,0,stable
24,2024,Gaya,Bihar,DIS-CHL,Cholera,0,0,stable
24,2024,Gaya,Bihar,DIS-DEN,Dengue,0,0,stable
24,2024,Gaya,Bihar,DIS-RSP,Respiratory infections,5,0,declining
24,2024,Gaya,Bihar,DIS-SNK,Snakebite,94,4,rising
24,2024,Gaya,Bihar,DIS-MAL,Malaria,3,0,stable
25,2024,Gaya,Bihar,DIS-CHL,Cholera,41,1,rising
25,2024,Gaya,Bihar,DIS-DEN,Dengue,3,0,stable
25,2024,Gaya,Bihar,DIS-RSP,Respiratory infections,5,0,declining
25,2024,Gaya,Bihar,DIS-SNK,Snakebite,42,0,rising
25,2024,Gaya,Bihar,DIS-MAL,Malaria,4,0,stable
26,2024,Gaya,Bihar,DIS-CHL,Cholera,69,0,rising
26,2024,Gaya,Bihar,DIS-DEN,Dengue,5,0,rising
26,2024,Gaya,Bihar,DIS-RSP,Respiratory infections,1,0,declining
26,2024,Gaya,Bihar,DIS-SNK,Snakebite,67,1,rising
26,2024,Gaya,Bihar,DIS-MAL,Malaria,4,0,rising
27,2024,Gaya,Bihar,DIS-CHL,Cholera,66,1,rising
27,2024,Gaya,Bihar,DIS-DEN,Dengue,1,0,declining
27,2024,Gaya,Bihar,DIS-RSP,Respiratory infections,3,0,stable
27,2024,Gaya,Bihar,DIS-SNK,Snakebite,70,0,rising
27,2024,Gaya,Bihar,DIS-MAL,Malaria,3,0,stable
28,2024,Gaya,Bihar,DIS-CHL,Cholera,82,3,rising
28,2024,Gaya,Bihar,DIS-DEN,Dengue,2,0,stable
28,2024,Gaya,Bihar,DIS-RSP,Respiratory infections,4,0,stable
28,2024,Gaya,Bihar,DIS-SNK,Snakebite,97,1,rising
28,2024,Gaya,Bihar,DIS-MAL,Malaria,76,0,rising
29,2024,Gaya,Bihar,DIS-CHL,Cholera,24,0,rising
29,2024,Gaya,Bihar,DIS-DEN,Dengue,1,0,declining
29,2024,Gaya,Bihar,DIS-RSP,Respiratory infections,4,0,declining
29,2024,Gaya,Bihar,DIS-SNK,Snakebite,52,0,rising
29,2024,Gaya,Bihar,DIS-MAL,Malaria,36,0,rising
30,2024,Gaya,Bihar,DIS-CHL,Cholera,83,0,declining
30,2024,Gaya,Bihar,DIS-DEN,Dengue,84,0,rising
30,2024,Gaya,Bihar,DIS-RSP,Respiratory infections,0,0,declining
30,2024,Gaya,Bihar,DIS-SNK,Snakebite,87,0,declining
30,2024,Gaya,Bihar,DIS-MAL,Malaria,35,0,rising
31,2024,Gaya,Bihar,DIS-CHL,Cholera,62,0,declining
31,2024,Gaya,Bihar,DIS-DEN,Dengue,67,0,rising
31,2024,Gaya,Bihar,DIS-RSP,Respiratory infections,3,0,rising
31,2024,Gaya,Bihar,DIS-SNK,Snakebite,90,1,declining
31,2024,Gaya,Bihar,DIS-MAL,Malaria,29,0,rising
32,2024,Gaya,Bihar,DIS-CHL,Cholera,65,1,declining
32,2024,Gaya,Bihar,DIS-DEN,Dengue,40,1,rising
32,2024,Gaya,Bihar,DIS-RSP,Respiratory infections,3,0,declining
32,2024,Gaya,Bihar,DIS-SNK,Snakebite,81,2,declining
32,2024,Gaya,Bihar,DIS-MAL,Malaria,49,0,rising
33,2024,Gaya,Bihar,DIS-CHL,Cholera,17,0,declining
33,2024,Gaya,Bihar,DIS-DEN,Dengue,66,1,rising
33,2024,Gaya,Bihar,DIS-RSP,Respiratory infections,0,0,stable
33,2024,Gaya,Bihar,DIS-SNK,Snakebite,78,3,declining
33,2024,Gaya,Bihar,DIS-MAL,Malaria,24,0,rising
34,2024,Gaya,Bihar,DIS-CHL,Cholera,31,0,declining
34,2024,Gaya,Bihar,DIS-DEN,Dengue,40,0,rising
34,2024,Gaya,Bihar,DIS-RSP,Respiratory infections,0,0,declining
34,2024,Gaya,Bihar,DIS-SNK,Snakebite,65,2,declining
34,2024,Gaya,Bihar,DIS-MAL,Malaria,20,0,rising
35,2024,Gaya,Bihar,DIS-CHL,Cholera,72,1,declining
35,2024,Gaya,Bihar,DIS-DEN,Dengue,19,0,rising
35,2024,Gaya,Bihar,DIS-RSP,Respiratory infections,1,0,stable
35,2024,Gaya,Bihar,DIS-SNK,Snakebite,86,2,declining
35,2024,Gaya,Bihar,DIS-MAL,Malaria,72,2,declining
36,2024,Gaya,Bihar,DIS-CHL,Cholera,0,0,rising
36,2024,Gaya,Bihar,DIS-DEN,Dengue,81,3,rising
36,2024,Gaya,Bihar,DIS-RSP,Respiratory infections,3,0,stable
36,2024,Gaya,Bihar,DIS-SNK,Snakebite,50,2,declining
36,2024,Gaya,Bihar,DIS-MAL,Malaria,19,0,declining
37,2024,Gaya,Bihar,DIS-CHL,Cholera,3,0,stable
37,2024,Gaya,Bihar,DIS-DEN,Dengue,55,0,declining
37,2024,Gaya,Bihar,DIS-RSP,Respiratory infections,2,0,stable
37,2024,Gaya,Bihar,DIS-SNK,Snakebite,87,0,declining
37,2024,Gaya,Bihar,DIS-MAL,Malaria,54,0,declining
38,2024,Gaya,Bihar,DIS-CHL,Cholera,1,0,stable
38,2024,Gaya,Bihar,DIS-DEN,Dengue,85,0,declining
38,2024,Gaya,Bihar,DIS-RSP,Respiratory infections,3,0,stable
38,2024,Gaya,Bihar,DIS-SNK,Snakebite,20,0,declining
38,2024,Gaya,Bihar,DIS-MAL,Malaria,77,1,declining
39,2024,Gaya,Bihar,DIS-CHL,Cholera,5,0,stable
39,2024,Gaya,Bihar,DIS-DEN,Dengue,62,1,declining
39,2024,Gaya,Bihar,DIS-RSP,Respiratory infections,0,0,stable
39,2024,Gaya,Bihar,DIS-SNK,Snakebite,68,1,declining
39,2024,Gaya,Bihar,DIS-MAL,Malaria,86,1,declining
40,2024,Gaya,Bihar,DIS-CHL,Cholera,0,0,stable
40,2024,Gaya,Bihar,DIS-DEN,Dengue,74,3,declining
40,2024,Gaya,Bihar,DIS-RSP,Respiratory infections,3,0,rising
40,2024,Gaya,Bihar,DIS-SNK,Snakebite,80,3,declining
40,2024,Gaya,Bihar,DIS-MAL,Malaria,57,1,declining
41,2024,Gaya,Bihar,DIS-CHL,Cholera,4,0,declining
41,2024,Gaya,Bihar,DIS-DEN,Dengue,78,2,declining
41,2024,Gaya,Bihar,DIS-RSP,Respiratory infections,5,0,stable
41,2024,Gaya,Bihar,DIS-SNK,Snakebite,0,0,rising
41,2024,Gaya,Bihar,DIS-MAL,Malaria,90,1,declining
42,2024,Gaya,Bihar,DIS-CHL,Cholera,0,0,rising
42,2024,Gaya,Bihar,DIS-DEN,Dengue,57,2,declining
42,2024,Gaya,Bihar,DIS-RSP,Respiratory infections,2,0,rising
42,2024,Gaya,Bihar,DIS-SNK,Snakebite,0,0,declining
42,2024,Gaya,Bihar,DIS-MAL,Malaria,48,1,declining
43,2024,Gaya,Bihar,DIS-CHL,Cholera,4,0,declining
43,2024,Gaya,Bihar,DIS-DEN,Dengue,59,2,declining
43,2024,Gaya,Bihar,DIS-RSP,Respiratory infections,3,0,rising
43,2024,Gaya,Bihar,DIS-SNK,Snakebite,0,0,stable
43,2024,Gaya,Bihar,DIS-MAL,Malaria,2,0,stable
44,2024,Gaya,Bihar,DIS-CHL,Cholera,5,0,stable
44,2024,Gaya,Bihar,DIS-DEN,Dengue,35,0,declining
44,2024,Gaya,Bihar,DIS-RSP,Respiratory infections,4,0,stable
44,2024,Gaya,Bihar,DIS-SNK,Snakebite,3,0,rising
44,2024,Gaya,Bihar,DIS-MAL,Malaria,0,0,rising
45,2024,Gaya,Bihar,DIS-CHL,Cholera,0,0,declining
45,2024,Gaya,Bihar,DIS-DEN,Dengue,61,2,declining
45,2024,Gaya,Bihar,DIS-RSP,Respiratory infections,25,0,declining
45,2024,Gaya,Bihar,DIS-SNK,Snakebite,1,0,stable
45,2024,Gaya,Bihar,DIS-MAL,Malaria,0,0,rising
46,2024,Gaya,Bihar,DIS-CHL,Cholera,3,0,declining
46,2024,Gaya,Bihar,DIS-DEN,Dengue,4,0,stable
46,2024,Gaya,Bihar,DIS-RSP,Respiratory infections,66,2,declining
46,2024,Gaya,Bihar,DIS-SNK,Snakebite,0,0,stable
46,2024,Gaya,Bihar,DIS-MAL,Malaria,2,0,declining
47,2024,Gaya,Bihar,DIS-CHL,Cholera,0,0,stable
47,2024,Gaya,Bihar,DIS-DEN,Dengue,0,0,stable
47,2024,Gaya,Bihar,DIS-RSP,Respiratory infections,46,0,declining
47,2024,Gaya,Bihar,DIS-SNK,Snakebite,5,0,declining
47,2024,Gaya,Bihar,DIS-MAL,Malaria,4,0,rising
48,2024,Gaya,Bihar,DIS-CHL,Cholera,2,0,rising
48,2024,Gaya,Bihar,DIS-DEN,Dengue,0,0,stable
48,2024,Gaya,Bihar,DIS-RSP,Respiratory infections,24,0,declining
48,2024,Gaya,Bihar,DIS-SNK,Snakebite,3,0,rising
48,2024,Gaya,Bihar,DIS-MAL,Malaria,3,0,stable
49,2024,Gaya,Bihar,DIS-CHL,Cholera,2,0,stable
49,2024,Gaya,Bihar,DIS-DEN,Dengue,3,0,declining
49,2024,Gaya,Bihar,DIS-RSP,Respiratory infections,52,1,declining
49,2024,Gaya,Bihar,DIS-SNK,Snakebite,0,0,rising
49,2024,Gaya,Bihar,DIS-MAL,Malaria,2,0,stable
50,2024,Gaya,Bihar,DIS-CHL,Cholera,0,0,stable
50,2024,Gaya,Bihar,DIS-DEN,Dengue,2,0,stable
50,2024,Gaya,Bihar,DIS-RSP,Respiratory infections,52,1,declining
50,2024,Gaya,Bihar,DIS-SNK,Snakebite,4,0,rising
50,2024,Gaya,Bihar,DIS-MAL,Malaria,4,0,stable
51,2024,Gaya,Bihar,DIS-CHL,Cholera,3,0,stable
51,2024,Gaya,Bihar,DIS-DEN,Dengue,2,0,rising
51,2024,Gaya,Bihar,DIS-RSP,Respiratory infections,70,1,declining
51,2024,Gaya,Bihar,DIS-SNK,Snakebite,0,0,stable
51,2024,Gaya,Bihar,DIS-MAL,Malaria,0,0,declining
52,2024,Gaya,Bihar,DIS-CHL,Cholera,1,0,stable
52,2024,Gaya,Bihar,DIS-DEN,Dengue,3,0,rising
52,2024,Gaya,Bihar,DIS-RSP,Respiratory infections,56,1,declining
52,2024,Gaya,Bihar,DIS-SNK,Snakebite,0,0,stable
52,2024,Gaya,Bihar,DIS-MAL,Malaria,3,0,declining
1,2024,Muzaffarpur,Bihar,DIS-CHL,Cholera,3,0,declining
1,2024,Muzaffarpur,Bihar,DIS-DEN,Dengue,3,0,stable
1,2024,Muzaffarpur,Bihar,DIS-RSP,Respiratory infections,76,3,declining
1,2024,Muzaffarpur,Bihar,DIS-SNK,Snakebite,0,0,rising
1,2024,Muzaffarpur,Bihar,DIS-MAL,Malaria,4,0,stable
2,2024,Muzaffarpur,Bihar,DIS-CHL,Cholera,3,0,stable
2,2024,Muzaffarpur,Bihar,DIS-DEN,Dengue,3,0,stable
2,2024,Muzaffarpur,Bihar,DIS-RSP,Respiratory infections,41,1,declining
2,2024,Muzaffarpur,Bihar,DIS-SNK,Snakebite,3,0,rising
2,2024,Muzaffarpur,Bihar,DIS-MAL,Malaria,5,0,stable
3,2024,Muzaffarpur,Bihar,DIS-CHL,Cholera,1,0,stable
3,2024,Muzaffarpur,Bihar,DIS-DEN,Dengue,2,0,stable
3,2024,Muzaffarpur,Bihar,DIS-RSP,Respiratory infections,96,1,declining
3,2024,Muzaffarpur,Bihar,DIS-SNK,Snakebite,4,0,rising
3,2024,Muzaffarpur,Bihar,DIS-MAL,Malaria,0,0,rising
4,2024,Muzaffarpur,Bihar,DIS-CHL,Cholera,0,0,declining
4,2024,Muzaffarpur,Bihar,DIS-DEN,Dengue,1,0,stable
4,2024,Muzaffarpur,Bihar,DIS-RSP,Respiratory infections,63,2,declining
4,2024,Muzaffarpur,Bihar,DIS-SNK,Snakebite,5,0,stable
4,2024,Muzaffarpur,Bihar,DIS-MAL,Malaria,2,0,stable
5,2024,Muzaffarpur,Bihar,DIS-CHL,Cholera,0,0,stable
5,2024,Muzaffarpur,Bihar,DIS-DEN,Dengue,1,0,stable
5,2024,Muzaffarpur,Bihar,DIS-RSP,Respiratory infections,65,3,declining
5,2024,Muzaffarpur,Bihar,DIS-SNK,Snakebite,1,0,rising
5,2024,Muzaffarpur,Bihar,DIS-MAL,Malaria,1,0,rising
6,2024,Muzaffarpur,Bihar,DIS-CHL,Cholera,4,0,rising
6,2024,Muzaffarpur,Bihar,DIS-DEN,Dengue,1,0,rising
6,2024,Muzaffarpur,Bihar,DIS-RSP,Respiratory infections,28,0,declining
6,2024,Muzaffarpur,Bihar,DIS-SNK,Snakebite,1,0,rising
6,2024,Muzaffarpur,Bihar,DIS-MAL,Malaria,0,0,declining
7,2024,Muzaffarpur,Bihar,DIS-CHL,Cholera,0,0,stable
7,2024,Muzaffarpur,Bihar,DIS-DEN,Dengue,1,0,stable
7,2024,Muzaffarpur,Bihar,DIS-RSP,Respiratory infections,23,0,declining
7,2024,Muzaffarpur,Bihar,DIS-SNK,Snakebite,4,0,rising
7,2024,Muzaffarpur,Bihar,DIS-MAL,Malaria,2,0,stable
8,2024,Muzaffarpur,Bihar,DIS-CHL,Cholera,5,0,stable
8,2024,Muzaffarpur,Bihar,DIS-DEN,Dengue,4,0,stable
8,2024,Muzaffarpur,Bihar,DIS-RSP,Respiratory infections,97,3,declining
8,2024,Muzaffarpur,Bihar,DIS-SNK,Snakebite,2,0,stable
8,2024,Muzaffarpur,Bihar,DIS-MAL,Malaria,4,0,declining
9,2024,Muzaffarpur,Bihar,DIS-CHL,Cholera,2,0,stable
9,2024,Muzaffarpur,Bihar,DIS-DEN,Dengue,3,0,rising
9,2024,Muzaffarpur,Bihar,DIS-RSP,Respiratory infections,1,0,stable
9,2024,Muzaffarpur,Bihar,DIS-SNK,Snakebite,1,0,rising
9,2024,Muzaffarpur,Bihar,DIS-MAL,Malaria,1,0,declining
10,2024,Muzaffarpur,Bihar,DIS-CHL,Cholera,1,0,stable
10,2024,Muzaffarpur,Bihar,DIS-DEN,Dengue,0,0,declining
10,2024,Muzaffarpur,Bihar,DIS-RSP,Respiratory infections,0,0,stable
10,2024,Muzaffarpur,Bihar,DIS-SNK,Snakebite,0,0,stable
10,2024,Muzaffarpur,Bihar,DIS-MAL,Malaria,5,0,declining
11,2024,Muzaffarpur,Bihar,DIS-CHL,Cholera,4,0,stable
11,2024,Muzaffarpur,Bihar,DIS-DEN,Dengue,1,0,rising
11,2024,Muzaffarpur,Bihar,DIS-RSP,Respiratory infections,4,0,stable
11,2024,Muzaffarpur,Bihar,DIS-SNK,Snakebite,1,0,declining
11,2024,Muzaffarpur,Bihar,DIS-MAL,Malaria,3,0,declining
12,2024,Muzaffarpur,Bihar,DIS-CHL,Cholera,5,0,rising
12,2024,Muzaffarpur,Bihar,DIS-DEN,Dengue,2,0,stable
12,2024,Muzaffarpur,Bihar,DIS-RSP,Respiratory infections,0,0,stable
12,2024,Muzaffarpur,Bihar,DIS-SNK,Snakebite,0,0,declining
12,2024,Muzaffarpur,Bihar,DIS-MAL,Malaria,0,0,rising
13,2024,Muzaffarpur,Bihar,DIS-CHL,Cholera,2,0,stable
13,2024,Muzaffarpur,Bihar,DIS-DEN,Dengue,1,0,rising
13,2024,Muzaffarpur,Bihar,DIS-RSP,Respiratory infections,3,0,rising
13,2024,Muzaffarpur,Bihar,DIS-SNK,Snakebite,4,0,stable
13,2024,Muzaffarpur,Bihar,DIS-MAL,Malaria,2,0,rising
14,2024,Muzaffarpur,Bihar,DIS-CHL,Cholera,0,0,rising
14,2024,Muzaffarpur,Bihar,DIS-DEN,Dengue,1,0,rising
14,2024,Muzaffarpur,Bihar,DIS-RSP,Respiratory infections,2,0,stable
14,2024,Muzaffarpur,Bihar,DIS-SNK,Snakebite,4,0,stable
14,2024,Muzaffarpur,Bihar,DIS-MAL,Malaria,0,0,stable
15,2024,Muzaffarpur,Bihar,DIS-CHL,Cholera,0,0,declining
15,2024,Muzaffarpur,Bihar,DIS-DEN,Dengue,0,0,rising
15,2024,Muzaffarpur,Bihar,DIS-RSP,Respiratory infections,1,0,stable
15,2024,Muzaffarpur,Bihar,DIS-SNK,Snakebite,2,0,stable
15,2024,Muzaffarpur,Bihar,DIS-MAL,Malaria,1,0,rising
16,2024,Muzaffarpur,Bihar,DIS-CHL,Cholera,0,0,declining
16,2024,Muzaffarpur,Bihar,DIS-DEN,Dengue,3,0,stable
16,2024,Muzaffarpur,Bihar,DIS-RSP,Respiratory infections,1,0,stable
16,2024,Muzaffarpur,Bihar,DIS-SNK,Snakebite,0,0,stable
16,2024,Muzaffarpur,Bihar,DIS-MAL,Malaria,3,0,stable
17,2024,Muzaffarpur,Bihar,DIS-CHL,Cholera,0,0,rising
17,2024,Muzaffarpur,Bihar,DIS-DEN,Dengue,3,0,declining
17,2024,Muzaffarpur,Bihar,DIS-RSP,Respiratory infections,4,0,stable
17,2024,Muzaffarpur,Bihar,DIS-SNK,Snakebite,3,0,stable
17,2024,Muzaffarpur,Bihar,DIS-MAL,Malaria,2,0,stable
18,2024,Muzaffarpur,Bihar,DIS-CHL,Cholera,4,0,stable
18,2024,Muzaffarpur,Bihar,DIS-DEN,Dengue,3,0,stable
18,2024,Muzaffarpur,Bihar,DIS-RSP,Respiratory infections,2,0,stable
18,2024,Muzaffarpur,Bihar,DIS-SNK,Snakebite,3,0,rising
18,2024,Muzaffarpur,Bihar,DIS-MAL,Malaria,5,0,stable
19,2024,Muzaffarpur,Bihar,DIS-CHL,Cholera,2,0,stable
19,2024,Muzaffarpur,Bihar,DIS-DEN,Dengue,2,0,stable
19,2024,Muzaffarpur,Bihar,DIS-RSP,Respiratory infections,0,0,stable
19,2024,Muzaffarpur,Bihar,DIS-SNK,Snakebite,0,0,stable
19,2024,Muzaffarpur,Bihar,DIS-MAL,Malaria,2,0,declining
20,2024,Muzaffarpur,Bihar,DIS-CHL,Cholera,0,0,declining
20,2024,Muzaffarpur,Bihar,DIS-DEN,Dengue,2,0,stable
20,2024,Muzaffarpur,Bihar,DIS-RSP,Respiratory infections,0,0,stable
20,2024,Muzaffarpur,Bihar,DIS-SNK,Snakebite,36,0,rising
20,2024,Muzaffarpur,Bihar,DIS-MAL,Malaria,0,0,rising
21,2024,Muzaffarpur,Bihar,DIS-CHL,Cholera,5,0,declining
21,2024,Muzaffarpur,Bihar,DIS-DEN,Dengue,3,0,stable
21,2024,Muzaffarpur,Bihar,DIS-RSP,Respiratory infections,3,0,rising
21,2024,Muzaffarpur,Bihar,DIS-SNK,Snakebite,77,3,rising
21,2024,Muzaffarpur,Bihar,DIS-MAL,Malaria,0,0,stable
22,2024,Muzaffarpur,Bihar,DIS-CHL,Cholera,3,0,declining
22,2024,Muzaffarpur,Bihar,DIS-DEN,Dengue,0,0,declining
22,2024,Muzaffarpur,Bihar,DIS-RSP,Respiratory infections,0,0,rising
22,2024,Muzaffarpur,Bihar,DIS-SNK,Snakebite,93,1,rising
22,2024,Muzaffarpur,Bihar,DIS-MAL,Malaria,0,0,declining
23,2024,Muzaffarpur,Bihar,DIS-CHL,Cholera,0,0,declining
23,2024,Muzaffarpur,Bihar,DIS-DEN,Dengue,4,0,stable
23,2024,Muzaffarpur,Bihar,DIS-RSP,Respiratory infections,0,0,stable
23,2024,Muzaffarpur,Bihar,DIS-SNK,Snakebite,28,0,rising
23,2024,Muzaffarpur,Bihar,DIS-MAL,Malaria,3,0,stable
24,2024,Muzaffarpur,Bihar,DIS-CHL,Cholera,0,0,declining
24,2024,Muzaffarpur,Bihar,DIS-DEN,Dengue,0,0,declining
24,2024,Muzaffarpur,Bihar,DIS-RSP,Respiratory infections,2,0,declining
24,2024,Muzaffarpur,Bihar,DIS-SNK,Snakebite,36,1,rising
24,2024,Muzaffarpur,Bihar,DIS-MAL,Malaria,1,0,stable
25,2024,Muzaffarpur,Bihar,DIS-CHL,Cholera,35,0,rising
25,2024,Muzaffarpur,Bihar,DIS-DEN,Dengue,3,0,stable
25,2024,Muzaffarpur,Bihar,DIS-RSP,Respiratory infections,0,0,declining
25,2024,Muzaffarpur,Bihar,DIS-SNK,Snakebite,81,1,rising
25,2024,Muzaffarpur,Bihar,DIS-MAL,Malaria,0,0,rising
26,2024,Muzaffarpur,Bihar,DIS-CHL,Cholera,97,2,rising
26,2024,Muzaffarpur,Bihar,DIS-DEN,Dengue,4,0,declining
26,2024,Muzaffarpur,Bihar,DIS-RSP,Respiratory infections,1,0,declining
26,2024,Muzaffarpur,Bihar,DIS-SNK,Snakebite,54,1,rising
26,2024,Muzaffarpur,Bihar,DIS-MAL,Malaria,2,0,rising
27,2024,Muzaffarpur,Bihar,DIS-CHL,Cholera,64,2,rising
27,2024,Muzaffarpur,Bihar,DIS-DEN,Dengue,3,0,stable
27,2024,Muzaffarpur,Bihar,DIS-RSP,Respiratory infections,1,0,rising
27,2024,Muzaffarpur,Bihar,DIS-SNK,Snakebite,46,0,rising
27,2024,Muzaffarpur,Bihar,DIS-MAL,Malaria,3,0,rising
28,2024,Muzaffarpur,Bihar,DIS-CHL,Cholera,106,1,rising
28,2024,Muzaffarpur,Bihar,DIS-DEN,Dengue,5,0,declining
28,2024,Muzaffarpur,Bihar,DIS-RSP,Respiratory infections,1,0,stable
28,2024,Muzaffarpur,Bihar,DIS-SNK,Snakebite,90,2,rising
28,2024,Muzaffarpur,Bihar,DIS-MAL,Malaria,25,0,rising
29,2024,Muzaffarpur,Bihar,DIS-CHL,Cholera,77,3,rising
29,2024,Muzaffarpur,Bihar,DIS-DEN,Dengue,0,0,declining
29,2024,Muzaffarpur,Bihar,DIS-RSP,Respiratory infections,2,0,declining
29,2024,Muzaffarpur,Bihar,DIS-SNK,Snakebite,51,0,rising
29,2024,Muzaffarpur,Bihar,DIS-MAL,Malaria,21,0,rising
30,2024,Muzaffarpur,Bihar,DIS-CHL,Cholera,76,3,declining
30,2024,Muzaffarpur,Bihar,DIS-DEN,Dengue,31,0,rising
30,2024,Muzaffarpur,Bihar,DIS-RSP,Respiratory infections,1,0,stable
30,2024,Muzaffarpur,Bihar,DIS-SNK,Snakebite,52,0,declining
30,2024,Muzaffarpur,Bihar,DIS-MAL,Malaria,74,1,rising
31,2024,Muzaffarpur,Bihar,DIS-CHL,Cholera,79,3,declining
31,2024,Muzaffarpur,Bihar,DIS-DEN,Dengue,85,3,rising
31,2024,Muzaffarpur,Bihar,DIS-RSP,Respiratory infections,1,0,stable
31,2024,Muzaffarpur,Bihar,DIS-SNK,Snakebite,33,1,declining
31,2024,Muzaffarpur,Bihar,DIS-MAL,Malaria,32,1,rising
32,2024,Muzaffarpur,Bihar,DIS-CHL,Cholera,63,1,declining
32,2024,Muzaffarpur,Bihar,DIS-DEN,Dengue,94,0,rising
32,2024,Muzaffarpur,Bihar,DIS-RSP,Respiratory infections,4,0,stable
32,2024,Muzaffarpur,Bihar,DIS-SNK,Snakebite,80,0,declining
32,2024,Muzaffarpur,Bihar,DIS-MAL,Malaria,35,1,rising
33,2024,Muzaffarpur,Bihar,DIS-CHL,Cholera,40,1,declining
33,2024,Muzaffarpur,Bihar,DIS-DEN,Dengue,27,0,rising
33,2024,Muzaffarpur,Bihar,DIS-RSP,Respiratory infections,4,0,stable
33,2024,Muzaffarpur,Bihar,DIS-SNK,Snakebite,52,2,declining
33,2024,Muzaffarpur,Bihar,DIS-MAL,Malaria,36,1,rising
34,2024,Muzaffarpur,Bihar,DIS-CHL,Cholera,83,2,declining
34,2024,Muzaffarpur,Bihar,DIS-DEN,Dengue,91,2,rising
34,2024,Muzaffarpur,Bihar,DIS-RSP,Respiratory infections,3,0,rising
34,2024,Muzaffarpur,Bihar,DIS-SNK,Snakebite,98,4,declining
34,2024,Muzaffarpur,Bihar,DIS-MAL,Malaria,69,2,rising
35,2024,Muzaffarpur,Bihar,DIS-CHL,Cholera,56,1,declining
35,2024,Muzaffarpur,Bihar,DIS-DEN,Dengue,89,3,rising
35,2024,Muzaffarpur,Bihar,DIS-RSP,Respiratory infections,5,0,declining
35,2024,Muzaffarpur,Bihar,DIS-SNK,Snakebite,93,0,declining
35,2024,Muzaffarpur,Bihar,DIS-MAL,Malaria,69,1,declining
36,2024,Muzaffarpur,Bihar,DIS-CHL,Cholera,0,0,rising
36,2024,Muzaffarpur,Bihar,DIS-DEN,Dengue,75,2,rising
36,2024,Muzaffarpur,Bihar,DIS-RSP,Respiratory infections,0,0,stable
36,2024,Muzaffarpur,Bihar,DIS-SNK,Snakebite,94,1,declining
36,2024,Muzaffarpur,Bihar,DIS-MAL,Malaria,23,0,declining
37,2024,Muzaffarpur,Bihar,DIS-CHL,Cholera,3,0,stable
37,2024,Muzaffarpur,Bihar,DIS-DEN,Dengue,29,0,declining
37,2024,Muzaffarpur,Bihar,DIS-RSP,Respiratory infections,4,0,declining
37,2024,Muzaffarpur,Bihar,DIS-SNK,Snakebite,117,5,declining
37,2024,Muzaffarpur,Bihar,DIS-MAL,Malaria,78,3,declining
38,2024,Muzaffarpur,Bihar,DIS-CHL,Cholera,2,0,rising
38,2024,Muzaffarpur,Bihar,DIS-DEN,Dengue,32,1,declining
38,2024,Muzaffarpur,Bihar,DIS-RSP,Respiratory infections,4,0,declining
38,2024,Muzaffarpur,Bihar,DIS-SNK,Snakebite,34,0,declining
38,2024,Muzaffarpur,Bihar,DIS-MAL,Malaria,106,3,declining
39,2024,Muzaffarpur,Bihar,DIS-CHL,Cholera,2,0,declining
39,2024,Muzaffarpur,Bihar,DIS-DEN,Dengue,69,3,declining
39,2024,Muzaffarpur,Bihar,DIS-RSP,Respiratory infections,0,0,declining
39,2024,Muzaffarpur,Bihar,DIS-SNK,Snakebite,80,2,declining
39,2024,Muzaffarpur,Bihar,DIS-MAL,Malaria,22,0,declining
40,2024,Muzaffarpur,Bihar,DIS-CHL,Cholera,4,0,declining
40,2024,Muzaffarpur,Bihar,DIS-DEN,Dengue,85,2,declining
40,2024,Muzaffarpur,Bihar,DIS-RSP,Respiratory infections,4,0,rising
40,2024,Muzaffarpur,Bihar,DIS-SNK,Snakebite,78,3,declining
40,2024,Muzaffarpur,Bihar,DIS-MAL,Malaria,31,1,declining
41,2024,Muzaffarpur,Bihar,DIS-CHL,Cholera,0,0,rising
41,2024,Muzaffarpur,Bihar,DIS-DEN,Dengue,88,2,declining
41,2024,Muzaffarpur,Bihar,DIS-RSP,Respiratory infections,2,0,declining
41,2024,Muzaffarpur,Bihar,DIS-SNK,Snakebite,1,0,declining
41,2024,Muzaffarpur,Bihar,DIS-MAL,Malaria,102,4,declining
42,2024,Muzaffarpur,Bihar,DIS-CHL,Cholera,0,0,stable
42,2024,Muzaffarpur,Bihar,DIS-DEN,Dengue,75,1,declining
42,2024,Muzaffarpur,Bihar,DIS-RSP,Respiratory infections,1,0,rising
42,2024,Muzaffarpur,Bihar,DIS-SNK,Snakebite,3,0,rising
42,2024,Muzaffarpur,Bihar,DIS-MAL,Malaria,60,1,declining
43,2024,Muzaffarpur,Bihar,DIS-CHL,Cholera,4,0,rising
43,2024,Muzaffarpur,Bihar,DIS-DEN,Dengue,44,0,declining
43,2024,Muzaffarpur,Bihar,DIS-RSP,Respiratory infections,0,0,stable
43,2024,Muzaffarpur,Bihar,DIS-SNK,Snakebite,1,0,declining
43,2024,Muzaffarpur,Bihar,DIS-MAL,Malaria,2,0,stable
44,2024,Muzaffarpur,Bihar,DIS-CHL,Cholera,3,0,stable
44,2024,Muzaffarpur,Bihar,DIS-DEN,Dengue,88,0,declining
44,2024,Muzaffarpur,Bihar,DIS-RSP,Respiratory infections,1,0,rising
44,2024,Muzaffarpur,Bihar,DIS-SNK,Snakebite,4,0,stable
44,2024,Muzaffarpur,Bihar,DIS-MAL,Malaria,2,0,declining
45,2024,Muzaffarpur,Bihar,DIS-CHL,Cholera,3,0,stable
45,2024,Muzaffarpur,Bihar,DIS-DEN,Dengue,77,1,declining
45,2024,Muzaffarpur,Bihar,DIS-RSP,Respiratory infections,75,0,declining
45,2024,Muzaffarpur,Bihar,DIS-SNK,Snakebite,2,0,stable
45,2024,Muzaffarpur,Bihar,DIS-MAL,Malaria,3,0,rising
46,2024,Muzaffarpur,Bihar,DIS-CHL,Cholera,3,0,stable
46,2024,Muzaffarpur,Bihar,DIS-DEN,Dengue,3,0,rising
46,2024,Muzaffarpur,Bihar,DIS-RSP,Respiratory infections,19,0,declining
46,2024,Muzaffarpur,Bihar,DIS-SNK,Snakebite,4,0,rising
46,2024,Muzaffarpur,Bihar,DIS-MAL,Malaria,4,0,stable
47,2024,Muzaffarpur,Bihar,DIS-CHL,Cholera,1,0,stable
47,2024,Muzaffarpur,Bihar,DIS-DEN,Dengue,1,0,declining
47,2024,Muzaffarpur,Bihar,DIS-RSP,Respiratory infections,38,1,declining
47,2024,Muzaffarpur,Bihar,DIS-SNK,Snakebite,0,0,stable
47,2024,Muzaffarpur,Bihar,DIS-MAL,Malaria,2,0,stable
48,2024,Muzaffarpur,Bihar,DIS-CHL,Cholera,0,0,stable
48,2024,Muzaffarpur,Bihar,DIS-DEN,Dengue,2,0,stable
48,2024,Muzaffarpur,Bihar,DIS-RSP,Respiratory infections,72,2,declining
48,2024,Muzaffarpur,Bihar,DIS-SNK,Snakebite,5,0,declining
48,2024,Muzaffarpur,Bihar,DIS-MAL,Malaria,3,0,stable
49,2024,Muzaffarpur,Bihar,DIS-CHL,Cholera,0,0,declining
49,2024,Muzaffarpur,Bihar,DIS-DEN,Dengue,5,0,stable
49,2024,Muzaffarpur,Bihar,DIS-RSP,Respiratory infections,56,2,declining
49,2024,Muzaffarpur,Bihar,DIS-SNK,Snakebite,0,0,declining
49,2024,Muzaffarpur,Bihar,DIS-MAL,Malaria,2,0,declining
50,2024,Muzaffarpur,Bihar,DIS-CHL,Cholera,4,0,rising
50,2024,Muzaffarpur,Bihar,DIS-DEN,Dengue,4,0,stable
50,2024,Muzaffarpur,Bihar,DIS-RSP,Respiratory infections,105,3,declining
50,2024,Muzaffarpur,Bihar,DIS-SNK,Snakebite,2,0,stable
50,2024,Muzaffarpur,Bihar,DIS-MAL,Malaria,5,0,declining
51,2024,Muzaffarpur,Bihar,DIS-CHL,Cholera,4,0,declining
51,2024,Muzaffarpur,Bihar,DIS-DEN,Dengue,1,0,rising
51,2024,Muzaffarpur,Bihar,DIS-RSP,Respiratory infections,69,3,declining
51,2024,Muzaffarpur,Bihar,DIS-SNK,Snakebite,0,0,declining
51,2024,Muzaffarpur,Bihar,DIS-MAL,Malaria,1,0,stable
52,2024,Muzaffarpur,Bihar,DIS-CHL,Cholera,1,0,stable
52,2024,Muzaffarpur,Bihar,DIS-DEN,Dengue,1,0,stable
52,2024,Muzaffarpur,Bihar,DIS-RSP,Respiratory infections,34,1,declining
52,2024,Muzaffarpur,Bihar,DIS-SNK,Snakebite,1,0,stable
52,2024,Muzaffarpur,Bihar,DIS-MAL,Malaria,1,0,stable
1,2024,Bhagalpur,Bihar,DIS-CHL,Cholera,2,0,rising
1,2024,Bhagalpur,Bihar,DIS-DEN,Dengue,0,0,stable
1,2024,Bhagalpur,Bihar,DIS-RSP,Respiratory infections,19,0,declining
1,2024,Bhagalpur,Bihar,DIS-SNK,Snakebite,4,0,stable
1,2024,Bhagalpur,Bihar,DIS-MAL,Malaria,0,0,rising
2,2024,Bhagalpur,Bihar,DIS-CHL,Cholera,2,0,stable
2,2024,Bhagalpur,Bihar,DIS-DEN,Dengue,2,0,rising
2,2024,Bhagalpur,Bihar,DIS-RSP,Respiratory infections,97,4,declining
2,2024,Bhagalpur,Bihar,DIS-SNK,Snakebite,3,0,rising
2,2024,Bhagalpur,Bihar,DIS-MAL,Malaria,0,0,stable
3,2024,Bhagalpur,Bihar,DIS-CHL,Cholera,5,0,stable
3,2024,Bhagalpur,Bihar,DIS-DEN,Dengue,3,0,stable
3,2024,Bhagalpur,Bihar,DIS-RSP,Respiratory infections,35,0,declining
3,2024,Bhagalpur,Bihar,DIS-SNK,Snakebite,0,0,rising
3,2024,Bhagalpur,Bihar,DIS-MAL,Malaria,4,0,rising
4,2024,Bhagalpur,Bihar,DIS-CHL,Cholera,4,0,stable
4,2024,Bhagalpur,Bihar,DIS-DEN,Dengue,0,0,stable
4,2024,Bhagalpur,Bihar,DIS-RSP,Respiratory infections,31,1,declining
4,2024,Bhagalpur,Bihar,DIS-SNK,Snakebite,0,0,stable
4,2024,Bhagalpur,Bihar,DIS-MAL,Malaria,0,0,stable
5,2024,Bhagalpur,Bihar,DIS-CHL,Cholera,0,0,stable
5,2024,Bhagalpur,Bihar,DIS-DEN,Dengue,3,0,declining
5,2024,Bhagalpur,Bihar,DIS-RSP,Respiratory infections,81,0,declining
5,2024,Bhagalpur,Bihar,DIS-SNK,Snakebite,0,0,stable
5,2024,Bhagalpur,Bihar,DIS-MAL,Malaria,2,0,stable
6,2024,Bhagalpur,Bihar,DIS-CHL,Cholera,4,0,rising
6,2024,Bhagalpur,Bihar,DIS-DEN,Dengue,0,0,stable
6,2024,Bhagalpur,Bihar,DIS-RSP,Respiratory infections,42,1,declining
6,2024,Bhagalpur,Bihar,DIS-SNK,Snakebite,0,0,stable
6,2024,Bhagalpur,Bihar,DIS-MAL,Malaria,0,0,stable
7,2024,Bhagalpur,Bihar,DIS-CHL,Cholera,4,0,stable
7,2024,Bhagalpur,Bihar,DIS-DEN,Dengue,0,0,stable
7,2024,Bhagalpur,Bihar,DIS-RSP,Respiratory infections,73,2,declining
7,2024,Bhagalpur,Bihar,DIS-SNK,Snakebite,0,0,stable
7,2024,Bhagalpur,Bihar,DIS-MAL,Malaria,0,0,stable
8,2024,Bhagalpur,Bihar,DIS-CHL,Cholera,2,0,stable
8,2024,Bhagalpur,Bihar,DIS-DEN,Dengue,4,0,stable
8,2024,Bhagalpur,Bihar,DIS-RSP,Respiratory infections,23,0,declining
8,2024,Bhagalpur,Bihar,DIS-SNK,Snakebite,1,0,rising
8,2024,Bhagalpur,Bihar,DIS-MAL,Malaria,5,0,stable
9,2024,Bhagalpur,Bihar,DIS-CHL,Cholera,2,0,declining
9,2024,Bhagalpur,Bihar,DIS-DEN,Dengue,3,0,stable
9,2024,Bhagalpur,Bihar,DIS-RSP,Respiratory infections,3,0,stable
9,2024,Bhagalpur,Bihar,DIS-SNK,Snakebite,0,0,stable
9,2024,Bhagalpur,Bihar,DIS-MAL,Malaria,4,0,rising
10,2024,Bhagalpur,Bihar,DIS-CHL,Cholera,1,0,rising
10,2024,Bhagalpur,Bihar,DIS-DEN,Dengue,3,0,rising
10,2024,Bhagalpur,Bihar,DIS-RSP,Respiratory infections,4,0,stable
10,2024,Bhagalpur,Bihar,DIS-SNK,Snakebite,1,0,stable
10,2024,Bhagalpur,Bihar,DIS-MAL,Malaria,5,0,rising
11,2024,Bhagalpur,Bihar,DIS-CHL,Cholera,5,0,rising
11,2024,Bhagalpur,Bihar,DIS-DEN,Dengue,0,0,declining
11,2024,Bhagalpur,Bihar,DIS-RSP,Respiratory infections,1,0,stable
11,2024,Bhagalpur,Bihar,DIS-SNK,Snakebite,1,0,declining
11,2024,Bhagalpur,Bihar,DIS-MAL,Malaria,3,0,stable
12,2024,Bhagalpur,Bihar,DIS-CHL,Cholera,1,0,declining
12,2024,Bhagalpur,Bihar,DIS-DEN,Dengue,4,0,stable
12,2024,Bhagalpur,Bihar,DIS-RSP,Respiratory infections,5,0,stable
12,2024,Bhagalpur,Bihar,DIS-SNK,Snakebite,2,0,stable
12,2024,Bhagalpur,Bihar,DIS-MAL,Malaria,1,0,declining
13,2024,Bhagalpur,Bihar,DIS-CHL,Cholera,1,0,rising
13,2024,Bhagalpur,Bihar,DIS-DEN,Dengue,4,0,declining
13,2024,Bhagalpur,Bihar,DIS-RSP,Respiratory infections,4,0,stable
13,2024,Bhagalpur,Bihar,DIS-SNK,Snakebite,4,0,rising
13,2024,Bhagalpur,Bihar,DIS-MAL,Malaria,0,0,declining
14,2024,Bhagalpur,Bihar,DIS-CHL,Cholera,1,0,rising
14,2024,Bhagalpur,Bihar,DIS-DEN,Dengue,2,0,rising
14,2024,Bhagalpur,Bihar,DIS-RSP,Respiratory infections,1,0,stable
14,2024,Bhagalpur,Bihar,DIS-SNK,Snakebite,3,0,rising
14,2024,Bhagalpur,Bihar,DIS-MAL,Malaria,3,0,rising
15,2024,Bhagalpur,Bihar,DIS-CHL,Cholera,3,0,stable
15,2024,Bhagalpur,Bihar,DIS-DEN,Dengue,1,0,stable
15,2024,Bhagalpur,Bihar,DIS-RSP,Respiratory infections,4,0,rising
15,2024,Bhagalpur,Bihar,DIS-SNK,Snakebite,4,0,declining
15,2024,Bhagalpur,Bihar,DIS-MAL,Malaria,3,0,rising
16,2024,Bhagalpur,Bihar,DIS-CHL,Cholera,0,0,stable
16,2024,Bhagalpur,Bihar,DIS-DEN,Dengue,0,0,stable
16,2024,Bhagalpur,Bihar,DIS-RSP,Respiratory infections,1,0,declining
16,2024,Bhagalpur,Bihar,DIS-SNK,Snakebite,5,0,rising
16,2024,Bhagalpur,Bihar,DIS-MAL,Malaria,1,0,stable
17,2024,Bhagalpur,Bihar,DIS-CHL,Cholera,0,0,stable
17,2024,Bhagalpur,Bihar,DIS-DEN,Dengue,0,0,stable
17,2024,Bhagalpur,Bihar,DIS-RSP,Respiratory infections,1,0,declining
17,2024,Bhagalpur,Bihar,DIS-SNK,Snakebite,1,0,stable
17,2024,Bhagalpur,Bihar,DIS-MAL,Malaria,0,0,declining
18,2024,Bhagalpur,Bihar,DIS-CHL,Cholera,2,0,stable
18,2024,Bhagalpur,Bihar,DIS-DEN,Dengue,4,0,rising
18,2024,Bhagalpur,Bihar,DIS-RSP,Respiratory infections,1,0,stable
18,2024,Bhagalpur,Bihar,DIS-SNK,Snakebite,4,0,declining
18,2024,Bhagalpur,Bihar,DIS-MAL,Malaria,1,0,rising
19,2024,Bhagalpur,Bihar,DIS-CHL,Cholera,3,0,stable
19,2024,Bhagalpur,Bihar,DIS-DEN,Dengue,1,0,stable
19,2024,Bhagalpur,Bihar,DIS-RSP,Respiratory infections,2,0,stable
19,2024,Bhagalpur,Bihar,DIS-SNK,Snakebite,4,0,stable
19,2024,Bhagalpur,Bihar,DIS-MAL,Malaria,4,0,stable
20,2024,Bhagalpur,Bihar,DIS-CHL,Cholera,3,0,rising
20,2024,Bhagalpur,Bihar,DIS-DEN,Dengue,0,0,rising
20,2024,Bhagalpur,Bihar,DIS-RSP,Respiratory infections,3,0,declining
20,2024,Bhagalpur,Bihar,DIS-SNK,Snakebite,77,1,rising
20,2024,Bhagalpur,Bihar,DIS-MAL,Malaria,5,0,stable
21,2024,Bhagalpur,Bihar,DIS-CHL,Cholera,0,0,rising
21,2024,Bhagalpur,Bihar,DIS-DEN,Dengue,5,0,stable
21,2024,Bhagalpur,Bihar,DIS-RSP,Respiratory infections,3,0,stable
21,2024,Bhagalpur,Bihar,DIS-SNK,Snakebite,67,2,rising
21,2024,Bhagalpur,Bihar,DIS-MAL,Malaria,0,0,declining
22,2024,Bhagalpur,Bihar,DIS-CHL,Cholera,4,0,stable
22,2024,Bhagalpur,Bihar,DIS-DEN,Dengue,2,0,stable
22,2024,Bhagalpur,Bihar,DIS-RSP,Respiratory infections,2,0,declining
22,2024,Bhagalpur,Bihar,DIS-SNK,Snakebite,31,1,rising
22,2024,Bhagalpur,Bihar,DIS-MAL,Malaria,2,0,declining
23,2024,Bhagalpur,Bihar,DIS-CHL,Cholera,0,0,declining
23,2024,Bhagalpur,Bihar,DIS-DEN,Dengue,4,0,stable
23,2024,Bhagalpur,Bihar,DIS-RSP,Respiratory infections,0,0,stable
23,2024,Bhagalpur,Bihar,DIS-SNK,Snakebite,23,0,rising
23,2024,Bhagalpur,Bihar,DIS-MAL,Malaria,0,0,stable
24,2024,Bhagalpur,Bihar,DIS-CHL,Cholera,1,0,declining
24,2024,Bhagalpur,Bihar,DIS-DEN,Dengue,4,0,rising
24,2024,Bhagalpur,Bihar,DIS-RSP,Respiratory infections,2,0,rising
24,2024,Bhagalpur,Bihar,DIS-SNK,Snakebite,83,3,rising
24,2024,Bhagalpur,Bihar,DIS-MAL,Malaria,1,0,rising
25,2024,Bhagalpur,Bihar,DIS-CHL,Cholera,22,0,rising
25,2024,Bhagalpur,Bihar,DIS-DEN,Dengue,1,0,stable
25,2024,Bhagalpur,Bihar,DIS-RSP,Respiratory infections,1,0,rising
25,2024,Bhagalpur,Bihar,DIS-SNK,Snakebite,22,0,rising
25,2024,Bhagalpur,Bihar,DIS-MAL,Malaria,2,0,rising
26,2024,Bhagalpur,Bihar,DIS-CHL,Cholera,45,0,rising
26,2024,Bhagalpur,Bihar,DIS-DEN,Dengue,4,0,declining
26,2024,Bhagalpur,Bihar,DIS-RSP,Respiratory infections,3,0,stable
26,2024,Bhagalpur,Bihar,DIS-SNK,Snakebite,96,3,rising
26,2024,Bhagalpur,Bihar,DIS-MAL,Malaria,3,0,stable
27,2024,Bhagalpur,Bihar,DIS-CHL,Cholera,65,3,rising
27,2024,Bhagalpur,Bihar,DIS-DEN,Dengue,0,0,stable
27,2024,Bhagalpur,Bihar,DIS-RSP,Respiratory infections,4,0,rising
27,2024,Bhagalpur,Bihar,DIS-SNK,Snakebite,70,2,rising
27,2024,Bhagalpur,Bihar,DIS-MAL,Malaria,0,0,rising
28,2024,Bhagalpur,Bihar,DIS-CHL,Cholera,90,3,rising
28,2024,Bhagalpur,Bihar,DIS-DEN,Dengue,1,0,stable
28,2024,Bhagalpur,Bihar,DIS-RSP,Respiratory infections,4,0,rising
28,2024,Bhagalpur,Bihar,DIS-SNK,Snakebite,110,5,rising
28,2024,Bhagalpur,Bihar,DIS-MAL,Malaria,59,1,rising
29,2024,Bhagalpur,Bihar,DIS-CHL,Cholera,79,1,rising
29,2024,Bhagalpur,Bihar,DIS-DEN,Dengue,4,0,stable
29,2024,Bhagalpur,Bihar,DIS-RSP,Respiratory infections,5,0,stable
29,2024,Bhagalpur,Bihar,DIS-SNK,Snakebite,85,4,rising
29,2024,Bhagalpur,Bihar,DIS-MAL,Malaria,100,0,rising
30,2024,Bhagalpur,Bihar,DIS-CHL,Cholera,55,0,declining
30,2024,Bhagalpur,Bihar,DIS-DEN,Dengue,42,0,rising
30,2024,Bhagalpur,Bihar,DIS-RSP,Respiratory infections,2,0,stable
30,2024,Bhagalpur,Bihar,DIS-SNK,Snakebite,113,2,declining
30,2024,Bhagalpur,Bihar,DIS-MAL,Malaria,42,1,rising
31,2024,Bhagalpur,Bihar,DIS-CHL,Cholera,84,0,declining
31,2024,Bhagalpur,Bihar,DIS-DEN,Dengue,68,0,rising
31,2024,Bhagalpur,Bihar,DIS-RSP,Respiratory infections,2,0,rising
31,2024,Bhagalpur,Bihar,DIS-SNK,Snakebite,48,0,declining
31,2024,Bhagalpur,Bihar,DIS-MAL,Malaria,67,1,rising
32,2024,Bhagalpur,Bihar,DIS-CHL,Cholera,24,0,declining
32,2024,Bhagalpur,Bihar,DIS-DEN,Dengue,21,0,rising
32,2024,Bhagalpur,Bihar,DIS-RSP,Respiratory infections,1,0,rising
32,2024,Bhagalpur,Bihar,DIS-SNK,Snakebite,30,0,declining
32,2024,Bhagalpur,Bihar,DIS-MAL,Malaria,69,0,rising
33,2024,Bhagalpur,Bihar,DIS-CHL,Cholera,87,2,declining
33,2024,Bhagalpur,Bihar,DIS-DEN,Dengue,37,0,rising
33,2024,Bhagalpur,Bihar,DIS-RSP,Respiratory infections,3,0,stable
33,2024,Bhagalpur,Bihar,DIS-SNK,Snakebite,24,0,declining
33,2024,Bhagalpur,Bihar,DIS-MAL,Malaria,54,1,rising
34,2024,Bhagalpur,Bihar,DIS-CHL,Cholera,65,3,declining
34,2024,Bhagalpur,Bihar,DIS-DEN,Dengue,36,1,rising
34,2024,Bhagalpur,Bihar,DIS-RSP,Respiratory infections,2,0,rising
34,2024,Bhagalpur,Bihar,DIS-SNK,Snakebite,28,1,declining
34,2024,Bhagalpur,Bihar,DIS-MAL,Malaria,59,2,rising
35,2024,Bhagalpur,Bihar,DIS-CHL,Cholera,55,1,declining
35,2024,Bhagalpur,Bihar,DIS-DEN,Dengue,55,2,rising
35,2024,Bhagalpur,Bihar,DIS-RSP,Respiratory infections,0,0,rising
35,2024,Bhagalpur,Bihar,DIS-SNK,Snakebite,18,0,declining
35,2024,Bhagalpur,Bihar,DIS-MAL,Malaria,19,0,declining
36,2024,Bhagalpur,Bihar,DIS-CHL,Cholera,3,0,stable
36,2024,Bhagalpur,Bihar,DIS-DEN,Dengue,47,0,rising
36,2024,Bhagalpur,Bihar,DIS-RSP,Respiratory infections,1,0,stable
36,2024,Bhagalpur,Bihar,DIS-SNK,Snakebite,63,0,declining
36,2024,Bhagalpur,Bihar,DIS-MAL,Malaria,37,1,declining
37,2024,Bhagalpur,Bihar,DIS-CHL,Cholera,3,0,stable
37,2024,Bhagalpur,Bihar,DIS-DEN,Dengue,63,0,declining
37,2024,Bhagalpur,Bihar,DIS-RSP,Respiratory infections,0,0,declining
37,2024,Bhagalpur,Bihar,DIS-SNK,Snakebite,35,1,declining
37,2024,Bhagalpur,Bihar,DIS-MAL,Malaria,81,3,declining
38,2024,Bhagalpur,Bihar,DIS-CHL,Cholera,0,0,stable
38,2024,Bhagalpur,Bihar,DIS-DEN,Dengue,37,1,declining
38,2024,Bhagalpur,Bihar,DIS-RSP,Respiratory infections,0,0,stable
38,2024,Bhagalpur,Bihar,DIS-SNK,Snakebite,84,2,declining
38,2024,Bhagalpur,Bihar,DIS-MAL,Malaria,80,3,declining
39,2024,Bhagalpur,Bihar,DIS-CHL,Cholera,0,0,rising
39,2024,Bhagalpur,Bihar,DIS-DEN,Dengue,30,0,declining
39,2024,Bhagalpur,Bihar,DIS-RSP,Respiratory infections,0,0,declining
39,2024,Bhagalpur,Bihar,DIS-SNK,Snakebite,16,0,declining
39,2024,Bhagalpur,Bihar,DIS-MAL,Malaria,70,1,declining
40,2024,Bhagalpur,Bihar,DIS-CHL,Cholera,3,0,rising
40,2024,Bhagalpur,Bihar,DIS-DEN,Dengue,76,1,declining
40,2024,Bhagalpur,Bihar,DIS-RSP,Respiratory infections,1,0,stable
40,2024,Bhagalpur,Bihar,DIS-SNK,Snakebite,54,1,declining
40,2024,Bhagalpur,Bihar,DIS-MAL,Malaria,82,2,declining
41,2024,Bhagalpur,Bihar,DIS-CHL,Cholera,3,0,stable
41,2024,Bhagalpur,Bihar,DIS-DEN,Dengue,20,0,declining
41,2024,Bhagalpur,Bihar,DIS-RSP,Respiratory infections,0,0,rising
41,2024,Bhagalpur,Bihar,DIS-SNK,Snakebite,0,0,rising
41,2024,Bhagalpur,Bihar,DIS-MAL,Malaria,40,1,declining
42,2024,Bhagalpur,Bihar,DIS-CHL,Cholera,3,0,stable
42,2024,Bhagalpur,Bihar,DIS-DEN,Dengue,57,2,declining
42,2024,Bhagalpur,Bihar,DIS-RSP,Respiratory infections,2,0,declining
42,2024,Bhagalpur,Bihar,DIS-SNK,Snakebite,3,0,stable
42,2024,Bhagalpur,Bihar,DIS-MAL,Malaria,75,1,declining
43,2024,Bhagalpur,Bihar,DIS-CHL,Cholera,2,0,stable
43,2024,Bhagalpur,Bihar,DIS-DEN,Dengue,52,0,declining
43,2024,Bhagalpur,Bihar,DIS-RSP,Respiratory infections,1,0,stable
43,2024,Bhagalpur,Bihar,DIS-SNK,Snakebite,4,0,rising
43,2024,Bhagalpur,Bihar,DIS-MAL,Malaria,3,0,rising
44,2024,Bhagalpur,Bihar,DIS-CHL,Cholera,5,0,stable
44,2024,Bhagalpur,Bihar,DIS-DEN,Dengue,88,1,declining
44,2024,Bhagalpur,Bihar,DIS-RSP,Respiratory infections,4,0,stable
44,2024,Bhagalpur,Bihar,DIS-SNK,Snakebite,0,0,rising
44,2024,Bhagalpur,Bihar,DIS-MAL,Malaria,3,0,stable
45,2024,Bhagalpur,Bihar,DIS-CHL,Cholera,2,0,stable
45,2024,Bhagalpur,Bihar,DIS-DEN,Dengue,73,1,declining
45,2024,Bhagalpur,Bihar,DIS-RSP,Respiratory infections,72,3,declining
45,2024,Bhagalpur,Bihar,DIS-SNK,Snakebite,0,0,stable
45,2024,Bhagalpur,Bihar,DIS-MAL,Malaria,1,0,rising
46,2024,Bhagalpur,Bihar,DIS-CHL,Cholera,2,0,declining
46,2024,Bhagalpur,Bihar,DIS-DEN,Dengue,3,0,declining
46,2024,Bhagalpur,Bihar,DIS-RSP,Respiratory infections,45,0,declining
46,2024,Bhagalpur,Bihar,DIS-SNK,Snakebite,0,0,stable
46,2024,Bhagalpur,Bihar,DIS-MAL,Malaria,2,0,declining
47,2024,Bhagalpur,Bihar,DIS-CHL,Cholera,1,0,declining
47,2024,Bhagalpur,Bihar,DIS-DEN,Dengue,1,0,stable
47,2024,Bhagalpur,Bihar,DIS-RSP,Respiratory infections,22,0,declining
47,2024,Bhagalpur,Bihar,DIS-SNK,Snakebite,0,0,declining
47,2024,Bhagalpur,Bihar,DIS-MAL,Malaria,5,0,rising
48,2024,Bhagalpur,Bihar,DIS-CHL,Cholera,2,0,stable
48,2024,Bhagalpur,Bihar,DIS-DEN,Dengue,0,0,stable
48,2024,Bhagalpur,Bihar,DIS-RSP,Respiratory infections,46,1,declining
48,2024,Bhagalpur,Bihar,DIS-SNK,Snakebite,5,0,declining
48,2024,Bhagalpur,Bihar,DIS-MAL,Malaria,0,0,declining
49,2024,Bhagalpur,Bihar,DIS-CHL,Cholera,5,0,rising
49,2024,Bhagalpur,Bihar,DIS-DEN,Dengue,1,0,stable
49,2024,Bhagalpur,Bihar,DIS-RSP,Respiratory infections,91,0,declining
49,2024,Bhagalpur,Bihar,DIS-SNK,Snakebite,0,0,stable
49,2024,Bhagalpur,Bihar,DIS-MAL,Malaria,3,0,rising
50,2024,Bhagalpur,Bihar,DIS-CHL,Cholera,1,0,declining
50,2024,Bhagalpur,Bihar,DIS-DEN,Dengue,4,0,stable
50,2024,Bhagalpur,Bihar,DIS-RSP,Respiratory infections,86,0,declining
50,2024,Bhagalpur,Bihar,DIS-SNK,Snakebite,2,0,stable
50,2024,Bhagalpur,Bihar,DIS-MAL,Malaria,0,0,declining
51,2024,Bhagalpur,Bihar,DIS-CHL,Cholera,2,0,stable
51,2024,Bhagalpur,Bihar,DIS-DEN,Dengue,0,0,declining
51,2024,Bhagalpur,Bihar,DIS-RSP,Respiratory infections,68,2,declining
51,2024,Bhagalpur,Bihar,DIS-SNK,Snakebite,5,0,stable
51,2024,Bhagalpur,Bihar,DIS-MAL,Malaria,2,0,declining
52,2024,Bhagalpur,Bihar,DIS-CHL,Cholera,0,0,declining
52,2024,Bhagalpur,Bihar,DIS-DEN,Dengue,0,0,rising
52,2024,Bhagalpur,Bihar,DIS-RSP,Respiratory infections,42,1,declining
52,2024,Bhagalpur,Bihar,DIS-SNK,Snakebite,5,0,stable
52,2024,Bhagalpur,Bihar,DIS-MAL,Malaria,3,0,stable
1,2024,Darbhanga,Bihar,DIS-CHL,Cholera,5,0,rising
1,2024,Darbhanga,Bihar,DIS-DEN,Dengue,0,0,stable
1,2024,Darbhanga,Bihar,DIS-RSP,Respiratory infections,25,0,rising
1,2024,Darbhanga,Bihar,DIS-SNK,Snakebite,0,0,stable
1,2024,Darbhanga,Bihar,DIS-MAL,Malaria,0,0,rising
2,2024,Darbhanga,Bihar,DIS-CHL,Cholera,0,0,rising
2,2024,Darbhanga,Bihar,DIS-DEN,Dengue,0,0,stable
2,2024,Darbhanga,Bihar,DIS-RSP,Respiratory infections,78,0,declining
2,2024,Darbhanga,Bihar,DIS-SNK,Snakebite,0,0,declining
2,2024,Darbhanga,Bihar,DIS-MAL,Malaria,3,0,stable
3,2024,Darbhanga,Bihar,DIS-CHL,Cholera,2,0,rising
3,2024,Darbhanga,Bihar,DIS-DEN,Dengue,0,0,stable
3,2024,Darbhanga,Bihar,DIS-RSP,Respiratory infections,101,0,declining
3,2024,Darbhanga,Bihar,DIS-SNK,Snakebite,4,0,rising
3,2024,Darbhanga,Bihar,DIS-MAL,Malaria,1,0,stable
4,2024,Darbhanga,Bihar,DIS-CHL,Cholera,3,0,declining
4,2024,Darbhanga,Bihar,DIS-DEN,Dengue,0,0,rising
4,2024,Darbhanga,Bihar,DIS-RSP,Respiratory infections,56,1,declining
4,2024,Darbhanga,Bihar,DIS-SNK,Snakebite,2,0,rising
4,2024,Darbhanga,Bihar,DIS-MAL,Malaria,3,0,stable
5,2024,Darbhanga,Bihar,DIS-CHL,Cholera,4,0,rising
5,2024,Darbhanga,Bihar,DIS-DEN,Dengue,0,0,declining
5,2024,Darbhanga,Bihar,DIS-RSP,Respiratory infections,65,3,declining
5,2024,Darbhanga,Bihar,DIS-SNK,Snakebite,1,0,rising
5,2024,Darbhanga,Bihar,DIS-MAL,Malaria,0,0,stable
6,2024,Darbhanga,Bihar,DIS-CHL,Cholera,4,0,stable
6,2024,Darbhanga,Bihar,DIS-DEN,Dengue,3,0,declining
6,2024,Darbhanga,Bihar,DIS-RSP,Respiratory infections,40,1,declining
6,2024,Darbhanga,Bihar,DIS-SNK,Snakebite,4,0,stable
6,2024,Darbhanga,Bihar,DIS-MAL,Malaria,0,0,declining
7,2024,Darbhanga,Bihar,DIS-CHL,Cholera,2,0,declining
7,2024,Darbhanga,Bihar,DIS-DEN,Dengue,0,0,declining
7,2024,Darbhanga,Bihar,DIS-RSP,Respiratory infections,38,1,declining
7,2024,Darbhanga,Bihar,DIS-SNK,Snakebite,3,0,rising
7,2024,Darbhanga,Bihar,DIS-MAL,Malaria,1,0,declining
8,2024,Darbhanga,Bihar,DIS-CHL,Cholera,0,0,stable
8,2024,Darbhanga,Bihar,DIS-DEN,Dengue,4,0,stable
8,2024,Darbhanga,Bihar,DIS-RSP,Respiratory infections,64,2,declining
8,2024,Darbhanga,Bihar,DIS-SNK,Snakebite,5,0,rising
8,2024,Darbhanga,Bihar,DIS-MAL,Malaria,2,0,declining
9,2024,Darbhanga,Bihar,DIS-CHL,Cholera,2,0,declining
9,2024,Darbhanga,Bihar,DIS-DEN,Dengue,0,0,rising
9,2024,Darbhanga,Bihar,DIS-RSP,Respiratory infections,2,0,rising
9,2024,Darbhanga,Bihar,DIS-SNK,Snakebite,4,0,declining
9,2024,Darbhanga,Bihar,DIS-MAL,Malaria,3,0,rising
10,2024,Darbhanga,Bihar,DIS-CHL,Cholera,3,0,stable
10,2024,Darbhanga,Bihar,DIS-DEN,Dengue,0,0,stable
10,2024,Darbhanga,Bihar,DIS-RSP,Respiratory infections,2,0,stable
10,2024,Darbhanga,Bihar,DIS-SNK,Snakebite,3,0,rising
10,2024,Darbhanga,Bihar,DIS-MAL,Malaria,3,0,declining
11,2024,Darbhanga,Bihar,DIS-CHL,Cholera,1,0,stable
11,2024,Darbhanga,Bihar,DIS-DEN,Dengue,2,0,stable
11,2024,Darbhanga,Bihar,DIS-RSP,Respiratory infections,1,0,stable
11,2024,Darbhanga,Bihar,DIS-SNK,Snakebite,1,0,stable
11,2024,Darbhanga,Bihar,DIS-MAL,Malaria,0,0,stable
12,2024,Darbhanga,Bihar,DIS-CHL,Cholera,2,0,stable
12,2024,Darbhanga,Bihar,DIS-DEN,Dengue,0,0,stable
12,2024,Darbhanga,Bihar,DIS-RSP,Respiratory infections,1,0,stable
12,2024,Darbhanga,Bihar,DIS-SNK,Snakebite,4,0,stable
12,2024,Darbhanga,Bihar,DIS-MAL,Malaria,2,0,stable
13,2024,Darbhanga,Bihar,DIS-CHL,Cholera,5,0,stable
13,2024,Darbhanga,Bihar,DIS-DEN,Dengue,3,0,stable
13,2024,Darbhanga,Bihar,DIS-RSP,Respiratory infections,1,0,declining
13,2024,Darbhanga,Bihar,DIS-SNK,Snakebite,2,0,declining
13,2024,Darbhanga,Bihar,DIS-MAL,Malaria,0,0,declining
14,2024,Darbhanga,Bihar,DIS-CHL,Cholera,1,0,stable
14,2024,Darbhanga,Bihar,DIS-DEN,Dengue,0,0,declining
14,2024,Darbhanga,Bihar,DIS-RSP,Respiratory infections,2,0,declining
14,2024,Darbhanga,Bihar,DIS-SNK,Snakebite,2,0,stable
14,2024,Darbhanga,Bihar,DIS-MAL,Malaria,1,0,declining
15,2024,Darbhanga,Bihar,DIS-CHL,Cholera,3,0,stable
15,2024,Darbhanga,Bihar,DIS-DEN,Dengue,4,0,rising
15,2024,Darbhanga,Bihar,DIS-RSP,Respiratory infections,0,0,stable
15,2024,Darbhanga,Bihar,DIS-SNK,Snakebite,1,0,stable
15,2024,Darbhanga,Bihar,DIS-MAL,Malaria,1,0,rising
16,2024,Darbhanga,Bihar,DIS-CHL,Cholera,2,0,stable
16,2024,Darbhanga,Bihar,DIS-DEN,Dengue,2,0,stable
16,2024,Darbhanga,Bihar,DIS-RSP,Respiratory infections,1,0,stable
16,2024,Darbhanga,Bihar,DIS-SNK,Snakebite,2,0,stable
16,2024,Darbhanga,Bihar,DIS-MAL,Malaria,2,0,declining
17,2024,Darbhanga,Bihar,DIS-CHL,Cholera,1,0,stable
17,2024,Darbhanga,Bihar,DIS-DEN,Dengue,3,0,rising
17,2024,Darbhanga,Bihar,DIS-RSP,Respiratory infections,0,0,stable
17,2024,Darbhanga,Bihar,DIS-SNK,Snakebite,0,0,stable
17,2024,Darbhanga,Bihar,DIS-MAL,Malaria,4,0,rising
18,2024,Darbhanga,Bihar,DIS-CHL,Cholera,2,0,stable
18,2024,Darbhanga,Bihar,DIS-DEN,Dengue,1,0,stable
18,2024,Darbhanga,Bihar,DIS-RSP,Respiratory infections,0,0,rising
18,2024,Darbhanga,Bihar,DIS-SNK,Snakebite,2,0,stable
18,2024,Darbhanga,Bihar,DIS-MAL,Malaria,4,0,rising
19,2024,Darbhanga,Bihar,DIS-CHL,Cholera,2,0,stable
19,2024,Darbhanga,Bihar,DIS-DEN,Dengue,2,0,rising
19,2024,Darbhanga,Bihar,DIS-RSP,Respiratory infections,0,0,stable
19,2024,Darbhanga,Bihar,DIS-SNK,Snakebite,2,0,stable
19,2024,Darbhanga,Bihar,DIS-MAL,Malaria,4,0,rising
20,2024,Darbhanga,Bihar,DIS-CHL,Cholera,4,0,rising
20,2024,Darbhanga,Bihar,DIS-DEN,Dengue,4,0,stable
20,2024,Darbhanga,Bihar,DIS-RSP,Respiratory infections,1,0,rising
20,2024,Darbhanga,Bihar,DIS-SNK,Snakebite,22,0,rising
20,2024,Darbhanga,Bihar,DIS-MAL,Malaria,2,0,declining
21,2024,Darbhanga,Bihar,DIS-CHL,Cholera,2,0,stable
21,2024,Darbhanga,Bihar,DIS-DEN,Dengue,4,0,declining
21,2024,Darbhanga,Bihar,DIS-RSP,Respiratory infections,4,0,stable
21,2024,Darbhanga,Bihar,DIS-SNK,Snakebite,45,1,rising
21,2024,Darbhanga,Bihar,DIS-MAL,Malaria,2,0,stable
22,2024,Darbhanga,Bihar,DIS-CHL,Cholera,0,0,stable
22,2024,Darbhanga,Bihar,DIS-DEN,Dengue,3,0,stable
22,2024,Darbhanga,Bihar,DIS-RSP,Respiratory infections,2,0,stable
22,2024,Darbhanga,Bihar,DIS-SNK,Snakebite,102,1,rising
22,2024,Darbhanga,Bihar,DIS-MAL,Malaria,0,0,stable
23,2024,Darbhanga,Bihar,DIS-CHL,Cholera,0,0,declining
23,2024,Darbhanga,Bihar,DIS-DEN,Dengue,0,0,stable
23,2024,Darbhanga,Bihar,DIS-RSP,Respiratory infections,5,0,stable
23,2024,Darbhanga,Bihar,DIS-SNK,Snakebite,91,2,rising
23,2024,Darbhanga,Bihar,DIS-MAL,Malaria,1,0,declining
24,2024,Darbhanga,Bihar,DIS-CHL,Cholera,3,0,stable
24,2024,Darbhanga,Bihar,DIS-DEN,Dengue,2,0,stable
24,2024,Darbhanga,Bihar,DIS-RSP,Respiratory infections,2,0,rising
24,2024,Darbhanga,Bihar,DIS-SNK,Snakebite,37,0,rising
24,2024,Darbhanga,Bihar,DIS-MAL,Malaria,2,0,rising
25,2024,Darbhanga,Bihar,DIS-CHL,Cholera,23,0,rising
25,2024,Darbhanga,Bihar,DIS-DEN,Dengue,0,0,stable
25,2024,Darbhanga,Bihar,DIS-RSP,Respiratory infections,3,0,stable
25,2024,Darbhanga,Bihar,DIS-SNK,Snakebite,108,4,rising
25,2024,Darbhanga,Bihar,DIS-MAL,Malaria,2,0,declining
26,2024,Darbhanga,Bihar,DIS-CHL,Cholera,85,1,rising
26,2024,Darbhanga,Bihar,DIS-DEN,Dengue,0,0,declining
26,2024,Darbhanga,Bihar,DIS-RSP,Respiratory infections,1,0,stable
26,2024,Darbhanga,Bihar,DIS-SNK,Snakebite,51,1,rising
26,2024,Darbhanga,Bihar,DIS-MAL,Malaria,1,0,stable
27,2024,Darbhanga,Bihar,DIS-CHL,Cholera,83,0,rising
27,2024,Darbhanga,Bihar,DIS-DEN,Dengue,1,0,stable
27,2024,Darbhanga,Bihar,DIS-RSP,Respiratory infections,0,0,declining
27,2024,Darbhanga,Bihar,DIS-SNK,Snakebite,50,1,rising
27,2024,Darbhanga,Bihar,DIS-MAL,Malaria,3,0,declining
28,2024,Darbhanga,Bihar,DIS-CHL,Cholera,57,2,rising
28,2024,Darbhanga,Bihar,DIS-DEN,Dengue,5,0,stable
28,2024,Darbhanga,Bihar,DIS-RSP,Respiratory infections,5,0,declining
28,2024,Darbhanga,Bihar,DIS-SNK,Snakebite,66,3,rising
28,2024,Darbhanga,Bihar,DIS-MAL,Malaria,29,0,rising
29,2024,Darbhanga,Bihar,DIS-CHL,Cholera,73,3,rising
29,2024,Darbhanga,Bihar,DIS-DEN,Dengue,0,0,rising
29,2024,Darbhanga,Bihar,DIS-RSP,Respiratory infections,4,0,stable
29,2024,Darbhanga,Bihar,DIS-SNK,Snakebite,78,0,rising
29,2024,Darbhanga,Bihar,DIS-MAL,Malaria,50,2,rising
30,2024,Darbhanga,Bihar,DIS-CHL,Cholera,109,0,declining
30,2024,Darbhanga,Bihar,DIS-DEN,Dengue,36,1,rising
30,2024,Darbhanga,Bihar,DIS-RSP,Respiratory infections,0,0,stable
30,2024,Darbhanga,Bihar,DIS-SNK,Snakebite,53,0,declining
30,2024,Darbhanga,Bihar,DIS-MAL,Malaria,32,0,rising
31,2024,Darbhanga,Bihar,DIS-CHL,Cholera,23,0,declining
31,2024,Darbhanga,Bihar,DIS-DEN,Dengue,81,2,rising
31,2024,Darbhanga,Bihar,DIS-RSP,Respiratory infections,1,0,stable
31,2024,Darbhanga,Bihar,DIS-SNK,Snakebite,23,0,declining
31,2024,Darbhanga,Bihar,DIS-MAL,Malaria,48,1,rising
32,2024,Darbhanga,Bihar,DIS-CHL,Cholera,88,2,declining
32,2024,Darbhanga,Bihar,DIS-DEN,Dengue,62,2,rising
32,2024,Darbhanga,Bihar,DIS-RSP,Respiratory infections,3,0,declining
32,2024,Darbhanga,Bihar,DIS-SNK,Snakebite,26,1,declining
32,2024,Darbhanga,Bihar,DIS-MAL,Malaria,67,1,rising
33,2024,Darbhanga,Bihar,DIS-CHL,Cholera,89,1,declining
33,2024,Darbhanga,Bihar,DIS-DEN,Dengue,24,1,rising
33,2024,Darbhanga,Bihar,DIS-RSP,Respiratory infections,3,0,stable
33,2024,Darbhanga,Bihar,DIS-SNK,Snakebite,44,1,declining
33,2024,Darbhanga,Bihar,DIS-MAL,Malaria,62,2,rising
34,2024,Darbhanga,Bihar,DIS-CHL,Cholera,27,0,declining
34,2024,Darbhanga,Bihar,DIS-DEN,Dengue,65,2,rising
34,2024,Darbhanga,Bihar,DIS-RSP,Respiratory infections,0,0,declining
34,2024,Darbhanga,Bihar,DIS-SNK,Snakebite,80,2,declining
34,2024,Darbhanga,Bihar,DIS-MAL,Malaria,35,0,rising
35,2024,Darbhanga,Bihar,DIS-CHL,Cholera,60,1,declining
35,2024,Darbhanga,Bihar,DIS-DEN,Dengue,69,0,rising
35,2024,Darbhanga,Bihar,DIS-RSP,Respiratory infections,3,0,stable
35,2024,Darbhanga,Bihar,DIS-SNK,Snakebite,57,0,declining
35,2024,Darbhanga,Bihar,DIS-MAL,Malaria,35,0,declining
36,2024,Darbhanga,Bihar,DIS-CHL,Cholera,1,0,declining
36,2024,Darbhanga,Bihar,DIS-DEN,Dengue,81,3,rising
36,2024,Darbhanga,Bihar,DIS-RSP,Respiratory infections,3,0,stable
36,2024,Darbhanga,Bihar,DIS-SNK,Snakebite,68,0,declining
36,2024,Darbhanga,Bihar,DIS-MAL,Malaria,64,1,declining
37,2024,Darbhanga,Bihar,DIS-CHL,Cholera,5,0,declining
37,2024,Darbhanga,Bihar,DIS-DEN,Dengue,93,0,declining
37,2024,Darbhanga,Bihar,DIS-RSP,Respiratory infections,5,0,rising
37,2024,Darbhanga,Bihar,DIS-SNK,Snakebite,88,2,declining
37,2024,Darbhanga,Bihar,DIS-MAL,Malaria,62,1,declining
38,2024,Darbhanga,Bihar,DIS-CHL,Cholera,1,0,stable
38,2024,Darbhanga,Bihar,DIS-DEN,Dengue,94,3,declining
38,2024,Darbhanga,Bihar,DIS-RSP,Respiratory infections,1,0,declining
38,2024,Darbhanga,Bihar,DIS-SNK,Snakebite,71,1,declining
38,2024,Darbhanga,Bihar,DIS-MAL,Malaria,77,0,declining
39,2024,Darbhanga,Bihar,DIS-CHL,Cholera,1,0,stable
39,2024,Darbhanga,Bihar,DIS-DEN,Dengue,32,1,declining
39,2024,Darbhanga,Bihar,DIS-RSP,Respiratory infections,1,0,stable
39,2024,Darbhanga,Bihar,DIS-SNK,Snakebite,105,3,declining
39,2024,Darbhanga,Bihar,DIS-MAL,Malaria,40,1,declining
40,2024,Darbhanga,Bihar,DIS-CHL,Cholera,2,0,stable
40,2024,Darbhanga,Bihar,DIS-DEN,Dengue,67,1,declining
40,2024,Darbhanga,Bihar,DIS-RSP,Respiratory infections,4,0,declining
40,2024,Darbhanga,Bihar,DIS-SNK,Snakebite,21,0,declining
40,2024,Darbhanga,Bihar,DIS-MAL,Malaria,76,2,declining
41,2024,Darbhanga,Bihar,DIS-CHL,Cholera,3,0,rising
41,2024,Darbhanga,Bihar,DIS-DEN,Dengue,31,0,declining
41,2024,Darbhanga,Bihar,DIS-RSP,Respiratory infections,2,0,rising
41,2024,Darbhanga,Bihar,DIS-SNK,Snakebite,5,0,stable
41,2024,Darbhanga,Bihar,DIS-MAL,Malaria,61,1,declining
42,2024,Darbhanga,Bihar,DIS-CHL,Cholera,4,0,rising
42,2024,Darbhanga,Bihar,DIS-DEN,Dengue,89,0,declining
42,2024,Darbhanga,Bihar,DIS-RSP,Respiratory infections,4,0,stable
42,2024,Darbhanga,Bihar,DIS-SNK,Snakebite,5,0,rising
42,2024,Darbhanga,Bihar,DIS-MAL,Malaria,32,0,declining
43,2024,Darbhanga,Bihar,DIS-CHL,Cholera,2,0,rising
43,2024,Darbhanga,Bihar,DIS-DEN,Dengue,80,0,declining
43,2024,Darbhanga,Bihar,DIS-RSP,Respiratory infections,1,0,stable
43,2024,Darbhanga,Bihar,DIS-SNK,Snakebite,3,0,declining
43,2024,Darbhanga,Bihar,DIS-MAL,Malaria,3,0,stable
44,2024,Darbhanga,Bihar,DIS-CHL,Cholera,3,0,rising
44,2024,Darbhanga,Bihar,DIS-DEN,Dengue,63,1,declining
44,2024,Darbhanga,Bihar,DIS-RSP,Respiratory infections,4,0,stable
44,2024,Darbhanga,Bihar,DIS-SNK,Snakebite,5,0,stable
44,2024,Darbhanga,Bihar,DIS-MAL,Malaria,1,0,stable
45,2024,Darbhanga,Bihar,DIS-CHL,Cholera,4,0,stable
45,2024,Darbhanga,Bihar,DIS-DEN,Dengue,39,1,declining
45,2024,Darbhanga,Bihar,DIS-RSP,Respiratory infections,69,2,declining
45,2024,Darbhanga,Bihar,DIS-SNK,Snakebite,3,0,declining
45,2024,Darbhanga,Bihar,DIS-MAL,Malaria,3,0,stable
46,2024,Darbhanga,Bihar,DIS-CHL,Cholera,5,0,stable
46,2024,Darbhanga,Bihar,DIS-DEN,Dengue,4,0,stable
46,2024,Darbhanga,Bihar,DIS-RSP,Respiratory infections,42,1,declining
46,2024,Darbhanga,Bihar,DIS-SNK,Snakebite,2,0,stable
46,2024,Darbhanga,Bihar,DIS-MAL,Malaria,5,0,declining
47,2024,Darbhanga,Bihar,DIS-CHL,Cholera,0,0,rising
47,2024,Darbhanga,Bihar,DIS-DEN,Dengue,1,0,stable
47,2024,Darbhanga,Bihar,DIS-RSP,Respiratory infections,34,1,declining
47,2024,Darbhanga,Bihar,DIS-SNK,Snakebite,1,0,declining
47,2024,Darbhanga,Bihar,DIS-MAL,Malaria,3,0,declining
48,2024,Darbhanga,Bihar,DIS-CHL,Cholera,0,0,stable
48,2024,Darbhanga,Bihar,DIS-DEN,Dengue,0,0,rising
48,2024,Darbhanga,Bihar,DIS-RSP,Respiratory infections,57,0,declining
48,2024,Darbhanga,Bihar,DIS-SNK,Snakebite,2,0,declining
48,2024,Darbhanga,Bihar,DIS-MAL,Malaria,3,0,rising
49,2024,Darbhanga,Bihar,DIS-CHL,Cholera,0,0,rising
49,2024,Darbhanga,Bihar,DIS-DEN,Dengue,4,0,rising
49,2024,Darbhanga,Bihar,DIS-RSP,Respiratory infections,33,0,declining
49,2024,Darbhanga,Bihar,DIS-SNK,Snakebite,0,0,stable
49,2024,Darbhanga,Bihar,DIS-MAL,Malaria,1,0,stable
50,2024,Darbhanga,Bihar,DIS-CHL,Cholera,0,0,stable
50,2024,Darbhanga,Bihar,DIS-DEN,Dengue,4,0,rising
50,2024,Darbhanga,Bihar,DIS-RSP,Respiratory infections,81,2,declining
50,2024,Darbhanga,Bihar,DIS-SNK,Snakebite,2,0,stable
50,2024,Darbhanga,Bihar,DIS-MAL,Malaria,1,0,declining
51,2024,Darbhanga,Bihar,DIS-CHL,Cholera,3,0,stable
51,2024,Darbhanga,Bihar,DIS-DEN,Dengue,0,0,rising
51,2024,Darbhanga,Bihar,DIS-RSP,Respiratory infections,77,0,declining
51,2024,Darbhanga,Bihar,DIS-SNK,Snakebite,4,0,stable
51,2024,Darbhanga,Bihar,DIS-MAL,Malaria,2,0,rising
52,2024,Darbhanga,Bihar,DIS-CHL,Cholera,0,0,declining
52,2024,Darbhanga,Bihar,DIS-DEN,Dengue,1,0,stable
52,2024,Darbhanga,Bihar,DIS-RSP,Respiratory infections,65,0,declining
52,2024,Darbhanga,Bihar,DIS-SNK,Snakebite,0,0,declining
52,2024,Darbhanga,Bihar,DIS-MAL,Malaria,0,0,stable
1,2024,Bengaluru,Karnataka,DIS-CHL,Cholera,0,0,rising
1,2024,Bengaluru,Karnataka,DIS-DEN,Dengue,2,0,stable
1,2024,Bengaluru,Karnataka,DIS-RSP,Respiratory infections,102,1,stable
1,2024,Bengaluru,Karnataka,DIS-SNK,Snakebite,2,0,rising
1,2024,Bengaluru,Karnataka,DIS-MAL,Malaria,2,0,stable
2,2024,Bengaluru,Karnataka,DIS-CHL,Cholera,4,0,stable
2,2024,Bengaluru,Karnataka,DIS-DEN,Dengue,4,0,stable
2,2024,Bengaluru,Karnataka,DIS-RSP,Respiratory infections,70,0,declining
2,2024,Bengaluru,Karnataka,DIS-SNK,Snakebite,4,0,declining
2,2024,Bengaluru,Karnataka,DIS-MAL,Malaria,1,0,rising
3,2024,Bengaluru,Karnataka,DIS-CHL,Cholera,0,0,stable
3,2024,Bengaluru,Karnataka,DIS-DEN,Dengue,2,0,rising
3,2024,Bengaluru,Karnataka,DIS-RSP,Respiratory infections,72,2,declining
3,2024,Bengaluru,Karnataka,DIS-SNK,Snakebite,4,0,rising
3,2024,Bengaluru,Karnataka,DIS-MAL,Malaria,3,0,declining
4,2024,Bengaluru,Karnataka,DIS-CHL,Cholera,0,0,stable
4,2024,Bengaluru,Karnataka,DIS-DEN,Dengue,3,0,declining
4,2024,Bengaluru,Karnataka,DIS-RSP,Respiratory infections,74,2,declining
4,2024,Bengaluru,Karnataka,DIS-SNK,Snakebite,3,0,stable
4,2024,Bengaluru,Karnataka,DIS-MAL,Malaria,2,0,rising
5,2024,Bengaluru,Karnataka,DIS-CHL,Cholera,0,0,rising
5,2024,Bengaluru,Karnataka,DIS-DEN,Dengue,3,0,declining
5,2024,Bengaluru,Karnataka,DIS-RSP,Respiratory infections,68,1,declining
5,2024,Bengaluru,Karnataka,DIS-SNK,Snakebite,4,0,declining
5,2024,Bengaluru,Karnataka,DIS-MAL,Malaria,2,0,declining
6,2024,Bengaluru,Karnataka,DIS-CHL,Cholera,0,0,stable
6,2024,Bengaluru,Karnataka,DIS-DEN,Dengue,1,0,declining
6,2024,Bengaluru,Karnataka,DIS-RSP,Respiratory infections,70,2,declining
6,2024,Bengaluru,Karnataka,DIS-SNK,Snakebite,4,0,stable
6,2024,Bengaluru,Karnataka,DIS-MAL,Malaria,3,0,stable
7,2024,Bengaluru,Karnataka,DIS-CHL,Cholera,3,0,declining
7,2024,Bengaluru,Karnataka,DIS-DEN,Dengue,0,0,stable
7,2024,Bengaluru,Karnataka,DIS-RSP,Respiratory infections,87,0,declining
7,2024,Bengaluru,Karnataka,DIS-SNK,Snakebite,1,0,stable
7,2024,Bengaluru,Karnataka,DIS-MAL,Malaria,0,0,rising
8,2024,Bengaluru,Karnataka,DIS-CHL,Cholera,4,0,rising
8,2024,Bengaluru,Karnataka,DIS-DEN,Dengue,0,0,declining
8,2024,Bengaluru,Karnataka,DIS-RSP,Respiratory infections,54,0,declining
8,2024,Bengaluru,Karnataka,DIS-SNK,Snakebite,2,0,rising
8,2024,Bengaluru,Karnataka,DIS-MAL,Malaria,0,0,rising
9,2024,Bengaluru,Karnataka,DIS-CHL,Cholera,0,0,stable
9,2024,Bengaluru,Karnataka,DIS-DEN,Dengue,1,0,rising
9,2024,Bengaluru,Karnataka,DIS-RSP,Respiratory infections,4,0,stable
9,2024,Bengaluru,Karnataka,DIS-SNK,Snakebite,5,0,rising
9,2024,Bengaluru,Karnataka,DIS-MAL,Malaria,1,0,stable
10,2024,Bengaluru,Karnataka,DIS-CHL,Cholera,4,0,rising
10,2024,Bengaluru,Karnataka,DIS-DEN,Dengue,0,0,stable
10,2024,Bengaluru,Karnataka,DIS-RSP,Respiratory infections,1,0,stable
10,2024,Bengaluru,Karnataka,DIS-SNK,Snakebite,2,0,stable
10,2024,Bengaluru,Karnataka,DIS-MAL,Malaria,4,0,rising
11,2024,Bengaluru,Karnataka,DIS-CHL,Cholera,0,0,rising
11,2024,Bengaluru,Karnataka,DIS-DEN,Dengue,2,0,rising
11,2024,Bengaluru,Karnataka,DIS-RSP,Respiratory infections,2,0,declining
11,2024,Bengaluru,Karnataka,DIS-SNK,Snakebite,3,0,declining
11,2024,Bengaluru,Karnataka,DIS-MAL,Malaria,0,0,stable
12,2024,Bengaluru,Karnataka,DIS-CHL,Cholera,0,0,stable
12,2024,Bengaluru,Karnataka,DIS-DEN,Dengue,1,0,stable
12,2024,Bengaluru,Karnataka,DIS-RSP,Respiratory infections,3,0,stable
12,2024,Bengaluru,Karnataka,DIS-SNK,Snakebite,3,0,stable
12,2024,Bengaluru,Karnataka,DIS-MAL,Malaria,2,0,declining
13,2024,Bengaluru,Karnataka,DIS-CHL,Cholera,0,0,declining
13,2024,Bengaluru,Karnataka,DIS-DEN,Dengue,2,0,stable
13,2024,Bengaluru,Karnataka,DIS-RSP,Respiratory infections,0,0,stable
13,2024,Bengaluru,Karnataka,DIS-SNK,Snakebite,3,0,stable
13,2024,Bengaluru,Karnataka,DIS-MAL,Malaria,4,0,stable
14,2024,Bengaluru,Karnataka,DIS-CHL,Cholera,0,0,declining
14,2024,Bengaluru,Karnataka,DIS-DEN,Dengue,2,0,stable
14,2024,Bengaluru,Karnataka,DIS-RSP,Respiratory infections,1,0,rising
14,2024,Bengaluru,Karnataka,DIS-SNK,Snakebite,0,0,stable
14,2024,Bengaluru,Karnataka,DIS-MAL,Malaria,5,0,declining
15,2024,Bengaluru,Karnataka,DIS-CHL,Cholera,0,0,declining
15,2024,Bengaluru,Karnataka,DIS-DEN,Dengue,4,0,rising
15,2024,Bengaluru,Karnataka,DIS-RSP,Respiratory infections,1,0,declining
15,2024,Bengaluru,Karnataka,DIS-SNK,Snakebite,1,0,declining
15,2024,Bengaluru,Karnataka,DIS-MAL,Malaria,4,0,rising
16,2024,Bengaluru,Karnataka,DIS-CHL,Cholera,0,0,stable
16,2024,Bengaluru,Karnataka,DIS-DEN,Dengue,5,0,stable
16,2024,Bengaluru,Karnataka,DIS-RSP,Respiratory infections,5,0,declining
16,2024,Bengaluru,Karnataka,DIS-SNK,Snakebite,0,0,stable
16,2024,Bengaluru,Karnataka,DIS-MAL,Malaria,3,0,stable
17,2024,Bengaluru,Karnataka,DIS-CHL,Cholera,1,0,stable
17,2024,Bengaluru,Karnataka,DIS-DEN,Dengue,5,0,rising
17,2024,Bengaluru,Karnataka,DIS-RSP,Respiratory infections,3,0,stable
17,2024,Bengaluru,Karnataka,DIS-SNK,Snakebite,0,0,stable
17,2024,Bengaluru,Karnataka,DIS-MAL,Malaria,4,0,declining
18,2024,Bengaluru,Karnataka,DIS-CHL,Cholera,3,0,stable
18,2024,Bengaluru,Karnataka,DIS-DEN,Dengue,1,0,stable
18,2024,Bengaluru,Karnataka,DIS-RSP,Respiratory infections,3,0,declining
18,2024,Bengaluru,Karnataka,DIS-SNK,Snakebite,5,0,stable
18,2024,Bengaluru,Karnataka,DIS-MAL,Malaria,0,0,rising
19,2024,Bengaluru,Karnataka,DIS-CHL,Cholera,2,0,rising
19,2024,Bengaluru,Karnataka,DIS-DEN,Dengue,0,0,stable
19,2024,Bengaluru,Karnataka,DIS-RSP,Respiratory infections,1,0,declining
19,2024,Bengaluru,Karnataka,DIS-SNK,Snakebite,2,0,rising
19,2024,Bengaluru,Karnataka,DIS-MAL,Malaria,5,0,stable
20,2024,Bengaluru,Karnataka,DIS-CHL,Cholera,4,0,declining
20,2024,Bengaluru,Karnataka,DIS-DEN,Dengue,1,0,declining
20,2024,Bengaluru,Karnataka,DIS-RSP,Respiratory infections,0,0,stable
20,2024,Bengaluru,Karnataka,DIS-SNK,Snakebite,42,1,rising
20,2024,Bengaluru,Karnataka,DIS-MAL,Malaria,1,0,declining
21,2024,Bengaluru,Karnataka,DIS-CHL,Cholera,0,0,declining
21,2024,Bengaluru,Karnataka,DIS-DEN,Dengue,1,0,stable
21,2024,Bengaluru,Karnataka,DIS-RSP,Respiratory infections,4,0,rising
21,2024,Bengaluru,Karnataka,DIS-SNK,Snakebite,55,1,rising
21,2024,Bengaluru,Karnataka,DIS-MAL,Malaria,5,0,stable
22,2024,Bengaluru,Karnataka,DIS-CHL,Cholera,3,0,rising
22,2024,Bengaluru,Karnataka,DIS-DEN,Dengue,4,0,rising
22,2024,Bengaluru,Karnataka,DIS-RSP,Respiratory infections,1,0,stable
22,2024,Bengaluru,Karnataka,DIS-SNK,Snakebite,25,0,rising
22,2024,Bengaluru,Karnataka,DIS-MAL,Malaria,0,0,stable
23,2024,Bengaluru,Karnataka,DIS-CHL,Cholera,0,0,rising
23,2024,Bengaluru,Karnataka,DIS-DEN,Dengue,5,0,rising
23,2024,Bengaluru,Karnataka,DIS-RSP,Respiratory infections,5,0,declining
23,2024,Bengaluru,Karnataka,DIS-SNK,Snakebite,78,0,rising
23,2024,Bengaluru,Karnataka,DIS-MAL,Malaria,0,0,stable
24,2024,Bengaluru,Karnataka,DIS-CHL,Cholera,0,0,stable
24,2024,Bengaluru,Karnataka,DIS-DEN,Dengue,1,0,stable
24,2024,Bengaluru,Karnataka,DIS-RSP,Respiratory infections,2,0,stable
24,2024,Bengaluru,Karnataka,DIS-SNK,Snakebite,88,3,rising
24,2024,Bengaluru,Karnataka,DIS-MAL,Malaria,0,0,stable
25,2024,Bengaluru,Karnataka,DIS-CHL,Cholera,21,0,rising
25,2024,Bengaluru,Karnataka,DIS-DEN,Dengue,2,0,stable
25,2024,Bengaluru,Karnataka,DIS-RSP,Respiratory infections,2,0,stable
25,2024,Bengaluru,Karnataka,DIS-SNK,Snakebite,56,1,rising
25,2024,Bengaluru,Karnataka,DIS-MAL,Malaria,4,0,stable
26,2024,Bengaluru,Karnataka,DIS-CHL,Cholera,61,0,rising
26,2024,Bengaluru,Karnataka,DIS-DEN,Dengue,0,0,stable
26,2024,Bengaluru,Karnataka,DIS-RSP,Respiratory infections,5,0,declining
26,2024,Bengaluru,Karnataka,DIS-SNK,Snakebite,84,1,rising
26,2024,Bengaluru,Karnataka,DIS-MAL,Malaria,4,0,declining
27,2024,Bengaluru,Karnataka,DIS-CHL,Cholera,26,0,rising
27,2024,Bengaluru,Karnataka,DIS-DEN,Dengue,4,0,rising
27,2024,Bengaluru,Karnataka,DIS-RSP,Respiratory infections,0,0,stable
27,2024,Bengaluru,Karnataka,DIS-SNK,Snakebite,46,1,rising
27,2024,Bengaluru,Karnataka,DIS-MAL,Malaria,3,0,stable
28,2024,Bengaluru,Karnataka,DIS-CHL,Cholera,103,2,rising
28,2024,Bengaluru,Karnataka,DIS-DEN,Dengue,4,0,declining
28,2024,Bengaluru,Karnataka,DIS-RSP,Respiratory infections,2,0,declining
28,2024,Bengaluru,Karnataka,DIS-SNK,Snakebite,76,0,rising
28,2024,Bengaluru,Karnataka,DIS-MAL,Malaria,57,0,rising
29,2024,Bengaluru,Karnataka,DIS-CHL,Cholera,31,0,rising
29,2024,Bengaluru,Karnataka,DIS-DEN,Dengue,3,0,stable
29,2024,Bengaluru,Karnataka,DIS-RSP,Respiratory infections,0,0,rising
29,2024,Bengaluru,Karnataka,DIS-SNK,Snakebite,58,1,rising
29,2024,Bengaluru,Karnataka,DIS-MAL,Malaria,40,0,rising
30,2024,Bengaluru,Karnataka,DIS-CHL,Cholera,82,1,declining
30,2024,Bengaluru,Karnataka,DIS-DEN,Dengue,66,1,rising
30,2024,Bengaluru,Karnataka,DIS-RSP,Respiratory infections,2,0,rising
30,2024,Bengaluru,Karnataka,DIS-SNK,Snakebite,77,2,declining
30,2024,Bengaluru,Karnataka,DIS-MAL,Malaria,48,0,rising
31,2024,Bengaluru,Karnataka,DIS-CHL,Cholera,75,0,declining
31,2024,Bengaluru,Karnataka,DIS-DEN,Dengue,72,1,rising
31,2024,Bengaluru,Karnataka,DIS-RSP,Respiratory infections,2,0,declining
31,2024,Bengaluru,Karnataka,DIS-SNK,Snakebite,101,1,declining
31,2024,Bengaluru,Karnataka,DIS-MAL,Malaria,54,2,rising
32,2024,Bengaluru,Karnataka,DIS-CHL,Cholera,42,1,declining
32,2024,Bengaluru,Karnataka,DIS-DEN,Dengue,54,1,rising
32,2024,Bengaluru,Karnataka,DIS-RSP,Respiratory infections,2,0,declining
32,2024,Bengaluru,Karnataka,DIS-SNK,Snakebite,64,2,declining
32,2024,Bengaluru,Karnataka,DIS-MAL,Malaria,61,0,rising
33,2024,Bengaluru,Karnataka,DIS-CHL,Cholera,77,2,declining
33,2024,Bengaluru,Karnataka,DIS-DEN,Dengue,30,1,rising
33,2024,Bengaluru,Karnataka,DIS-RSP,Respiratory infections,4,0,declining
33,2024,Bengaluru,Karnataka,DIS-SNK,Snakebite,68,1,declining
33,2024,Bengaluru,Karnataka,DIS-MAL,Malaria,42,0,rising
34,2024,Bengaluru,Karnataka,DIS-CHL,Cholera,79,0,declining
34,2024,Bengaluru,Karnataka,DIS-DEN,Dengue,27,0,rising
34,2024,Bengaluru,Karnataka,DIS-RSP,Respiratory infections,0,0,stable
34,2024,Bengaluru,Karnataka,DIS-SNK,Snakebite,22,0,declining
34,2024,Bengaluru,Karnataka,DIS-MAL,Malaria,34,1,rising
35,2024,Bengaluru,Karnataka,DIS-CHL,Cholera,63,1,declining
35,2024,Bengaluru,Karnataka,DIS-DEN,Dengue,34,0,rising
35,2024,Bengaluru,Karnataka,DIS-RSP,Respiratory infections,0,0,stable
35,2024,Bengaluru,Karnataka,DIS-SNK,Snakebite,87,1,declining
35,2024,Bengaluru,Karnataka,DIS-MAL,Malaria,41,0,declining
36,2024,Bengaluru,Karnataka,DIS-CHL,Cholera,0,0,stable
36,2024,Bengaluru,Karnataka,DIS-DEN,Dengue,39,1,rising
36,2024,Bengaluru,Karnataka,DIS-RSP,Respiratory infections,3,0,stable
36,2024,Bengaluru,Karnataka,DIS-SNK,Snakebite,69,0,declining
36,2024,Bengaluru,Karnataka,DIS-MAL,Malaria,47,1,declining
37,2024,Bengaluru,Karnataka,DIS-CHL,Cholera,0,0,stable
37,2024,Bengaluru,Karnataka,DIS-DEN,Dengue,84,2,declining
37,2024,Bengaluru,Karnataka,DIS-RSP,Respiratory infections,0,0,stable
37,2024,Bengaluru,Karnataka,DIS-SNK,Snakebite,92,1,declining
37,2024,Bengaluru,Karnataka,DIS-MAL,Malaria,39,1,declining
38,2024,Bengaluru,Karnataka,DIS-CHL,Cholera,1,0,declining
38,2024,Bengaluru,Karnataka,DIS-DEN,Dengue,55,1,declining
38,2024,Bengaluru,Karnataka,DIS-RSP,Respiratory infections,0,0,stable
38,2024,Bengaluru,Karnataka,DIS-SNK,Snakebite,55,0,declining
38,2024,Bengaluru,Karnataka,DIS-MAL,Malaria,63,2,declining
39,2024,Bengaluru,Karnataka,DIS-CHL,Cholera,2,0,stable
39,2024,Bengaluru,Karnataka,DIS-DEN,Dengue,28,1,declining
39,2024,Bengaluru,Karnataka,DIS-RSP,Respiratory infections,0,0,stable
39,2024,Bengaluru,Karnataka,DIS-SNK,Snakebite,51,1,declining
39,2024,Bengaluru,Karnataka,DIS-MAL,Malaria,68,2,declining
40,2024,Bengaluru,Karnataka,DIS-CHL,Cholera,1,0,declining
40,2024,Bengaluru,Karnataka,DIS-DEN,Dengue,95,0,declining
40,2024,Bengaluru,Karnataka,DIS-RSP,Respiratory infections,0,0,stable
40,2024,Bengaluru,Karnataka,DIS-SNK,Snakebite,55,1,declining
40,2024,Bengaluru,Karnataka,DIS-MAL,Malaria,79,0,declining
41,2024,Bengaluru,Karnataka,DIS-CHL,Cholera,0,0,rising
41,2024,Bengaluru,Karnataka,DIS-DEN,Dengue,85,0,declining
41,2024,Bengaluru,Karnataka,DIS-RSP,Respiratory infections,0,0,stable
41,2024,Bengaluru,Karnataka,DIS-SNK,Snakebite,1,0,declining
41,2024,Bengaluru,Karnataka,DIS-MAL,Malaria,54,1,declining
42,2024,Bengaluru,Karnataka,DIS-CHL,Cholera,0,0,stable
42,2024,Bengaluru,Karnataka,DIS-DEN,Dengue,66,1,declining
42,2024,Bengaluru,Karnataka,DIS-RSP,Respiratory infections,2,0,stable
42,2024,Bengaluru,Karnataka,DIS-SNK,Snakebite,0,0,stable
42,2024,Bengaluru,Karnataka,DIS-MAL,Malaria,56,0,declining
43,2024,Bengaluru,Karnataka,DIS-CHL,Cholera,1,0,rising
43,2024,Bengaluru,Karnataka,DIS-DEN,Dengue,63,2,declining
43,2024,Bengaluru,Karnataka,DIS-RSP,Respiratory infections,1,0,declining
43,2024,Bengaluru,Karnataka,DIS-SNK,Snakebite,4,0,stable
43,2024,Bengaluru,Karnataka,DIS-MAL,Malaria,4,0,stable
44,2024,Bengaluru,Karnataka,DIS-CHL,Cholera,1,0,stable
44,2024,Bengaluru,Karnataka,DIS-DEN,Dengue,92,1,declining
44,2024,Bengaluru,Karnataka,DIS-RSP,Respiratory infections,2,0,stable
44,2024,Bengaluru,Karnataka,DIS-SNK,Snakebite,2,0,stable
44,2024,Bengaluru,Karnataka,DIS-MAL,Malaria,2,0,rising
45,2024,Bengaluru,Karnataka,DIS-CHL,Cholera,0,0,declining
45,2024,Bengaluru,Karnataka,DIS-DEN,Dengue,57,2,declining
45,2024,Bengaluru,Karnataka,DIS-RSP,Respiratory infections,55,0,declining
45,2024,Bengaluru,Karnataka,DIS-SNK,Snakebite,3,0,stable
45,2024,Bengaluru,Karnataka,DIS-MAL,Malaria,1,0,stable
46,2024,Bengaluru,Karnataka,DIS-CHL,Cholera,4,0,declining
46,2024,Bengaluru,Karnataka,DIS-DEN,Dengue,5,0,declining
46,2024,Bengaluru,Karnataka,DIS-RSP,Respiratory infections,102,1,declining
46,2024,Bengaluru,Karnataka,DIS-SNK,Snakebite,2,0,declining
46,2024,Bengaluru,Karnataka,DIS-MAL,Malaria,4,0,declining
47,2024,Bengaluru,Karnataka,DIS-CHL,Cholera,2,0,rising
47,2024,Bengaluru,Karnataka,DIS-DEN,Dengue,4,0,stable
47,2024,Bengaluru,Karnataka,DIS-RSP,Respiratory infections,110,2,declining
47,2024,Bengaluru,Karnataka,DIS-SNK,Snakebite,2,0,declining
47,2024,Bengaluru,Karnataka,DIS-MAL,Malaria,2,0,declining
48,2024,Bengaluru,Karnataka,DIS-CHL,Cholera,1,0,stable
48,2024,Bengaluru,Karnataka,DIS-DEN,Dengue,2,0,declining
48,2024,Bengaluru,Karnataka,DIS-RSP,Respiratory infections,67,2,declining
48,2024,Bengaluru,Karnataka,DIS-SNK,Snakebite,3,0,declining
48,2024,Bengaluru,Karnataka,DIS-MAL,Malaria,5,0,declining
49,2024,Bengaluru,Karnataka,DIS-CHL,Cholera,3,0,stable
49,2024,Bengaluru,Karnataka,DIS-DEN,Dengue,3,0,stable
49,2024,Bengaluru,Karnataka,DIS-RSP,Respiratory infections,18,0,declining
49,2024,Bengaluru,Karnataka,DIS-SNK,Snakebite,1,0,stable
49,2024,Bengaluru,Karnataka,DIS-MAL,Malaria,1,0,rising
50,2024,Bengaluru,Karnataka,DIS-CHL,Cholera,1,0,rising
50,2024,Bengaluru,Karnataka,DIS-DEN,Dengue,4,0,stable
50,2024,Bengaluru,Karnataka,DIS-RSP,Respiratory infections,58,0,declining
50,2024,Bengaluru,Karnataka,DIS-SNK,Snakebite,2,0,stable
50,2024,Bengaluru,Karnataka,DIS-MAL,Malaria,4,0,stable
51,2024,Bengaluru,Karnataka,DIS-CHL,Cholera,0,0,declining
51,2024,Bengaluru,Karnataka,DIS-DEN,Dengue,5,0,stable
51,2024,Bengaluru,Karnataka,DIS-RSP,Respiratory infections,26,0,declining
51,2024,Bengaluru,Karnataka,DIS-SNK,Snakebite,0,0,rising
51,2024,Bengaluru,Karnataka,DIS-MAL,Malaria,5,0,rising
52,2024,Bengaluru,Karnataka,DIS-CHL,Cholera,4,0,declining
52,2024,Bengaluru,Karnataka,DIS-DEN,Dengue,1,0,stable
52,2024,Bengaluru,Karnataka,DIS-RSP,Respiratory infections,35,0,declining
52,2024,Bengaluru,Karnataka,DIS-SNK,Snakebite,4,0,rising
52,2024,Bengaluru,Karnataka,DIS-MAL,Malaria,4,0,declining
1,2024,Mysuru,Karnataka,DIS-CHL,Cholera,0,0,stable
1,2024,Mysuru,Karnataka,DIS-DEN,Dengue,4,0,rising
1,2024,Mysuru,Karnataka,DIS-RSP,Respiratory infections,86,1,rising
1,2024,Mysuru,Karnataka,DIS-SNK,Snakebite,1,0,stable
1,2024,Mysuru,Karnataka,DIS-MAL,Malaria,4,0,stable
2,2024,Mysuru,Karnataka,DIS-CHL,Cholera,0,0,stable
2,2024,Mysuru,Karnataka,DIS-DEN,Dengue,0,0,rising
2,2024,Mysuru,Karnataka,DIS-RSP,Respiratory infections,90,0,declining
2,2024,Mysuru,Karnataka,DIS-SNK,Snakebite,0,0,declining
2,2024,Mysuru,Karnataka,DIS-MAL,Malaria,4,0,stable
3,2024,Mysuru,Karnataka,DIS-CHL,Cholera,3,0,stable
3,2024,Mysuru,Karnataka,DIS-DEN,Dengue,0,0,stable
3,2024,Mysuru,Karnataka,DIS-RSP,Respiratory infections,22,0,declining
3,2024,Mysuru,Karnataka,DIS-SNK,Snakebite,2,0,declining
3,2024,Mysuru,Karnataka,DIS-MAL,Malaria,0,0,rising
4,2024,Mysuru,Karnataka,DIS-CHL,Cholera,1,0,stable
4,2024,Mysuru,Karnataka,DIS-DEN,Dengue,4,0,stable
4,2024,Mysuru,Karnataka,DIS-RSP,Respiratory infections,89,1,declining
4,2024,Mysuru,Karnataka,DIS-SNK,Snakebite,3,0,stable
4,2024,Mysuru,Karnataka,DIS-MAL,Malaria,2,0,rising
5,2024,Mysuru,Karnataka,DIS-CHL,Cholera,5,0,rising
5,2024,Mysuru,Karnataka,DIS-DEN,Dengue,4,0,stable
5,2024,Mysuru,Karnataka,DIS-RSP,Respiratory infections,41,0,declining
5,2024,Mysuru,Karnataka,DIS-SNK,Snakebite,0,0,declining
5,2024,Mysuru,Karnataka,DIS-MAL,Malaria,3,0,rising
6,2024,Mysuru,Karnataka,DIS-CHL,Cholera,2,0,declining
6,2024,Mysuru,Karnataka,DIS-DEN,Dengue,2,0,rising
6,2024,Mysuru,Karnataka,DIS-RSP,Respiratory infections,73,3,declining
6,2024,Mysuru,Karnataka,DIS-SNK,Snakebite,1,0,stable
6,2024,Mysuru,Karnataka,DIS-MAL,Malaria,1,0,declining
7,2024,Mysuru,Karnataka,DIS-CHL,Cholera,0,0,declining
7,2024,Mysuru,Karnataka,DIS-DEN,Dengue,3,0,declining
7,2024,Mysuru,Karnataka,DIS-RSP,Respiratory infections,77,0,declining
7,2024,Mysuru,Karnataka,DIS-SNK,Snakebite,4,0,declining
7,2024,Mysuru,Karnataka,DIS-MAL,Malaria,4,0,stable
8,2024,Mysuru,Karnataka,DIS-CHL,Cholera,2,0,stable
8,2024,Mysuru,Karnataka,DIS-DEN,Dengue,3,0,declining
8,2024,Mysuru,Karnataka,DIS-RSP,Respiratory infections,80,0,declining
8,2024,Mysuru,Karnataka,DIS-SNK,Snakebite,1,0,declining
8,2024,Mysuru,Karnataka,DIS-MAL,Malaria,4,0,declining
9,2024,Mysuru,Karnataka,DIS-CHL,Cholera,3,0,stable
9,2024,Mysuru,Karnataka,DIS-DEN,Dengue,0,0,declining
9,2024,Mysuru,Karnataka,DIS-RSP,Respiratory infections,4,0,rising
9,2024,Mysuru,Karnataka,DIS-SNK,Snakebite,4,0,stable
9,2024,Mysuru,Karnataka,DIS-MAL,Malaria,2,0,declining
10,2024,Mysuru,Karnataka,DIS-CHL,Cholera,2,0,declining
10,2024,Mysuru,Karnataka,DIS-DEN,Dengue,5,0,declining
10,2024,Mysuru,Karnataka,DIS-RSP,Respiratory infections,0,0,declining
10,2024,Mysuru,Karnataka,DIS-SNK,Snakebite,2,0,stable
10,2024,Mysuru,Karnataka,DIS-MAL,Malaria,2,0,rising
11,2024,Mysuru,Karnataka,DIS-CHL,Cholera,3,0,stable
11,2024,Mysuru,Karnataka,DIS-DEN,Dengue,1,0,declining
11,2024,Mysuru,Karnataka,DIS-RSP,Respiratory infections,5,0,stable
11,2024,Mysuru,Karnataka,DIS-SNK,Snakebite,2,0,rising
11,2024,Mysuru,Karnataka,DIS-MAL,Malaria,0,0,stable
12,2024,Mysuru,Karnataka,DIS-CHL,Cholera,0,0,declining
12,2024,Mysuru,Karnataka,DIS-DEN,Dengue,4,0,stable
12,2024,Mysuru,Karnataka,DIS-RSP,Respiratory infections,2,0,stable
12,2024,Mysuru,Karnataka,DIS-SNK,Snakebite,0,0,stable
12,2024,Mysuru,Karnataka,DIS-MAL,Malaria,3,0,rising
13,2024,Mysuru,Karnataka,DIS-CHL,Cholera,2,0,stable
13,2024,Mysuru,Karnataka,DIS-DEN,Dengue,4,0,rising
13,2024,Mysuru,Karnataka,DIS-RSP,Respiratory infections,1,0,stable
13,2024,Mysuru,Karnataka,DIS-SNK,Snakebite,0,0,declining
13,2024,Mysuru,Karnataka,DIS-MAL,Malaria,4,0,rising
14,2024,Mysuru,Karnataka,DIS-CHL,Cholera,3,0,declining
14,2024,Mysuru,Karnataka,DIS-DEN,Dengue,4,0,declining
14,2024,Mysuru,Karnataka,DIS-RSP,Respiratory infections,1,0,stable
14,2024,Mysuru,Karnataka,DIS-SNK,Snakebite,3,0,stable
14,2024,Mysuru,Karnataka,DIS-MAL,Malaria,5,0,declining
15,2024,Mysuru,Karnataka,DIS-CHL,Cholera,0,0,stable
15,2024,Mysuru,Karnataka,DIS-DEN,Dengue,2,0,rising
15,2024,Mysuru,Karnataka,DIS-RSP,Respiratory infections,1,0,declining
15,2024,Mysuru,Karnataka,DIS-SNK,Snakebite,1,0,declining
15,2024,Mysuru,Karnataka,DIS-MAL,Malaria,4,0,stable
16,2024,Mysuru,Karnataka,DIS-CHL,Cholera,0,0,declining
16,2024,Mysuru,Karnataka,DIS-DEN,Dengue,1,0,stable
16,2024,Mysuru,Karnataka,DIS-RSP,Respiratory infections,4,0,rising
16,2024,Mysuru,Karnataka,DIS-SNK,Snakebite,0,0,stable
16,2024,Mysuru,Karnataka,DIS-MAL,Malaria,0,0,rising
17,2024,Mysuru,Karnataka,DIS-CHL,Cholera,3,0,stable
17,2024,Mysuru,Karnataka,DIS-DEN,Dengue,4,0,rising
17,2024,Mysuru,Karnataka,DIS-RSP,Respiratory infections,1,0,rising
17,2024,Mysuru,Karnataka,DIS-SNK,Snakebite,5,0,declining
17,2024,Mysuru,Karnataka,DIS-MAL,Malaria,2,0,stable
18,2024,Mysuru,Karnataka,DIS-CHL,Cholera,5,0,stable
18,2024,Mysuru,Karnataka,DIS-DEN,Dengue,4,0,rising
18,2024,Mysuru,Karnataka,DIS-RSP,Respiratory infections,4,0,rising
18,2024,Mysuru,Karnataka,DIS-SNK,Snakebite,0,0,stable
18,2024,Mysuru,Karnataka,DIS-MAL,Malaria,2,0,stable
19,2024,Mysuru,Karnataka,DIS-CHL,Cholera,1,0,rising
19,2024,Mysuru,Karnataka,DIS-DEN,Dengue,1,0,stable
19,2024,Mysuru,Karnataka,DIS-RSP,Respiratory infections,0,0,stable
19,2024,Mysuru,Karnataka,DIS-SNK,Snakebite,1,0,declining
19,2024,Mysuru,Karnataka,DIS-MAL,Malaria,0,0,rising
20,2024,Mysuru,Karnataka,DIS-CHL,Cholera,0,0,rising
20,2024,Mysuru,Karnataka,DIS-DEN,Dengue,0,0,stable
20,2024,Mysuru,Karnataka,DIS-RSP,Respiratory infections,0,0,stable
20,2024,Mysuru,Karnataka,DIS-SNK,Snakebite,70,0,rising
20,2024,Mysuru,Karnataka,DIS-MAL,Malaria,4,0,rising
21,2024,Mysuru,Karnataka,DIS-CHL,Cholera,0,0,declining
21,2024,Mysuru,Karnataka,DIS-DEN,Dengue,1,0,stable
21,2024,Mysuru,Karnataka,DIS-RSP,Respiratory infections,0,0,rising
21,2024,Mysuru,Karnataka,DIS-SNK,Snakebite,35,1,rising
21,2024,Mysuru,Karnataka,DIS-MAL,Malaria,4,0,rising
22,2024,Mysuru,Karnataka,DIS-CHL,Cholera,4,0,stable
22,2024,Mysuru,Karnataka,DIS-DEN,Dengue,3,0,rising
22,2024,Mysuru,Karnataka,DIS-RSP,Respiratory infections,2,0,stable
22,2024,Mysuru,Karnataka,DIS-SNK,Snakebite,100,3,rising
22,2024,Mysuru,Karnataka,DIS-MAL,Malaria,3,0,declining
23,2024,Mysuru,Karnataka,DIS-CHL,Cholera,3,0,stable
23,2024,Mysuru,Karnataka,DIS-DEN,Dengue,3,0,stable
23,2024,Mysuru,Karnataka,DIS-RSP,Respiratory infections,2,0,stable
23,2024,Mysuru,Karnataka,DIS-SNK,Snakebite,87,0,rising
23,2024,Mysuru,Karnataka,DIS-MAL,Malaria,5,0,rising
24,2024,Mysuru,Karnataka,DIS-CHL,Cholera,0,0,rising
24,2024,Mysuru,Karnataka,DIS-DEN,Dengue,1,0,stable
24,2024,Mysuru,Karnataka,DIS-RSP,Respiratory infections,0,0,stable
24,2024,Mysuru,Karnataka,DIS-SNK,Snakebite,70,1,rising
24,2024,Mysuru,Karnataka,DIS-MAL,Malaria,0,0,stable
25,2024,Mysuru,Karnataka,DIS-CHL,Cholera,68,0,rising
25,2024,Mysuru,Karnataka,DIS-DEN,Dengue,2,0,stable
25,2024,Mysuru,Karnataka,DIS-RSP,Respiratory infections,1,0,declining
25,2024,Mysuru,Karnataka,DIS-SNK,Snakebite,96,1,rising
25,2024,Mysuru,Karnataka,DIS-MAL,Malaria,4,0,stable
26,2024,Mysuru,Karnataka,DIS-CHL,Cholera,53,0,rising
26,2024,Mysuru,Karnataka,DIS-DEN,Dengue,4,0,stable
26,2024,Mysuru,Karnataka,DIS-RSP,Respiratory infections,2,0,stable
26,2024,Mysuru,Karnataka,DIS-SNK,Snakebite,89,2,rising
26,2024,Mysuru,Karnataka,DIS-MAL,Malaria,4,0,declining
27,2024,Mysuru,Karnataka,DIS-CHL,Cholera,96,4,rising
27,2024,Mysuru,Karnataka,DIS-DEN,Dengue,2,0,declining
27,2024,Mysuru,Karnataka,DIS-RSP,Respiratory infections,1,0,stable
27,2024,Mysuru,Karnataka,DIS-SNK,Snakebite,22,0,rising
27,2024,Mysuru,Karnataka,DIS-MAL,Malaria,5,0,stable
28,2024,Mysuru,Karnataka,DIS-CHL,Cholera,21,0,rising
28,2024,Mysuru,Karnataka,DIS-DEN,Dengue,3,0,rising
28,2024,Mysuru,Karnataka,DIS-RSP,Respiratory infections,4,0,stable
28,2024,Mysuru,Karnataka,DIS-SNK,Snakebite,97,2,rising
28,2024,Mysuru,Karnataka,DIS-MAL,Malaria,97,3,rising
29,2024,Mysuru,Karnataka,DIS-CHL,Cholera,58,1,rising
29,2024,Mysuru,Karnataka,DIS-DEN,Dengue,3,0,stable
29,2024,Mysuru,Karnataka,DIS-RSP,Respiratory infections,1,0,declining
29,2024,Mysuru,Karnataka,DIS-SNK,Snakebite,87,0,rising
29,2024,Mysuru,Karnataka,DIS-MAL,Malaria,62,0,rising
30,2024,Mysuru,Karnataka,DIS-CHL,Cholera,33,1,declining
30,2024,Mysuru,Karnataka,DIS-DEN,Dengue,81,3,rising
30,2024,Mysuru,Karnataka,DIS-RSP,Respiratory infections,0,0,stable
30,2024,Mysuru,Karnataka,DIS-SNK,Snakebite,99,0,declining
30,2024,Mysuru,Karnataka,DIS-MAL,Malaria,29,0,rising
31,2024,Mysuru,Karnataka,DIS-CHL,Cholera,61,1,declining
31,2024,Mysuru,Karnataka,DIS-DEN,Dengue,35,1,rising
31,2024,Mysuru,Karnataka,DIS-RSP,Respiratory infections,2,0,rising
31,2024,Mysuru,Karnataka,DIS-SNK,Snakebite,21,0,declining
31,2024,Mysuru,Karnataka,DIS-MAL,Malaria,57,1,rising
32,2024,Mysuru,Karnataka,DIS-CHL,Cholera,83,3,declining
32,2024,Mysuru,Karnataka,DIS-DEN,Dengue,92,0,rising
32,2024,Mysuru,Karnataka,DIS-RSP,Respiratory infections,2,0,stable
32,2024,Mysuru,Karnataka,DIS-SNK,Snakebite,83,0,declining
32,2024,Mysuru,Karnataka,DIS-MAL,Malaria,41,1,rising
33,2024,Mysuru,Karnataka,DIS-CHL,Cholera,26,1,declining
33,2024,Mysuru,Karnataka,DIS-DEN,Dengue,46,1,rising
33,2024,Mysuru,Karnataka,DIS-RSP,Respiratory infections,2,0,stable
33,2024,Mysuru,Karnataka,DIS-SNK,Snakebite,44,1,declining
33,2024,Mysuru,Karnataka,DIS-MAL,Malaria,27,0,rising
34,2024,Mysuru,Karnataka,DIS-CHL,Cholera,63,0,declining
34,2024,Mysuru,Karnataka,DIS-DEN,Dengue,99,2,rising
34,2024,Mysuru,Karnataka,DIS-RSP,Respiratory infections,2,0,declining
34,2024,Mysuru,Karnataka,DIS-SNK,Snakebite,56,1,declining
34,2024,Mysuru,Karnataka,DIS-MAL,Malaria,50,2,rising
35,2024,Mysuru,Karnataka,DIS-CHL,Cholera,57,2,declining
35,2024,Mysuru,Karnataka,DIS-DEN,Dengue,94,2,rising
35,2024,Mysuru,Karnataka,DIS-RSP,Respiratory infections,5,0,stable
35,2024,Mysuru,Karnataka,DIS-SNK,Snakebite,104,1,declining
35,2024,Mysuru,Karnataka,DIS-MAL,Malaria,82,0,declining
36,2024,Mysuru,Karnataka,DIS-CHL,Cholera,4,0,stable
36,2024,Mysuru,Karnataka,DIS-DEN,Dengue,44,0,rising
36,2024,Mysuru,Karnataka,DIS-RSP,Respiratory infections,2,0,declining
36,2024,Mysuru,Karnataka,DIS-SNK,Snakebite,53,2,declining
36,2024,Mysuru,Karnataka,DIS-MAL,Malaria,86,1,declining
37,2024,Mysuru,Karnataka,DIS-CHL,Cholera,4,0,declining
37,2024,Mysuru,Karnataka,DIS-DEN,Dengue,66,2,declining
37,2024,Mysuru,Karnataka,DIS-RSP,Respiratory infections,3,0,declining
37,2024,Mysuru,Karnataka,DIS-SNK,Snakebite,65,2,declining
37,2024,Mysuru,Karnataka,DIS-MAL,Malaria,79,1,declining
38,2024,Mysuru,Karnataka,DIS-CHL,Cholera,3,0,declining
38,2024,Mysuru,Karnataka,DIS-DEN,Dengue,40,1,declining
38,2024,Mysuru,Karnataka,DIS-RSP,Respiratory infections,4,0,rising
38,2024,Mysuru,Karnataka,DIS-SNK,Snakebite,38,1,declining
38,2024,Mysuru,Karnataka,DIS-MAL,Malaria,76,2,declining
39,2024,Mysuru,Karnataka,DIS-CHL,Cholera,5,0,rising
39,2024,Mysuru,Karnataka,DIS-DEN,Dengue,51,0,declining
39,2024,Mysuru,Karnataka,DIS-RSP,Respiratory infections,3,0,stable
39,2024,Mysuru,Karnataka,DIS-SNK,Snakebite,55,2,declining
39,2024,Mysuru,Karnataka,DIS-MAL,Malaria,64,0,declining
40,2024,Mysuru,Karnataka,DIS-CHL,Cholera,0,0,stable
40,2024,Mysuru,Karnataka,DIS-DEN,Dengue,87,1,declining
40,2024,Mysuru,Karnataka,DIS-RSP,Respiratory infections,5,0,stable
40,2024,Mysuru,Karnataka,DIS-SNK,Snakebite,79,0,declining
40,2024,Mysuru,Karnataka,DIS-MAL,Malaria,69,0,declining
41,2024,Mysuru,Karnataka,DIS-CHL,Cholera,1,0,stable
41,2024,Mysuru,Karnataka,DIS-DEN,Dengue,56,2,declining
41,2024,Mysuru,Karnataka,DIS-RSP,Respiratory infections,4,0,declining
41,2024,Mysuru,Karnataka,DIS-SNK,Snakebite,4,0,rising
41,2024,Mysuru,Karnataka,DIS-MAL,Malaria,93,1,declining
42,2024,Mysuru,Karnataka,DIS-CHL,Cholera,4,0,rising
42,2024,Mysuru,Karnataka,DIS-DEN,Dengue,31,1,declining
42,2024,Mysuru,Karnataka,DIS-RSP,Respiratory infections,1,0,stable
42,2024,Mysuru,Karnataka,DIS-SNK,Snakebite,2,0,stable
42,2024,Mysuru,Karnataka,DIS-MAL,Malaria,100,0,declining
43,2024,Mysuru,Karnataka,DIS-CHL,Cholera,1,0,declining
43,2024,Mysuru,Karnataka,DIS-DEN,Dengue,30,0,declining
43,2024,Mysuru,Karnataka,DIS-RSP,Respiratory infections,0,0,stable
43,2024,Mysuru,Karnataka,DIS-SNK,Snakebite,2,0,declining
43,2024,Mysuru,Karnataka,DIS-MAL,Malaria,4,0,rising
44,2024,Mysuru,Karnataka,DIS-CHL,Cholera,2,0,declining
44,2024,Mysuru,Karnataka,DIS-DEN,Dengue,71,1,declining
44,2024,Mysuru,Karnataka,DIS-RSP,Respiratory infections,3,0,rising
44,2024,Mysuru,Karnataka,DIS-SNK,Snakebite,5,0,declining
44,2024,Mysuru,Karnataka,DIS-MAL,Malaria,4,0,stable
45,2024,Mysuru,Karnataka,DIS-CHL,Cholera,2,0,declining
45,2024,Mysuru,Karnataka,DIS-DEN,Dengue,21,0,declining
45,2024,Mysuru,Karnataka,DIS-RSP,Respiratory infections,64,1,declining
45,2024,Mysuru,Karnataka,DIS-SNK,Snakebite,5,0,rising
45,2024,Mysuru,Karnataka,DIS-MAL,Malaria,2,0,declining
46,2024,Mysuru,Karnataka,DIS-CHL,Cholera,4,0,declining
46,2024,Mysuru,Karnataka,DIS-DEN,Dengue,3,0,declining
46,2024,Mysuru,Karnataka,DIS-RSP,Respiratory infections,31,1,declining
46,2024,Mysuru,Karnataka,DIS-SNK,Snakebite,5,0,stable
46,2024,Mysuru,Karnataka,DIS-MAL,Malaria,2,0,stable
47,2024,Mysuru,Karnataka,DIS-CHL,Cholera,1,0,declining
47,2024,Mysuru,Karnataka,DIS-DEN,Dengue,1,0,stable
47,2024,Mysuru,Karnataka,DIS-RSP,Respiratory infections,58,0,declining
47,2024,Mysuru,Karnataka,DIS-SNK,Snakebite,4,0,rising
47,2024,Mysuru,Karnataka,DIS-MAL,Malaria,0,0,rising
48,2024,Mysuru,Karnataka,DIS-CHL,Cholera,2,0,stable
48,2024,Mysuru,Karnataka,DIS-DEN,Dengue,2,0,stable
48,2024,Mysuru,Karnataka,DIS-RSP,Respiratory infections,40,0,declining
48,2024,Mysuru,Karnataka,DIS-SNK,Snakebite,0,0,declining
48,2024,Mysuru,Karnataka,DIS-MAL,Malaria,2,0,stable
49,2024,Mysuru,Karnataka,DIS-CHL,Cholera,0,0,declining
49,2024,Mysuru,Karnataka,DIS-DEN,Dengue,1,0,declining
49,2024,Mysuru,Karnataka,DIS-RSP,Respiratory infections,40,0,declining
49,2024,Mysuru,Karnataka,DIS-SNK,Snakebite,0,0,rising
49,2024,Mysuru,Karnataka,DIS-MAL,Malaria,3,0,stable
50,2024,Mysuru,Karnataka,DIS-CHL,Cholera,5,0,stable
50,2024,Mysuru,Karnataka,DIS-DEN,Dengue,4,0,declining
50,2024,Mysuru,Karnataka,DIS-RSP,Respiratory infections,46,1,declining
50,2024,Mysuru,Karnataka,DIS-SNK,Snakebite,2,0,stable
50,2024,Mysuru,Karnataka,DIS-MAL,Malaria,0,0,rising
51,2024,Mysuru,Karnataka,DIS-CHL,Cholera,0,0,stable
51,2024,Mysuru,Karnataka,DIS-DEN,Dengue,0,0,rising
51,2024,Mysuru,Karnataka,DIS-RSP,Respiratory infections,108,3,declining
51,2024,Mysuru,Karnataka,DIS-SNK,Snakebite,4,0,stable
51,2024,Mysuru,Karnataka,DIS-MAL,Malaria,2,0,rising
52,2024,Mysuru,Karnataka,DIS-CHL,Cholera,0,0,stable
52,2024,Mysuru,Karnataka,DIS-DEN,Dengue,5,0,stable
52,2024,Mysuru,Karnataka,DIS-RSP,Respiratory infections,46,1,declining
52,2024,Mysuru,Karnataka,DIS-SNK,Snakebite,4,0,stable
52,2024,Mysuru,Karnataka,DIS-MAL,Malaria,3,0,stable
1,2024,Hubli,Karnataka,DIS-CHL,Cholera,1,0,stable
1,2024,Hubli,Karnataka,DIS-DEN,Dengue,3,0,declining
1,2024,Hubli,Karnataka,DIS-RSP,Respiratory infections,69,0,declining
1,2024,Hubli,Karnataka,DIS-SNK,Snakebite,4,0,stable
1,2024,Hubli,Karnataka,DIS-MAL,Malaria,0,0,declining
2,2024,Hubli,Karnataka,DIS-CHL,Cholera,0,0,stable
2,2024,Hubli,Karnataka,DIS-DEN,Dengue,1,0,declining
2,2024,Hubli,Karnataka,DIS-RSP,Respiratory infections,66,0,declining
2,2024,Hubli,Karnataka,DIS-SNK,Snakebite,5,0,stable
2,2024,Hubli,Karnataka,DIS-MAL,Malaria,0,0,stable
3,2024,Hubli,Karnataka,DIS-CHL,Cholera,4,0,stable
3,2024,Hubli,Karnataka,DIS-DEN,Dengue,1,0,stable
3,2024,Hubli,Karnataka,DIS-RSP,Respiratory infections,94,1,declining
3,2024,Hubli,Karnataka,DIS-SNK,Snakebite,1,0,stable
3,2024,Hubli,Karnataka,DIS-MAL,Malaria,2,0,stable
4,2024,Hubli,Karnataka,DIS-CHL,Cholera,1,0,stable
4,2024,Hubli,Karnataka,DIS-DEN,Dengue,5,0,stable
4,2024,Hubli,Karnataka,DIS-RSP,Respiratory infections,58,1,declining
4,2024,Hubli,Karnataka,DIS-SNK,Snakebite,0,0,stable
4,2024,Hubli,Karnataka,DIS-MAL,Malaria,5,0,stable
5,2024,Hubli,Karnataka,DIS-CHL,Cholera,2,0,declining
5,2024,Hubli,Karnataka,DIS-DEN,Dengue,2,0,stable
5,2024,Hubli,Karnataka,DIS-RSP,Respiratory infections,20,0,declining
5,2024,Hubli,Karnataka,DIS-SNK,Snakebite,4,0,rising
5,2024,Hubli,Karnataka,DIS-MAL,Malaria,0,0,declining
6,2024,Hubli,Karnataka,DIS-CHL,Cholera,1,0,stable
6,2024,Hubli,Karnataka,DIS-DEN,Dengue,5,0,stable
6,2024,Hubli,Karnataka,DIS-RSP,Respiratory infections,97,3,declining
6,2024,Hubli,Karnataka,DIS-SNK,Snakebite,3,0,declining
6,2024,Hubli,Karnataka,DIS-MAL,Malaria,1,0,stable
7,2024,Hubli,Karnataka,DIS-CHL,Cholera,4,0,rising
7,2024,Hubli,Karnataka,DIS-DEN,Dengue,1,0,stable
7,2024,Hubli,Karnataka,DIS-RSP,Respiratory infections,69,1,declining
7,2024,Hubli,Karnataka,DIS-SNK,Snakebite,0,0,declining
7,2024,Hubli,Karnataka,DIS-MAL,Malaria,4,0,rising
8,2024,Hubli,Karnataka,DIS-CHL,Cholera,5,0,declining
8,2024,Hubli,Karnataka,DIS-DEN,Dengue,2,0,stable
8,2024,Hubli,Karnataka,DIS-RSP,Respiratory infections,51,1,declining
8,2024,Hubli,Karnataka,DIS-SNK,Snakebite,4,0,declining
8,2024,Hubli,Karnataka,DIS-MAL,Malaria,2,0,stable
9,2024,Hubli,Karnataka,DIS-CHL,Cholera,2,0,declining
9,2024,Hubli,Karnataka,DIS-DEN,Dengue,0,0,stable
9,2024,Hubli,Karnataka,DIS-RSP,Respiratory infections,5,0,declining
9,2024,Hubli,Karnataka,DIS-SNK,Snakebite,2,0,stable
9,2024,Hubli,Karnataka,DIS-MAL,Malaria,2,0,stable
10,2024,Hubli,Karnataka,DIS-CHL,Cholera,0,0,stable
10,2024,Hubli,Karnataka,DIS-DEN,Dengue,3,0,rising
10,2024,Hubli,Karnataka,DIS-RSP,Respiratory infections,4,0,declining
10,2024,Hubli,Karnataka,DIS-SNK,Snakebite,1,0,stable
10,2024,Hubli,Karnataka,DIS-MAL,Malaria,1,0,stable
11,2024,Hubli,Karnataka,DIS-CHL,Cholera,0,0,rising
11,2024,Hubli,Karnataka,DIS-DEN,Dengue,1,0,stable
11,2024,Hubli,Karnataka,DIS-RSP,Respiratory infections,0,0,stable
11,2024,Hubli,Karnataka,DIS-SNK,Snakebite,5,0,stable
11,2024,Hubli,Karnataka,DIS-MAL,Malaria,4,0,stable
12,2024,Hubli,Karnataka,DIS-CHL,Cholera,5,0,declining
12,2024,Hubli,Karnataka,DIS-DEN,Dengue,0,0,declining
12,2024,Hubli,Karnataka,DIS-RSP,Respiratory infections,2,0,stable
12,2024,Hubli,Karnataka,DIS-SNK,Snakebite,2,0,stable
12,2024,Hubli,Karnataka,DIS-MAL,Malaria,2,0,declining
13,2024,Hubli,Karnataka,DIS-CHL,Cholera,4,0,stable
13,2024,Hubli,Karnataka,DIS-DEN,Dengue,2,0,stable
13,2024,Hubli,Karnataka,DIS-RSP,Respiratory infections,0,0,stable
13,2024,Hubli,Karnataka,DIS-SNK,Snakebite,2,0,stable
13,2024,Hubli,Karnataka,DIS-MAL,Malaria,4,0,stable
14,2024,Hubli,Karnataka,DIS-CHL,Cholera,3,0,stable
14,2024,Hubli,Karnataka,DIS-DEN,Dengue,5,0,rising
14,2024,Hubli,Karnataka,DIS-RSP,Respiratory infections,0,0,stable
14,2024,Hubli,Karnataka,DIS-SNK,Snakebite,4,0,stable
14,2024,Hubli,Karnataka,DIS-MAL,Malaria,2,0,stable
15,2024,Hubli,Karnataka,DIS-CHL,Cholera,5,0,stable
15,2024,Hubli,Karnataka,DIS-DEN,Dengue,2,0,stable
15,2024,Hubli,Karnataka,DIS-RSP,Respiratory infections,3,0,stable
15,2024,Hubli,Karnataka,DIS-SNK,Snakebite,2,0,rising
15,2024,Hubli,Karnataka,DIS-MAL,Malaria,4,0,stable
16,2024,Hubli,Karnataka,DIS-CHL,Cholera,4,0,declining
16,2024,Hubli,Karnataka,DIS-DEN,Dengue,0,0,rising
16,2024,Hubli,Karnataka,DIS-RSP,Respiratory infections,2,0,stable
16,2024,Hubli,Karnataka,DIS-SNK,Snakebite,0,0,stable
16,2024,Hubli,Karnataka,DIS-MAL,Malaria,1,0,declining
17,2024,Hubli,Karnataka,DIS-CHL,Cholera,0,0,stable
17,2024,Hubli,Karnataka,DIS-DEN,Dengue,3,0,stable
17,2024,Hubli,Karnataka,DIS-RSP,Respiratory infections,0,0,declining
17,2024,Hubli,Karnataka,DIS-SNK,Snakebite,1,0,stable
17,2024,Hubli,Karnataka,DIS-MAL,Malaria,5,0,declining
18,2024,Hubli,Karnataka,DIS-CHL,Cholera,0,0,stable
18,2024,Hubli,Karnataka,DIS-DEN,Dengue,4,0,stable
18,2024,Hubli,Karnataka,DIS-RSP,Respiratory infections,4,0,stable
18,2024,Hubli,Karnataka,DIS-SNK,Snakebite,3,0,rising
18,2024,Hubli,Karnataka,DIS-MAL,Malaria,0,0,stable
19,2024,Hubli,Karnataka,DIS-CHL,Cholera,2,0,rising
19,2024,Hubli,Karnataka,DIS-DEN,Dengue,5,0,stable
19,2024,Hubli,Karnataka,DIS-RSP,Respiratory infections,2,0,rising
19,2024,Hubli,Karnataka,DIS-SNK,Snakebite,1,0,stable
19,2024,Hubli,Karnataka,DIS-MAL,Malaria,3,0,rising
20,2024,Hubli,Karnataka,DIS-CHL,Cholera,5,0,stable
20,2024,Hubli,Karnataka,DIS-DEN,Dengue,3,0,stable
20,2024,Hubli,Karnataka,DIS-RSP,Respiratory infections,2,0,stable
20,2024,Hubli,Karnataka,DIS-SNK,Snakebite,38,1,rising
20,2024,Hubli,Karnataka,DIS-MAL,Malaria,3,0,stable
21,2024,Hubli,Karnataka,DIS-CHL,Cholera,0,0,declining
21,2024,Hubli,Karnataka,DIS-DEN,Dengue,4,0,stable
21,2024,Hubli,Karnataka,DIS-RSP,Respiratory infections,3,0,stable
21,2024,Hubli,Karnataka,DIS-SNK,Snakebite,42,1,rising
21,2024,Hubli,Karnataka,DIS-MAL,Malaria,2,0,stable
22,2024,Hubli,Karnataka,DIS-CHL,Cholera,2,0,declining
22,2024,Hubli,Karnataka,DIS-DEN,Dengue,0,0,stable
22,2024,Hubli,Karnataka,DIS-RSP,Respiratory infections,0,0,rising
22,2024,Hubli,Karnataka,DIS-SNK,Snakebite,20,0,rising
22,2024,Hubli,Karnataka,DIS-MAL,Malaria,3,0,stable
23,2024,Hubli,Karnataka,DIS-CHL,Cholera,3,0,declining
23,2024,Hubli,Karnataka,DIS-DEN,Dengue,4,0,rising
23,2024,Hubli,Karnataka,DIS-RSP,Respiratory infections,1,0,declining
23,2024,Hubli,Karnataka,DIS-SNK,Snakebite,43,2,rising
23,2024,Hubli,Karnataka,DIS-MAL,Malaria,0,0,declining
24,2024,Hubli,Karnataka,DIS-CHL,Cholera,0,0,declining
24,2024,Hubli,Karnataka,DIS-DEN,Dengue,1,0,stable
24,2024,Hubli,Karnataka,DIS-RSP,Respiratory infections,3,0,rising
24,2024,Hubli,Karnataka,DIS-SNK,Snakebite,83,1,rising
24,2024,Hubli,Karnataka,DIS-MAL,Malaria,0,0,stable
25,2024,Hubli,Karnataka,DIS-CHL,Cholera,80,3,rising
25,2024,Hubli,Karnataka,DIS-DEN,Dengue,2,0,stable
25,2024,Hubli,Karnataka,DIS-RSP,Respiratory infections,4,0,declining
25,2024,Hubli,Karnataka,DIS-SNK,Snakebite,53,1,rising
25,2024,Hubli,Karnataka,DIS-MAL,Malaria,2,0,stable
26,2024,Hubli,Karnataka,DIS-CHL,Cholera,39,1,rising
26,2024,Hubli,Karnataka,DIS-DEN,Dengue,3,0,stable
26,2024,Hubli,Karnataka,DIS-RSP,Respiratory infections,2,0,declining
26,2024,Hubli,Karnataka,DIS-SNK,Snakebite,72,1,rising
26,2024,Hubli,Karnataka,DIS-MAL,Malaria,2,0,stable
27,2024,Hubli,Karnataka,DIS-CHL,Cholera,64,1,rising
27,2024,Hubli,Karnataka,DIS-DEN,Dengue,4,0,rising
27,2024,Hubli,Karnataka,DIS-RSP,Respiratory infections,0,0,declining
27,2024,Hubli,Karnataka,DIS-SNK,Snakebite,24,0,rising
27,2024,Hubli,Karnataka,DIS-MAL,Malaria,3,0,rising
28,2024,Hubli,Karnataka,DIS-CHL,Cholera,18,0,rising
28,2024,Hubli,Karnataka,DIS-DEN,Dengue,1,0,declining
28,2024,Hubli,Karnataka,DIS-RSP,Respiratory infections,3,0,rising
28,2024,Hubli,Karnataka,DIS-SNK,Snakebite,28,0,rising
28,2024,Hubli,Karnataka,DIS-MAL,Malaria,55,2,rising
29,2024,Hubli,Karnataka,DIS-CHL,Cholera,75,1,rising
29,2024,Hubli,Karnataka,DIS-DEN,Dengue,1,0,stable
29,2024,Hubli,Karnataka,DIS-RSP,Respiratory infections,0,0,declining
29,2024,Hubli,Karnataka,DIS-SNK,Snakebite,53,0,rising
29,2024,Hubli,Karnataka,DIS-MAL,Malaria,91,0,rising
30,2024,Hubli,Karnataka,DIS-CHL,Cholera,40,1,declining
30,2024,Hubli,Karnataka,DIS-DEN,Dengue,82,3,rising
30,2024,Hubli,Karnataka,DIS-RSP,Respiratory infections,4,0,declining
30,2024,Hubli,Karnataka,DIS-SNK,Snakebite,60,2,declining
30,2024,Hubli,Karnataka,DIS-MAL,Malaria,38,1,rising
31,2024,Hubli,Karnataka,DIS-CHL,Cholera,88,3,declining
31,2024,Hubli,Karnataka,DIS-DEN,Dengue,25,0,rising
31,2024,Hubli,Karnataka,DIS-RSP,Respiratory infections,1,0,stable
31,2024,Hubli,Karnataka,DIS-SNK,Snakebite,91,2,declining
31,2024,Hubli,Karnataka,DIS-MAL,Malaria,93,3,rising
32,2024,Hubli,Karnataka,DIS-CHL,Cholera,43,0,declining
32,2024,Hubli,Karnataka,DIS-DEN,Dengue,42,1,rising
32,2024,Hubli,Karnataka,DIS-RSP,Respiratory infections,4,0,stable
32,2024,Hubli,Karnataka,DIS-SNK,Snakebite,72,3,declining
32,2024,Hubli,Karnataka,DIS-MAL,Malaria,67,0,rising
33,2024,Hubli,Karnataka,DIS-CHL,Cholera,96,3,declining
33,2024,Hubli,Karnataka,DIS-DEN,Dengue,87,3,rising
33,2024,Hubli,Karnataka,DIS-RSP,Respiratory infections,0,0,stable
33,2024,Hubli,Karnataka,DIS-SNK,Snakebite,75,1,declining
33,2024,Hubli,Karnataka,DIS-MAL,Malaria,36,1,rising
34,2024,Hubli,Karnataka,DIS-CHL,Cholera,33,0,declining
34,2024,Hubli,Karnataka,DIS-DEN,Dengue,45,1,rising
34,2024,Hubli,Karnataka,DIS-RSP,Respiratory infections,2,0,stable
34,2024,Hubli,Karnataka,DIS-SNK,Snakebite,67,2,declining
34,2024,Hubli,Karnataka,DIS-MAL,Malaria,33,0,rising
35,2024,Hubli,Karnataka,DIS-CHL,Cholera,18,0,declining
35,2024,Hubli,Karnataka,DIS-DEN,Dengue,31,1,rising
35,2024,Hubli,Karnataka,DIS-RSP,Respiratory infections,5,0,stable
35,2024,Hubli,Karnataka,DIS-SNK,Snakebite,49,1,declining
35,2024,Hubli,Karnataka,DIS-MAL,Malaria,38,1,declining
36,2024,Hubli,Karnataka,DIS-CHL,Cholera,1,0,stable
36,2024,Hubli,Karnataka,DIS-DEN,Dengue,76,1,rising
36,2024,Hubli,Karnataka,DIS-RSP,Respiratory infections,0,0,stable
36,2024,Hubli,Karnataka,DIS-SNK,Snakebite,27,1,declining
36,2024,Hubli,Karnataka,DIS-MAL,Malaria,40,0,declining
37,2024,Hubli,Karnataka,DIS-CHL,Cholera,1,0,rising
37,2024,Hubli,Karnataka,DIS-DEN,Dengue,61,2,declining
37,2024,Hubli,Karnataka,DIS-RSP,Respiratory infections,3,0,stable
37,2024,Hubli,Karnataka,DIS-SNK,Snakebite,73,0,declining
37,2024,Hubli,Karnataka,DIS-MAL,Malaria,45,0,declining
38,2024,Hubli,Karnataka,DIS-CHL,Cholera,2,0,declining
38,2024,Hubli,Karnataka,DIS-DEN,Dengue,66,1,declining
38,2024,Hubli,Karnataka,DIS-RSP,Respiratory infections,5,0,stable
38,2024,Hubli,Karnataka,DIS-SNK,Snakebite,62,2,declining
38,2024,Hubli,Karnataka,DIS-MAL,Malaria,31,1,declining
39,2024,Hubli,Karnataka,DIS-CHL,Cholera,4,0,rising
39,2024,Hubli,Karnataka,DIS-DEN,Dengue,36,0,declining
39,2024,Hubli,Karnataka,DIS-RSP,Respiratory infections,1,0,stable
39,2024,Hubli,Karnataka,DIS-SNK,Snakebite,38,0,declining
39,2024,Hubli,Karnataka,DIS-MAL,Malaria,34,0,declining
40,2024,Hubli,Karnataka,DIS-CHL,Cholera,3,0,declining
40,2024,Hubli,Karnataka,DIS-DEN,Dengue,40,0,declining
40,2024,Hubli,Karnataka,DIS-RSP,Respiratory infections,0,0,rising
40,2024,Hubli,Karnataka,DIS-SNK,Snakebite,66,2,declining
40,2024,Hubli,Karnataka,DIS-MAL,Malaria,76,0,declining
41,2024,Hubli,Karnataka,DIS-CHL,Cholera,5,0,rising
41,2024,Hubli,Karnataka,DIS-DEN,Dengue,78,3,declining
41,2024,Hubli,Karnataka,DIS-RSP,Respiratory infections,4,0,rising
41,2024,Hubli,Karnataka,DIS-SNK,Snakebite,0,0,stable
41,2024,Hubli,Karnataka,DIS-MAL,Malaria,32,1,declining
42,2024,Hubli,Karnataka,DIS-CHL,Cholera,0,0,declining
42,2024,Hubli,Karnataka,DIS-DEN,Dengue,61,2,declining
42,2024,Hubli,Karnataka,DIS-RSP,Respiratory infections,3,0,rising
42,2024,Hubli,Karnataka,DIS-SNK,Snakebite,1,0,rising
42,2024,Hubli,Karnataka,DIS-MAL,Malaria,66,1,declining
43,2024,Hubli,Karnataka,DIS-CHL,Cholera,5,0,stable
43,2024,Hubli,Karnataka,DIS-DEN,Dengue,84,3,declining
43,2024,Hubli,Karnataka,DIS-RSP,Respiratory infections,0,0,declining
43,2024,Hubli,Karnataka,DIS-SNK,Snakebite,2,0,stable
43,2024,Hubli,Karnataka,DIS-MAL,Malaria,0,0,stable
44,2024,Hubli,Karnataka,DIS-CHL,Cholera,5,0,stable
44,2024,Hubli,Karnataka,DIS-DEN,Dengue,47,1,declining
44,2024,Hubli,Karnataka,DIS-RSP,Respiratory infections,2,0,stable
44,2024,Hubli,Karnataka,DIS-SNK,Snakebite,4,0,rising
44,2024,Hubli,Karnataka,DIS-MAL,Malaria,3,0,declining
45,2024,Hubli,Karnataka,DIS-CHL,Cholera,4,0,stable
45,2024,Hubli,Karnataka,DIS-DEN,Dengue,67,2,declining
45,2024,Hubli,Karnataka,DIS-RSP,Respiratory infections,67,1,declining
45,2024,Hubli,Karnataka,DIS-SNK,Snakebite,5,0,declining
45,2024,Hubli,Karnataka,DIS-MAL,Malaria,0,0,stable
46,2024,Hubli,Karnataka,DIS-CHL,Cholera,3,0,stable
46,2024,Hubli,Karnataka,DIS-DEN,Dengue,0,0,stable
46,2024,Hubli,Karnataka,DIS-RSP,Respiratory infections,80,1,declining
46,2024,Hubli,Karnataka,DIS-SNK,Snakebite,5,0,stable
46,2024,Hubli,Karnataka,DIS-MAL,Malaria,3,0,declining
47,2024,Hubli,Karnataka,DIS-CHL,Cholera,1,0,stable
47,2024,Hubli,Karnataka,DIS-DEN,Dengue,2,0,stable
47,2024,Hubli,Karnataka,DIS-RSP,Respiratory infections,31,0,declining
47,2024,Hubli,Karnataka,DIS-SNK,Snakebite,4,0,stable
47,2024,Hubli,Karnataka,DIS-MAL,Malaria,1,0,stable
48,2024,Hubli,Karnataka,DIS-CHL,Cholera,0,0,rising
48,2024,Hubli,Karnataka,DIS-DEN,Dengue,3,0,declining
48,2024,Hubli,Karnataka,DIS-RSP,Respiratory infections,38,0,declining
48,2024,Hubli,Karnataka,DIS-SNK,Snakebite,3,0,stable
48,2024,Hubli,Karnataka,DIS-MAL,Malaria,4,0,stable
49,2024,Hubli,Karnataka,DIS-CHL,Cholera,1,0,declining
49,2024,Hubli,Karnataka,DIS-DEN,Dengue,3,0,stable
49,2024,Hubli,Karnataka,DIS-RSP,Respiratory infections,33,1,declining
49,2024,Hubli,Karnataka,DIS-SNK,Snakebite,3,0,stable
49,2024,Hubli,Karnataka,DIS-MAL,Malaria,2,0,stable
50,2024,Hubli,Karnataka,DIS-CHL,Cholera,2,0,stable
50,2024,Hubli,Karnataka,DIS-DEN,Dengue,0,0,rising
50,2024,Hubli,Karnataka,DIS-RSP,Respiratory infections,59,2,declining
50,2024,Hubli,Karnataka,DIS-SNK,Snakebite,0,0,declining
50,2024,Hubli,Karnataka,DIS-MAL,Malaria,4,0,stable
51,2024,Hubli,Karnataka,DIS-CHL,Cholera,3,0,stable
51,2024,Hubli,Karnataka,DIS-DEN,Dengue,1,0,rising
51,2024,Hubli,Karnataka,DIS-RSP,Respiratory infections,73,1,declining
51,2024,Hubli,Karnataka,DIS-SNK,Snakebite,2,0,declining
51,2024,Hubli,Karnataka,DIS-MAL,Malaria,0,0,rising
52,2024,Hubli,Karnataka,DIS-CHL,Cholera,4,0,stable
52,2024,Hubli,Karnataka,DIS-DEN,Dengue,0,0,declining
52,2024,Hubli,Karnataka,DIS-RSP,Respiratory infections,79,1,declining
52,2024,Hubli,Karnataka,DIS-SNK,Snakebite,4,0,declining
52,2024,Hubli,Karnataka,DIS-MAL,Malaria,5,0,declining
1,2024,Mangaluru,Karnataka,DIS-CHL,Cholera,4,0,rising
1,2024,Mangaluru,Karnataka,DIS-DEN,Dengue,4,0,declining
1,2024,Mangaluru,Karnataka,DIS-RSP,Respiratory infections,21,0,stable
1,2024,Mangaluru,Karnataka,DIS-SNK,Snakebite,1,0,declining
1,2024,Mangaluru,Karnataka,DIS-MAL,Malaria,2,0,rising
2,2024,Mangaluru,Karnataka,DIS-CHL,Cholera,4,0,rising
2,2024,Mangaluru,Karnataka,DIS-DEN,Dengue,4,0,stable
2,2024,Mangaluru,Karnataka,DIS-RSP,Respiratory infections,35,0,declining
2,2024,Mangaluru,Karnataka,DIS-SNK,Snakebite,3,0,declining
2,2024,Mangaluru,Karnataka,DIS-MAL,Malaria,0,0,stable
3,2024,Mangaluru,Karnataka,DIS-CHL,Cholera,0,0,rising
3,2024,Mangaluru,Karnataka,DIS-DEN,Dengue,3,0,stable
3,2024,Mangaluru,Karnataka,DIS-RSP,Respiratory infections,96,3,declining
3,2024,Mangaluru,Karnataka,DIS-SNK,Snakebite,1,0,declining
3,2024,Mangaluru,Karnataka,DIS-MAL,Malaria,0,0,stable
4,2024,Mangaluru,Karnataka,DIS-CHL,Cholera,0,0,stable
4,2024,Mangaluru,Karnataka,DIS-DEN,Dengue,3,0,rising
4,2024,Mangaluru,Karnataka,DIS-RSP,Respiratory infections,32,1,declining
4,2024,Mangaluru,Karnataka,DIS-SNK,Snakebite,5,0,rising
4,2024,Mangaluru,Karnataka,DIS-MAL,Malaria,5,0,rising
5,2024,Mangaluru,Karnataka,DIS-CHL,Cholera,3,0,rising
5,2024,Mangaluru,Karnataka,DIS-DEN,Dengue,4,0,declining
5,2024,Mangaluru,Karnataka,DIS-RSP,Respiratory infections,48,0,declining
5,2024,Mangaluru,Karnataka,DIS-SNK,Snakebite,4,0,stable
5,2024,Mangaluru,Karnataka,DIS-MAL,Malaria,2,0,stable
6,2024,Mangaluru,Karnataka,DIS-CHL,Cholera,0,0,rising
6,2024,Mangaluru,Karnataka,DIS-DEN,Dengue,4,0,stable
6,2024,Mangaluru,Karnataka,DIS-RSP,Respiratory infections,33,0,declining
6,2024,Mangaluru,Karnataka,DIS-SNK,Snakebite,0,0,rising
6,2024,Mangaluru,Karnataka,DIS-MAL,Malaria,1,0,declining
7,2024,Mangaluru,Karnataka,DIS-CHL,Cholera,0,0,declining
7,2024,Mangaluru,Karnataka,DIS-DEN,Dengue,5,0,rising
7,2024,Mangaluru,Karnataka,DIS-RSP,Respiratory infections,49,0,declining
7,2024,Mangaluru,Karnataka,DIS-SNK,Snakebite,4,0,declining
7,2024,Mangaluru,Karnataka,DIS-MAL,Malaria,4,0,stable
8,2024,Mangaluru,Karnataka,DIS-CHL,Cholera,1,0,stable
8,2024,Mangaluru,Karnataka,DIS-DEN,Dengue,0,0,stable
8,2024,Mangaluru,Karnataka,DIS-RSP,Respiratory infections,43,1,declining
8,2024,Mangaluru,Karnataka,DIS-SNK,Snakebite,3,0,stable
8,2024,Mangaluru,Karnataka,DIS-MAL,Malaria,0,0,rising
9,2024,Mangaluru,Karnataka,DIS-CHL,Cholera,4,0,stable
9,2024,Mangaluru,Karnataka,DIS-DEN,Dengue,1,0,declining
9,2024,Mangaluru,Karnataka,DIS-RSP,Respiratory infections,1,0,stable
9,2024,Mangaluru,Karnataka,DIS-SNK,Snakebite,0,0,rising
9,2024,Mangaluru,Karnataka,DIS-MAL,Malaria,3,0,stable
10,2024,Mangaluru,Karnataka,DIS-CHL,Cholera,2,0,stable
10,2024,Mangaluru,Karnataka,DIS-DEN,Dengue,5,0,declining
10,2024,Mangaluru,Karnataka,DIS-RSP,Respiratory infections,4,0,stable
10,2024,Mangaluru,Karnataka,DIS-SNK,Snakebite,3,0,stable
10,2024,Mangaluru,Karnataka,DIS-MAL,Malaria,2,0,rising
11,2024,Mangaluru,Karnataka,DIS-CHL,Cholera,2,0,declining
11,2024,Mangaluru,Karnataka,DIS-DEN,Dengue,1,0,rising
11,2024,Mangaluru,Karnataka,DIS-RSP,Respiratory infections,0,0,stable
11,2024,Mangaluru,Karnataka,DIS-SNK,Snakebite,3,0,declining
11,2024,Mangaluru,Karnataka,DIS-MAL,Malaria,4,0,stable
12,2024,Mangaluru,Karnataka,DIS-CHL,Cholera,4,0,stable
12,2024,Mangaluru,Karnataka,DIS-DEN,Dengue,4,0,declining
12,2024,Mangaluru,Karnataka,DIS-RSP,Respiratory infections,2,0,stable
12,2024,Mangaluru,Karnataka,DIS-SNK,Snakebite,3,0,stable
12,2024,Mangaluru,Karnataka,DIS-MAL,Malaria,2,0,stable
13,2024,Mangaluru,Karnataka,DIS-CHL,Cholera,2,0,stable
13,2024,Mangaluru,Karnataka,DIS-DEN,Dengue,1,0,rising
13,2024,Mangaluru,Karnataka,DIS-RSP,Respiratory infections,2,0,stable
13,2024,Mangaluru,Karnataka,DIS-SNK,Snakebite,3,0,stable
13,2024,Mangaluru,Karnataka,DIS-MAL,Malaria,1,0,stable
14,2024,Mangaluru,Karnataka,DIS-CHL,Cholera,2,0,stable
14,2024,Mangaluru,Karnataka,DIS-DEN,Dengue,0,0,declining
14,2024,Mangaluru,Karnataka,DIS-RSP,Respiratory infections,4,0,stable
14,2024,Mangaluru,Karnataka,DIS-SNK,Snakebite,4,0,rising
14,2024,Mangaluru,Karnataka,DIS-MAL,Malaria,1,0,declining
15,2024,Mangaluru,Karnataka,DIS-CHL,Cholera,3,0,declining
15,2024,Mangaluru,Karnataka,DIS-DEN,Dengue,0,0,rising
15,2024,Mangaluru,Karnataka,DIS-RSP,Respiratory infections,4,0,rising
15,2024,Mangaluru,Karnataka,DIS-SNK,Snakebite,0,0,stable
15,2024,Mangaluru,Karnataka,DIS-MAL,Malaria,3,0,stable
16,2024,Mangaluru,Karnataka,DIS-CHL,Cholera,0,0,rising
16,2024,Mangaluru,Karnataka,DIS-DEN,Dengue,1,0,stable
16,2024,Mangaluru,Karnataka,DIS-RSP,Respiratory infections,0,0,stable
16,2024,Mangaluru,Karnataka,DIS-SNK,Snakebite,2,0,stable
16,2024,Mangaluru,Karnataka,DIS-MAL,Malaria,0,0,declining
17,2024,Mangaluru,Karnataka,DIS-CHL,Cholera,3,0,declining
17,2024,Mangaluru,Karnataka,DIS-DEN,Dengue,3,0,stable
17,2024,Mangaluru,Karnataka,DIS-RSP,Respiratory infections,4,0,stable
17,2024,Mangaluru,Karnataka,DIS-SNK,Snakebite,2,0,declining
17,2024,Mangaluru,Karnataka,DIS-MAL,Malaria,3,0,stable
18,2024,Mangaluru,Karnataka,DIS-CHL,Cholera,4,0,declining
18,2024,Mangaluru,Karnataka,DIS-DEN,Dengue,3,0,stable
18,2024,Mangaluru,Karnataka,DIS-RSP,Respiratory infections,3,0,stable
18,2024,Mangaluru,Karnataka,DIS-SNK,Snakebite,4,0,stable
18,2024,Mangaluru,Karnataka,DIS-MAL,Malaria,2,0,stable
19,2024,Mangaluru,Karnataka,DIS-CHL,Cholera,4,0,rising
19,2024,Mangaluru,Karnataka,DIS-DEN,Dengue,1,0,declining
19,2024,Mangaluru,Karnataka,DIS-RSP,Respiratory infections,5,0,rising
19,2024,Mangaluru,Karnataka,DIS-SNK,Snakebite,3,0,rising
19,2024,Mangaluru,Karnataka,DIS-MAL,Malaria,1,0,rising
20,2024,Mangaluru,Karnataka,DIS-CHL,Cholera,1,0,declining
20,2024,Mangaluru,Karnataka,DIS-DEN,Dengue,2,0,stable
20,2024,Mangaluru,Karnataka,DIS-RSP,Respiratory infections,3,0,stable
20,2024,Mangaluru,Karnataka,DIS-SNK,Snakebite,98,1,rising
20,2024,Mangaluru,Karnataka,DIS-MAL,Malaria,2,0,declining
21,2024,Mangaluru,Karnataka,DIS-CHL,Cholera,1,0,rising
21,2024,Mangaluru,Karnataka,DIS-DEN,Dengue,1,0,declining
21,2024,Mangaluru,Karnataka,DIS-RSP,Respiratory infections,3,0,rising
21,2024,Mangaluru,Karnataka,DIS-SNK,Snakebite,30,1,rising
21,2024,Mangaluru,Karnataka,DIS-MAL,Malaria,3,0,rising
22,2024,Mangaluru,Karnataka,DIS-CHL,Cholera,3,0,declining
22,2024,Mangaluru,Karnataka,DIS-DEN,Dengue,0,0,stable
22,2024,Mangaluru,Karnataka,DIS-RSP,Respiratory infections,3,0,declining
22,2024,Mangaluru,Karnataka,DIS-SNK,Snakebite,29,0,rising
22,2024,Mangaluru,Karnataka,DIS-MAL,Malaria,0,0,declining
23,2024,Mangaluru,Karnataka,DIS-CHL,Cholera,1,0,declining
23,2024,Mangaluru,Karnataka,DIS-DEN,Dengue,2,0,rising
23,2024,Mangaluru,Karnataka,DIS-RSP,Respiratory infections,0,0,declining
23,2024,Mangaluru,Karnataka,DIS-SNK,Snakebite,64,2,rising
23,2024,Mangaluru,Karnataka,DIS-MAL,Malaria,4,0,stable
24,2024,Mangaluru,Karnataka,DIS-CHL,Cholera,4,0,declining
24,2024,Mangaluru,Karnataka,DIS-DEN,Dengue,3,0,stable
24,2024,Mangaluru,Karnataka,DIS-RSP,Respiratory infections,2,0,declining
24,2024,Mangaluru,Karnataka,DIS-SNK,Snakebite,60,0,rising
24,2024,Mangaluru,Karnataka,DIS-MAL,Malaria,0,0,declining
25,2024,Mangaluru,Karnataka,DIS-CHL,Cholera,45,1,rising
25,2024,Mangaluru,Karnataka,DIS-DEN,Dengue,4,0,stable
25,2024,Mangaluru,Karnataka,DIS-RSP,Respiratory infections,4,0,stable
25,2024,Mangaluru,Karnataka,DIS-SNK,Snakebite,88,2,rising
25,2024,Mangaluru,Karnataka,DIS-MAL,Malaria,4,0,declining
26,2024,Mangaluru,Karnataka,DIS-CHL,Cholera,31,1,rising
26,2024,Mangaluru,Karnataka,DIS-DEN,Dengue,3,0,declining
26,2024,Mangaluru,Karnataka,DIS-RSP,Respiratory infections,3,0,stable
26,2024,Mangaluru,Karnataka,DIS-SNK,Snakebite,88,1,rising
26,2024,Mangaluru,Karnataka,DIS-MAL,Malaria,0,0,stable
27,2024,Mangaluru,Karnataka,DIS-CHL,Cholera,26,0,rising
27,2024,Mangaluru,Karnataka,DIS-DEN,Dengue,3,0,declining
27,2024,Mangaluru,Karnataka,DIS-RSP,Respiratory infections,3,0,stable
27,2024,Mangaluru,Karnataka,DIS-SNK,Snakebite,45,1,rising
27,2024,Mangaluru,Karnataka,DIS-MAL,Malaria,2,0,rising
28,2024,Mangaluru,Karnataka,DIS-CHL,Cholera,30,0,rising
28,2024,Mangaluru,Karnataka,DIS-DEN,Dengue,0,0,stable
28,2024,Mangaluru,Karnataka,DIS-RSP,Respiratory infections,1,0,declining
28,2024,Mangaluru,Karnataka,DIS-SNK,Snakebite,19,0,rising
28,2024,Mangaluru,Karnataka,DIS-MAL,Malaria,53,2,rising
29,2024,Mangaluru,Karnataka,DIS-CHL,Cholera,99,1,rising
29,2024,Mangaluru,Karnataka,DIS-DEN,Dengue,0,0,declining
29,2024,Mangaluru,Karnataka,DIS-RSP,Respiratory infections,4,0,stable
29,2024,Mangaluru,Karnataka,DIS-SNK,Snakebite,96,0,rising
29,2024,Mangaluru,Karnataka,DIS-MAL,Malaria,63,0,rising
30,2024,Mangaluru,Karnataka,DIS-CHL,Cholera,99,1,declining
30,2024,Mangaluru,Karnataka,DIS-DEN,Dengue,89,3,rising
30,2024,Mangaluru,Karnataka,DIS-RSP,Respiratory infections,4,0,declining
30,2024,Mangaluru,Karnataka,DIS-SNK,Snakebite,63,0,declining
30,2024,Mangaluru,Karnataka,DIS-MAL,Malaria,64,1,rising
31,2024,Mangaluru,Karnataka,DIS-CHL,Cholera,104,2,declining
31,2024,Mangaluru,Karnataka,DIS-DEN,Dengue,21,0,rising
31,2024,Mangaluru,Karnataka,DIS-RSP,Respiratory infections,2,0,rising
31,2024,Mangaluru,Karnataka,DIS-SNK,Snakebite,98,2,declining
31,2024,Mangaluru,Karnataka,DIS-MAL,Malaria,97,3,rising
32,2024,Mangaluru,Karnataka,DIS-CHL,Cholera,24,0,declining
32,2024,Mangaluru,Karnataka,DIS-DEN,Dengue,99,2,rising
32,2024,Mangaluru,Karnataka,DIS-RSP,Respiratory infections,2,0,stable
32,2024,Mangaluru,Karnataka,DIS-SNK,Snakebite,92,3,declining
32,2024,Mangaluru,Karnataka,DIS-MAL,Malaria,105,3,rising
33,2024,Mangaluru,Karnataka,DIS-CHL,Cholera,41,0,declining
33,2024,Mangaluru,Karnataka,DIS-DEN,Dengue,33,0,rising
33,2024,Mangaluru,Karnataka,DIS-RSP,Respiratory infections,0,0,rising
33,2024,Mangaluru,Karnataka,DIS-SNK,Snakebite,67,2,declining
33,2024,Mangaluru,Karnataka,DIS-MAL,Malaria,40,1,rising
34,2024,Mangaluru,Karnataka,DIS-CHL,Cholera,95,2,declining
34,2024,Mangaluru,Karnataka,DIS-DEN,Dengue,32,0,rising
34,2024,Mangaluru,Karnataka,DIS-RSP,Respiratory infections,3,0,declining
34,2024,Mangaluru,Karnataka,DIS-SNK,Snakebite,68,1,declining
34,2024,Mangaluru,Karnataka,DIS-MAL,Malaria,72,0,rising
35,2024,Mangaluru,Karnataka,DIS-CHL,Cholera,61,0,declining
35,2024,Mangaluru,Karnataka,DIS-DEN,Dengue,88,3,rising
35,2024,Mangaluru,Karnataka,DIS-RSP,Respiratory infections,5,0,stable
35,2024,Mangaluru,Karnataka,DIS-SNK,Snakebite,65,1,declining
35,2024,Mangaluru,Karnataka,DIS-MAL,Malaria,97,1,declining
36,2024,Mangaluru,Karnataka,DIS-CHL,Cholera,1,0,rising
36,2024,Mangaluru,Karnataka,DIS-DEN,Dengue,61,2,rising
36,2024,Mangaluru,Karnataka,DIS-RSP,Respiratory infections,3,0,declining
36,2024,Mangaluru,Karnataka,DIS-SNK,Snakebite,63,2,declining
36,2024,Mangaluru,Karnataka,DIS-MAL,Malaria,82,3,declining
37,2024,Mangaluru,Karnataka,DIS-CHL,Cholera,4,0,stable
37,2024,Mangaluru,Karnataka,DIS-DEN,Dengue,45,1,declining
37,2024,Mangaluru,Karnataka,DIS-RSP,Respiratory infections,0,0,stable
37,2024,Mangaluru,Karnataka,DIS-SNK,Snakebite,90,3,declining
37,2024,Mangaluru,Karnataka,DIS-MAL,Malaria,56,2,declining
38,2024,Mangaluru,Karnataka,DIS-CHL,Cholera,0,0,declining
38,2024,Mangaluru,Karnataka,DIS-DEN,Dengue,54,0,declining
38,2024,Mangaluru,Karnataka,DIS-RSP,Respiratory infections,1,0,declining
38,2024,Mangaluru,Karnataka,DIS-SNK,Snakebite,58,2,declining
38,2024,Mangaluru,Karnataka,DIS-MAL,Malaria,94,1,declining
39,2024,Mangaluru,Karnataka,DIS-CHL,Cholera,4,0,declining
39,2024,Mangaluru,Karnataka,DIS-DEN,Dengue,45,2,declining
39,2024,Mangaluru,Karnataka,DIS-RSP,Respiratory infections,4,0,stable
39,2024,Mangaluru,Karnataka,DIS-SNK,Snakebite,89,3,declining
39,2024,Mangaluru,Karnataka,DIS-MAL,Malaria,94,0,declining
40,2024,Mangaluru,Karnataka,DIS-CHL,Cholera,1,0,declining
40,2024,Mangaluru,Karnataka,DIS-DEN,Dengue,53,0,declining
40,2024,Mangaluru,Karnataka,DIS-RSP,Respiratory infections,4,0,rising
40,2024,Mangaluru,Karnataka,DIS-SNK,Snakebite,53,0,declining
40,2024,Mangaluru,Karnataka,DIS-MAL,Malaria,39,1,declining
41,2024,Mangaluru,Karnataka,DIS-CHL,Cholera,5,0,rising
41,2024,Mangaluru,Karnataka,DIS-DEN,Dengue,35,1,declining
41,2024,Mangaluru,Karnataka,DIS-RSP,Respiratory infections,0,0,rising
41,2024,Mangaluru,Karnataka,DIS-SNK,Snakebite,0,0,declining
41,2024,Mangaluru,Karnataka,DIS-MAL,Malaria,82,3,declining
42,2024,Mangaluru,Karnataka,DIS-CHL,Cholera,1,0,rising
42,2024,Mangaluru,Karnataka,DIS-DEN,Dengue,31,0,declining
42,2024,Mangaluru,Karnataka,DIS-RSP,Respiratory infections,1,0,stable
42,2024,Mangaluru,Karnataka,DIS-SNK,Snakebite,2,0,rising
42,2024,Mangaluru,Karnataka,DIS-MAL,Malaria,101,2,declining
43,2024,Mangaluru,Karnataka,DIS-CHL,Cholera,3,0,stable
43,2024,Mangaluru,Karnataka,DIS-DEN,Dengue,89,0,declining
43,2024,Mangaluru,Karnataka,DIS-RSP,Respiratory infections,3,0,declining
43,2024,Mangaluru,Karnataka,DIS-SNK,Snakebite,1,0,stable
43,2024,Mangaluru,Karnataka,DIS-MAL,Malaria,3,0,rising
44,2024,Mangaluru,Karnataka,DIS-CHL,Cholera,0,0,rising
44,2024,Mangaluru,Karnataka,DIS-DEN,Dengue,54,1,declining
44,2024,Mangaluru,Karnataka,DIS-RSP,Respiratory infections,2,0,rising
44,2024,Mangaluru,Karnataka,DIS-SNK,Snakebite,2,0,declining
44,2024,Mangaluru,Karnataka,DIS-MAL,Malaria,5,0,declining
45,2024,Mangaluru,Karnataka,DIS-CHL,Cholera,1,0,rising
45,2024,Mangaluru,Karnataka,DIS-DEN,Dengue,23,0,declining
45,2024,Mangaluru,Karnataka,DIS-RSP,Respiratory infections,93,2,declining
45,2024,Mangaluru,Karnataka,DIS-SNK,Snakebite,0,0,rising
45,2024,Mangaluru,Karnataka,DIS-MAL,Malaria,0,0,declining
46,2024,Mangaluru,Karnataka,DIS-CHL,Cholera,1,0,stable
46,2024,Mangaluru,Karnataka,DIS-DEN,Dengue,2,0,stable
46,2024,Mangaluru,Karnataka,DIS-RSP,Respiratory infections,67,3,declining
46,2024,Mangaluru,Karnataka,DIS-SNK,Snakebite,0,0,stable
46,2024,Mangaluru,Karnataka,DIS-MAL,Malaria,4,0,stable
47,2024,Mangaluru,Karnataka,DIS-CHL,Cholera,5,0,stable
47,2024,Mangaluru,Karnataka,DIS-DEN,Dengue,0,0,rising
47,2024,Mangaluru,Karnataka,DIS-RSP,Respiratory infections,50,1,declining
47,2024,Mangaluru,Karnataka,DIS-SNK,Snakebite,2,0,stable
47,2024,Mangaluru,Karnataka,DIS-MAL,Malaria,2,0,stable
48,2024,Mangaluru,Karnataka,DIS-CHL,Cholera,0,0,rising
48,2024,Mangaluru,Karnataka,DIS-DEN,Dengue,2,0,stable
48,2024,Mangaluru,Karnataka,DIS-RSP,Respiratory infections,37,1,declining
48,2024,Mangaluru,Karnataka,DIS-SNK,Snakebite,0,0,stable
48,2024,Mangaluru,Karnataka,DIS-MAL,Malaria,2,0,rising
49,2024,Mangaluru,Karnataka,DIS-CHL,Cholera,1,0,stable
49,2024,Mangaluru,Karnataka,DIS-DEN,Dengue,4,0,stable
49,2024,Mangaluru,Karnataka,DIS-RSP,Respiratory infections,55,2,declining
49,2024,Mangaluru,Karnataka,DIS-SNK,Snakebite,1,0,stable
49,2024,Mangaluru,Karnataka,DIS-MAL,Malaria,2,0,rising
50,2024,Mangaluru,Karnataka,DIS-CHL,Cholera,3,0,rising
50,2024,Mangaluru,Karnataka,DIS-DEN,Dengue,4,0,stable
50,2024,Mangaluru,Karnataka,DIS-RSP,Respiratory infections,16,0,declining
50,2024,Mangaluru,Karnataka,DIS-SNK,Snakebite,3,0,stable
50,2024,Mangaluru,Karnataka,DIS-MAL,Malaria,0,0,declining
51,2024,Mangaluru,Karnataka,DIS-CHL,Cholera,1,0,stable
51,2024,Mangaluru,Karnataka,DIS-DEN,Dengue,5,0,declining
51,2024,Mangaluru,Karnataka,DIS-RSP,Respiratory infections,77,0,declining
51,2024,Mangaluru,Karnataka,DIS-SNK,Snakebite,2,0,declining
51,2024,Mangaluru,Karnataka,DIS-MAL,Malaria,4,0,declining
52,2024,Mangaluru,Karnataka,DIS-CHL,Cholera,0,0,stable
52,2024,Mangaluru,Karnataka,DIS-DEN,Dengue,5,0,rising
52,2024,Mangaluru,Karnataka,DIS-RSP,Respiratory infections,84,0,declining
52,2024,Mangaluru,Karnataka,DIS-SNK,Snakebite,3,0,declining
52,2024,Mangaluru,Karnataka,DIS-MAL,Malaria,0,0,declining
1,2024,Belagavi,Karnataka,DIS-CHL,Cholera,4,0,rising
1,2024,Belagavi,Karnataka,DIS-DEN,Dengue,0,0,stable
1,2024,Belagavi,Karnataka,DIS-RSP,Respiratory infections,72,1,rising
1,2024,Belagavi,Karnataka,DIS-SNK,Snakebite,4,0,stable
1,2024,Belagavi,Karnataka,DIS-MAL,Malaria,2,0,rising
2,2024,Belagavi,Karnataka,DIS-CHL,Cholera,2,0,stable
2,2024,Belagavi,Karnataka,DIS-DEN,Dengue,2,0,stable
2,2024,Belagavi,Karnataka,DIS-RSP,Respiratory infections,20,0,declining
2,2024,Belagavi,Karnataka,DIS-SNK,Snakebite,4,0,declining
2,2024,Belagavi,Karnataka,DIS-MAL,Malaria,4,0,stable
3,2024,Belagavi,Karnataka,DIS-CHL,Cholera,0,0,stable
3,2024,Belagavi,Karnataka,DIS-DEN,Dengue,1,0,rising
3,2024,Belagavi,Karnataka,DIS-RSP,Respiratory infections,52,0,declining
3,2024,Belagavi,Karnataka,DIS-SNK,Snakebite,1,0,stable
3,2024,Belagavi,Karnataka,DIS-MAL,Malaria,2,0,declining
4,2024,Belagavi,Karnataka,DIS-CHL,Cholera,1,0,declining
4,2024,Belagavi,Karnataka,DIS-DEN,Dengue,0,0,stable
4,2024,Belagavi,Karnataka,DIS-RSP,Respiratory infections,99,4,declining
4,2024,Belagavi,Karnataka,DIS-SNK,Snakebite,4,0,declining
4,2024,Belagavi,Karnataka,DIS-MAL,Malaria,2,0,declining
5,2024,Belagavi,Karnataka,DIS-CHL,Cholera,2,0,declining
5,2024,Belagavi,Karnataka,DIS-DEN,Dengue,5,0,rising
5,2024,Belagavi,Karnataka,DIS-RSP,Respiratory infections,27,0,declining
5,2024,Belagavi,Karnataka,DIS-SNK,Snakebite,1,0,stable
5,2024,Belagavi,Karnataka,DIS-MAL,Malaria,2,0,rising
6,2024,Belagavi,Karnataka,DIS-CHL,Cholera,5,0,stable
6,2024,Belagavi,Karnataka,DIS-DEN,Dengue,2,0,declining
6,2024,Belagavi,Karnataka,DIS-RSP,Respiratory infections,79,2,declining
6,2024,Belagavi,Karnataka,DIS-SNK,Snakebite,0,0,rising
6,2024,Belagavi,Karnataka,DIS-MAL,Malaria,5,0,rising
7,2024,Belagavi,Karnataka,DIS-CHL,Cholera,4,0,stable
7,2024,Belagavi,Karnataka,DIS-DEN,Dengue,4,0,rising
7,2024,Belagavi,Karnataka,DIS-RSP,Respiratory infections,53,1,declining
7,2024,Belagavi,Karnataka,DIS-SNK,Snakebite,1,0,rising
7,2024,Belagavi,Karnataka,DIS-MAL,Malaria,1,0,rising
8,2024,Belagavi,Karnataka,DIS-CHL,Cholera,0,0,stable
8,2024,Belagavi,Karnataka,DIS-DEN,Dengue,3,0,rising
8,2024,Belagavi,Karnataka,DIS-RSP,Respiratory infections,48,0,declining
8,2024,Belagavi,Karnataka,DIS-SNK,Snakebite,4,0,rising
8,2024,Belagavi,Karnataka,DIS-MAL,Malaria,2,0,declining
9,2024,Belagavi,Karnataka,DIS-CHL,Cholera,3,0,declining
9,2024,Belagavi,Karnataka,DIS-DEN,Dengue,1,0,stable
9,2024,Belagavi,Karnataka,DIS-RSP,Respiratory infections,1,0,stable
9,2024,Belagavi,Karnataka,DIS-SNK,Snakebite,1,0,stable
9,2024,Belagavi,Karnataka,DIS-MAL,Malaria,0,0,stable
10,2024,Belagavi,Karnataka,DIS-CHL,Cholera,5,0,rising
10,2024,Belagavi,Karnataka,DIS-DEN,Dengue,3,0,rising
10,2024,Belagavi,Karnataka,DIS-RSP,Respiratory infections,1,0,declining
10,2024,Belagavi,Karnataka,DIS-SNK,Snakebite,2,0,rising
10,2024,Belagavi,Karnataka,DIS-MAL,Malaria,4,0,rising
11,2024,Belagavi,Karnataka,DIS-CHL,Cholera,3,0,stable
11,2024,Belagavi,Karnataka,DIS-DEN,Dengue,4,0,rising
11,2024,Belagavi,Karnataka,DIS-RSP,Respiratory infections,0,0,declining
11,2024,Belagavi,Karnataka,DIS-SNK,Snakebite,1,0,stable
11,2024,Belagavi,Karnataka,DIS-MAL,Malaria,3,0,declining
12,2024,Belagavi,Karnataka,DIS-CHL,Cholera,2,0,declining
12,2024,Belagavi,Karnataka,DIS-DEN,Dengue,0,0,declining
12,2024,Belagavi,Karnataka,DIS-RSP,Respiratory infections,4,0,stable
12,2024,Belagavi,Karnataka,DIS-SNK,Snakebite,1,0,stable
12,2024,Belagavi,Karnataka,DIS-MAL,Malaria,0,0,stable
13,2024,Belagavi,Karnataka,DIS-CHL,Cholera,1,0,stable
13,2024,Belagavi,Karnataka,DIS-DEN,Dengue,1,0,stable
13,2024,Belagavi,Karnataka,DIS-RSP,Respiratory infections,3,0,rising
13,2024,Belagavi,Karnataka,DIS-SNK,Snakebite,5,0,rising
13,2024,Belagavi,Karnataka,DIS-MAL,Malaria,2,0,rising
14,2024,Belagavi,Karnataka,DIS-CHL,Cholera,1,0,declining
14,2024,Belagavi,Karnataka,DIS-DEN,Dengue,4,0,stable
14,2024,Belagavi,Karnataka,DIS-RSP,Respiratory infections,2,0,declining
14,2024,Belagavi,Karnataka,DIS-SNK,Snakebite,4,0,stable
14,2024,Belagavi,Karnataka,DIS-MAL,Malaria,3,0,rising
15,2024,Belagavi,Karnataka,DIS-CHL,Cholera,0,0,rising
15,2024,Belagavi,Karnataka,DIS-DEN,Dengue,1,0,declining
15,2024,Belagavi,Karnataka,DIS-RSP,Respiratory infections,1,0,stable
15,2024,Belagavi,Karnataka,DIS-SNK,Snakebite,3,0,rising
15,2024,Belagavi,Karnataka,DIS-MAL,Malaria,4,0,stable
16,2024,Belagavi,Karnataka,DIS-CHL,Cholera,4,0,stable
16,2024,Belagavi,Karnataka,DIS-DEN,Dengue,3,0,declining
16,2024,Belagavi,Karnataka,DIS-RSP,Respiratory infections,0,0,stable
16,2024,Belagavi,Karnataka,DIS-SNK,Snakebite,2,0,stable
16,2024,Belagavi,Karnataka,DIS-MAL,Malaria,0,0,rising
17,2024,Belagavi,Karnataka,DIS-CHL,Cholera,4,0,rising
17,2024,Belagavi,Karnataka,DIS-DEN,Dengue,0,0,rising
17,2024,Belagavi,Karnataka,DIS-RSP,Respiratory infections,5,0,stable
17,2024,Belagavi,Karnataka,DIS-SNK,Snakebite,2,0,stable
17,2024,Belagavi,Karnataka,DIS-MAL,Malaria,1,0,declining
18,2024,Belagavi,Karnataka,DIS-CHL,Cholera,0,0,rising
18,2024,Belagavi,Karnataka,DIS-DEN,Dengue,4,0,declining
18,2024,Belagavi,Karnataka,DIS-RSP,Respiratory infections,3,0,declining
18,2024,Belagavi,Karnataka,DIS-SNK,Snakebite,5,0,declining
18,2024,Belagavi,Karnataka,DIS-MAL,Malaria,1,0,declining
19,2024,Belagavi,Karnataka,DIS-CHL,Cholera,5,0,stable
19,2024,Belagavi,Karnataka,DIS-DEN,Dengue,1,0,rising
19,2024,Belagavi,Karnataka,DIS-RSP,Respiratory infections,0,0,stable
19,2024,Belagavi,Karnataka,DIS-SNK,Snakebite,0,0,rising
19,2024,Belagavi,Karnataka,DIS-MAL,Malaria,4,0,stable
20,2024,Belagavi,Karnataka,DIS-CHL,Cholera,1,0,stable
20,2024,Belagavi,Karnataka,DIS-DEN,Dengue,5,0,declining
20,2024,Belagavi,Karnataka,DIS-RSP,Respiratory infections,3,0,stable
20,2024,Belagavi,Karnataka,DIS-SNK,Snakebite,75,1,rising
20,2024,Belagavi,Karnataka,DIS-MAL,Malaria,0,0,rising
21,2024,Belagavi,Karnataka,DIS-CHL,Cholera,4,0,stable
21,2024,Belagavi,Karnataka,DIS-DEN,Dengue,0,0,stable
21,2024,Belagavi,Karnataka,DIS-RSP,Respiratory infections,4,0,stable
21,2024,Belagavi,Karnataka,DIS-SNK,Snakebite,82,3,rising
21,2024,Belagavi,Karnataka,DIS-MAL,Malaria,3,0,declining
22,2024,Belagavi,Karnataka,DIS-CHL,Cholera,5,0,declining
22,2024,Belagavi,Karnataka,DIS-DEN,Dengue,3,0,rising
22,2024,Belagavi,Karnataka,DIS-RSP,Respiratory infections,0,0,rising
22,2024,Belagavi,Karnataka,DIS-SNK,Snakebite,95,0,rising
22,2024,Belagavi,Karnataka,DIS-MAL,Malaria,2,0,stable
23,2024,Belagavi,Karnataka,DIS-CHL,Cholera,2,0,declining
23,2024,Belagavi,Karnataka,DIS-DEN,Dengue,0,0,stable
23,2024,Belagavi,Karnataka,DIS-RSP,Respiratory infections,0,0,stable
23,2024,Belagavi,Karnataka,DIS-SNK,Snakebite,77,2,rising
23,2024,Belagavi,Karnataka,DIS-MAL,Malaria,0,0,stable
24,2024,Belagavi,Karnataka,DIS-CHL,Cholera,2,0,declining
24,2024,Belagavi,Karnataka,DIS-DEN,Dengue,1,0,declining
24,2024,Belagavi,Karnataka,DIS-RSP,Respiratory infections,0,0,stable
24,2024,Belagavi,Karnataka,DIS-SNK,Snakebite,32,0,rising
24,2024,Belagavi,Karnataka,DIS-MAL,Malaria,4,0,rising
25,2024,Belagavi,Karnataka,DIS-CHL,Cholera,22,0,rising
25,2024,Belagavi,Karnataka,DIS-DEN,Dengue,0,0,stable
25,2024,Belagavi,Karnataka,DIS-RSP,Respiratory infections,0,0,stable
25,2024,Belagavi,Karnataka,DIS-SNK,Snakebite,30,0,rising
25,2024,Belagavi,Karnataka,DIS-MAL,Malaria,4,0,stable
26,2024,Belagavi,Karnataka,DIS-CHL,Cholera,29,1,rising
26,2024,Belagavi,Karnataka,DIS-DEN,Dengue,0,0,declining
26,2024,Belagavi,Karnataka,DIS-RSP,Respiratory infections,0,0,stable
26,2024,Belagavi,Karnataka,DIS-SNK,Snakebite,69,0,rising
26,2024,Belagavi,Karnataka,DIS-MAL,Malaria,2,0,rising
27,2024,Belagavi,Karnataka,DIS-CHL,Cholera,19,0,rising
27,2024,Belagavi,Karnataka,DIS-DEN,Dengue,3,0,stable
27,2024,Belagavi,Karnataka,DIS-RSP,Respiratory infections,3,0,stable
27,2024,Belagavi,Karnataka,DIS-SNK,Snakebite,49,1,rising
27,2024,Belagavi,Karnataka,DIS-MAL,Malaria,0,0,declining
28,2024,Belagavi,Karnataka,DIS-CHL,Cholera,77,0,rising
28,2024,Belagavi,Karnataka,DIS-DEN,Dengue,1,0,stable
28,2024,Belagavi,Karnataka,DIS-RSP,Respiratory infections,1,0,stable
28,2024,Belagavi,Karnataka,DIS-SNK,Snakebite,103,2,rising
28,2024,Belagavi,Karnataka,DIS-MAL,Malaria,38,0,rising
29,2024,Belagavi,Karnataka,DIS-CHL,Cholera,68,0,rising
29,2024,Belagavi,Karnataka,DIS-DEN,Dengue,3,0,rising
29,2024,Belagavi,Karnataka,DIS-RSP,Respiratory infections,1,0,rising
29,2024,Belagavi,Karnataka,DIS-SNK,Snakebite,19,0,rising
29,2024,Belagavi,Karnataka,DIS-MAL,Malaria,98,1,rising
30,2024,Belagavi,Karnataka,DIS-CHL,Cholera,22,0,declining
30,2024,Belagavi,Karnataka,DIS-DEN,Dengue,55,2,rising
30,2024,Belagavi,Karnataka,DIS-RSP,Respiratory infections,3,0,rising
30,2024,Belagavi,Karnataka,DIS-SNK,Snakebite,24,0,declining
30,2024,Belagavi,Karnataka,DIS-MAL,Malaria,39,0,rising
31,2024,Belagavi,Karnataka,DIS-CHL,Cholera,66,2,declining
31,2024,Belagavi,Karnataka,DIS-DEN,Dengue,73,2,rising
31,2024,Belagavi,Karnataka,DIS-RSP,Respiratory infections,0,0,rising
31,2024,Belagavi,Karnataka,DIS-SNK,Snakebite,71,0,declining
31,2024,Belagavi,Karnataka,DIS-MAL,Malaria,117,2,rising
32,2024,Belagavi,Karnataka,DIS-CHL,Cholera,22,0,declining
32,2024,Belagavi,Karnataka,DIS-DEN,Dengue,19,0,rising
32,2024,Belagavi,Karnataka,DIS-RSP,Respiratory infections,0,0,stable
32,2024,Belagavi,Karnataka,DIS-SNK,Snakebite,100,1,declining
32,2024,Belagavi,Karnataka,DIS-MAL,Malaria,22,0,rising
33,2024,Belagavi,Karnataka,DIS-CHL,Cholera,38,1,declining
33,2024,Belagavi,Karnataka,DIS-DEN,Dengue,34,0,rising
33,2024,Belagavi,Karnataka,DIS-RSP,Respiratory infections,0,0,declining
33,2024,Belagavi,Karnataka,DIS-SNK,Snakebite,48,1,declining
33,2024,Belagavi,Karnataka,DIS-MAL,Malaria,77,1,rising
34,2024,Belagavi,Karnataka,DIS-CHL,Cholera,77,1,declining
34,2024,Belagavi,Karnataka,DIS-DEN,Dengue,64,2,rising
34,2024,Belagavi,Karnataka,DIS-RSP,Respiratory infections,1,0,stable
34,2024,Belagavi,Karnataka,DIS-SNK,Snakebite,37,1,declining
34,2024,Belagavi,Karnataka,DIS-MAL,Malaria,49,2,rising
35,2024,Belagavi,Karnataka,DIS-CHL,Cholera,31,0,declining
35,2024,Belagavi,Karnataka,DIS-DEN,Dengue,89,3,rising
35,2024,Belagavi,Karnataka,DIS-RSP,Respiratory infections,1,0,rising
35,2024,Belagavi,Karnataka,DIS-SNK,Snakebite,18,0,declining
35,2024,Belagavi,Karnataka,DIS-MAL,Malaria,22,0,declining
36,2024,Belagavi,Karnataka,DIS-CHL,Cholera,3,0,stable
36,2024,Belagavi,Karnataka,DIS-DEN,Dengue,17,0,rising
36,2024,Belagavi,Karnataka,DIS-RSP,Respiratory infections,0,0,rising
36,2024,Belagavi,Karnataka,DIS-SNK,Snakebite,24,0,declining
36,2024,Belagavi,Karnataka,DIS-MAL,Malaria,72,3,declining
37,2024,Belagavi,Karnataka,DIS-CHL,Cholera,4,0,rising
37,2024,Belagavi,Karnataka,DIS-DEN,Dengue,48,1,declining
37,2024,Belagavi,Karnataka,DIS-RSP,Respiratory infections,2,0,stable
37,2024,Belagavi,Karnataka,DIS-SNK,Snakebite,41,0,declining
37,2024,Belagavi,Karnataka,DIS-MAL,Malaria,40,0,declining
38,2024,Belagavi,Karnataka,DIS-CHL,Cholera,1,0,stable
38,2024,Belagavi,Karnataka,DIS-DEN,Dengue,92,3,declining
38,2024,Belagavi,Karnataka,DIS-RSP,Respiratory infections,0,0,stable
38,2024,Belagavi,Karnataka,DIS-SNK,Snakebite,51,0,declining
38,2024,Belagavi,Karnataka,DIS-MAL,Malaria,79,2,declining
39,2024,Belagavi,Karnataka,DIS-CHL,Cholera,4,0,stable
39,2024,Belagavi,Karnataka,DIS-DEN,Dengue,70,2,declining
39,2024,Belagavi,Karnataka,DIS-RSP,Respiratory infections,3,0,stable
39,2024,Belagavi,Karnataka,DIS-SNK,Snakebite,41,0,declining
39,2024,Belagavi,Karnataka,DIS-MAL,Malaria,74,3,declining
40,2024,Belagavi,Karnataka,DIS-CHL,Cholera,3,0,rising
40,2024,Belagavi,Karnataka,DIS-DEN,Dengue,41,1,declining
40,2024,Belagavi,Karnataka,DIS-RSP,Respiratory infections,1,0,stable
40,2024,Belagavi,Karnataka,DIS-SNK,Snakebite,54,1,declining
40,2024,Belagavi,Karnataka,DIS-MAL,Malaria,109,1,declining
41,2024,Belagavi,Karnataka,DIS-CHL,Cholera,2,0,declining
41,2024,Belagavi,Karnataka,DIS-DEN,Dengue,69,3,declining
41,2024,Belagavi,Karnataka,DIS-RSP,Respiratory infections,3,0,stable
41,2024,Belagavi,Karnataka,DIS-SNK,Snakebite,0,0,stable
41,2024,Belagavi,Karnataka,DIS-MAL,Malaria,72,0,declining
42,2024,Belagavi,Karnataka,DIS-CHL,Cholera,1,0,rising
42,2024,Belagavi,Karnataka,DIS-DEN,Dengue,67,1,declining
42,2024,Belagavi,Karnataka,DIS-RSP,Respiratory infections,0,0,stable
42,2024,Belagavi,Karnataka,DIS-SNK,Snakebite,1,0,declining
42,2024,Belagavi,Karnataka,DIS-MAL,Malaria,57,0,declining
43,2024,Belagavi,Karnataka,DIS-CHL,Cholera,0,0,stable
43,2024,Belagavi,Karnataka,DIS-DEN,Dengue,23,0,declining
43,2024,Belagavi,Karnataka,DIS-RSP,Respiratory infections,2,0,declining
43,2024,Belagavi,Karnataka,DIS-SNK,Snakebite,5,0,rising
43,2024,Belagavi,Karnataka,DIS-MAL,Malaria,0,0,declining
44,2024,Belagavi,Karnataka,DIS-CHL,Cholera,4,0,rising
44,2024,Belagavi,Karnataka,DIS-DEN,Dengue,77,3,declining
44,2024,Belagavi,Karnataka,DIS-RSP,Respiratory infections,0,0,rising
44,2024,Belagavi,Karnataka,DIS-SNK,Snakebite,5,0,stable
44,2024,Belagavi,Karnataka,DIS-MAL,Malaria,2,0,stable
45,2024,Belagavi,Karnataka,DIS-CHL,Cholera,1,0,stable
45,2024,Belagavi,Karnataka,DIS-DEN,Dengue,79,0,declining
45,2024,Belagavi,Karnataka,DIS-RSP,Respiratory infections,79,1,declining
45,2024,Belagavi,Karnataka,DIS-SNK,Snakebite,2,0,rising
45,2024,Belagavi,Karnataka,DIS-MAL,Malaria,4,0,declining
46,2024,Belagavi,Karnataka,DIS-CHL,Cholera,5,0,stable
46,2024,Belagavi,Karnataka,DIS-DEN,Dengue,4,0,stable
46,2024,Belagavi,Karnataka,DIS-RSP,Respiratory infections,90,0,declining
46,2024,Belagavi,Karnataka,DIS-SNK,Snakebite,4,0,stable
46,2024,Belagavi,Karnataka,DIS-MAL,Malaria,2,0,declining
47,2024,Belagavi,Karnataka,DIS-CHL,Cholera,2,0,stable
47,2024,Belagavi,Karnataka,DIS-DEN,Dengue,4,0,rising
47,2024,Belagavi,Karnataka,DIS-RSP,Respiratory infections,27,0,declining
47,2024,Belagavi,Karnataka,DIS-SNK,Snakebite,1,0,rising
47,2024,Belagavi,Karnataka,DIS-MAL,Malaria,1,0,rising
48,2024,Belagavi,Karnataka,DIS-CHL,Cholera,5,0,stable
48,2024,Belagavi,Karnataka,DIS-DEN,Dengue,0,0,declining
48,2024,Belagavi,Karnataka,DIS-RSP,Respiratory infections,87,3,declining
48,2024,Belagavi,Karnataka,DIS-SNK,Snakebite,4,0,stable
48,2024,Belagavi,Karnataka,DIS-MAL,Malaria,0,0,rising
49,2024,Belagavi,Karnataka,DIS-CHL,Cholera,0,0,stable
49,2024,Belagavi,Karnataka,DIS-DEN,Dengue,0,0,stable
49,2024,Belagavi,Karnataka,DIS-RSP,Respiratory infections,82,1,declining
49,2024,Belagavi,Karnataka,DIS-SNK,Snakebite,1,0,stable
49,2024,Belagavi,Karnataka,DIS-MAL,Malaria,0,0,rising
50,2024,Belagavi,Karnataka,DIS-CHL,Cholera,1,0,stable
50,2024,Belagavi,Karnataka,DIS-DEN,Dengue,0,0,stable
50,2024,Belagavi,Karnataka,DIS-RSP,Respiratory infections,22,0,declining
50,2024,Belagavi,Karnataka,DIS-SNK,Snakebite,2,0,declining
50,2024,Belagavi,Karnataka,DIS-MAL,Malaria,2,0,stable
51,2024,Belagavi,Karnataka,DIS-CHL,Cholera,5,0,stable
51,2024,Belagavi,Karnataka,DIS-DEN,Dengue,3,0,stable
51,2024,Belagavi,Karnataka,DIS-RSP,Respiratory infections,38,0,declining
51,2024,Belagavi,Karnataka,DIS-SNK,Snakebite,3,0,stable
51,2024,Belagavi,Karnataka,DIS-MAL,Malaria,0,0,rising
52,2024,Belagavi,Karnataka,DIS-CHL,Cholera,1,0,declining
52,2024,Belagavi,Karnataka,DIS-DEN,Dengue,1,0,rising
52,2024,Belagavi,Karnataka,DIS-RSP,Respiratory infections,65,0,declining
52,2024,Belagavi,Karnataka,DIS-SNK,Snakebite,1,0,rising
52,2024,Belagavi,Karnataka,DIS-MAL,Malaria,3,0,stable
1,2024,Bhopal,Madhya Pradesh,DIS-CHL,Cholera,2,0,stable
1,2024,Bhopal,Madhya Pradesh,DIS-DEN,Dengue,3,0,rising
1,2024,Bhopal,Madhya Pradesh,DIS-RSP,Respiratory infections,73,0,stable
1,2024,Bhopal,Madhya Pradesh,DIS-SNK,Snakebite,0,0,declining
1,2024,Bhopal,Madhya Pradesh,DIS-MAL,Malaria,1,0,stable
2,2024,Bhopal,Madhya Pradesh,DIS-CHL,Cholera,4,0,rising
2,2024,Bhopal,Madhya Pradesh,DIS-DEN,Dengue,0,0,stable
2,2024,Bhopal,Madhya Pradesh,DIS-RSP,Respiratory infections,76,3,declining
2,2024,Bhopal,Madhya Pradesh,DIS-SNK,Snakebite,3,0,declining
2,2024,Bhopal,Madhya Pradesh,DIS-MAL,Malaria,4,0,stable
3,2024,Bhopal,Madhya Pradesh,DIS-CHL,Cholera,3,0,stable
3,2024,Bhopal,Madhya Pradesh,DIS-DEN,Dengue,5,0,declining
3,2024,Bhopal,Madhya Pradesh,DIS-RSP,Respiratory infections,76,0,declining
3,2024,Bhopal,Madhya Pradesh,DIS-SNK,Snakebite,2,0,rising
3,2024,Bhopal,Madhya Pradesh,DIS-MAL,Malaria,2,0,rising
4,2024,Bhopal,Madhya Pradesh,DIS-CHL,Cholera,2,0,rising
4,2024,Bhopal,Madhya Pradesh,DIS-DEN,Dengue,0,0,stable
4,2024,Bhopal,Madhya Pradesh,DIS-RSP,Respiratory infections,39,1,declining
4,2024,Bhopal,Madhya Pradesh,DIS-SNK,Snakebite,0,0,declining
4,2024,Bhopal,Madhya Pradesh,DIS-MAL,Malaria,3,0,declining
5,2024,Bhopal,Madhya Pradesh,DIS-CHL,Cholera,1,0,stable
5,2024,Bhopal,Madhya Pradesh,DIS-DEN,Dengue,4,0,stable
5,2024,Bhopal,Madhya Pradesh,DIS-RSP,Respiratory infections,21,0,declining
5,2024,Bhopal,Madhya Pradesh,DIS-SNK,Snakebite,4,0,rising
5,2024,Bhopal,Madhya Pradesh,DIS-MAL,Malaria,2,0,stable
6,2024,Bhopal,Madhya Pradesh,DIS-CHL,Cholera,1,0,declining
6,2024,Bhopal,Madhya Pradesh,DIS-DEN,Dengue,4,0,stable
6,2024,Bhopal,Madhya Pradesh,DIS-RSP,Respiratory infections,43,0,declining
6,2024,Bhopal,Madhya Pradesh,DIS-SNK,Snakebite,0,0,declining
6,2024,Bhopal,Madhya Pradesh,DIS-MAL,Malaria,3,0,stable
7,2024,Bhopal,Madhya Pradesh,DIS-CHL,Cholera,0,0,stable
7,2024,Bhopal,Madhya Pradesh,DIS-DEN,Dengue,2,0,stable
7,2024,Bhopal,Madhya Pradesh,DIS-RSP,Respiratory infections,54,2,declining
7,2024,Bhopal,Madhya Pradesh,DIS-SNK,Snakebite,2,0,stable
7,2024,Bhopal,Madhya Pradesh,DIS-MAL,Malaria,3,0,declining
8,2024,Bhopal,Madhya Pradesh,DIS-CHL,Cholera,4,0,declining
8,2024,Bhopal,Madhya Pradesh,DIS-DEN,Dengue,4,0,rising
8,2024,Bhopal,Madhya Pradesh,DIS-RSP,Respiratory infections,83,3,declining
8,2024,Bhopal,Madhya Pradesh,DIS-SNK,Snakebite,3,0,rising
8,2024,Bhopal,Madhya Pradesh,DIS-MAL,Malaria,0,0,rising
9,2024,Bhopal,Madhya Pradesh,DIS-CHL,Cholera,2,0,stable
9,2024,Bhopal,Madhya Pradesh,DIS-DEN,Dengue,1,0,stable
9,2024,Bhopal,Madhya Pradesh,DIS-RSP,Respiratory infections,3,0,stable
9,2024,Bhopal,Madhya Pradesh,DIS-SNK,Snakebite,4,0,stable
9,2024,Bhopal,Madhya Pradesh,DIS-MAL,Malaria,4,0,rising
10,2024,Bhopal,Madhya Pradesh,DIS-CHL,Cholera,5,0,stable
10,2024,Bhopal,Madhya Pradesh,DIS-DEN,Dengue,5,0,declining
10,2024,Bhopal,Madhya Pradesh,DIS-RSP,Respiratory infections,0,0,stable
10,2024,Bhopal,Madhya Pradesh,DIS-SNK,Snakebite,1,0,stable
10,2024,Bhopal,Madhya Pradesh,DIS-MAL,Malaria,3,0,rising
11,2024,Bhopal,Madhya Pradesh,DIS-CHL,Cholera,2,0,stable
11,2024,Bhopal,Madhya Pradesh,DIS-DEN,Dengue,4,0,rising
11,2024,Bhopal,Madhya Pradesh,DIS-RSP,Respiratory infections,1,0,stable
11,2024,Bhopal,Madhya Pradesh,DIS-SNK,Snakebite,0,0,stable
11,2024,Bhopal,Madhya Pradesh,DIS-MAL,Malaria,4,0,declining
12,2024,Bhopal,Madhya Pradesh,DIS-CHL,Cholera,2,0,stable
12,2024,Bhopal,Madhya Pradesh,DIS-DEN,Dengue,2,0,stable
12,2024,Bhopal,Madhya Pradesh,DIS-RSP,Respiratory infections,2,0,declining
12,2024,Bhopal,Madhya Pradesh,DIS-SNK,Snakebite,2,0,declining
12,2024,Bhopal,Madhya Pradesh,DIS-MAL,Malaria,3,0,declining
13,2024,Bhopal,Madhya Pradesh,DIS-CHL,Cholera,3,0,declining
13,2024,Bhopal,Madhya Pradesh,DIS-DEN,Dengue,2,0,stable
13,2024,Bhopal,Madhya Pradesh,DIS-RSP,Respiratory infections,3,0,rising
13,2024,Bhopal,Madhya Pradesh,DIS-SNK,Snakebite,0,0,rising
13,2024,Bhopal,Madhya Pradesh,DIS-MAL,Malaria,4,0,stable
14,2024,Bhopal,Madhya Pradesh,DIS-CHL,Cholera,2,0,stable
14,2024,Bhopal,Madhya Pradesh,DIS-DEN,Dengue,1,0,rising
14,2024,Bhopal,Madhya Pradesh,DIS-RSP,Respiratory infections,5,0,stable
14,2024,Bhopal,Madhya Pradesh,DIS-SNK,Snakebite,0,0,stable
14,2024,Bhopal,Madhya Pradesh,DIS-MAL,Malaria,0,0,declining
15,2024,Bhopal,Madhya Pradesh,DIS-CHL,Cholera,1,0,declining
15,2024,Bhopal,Madhya Pradesh,DIS-DEN,Dengue,1,0,declining
15,2024,Bhopal,Madhya Pradesh,DIS-RSP,Respiratory infections,3,0,declining
15,2024,Bhopal,Madhya Pradesh,DIS-SNK,Snakebite,4,0,stable
15,2024,Bhopal,Madhya Pradesh,DIS-MAL,Malaria,3,0,stable
16,2024,Bhopal,Madhya Pradesh,DIS-CHL,Cholera,2,0,declining
16,2024,Bhopal,Madhya Pradesh,DIS-DEN,Dengue,2,0,rising
16,2024,Bhopal,Madhya Pradesh,DIS-RSP,Respiratory infections,3,0,stable
16,2024,Bhopal,Madhya Pradesh,DIS-SNK,Snakebite,5,0,rising
16,2024,Bhopal,Madhya Pradesh,DIS-MAL,Malaria,4,0,declining
17,2024,Bhopal,Madhya Pradesh,DIS-CHL,Cholera,3,0,stable
17,2024,Bhopal,Madhya Pradesh,DIS-DEN,Dengue,1,0,rising
17,2024,Bhopal,Madhya Pradesh,DIS-RSP,Respiratory infections,1,0,stable
17,2024,Bhopal,Madhya Pradesh,DIS-SNK,Snakebite,3,0,declining
17,2024,Bhopal,Madhya Pradesh,DIS-MAL,Malaria,1,0,declining
18,2024,Bhopal,Madhya Pradesh,DIS-CHL,Cholera,0,0,stable
18,2024,Bhopal,Madhya Pradesh,DIS-DEN,Dengue,0,0,rising
18,2024,Bhopal,Madhya Pradesh,DIS-RSP,Respiratory infections,0,0,stable
18,2024,Bhopal,Madhya Pradesh,DIS-SNK,Snakebite,1,0,stable
18,2024,Bhopal,Madhya Pradesh,DIS-MAL,Malaria,4,0,stable
19,2024,Bhopal,Madhya Pradesh,DIS-CHL,Cholera,2,0,stable
19,2024,Bhopal,Madhya Pradesh,DIS-DEN,Dengue,3,0,declining
19,2024,Bhopal,Madhya Pradesh,DIS-RSP,Respiratory infections,1,0,stable
19,2024,Bhopal,Madhya Pradesh,DIS-SNK,Snakebite,0,0,stable
19,2024,Bhopal,Madhya Pradesh,DIS-MAL,Malaria,4,0,stable
20,2024,Bhopal,Madhya Pradesh,DIS-CHL,Cholera,1,0,rising
20,2024,Bhopal,Madhya Pradesh,DIS-DEN,Dengue,0,0,declining
20,2024,Bhopal,Madhya Pradesh,DIS-RSP,Respiratory infections,2,0,stable
20,2024,Bhopal,Madhya Pradesh,DIS-SNK,Snakebite,22,1,rising
20,2024,Bhopal,Madhya Pradesh,DIS-MAL,Malaria,3,0,declining
21,2024,Bhopal,Madhya Pradesh,DIS-CHL,Cholera,0,0,stable
21,2024,Bhopal,Madhya Pradesh,DIS-DEN,Dengue,1,0,stable
21,2024,Bhopal,Madhya Pradesh,DIS-RSP,Respiratory infections,0,0,stable
21,2024,Bhopal,Madhya Pradesh,DIS-SNK,Snakebite,34,0,rising
21,2024,Bhopal,Madhya Pradesh,DIS-MAL,Malaria,0,0,rising
22,2024,Bhopal,Madhya Pradesh,DIS-CHL,Cholera,0,0,stable
22,2024,Bhopal,Madhya Pradesh,DIS-DEN,Dengue,1,0,stable
22,2024,Bhopal,Madhya Pradesh,DIS-RSP,Respiratory infections,2,0,declining
22,2024,Bhopal,Madhya Pradesh,DIS-SNK,Snakebite,25,0,rising
22,2024,Bhopal,Madhya Pradesh,DIS-MAL,Malaria,4,0,rising
23,2024,Bhopal,Madhya Pradesh,DIS-CHL,Cholera,5,0,stable
23,2024,Bhopal,Madhya Pradesh,DIS-DEN,Dengue,2,0,declining
23,2024,Bhopal,Madhya Pradesh,DIS-RSP,Respiratory infections,0,0,rising
23,2024,Bhopal,Madhya Pradesh,DIS-SNK,Snakebite,101,1,rising
23,2024,Bhopal,Madhya Pradesh,DIS-MAL,Malaria,0,0,rising
24,2024,Bhopal,Madhya Pradesh,DIS-CHL,Cholera,4,0,rising
24,2024,Bhopal,Madhya Pradesh,DIS-DEN,Dengue,4,0,declining
24,2024,Bhopal,Madhya Pradesh,DIS-RSP,Respiratory infections,4,0,rising
24,2024,Bhopal,Madhya Pradesh,DIS-SNK,Snakebite,79,2,rising
24,2024,Bhopal,Madhya Pradesh,DIS-MAL,Malaria,3,0,stable
25,2024,Bhopal,Madhya Pradesh,DIS-CHL,Cholera,63,0,rising
25,2024,Bhopal,Madhya Pradesh,DIS-DEN,Dengue,1,0,stable
25,2024,Bhopal,Madhya Pradesh,DIS-RSP,Respiratory infections,3,0,declining
25,2024,Bhopal,Madhya Pradesh,DIS-SNK,Snakebite,88,0,rising
25,2024,Bhopal,Madhya Pradesh,DIS-MAL,Malaria,4,0,rising
26,2024,Bhopal,Madhya Pradesh,DIS-CHL,Cholera,104,1,rising
26,2024,Bhopal,Madhya Pradesh,DIS-DEN,Dengue,3,0,declining
26,2024,Bhopal,Madhya Pradesh,DIS-RSP,Respiratory infections,0,0,stable
26,2024,Bhopal,Madhya Pradesh,DIS-SNK,Snakebite,101,2,rising
26,2024,Bhopal,Madhya Pradesh,DIS-MAL,Malaria,5,0,rising
27,2024,Bhopal,Madhya Pradesh,DIS-CHL,Cholera,79,1,rising
27,2024,Bhopal,Madhya Pradesh,DIS-DEN,Dengue,3,0,declining
27,2024,Bhopal,Madhya Pradesh,DIS-RSP,Respiratory infections,5,0,stable
27,2024,Bhopal,Madhya Pradesh,DIS-SNK,Snakebite,90,1,rising
27,2024,Bhopal,Madhya Pradesh,DIS-MAL,Malaria,4,0,declining
28,2024,Bhopal,Madhya Pradesh,DIS-CHL,Cholera,87,3,rising
28,2024,Bhopal,Madhya Pradesh,DIS-DEN,Dengue,4,0,stable
28,2024,Bhopal,Madhya Pradesh,DIS-RSP,Respiratory infections,1,0,stable
28,2024,Bhopal,Madhya Pradesh,DIS-SNK,Snakebite,76,0,rising
28,2024,Bhopal,Madhya Pradesh,DIS-MAL,Malaria,56,1,rising
29,2024,Bhopal,Madhya Pradesh,DIS-CHL,Cholera,52,1,rising
29,2024,Bhopal,Madhya Pradesh,DIS-DEN,Dengue,5,0,stable
29,2024,Bhopal,Madhya Pradesh,DIS-RSP,Respiratory infections,5,0,rising
29,2024,Bhopal,Madhya Pradesh,DIS-SNK,Snakebite,102,1,rising
29,2024,Bhopal,Madhya Pradesh,DIS-MAL,Malaria,66,0,rising
30,2024,Bhopal,Madhya Pradesh,DIS-CHL,Cholera,67,2,declining
30,2024,Bhopal,Madhya Pradesh,DIS-DEN,Dengue,66,1,rising
30,2024,Bhopal,Madhya Pradesh,DIS-RSP,Respiratory infections,0,0,rising
30,2024,Bhopal,Madhya Pradesh,DIS-SNK,Snakebite,44,1,declining
30,2024,Bhopal,Madhya Pradesh,DIS-MAL,Malaria,42,0,rising
31,2024,Bhopal,Madhya Pradesh,DIS-CHL,Cholera,96,4,declining
31,2024,Bhopal,Madhya Pradesh,DIS-DEN,Dengue,92,2,rising
31,2024,Bhopal,Madhya Pradesh,DIS-RSP,Respiratory infections,0,0,stable
31,2024,Bhopal,Madhya Pradesh,DIS-SNK,Snakebite,92,4,declining
31,2024,Bhopal,Madhya Pradesh,DIS-MAL,Malaria,85,0,rising
32,2024,Bhopal,Madhya Pradesh,DIS-CHL,Cholera,36,0,declining
32,2024,Bhopal,Madhya Pradesh,DIS-DEN,Dengue,41,1,rising
32,2024,Bhopal,Madhya Pradesh,DIS-RSP,Respiratory infections,1,0,rising
32,2024,Bhopal,Madhya Pradesh,DIS-SNK,Snakebite,42,1,declining
32,2024,Bhopal,Madhya Pradesh,DIS-MAL,Malaria,35,1,rising
33,2024,Bhopal,Madhya Pradesh,DIS-CHL,Cholera,32,0,declining
33,2024,Bhopal,Madhya Pradesh,DIS-DEN,Dengue,72,1,rising
33,2024,Bhopal,Madhya Pradesh,DIS-RSP,Respiratory infections,4,0,stable
33,2024,Bhopal,Madhya Pradesh,DIS-SNK,Snakebite,90,0,declining
33,2024,Bhopal,Madhya Pradesh,DIS-MAL,Malaria,71,3,rising
34,2024,Bhopal,Madhya Pradesh,DIS-CHL,Cholera,49,1,declining
34,2024,Bhopal,Madhya Pradesh,DIS-DEN,Dengue,24,0,rising
34,2024,Bhopal,Madhya Pradesh,DIS-RSP,Respiratory infections,0,0,stable
34,2024,Bhopal,Madhya Pradesh,DIS-SNK,Snakebite,42,0,declining
34,2024,Bhopal,Madhya Pradesh,DIS-MAL,Malaria,70,1,rising
35,2024,Bhopal,Madhya Pradesh,DIS-CHL,Cholera,90,1,declining
35,2024,Bhopal,Madhya Pradesh,DIS-DEN,Dengue,73,1,rising
35,2024,Bhopal,Madhya Pradesh,DIS-RSP,Respiratory infections,1,0,stable
35,2024,Bhopal,Madhya Pradesh,DIS-SNK,Snakebite,32,1,declining
35,2024,Bhopal,Madhya Pradesh,DIS-MAL,Malaria,97,0,declining
36,2024,Bhopal,Madhya Pradesh,DIS-CHL,Cholera,3,0,stable
36,2024,Bhopal,Madhya Pradesh,DIS-DEN,Dengue,35,0,rising
36,2024,Bhopal,Madhya Pradesh,DIS-RSP,Respiratory infections,0,0,declining
36,2024,Bhopal,Madhya Pradesh,DIS-SNK,Snakebite,22,0,declining
36,2024,Bhopal,Madhya Pradesh,DIS-MAL,Malaria,21,0,declining
37,2024,Bhopal,Madhya Pradesh,DIS-CHL,Cholera,0,0,declining
37,2024,Bhopal,Madhya Pradesh,DIS-DEN,Dengue,31,0,declining
37,2024,Bhopal,Madhya Pradesh,DIS-RSP,Respiratory infections,5,0,declining
37,2024,Bhopal,Madhya Pradesh,DIS-SNK,Snakebite,59,1,declining
37,2024,Bhopal,Madhya Pradesh,DIS-MAL,Malaria,63,2,declining
38,2024,Bhopal,Madhya Pradesh,DIS-CHL,Cholera,3,0,stable
38,2024,Bhopal,Madhya Pradesh,DIS-DEN,Dengue,73,2,declining
38,2024,Bhopal,Madhya Pradesh,DIS-RSP,Respiratory infections,5,0,rising
38,2024,Bhopal,Madhya Pradesh,DIS-SNK,Snakebite,82,0,declining
38,2024,Bhopal,Madhya Pradesh,DIS-MAL,Malaria,68,2,declining
39,2024,Bhopal,Madhya Pradesh,DIS-CHL,Cholera,2,0,stable
39,2024,Bhopal,Madhya Pradesh,DIS-DEN,Dengue,97,3,declining
39,2024,Bhopal,Madhya Pradesh,DIS-RSP,Respiratory infections,1,0,stable
39,2024,Bhopal,Madhya Pradesh,DIS-SNK,Snakebite,29,0,declining
39,2024,Bhopal,Madhya Pradesh,DIS-MAL,Malaria,89,2,declining
40,2024,Bhopal,Madhya Pradesh,DIS-CHL,Cholera,0,0,declining
40,2024,Bhopal,Madhya Pradesh,DIS-DEN,Dengue,62,1,declining
40,2024,Bhopal,Madhya Pradesh,DIS-RSP,Respiratory infections,3,0,declining
40,2024,Bhopal,Madhya Pradesh,DIS-SNK,Snakebite,49,0,declining
40,2024,Bhopal,Madhya Pradesh,DIS-MAL,Malaria,54,1,declining
41,2024,Bhopal,Madhya Pradesh,DIS-CHL,Cholera,0,0,declining
41,2024,Bhopal,Madhya Pradesh,DIS-DEN,Dengue,61,2,declining
41,2024,Bhopal,Madhya Pradesh,DIS-RSP,Respiratory infections,1,0,stable
41,2024,Bhopal,Madhya Pradesh,DIS-SNK,Snakebite,1,0,stable
41,2024,Bhopal,Madhya Pradesh,DIS-MAL,Malaria,55,0,declining
42,2024,Bhopal,Madhya Pradesh,DIS-CHL,Cholera,0,0,declining
42,2024,Bhopal,Madhya Pradesh,DIS-DEN,Dengue,87,1,declining
42,2024,Bhopal,Madhya Pradesh,DIS-RSP,Respiratory infections,1,0,stable
42,2024,Bhopal,Madhya Pradesh,DIS-SNK,Snakebite,1,0,stable
42,2024,Bhopal,Madhya Pradesh,DIS-MAL,Malaria,75,1,declining
43,2024,Bhopal,Madhya Pradesh,DIS-CHL,Cholera,5,0,rising
43,2024,Bhopal,Madhya Pradesh,DIS-DEN,Dengue,71,0,declining
43,2024,Bhopal,Madhya Pradesh,DIS-RSP,Respiratory infections,1,0,stable
43,2024,Bhopal,Madhya Pradesh,DIS-SNK,Snakebite,2,0,stable
43,2024,Bhopal,Madhya Pradesh,DIS-MAL,Malaria,3,0,stable
44,2024,Bhopal,Madhya Pradesh,DIS-CHL,Cholera,1,0,stable
44,2024,Bhopal,Madhya Pradesh,DIS-DEN,Dengue,70,3,declining
44,2024,Bhopal,Madhya Pradesh,DIS-RSP,Respiratory infections,5,0,stable
44,2024,Bhopal,Madhya Pradesh,DIS-SNK,Snakebite,0,0,rising
44,2024,Bhopal,Madhya Pradesh,DIS-MAL,Malaria,1,0,stable
45,2024,Bhopal,Madhya Pradesh,DIS-CHL,Cholera,4,0,declining
45,2024,Bhopal,Madhya Pradesh,DIS-DEN,Dengue,119,0,declining
45,2024,Bhopal,Madhya Pradesh,DIS-RSP,Respiratory infections,29,0,declining
45,2024,Bhopal,Madhya Pradesh,DIS-SNK,Snakebite,2,0,rising
45,2024,Bhopal,Madhya Pradesh,DIS-MAL,Malaria,4,0,declining
46,2024,Bhopal,Madhya Pradesh,DIS-CHL,Cholera,0,0,rising
46,2024,Bhopal,Madhya Pradesh,DIS-DEN,Dengue,4,0,rising
46,2024,Bhopal,Madhya Pradesh,DIS-RSP,Respiratory infections,58,2,declining
46,2024,Bhopal,Madhya Pradesh,DIS-SNK,Snakebite,2,0,stable
46,2024,Bhopal,Madhya Pradesh,DIS-MAL,Malaria,2,0,stable
47,2024,Bhopal,Madhya Pradesh,DIS-CHL,Cholera,5,0,declining
47,2024,Bhopal,Madhya Pradesh,DIS-DEN,Dengue,0,0,rising
47,2024,Bhopal,Madhya Pradesh,DIS-RSP,Respiratory infections,48,0,declining
47,2024,Bhopal,Madhya Pradesh,DIS-SNK,Snakebite,1,0,stable
47,2024,Bhopal,Madhya Pradesh,DIS-MAL,Malaria,2,0,declining
48,2024,Bhopal,Madhya Pradesh,DIS-CHL,Cholera,3,0,stable
48,2024,Bhopal,Madhya Pradesh,DIS-DEN,Dengue,0,0,declining
48,2024,Bhopal,Madhya Pradesh,DIS-RSP,Respiratory infections,70,2,declining
48,2024,Bhopal,Madhya Pradesh,DIS-SNK,Snakebite,3,0,stable
48,2024,Bhopal,Madhya Pradesh,DIS-MAL,Malaria,3,0,stable
49,2024,Bhopal,Madhya Pradesh,DIS-CHL,Cholera,1,0,stable
49,2024,Bhopal,Madhya Pradesh,DIS-DEN,Dengue,2,0,declining
49,2024,Bhopal,Madhya Pradesh,DIS-RSP,Respiratory infections,67,2,declining
49,2024,Bhopal,Madhya Pradesh,DIS-SNK,Snakebite,3,0,declining
49,2024,Bhopal,Madhya Pradesh,DIS-MAL,Malaria,4,0,declining
50,2024,Bhopal,Madhya Pradesh,DIS-CHL,Cholera,0,0,stable
50,2024,Bhopal,Madhya Pradesh,DIS-DEN,Dengue,5,0,stable
50,2024,Bhopal,Madhya Pradesh,DIS-RSP,Respiratory infections,35,1,declining
50,2024,Bhopal,Madhya Pradesh,DIS-SNK,Snakebite,2,0,stable
50,2024,Bhopal,Madhya Pradesh,DIS-MAL,Malaria,4,0,declining
51,2024,Bhopal,Madhya Pradesh,DIS-CHL,Cholera,1,0,stable
51,2024,Bhopal,Madhya Pradesh,DIS-DEN,Dengue,5,0,rising
51,2024,Bhopal,Madhya Pradesh,DIS-RSP,Respiratory infections,79,0,declining
51,2024,Bhopal,Madhya Pradesh,DIS-SNK,Snakebite,5,0,rising
51,2024,Bhopal,Madhya Pradesh,DIS-MAL,Malaria,2,0,stable
52,2024,Bhopal,Madhya Pradesh,DIS-CHL,Cholera,3,0,stable
52,2024,Bhopal,Madhya Pradesh,DIS-DEN,Dengue,0,0,declining
52,2024,Bhopal,Madhya Pradesh,DIS-RSP,Respiratory infections,98,4,declining
52,2024,Bhopal,Madhya Pradesh,DIS-SNK,Snakebite,4,0,stable
52,2024,Bhopal,Madhya Pradesh,DIS-MAL,Malaria,0,0,stable
1,2024,Indore,Madhya Pradesh,DIS-CHL,Cholera,0,0,stable
1,2024,Indore,Madhya Pradesh,DIS-DEN,Dengue,4,0,stable
1,2024,Indore,Madhya Pradesh,DIS-RSP,Respiratory infections,76,3,stable
1,2024,Indore,Madhya Pradesh,DIS-SNK,Snakebite,0,0,stable
1,2024,Indore,Madhya Pradesh,DIS-MAL,Malaria,0,0,stable
2,2024,Indore,Madhya Pradesh,DIS-CHL,Cholera,4,0,declining
2,2024,Indore,Madhya Pradesh,DIS-DEN,Dengue,3,0,stable
2,2024,Indore,Madhya Pradesh,DIS-RSP,Respiratory infections,51,0,declining
2,2024,Indore,Madhya Pradesh,DIS-SNK,Snakebite,0,0,rising
2,2024,Indore,Madhya Pradesh,DIS-MAL,Malaria,0,0,stable
3,2024,Indore,Madhya Pradesh,DIS-CHL,Cholera,0,0,stable
3,2024,Indore,Madhya Pradesh,DIS-DEN,Dengue,2,0,stable
3,2024,Indore,Madhya Pradesh,DIS-RSP,Respiratory infections,72,2,declining
3,2024,Indore,Madhya Pradesh,DIS-SNK,Snakebite,4,0,stable
3,2024,Indore,Madhya Pradesh,DIS-MAL,Malaria,0,0,declining
4,2024,Indore,Madhya Pradesh,DIS-CHL,Cholera,5,0,rising
4,2024,Indore,Madhya Pradesh,DIS-DEN,Dengue,5,0,rising
4,2024,Indore,Madhya Pradesh,DIS-RSP,Respiratory infections,40,1,declining
4,2024,Indore,Madhya Pradesh,DIS-SNK,Snakebite,0,0,stable
4,2024,Indore,Madhya Pradesh,DIS-MAL,Malaria,2,0,rising
5,2024,Indore,Madhya Pradesh,DIS-CHL,Cholera,2,0,stable
5,2024,Indore,Madhya Pradesh,DIS-DEN,Dengue,2,0,stable
5,2024,Indore,Madhya Pradesh,DIS-RSP,Respiratory infections,82,2,declining
5,2024,Indore,Madhya Pradesh,DIS-SNK,Snakebite,0,0,stable
5,2024,Indore,Madhya Pradesh,DIS-MAL,Malaria,5,0,rising
6,2024,Indore,Madhya Pradesh,DIS-CHL,Cholera,2,0,stable
6,2024,Indore,Madhya Pradesh,DIS-DEN,Dengue,1,0,stable
6,2024,Indore,Madhya Pradesh,DIS-RSP,Respiratory infections,22,0,declining
6,2024,Indore,Madhya Pradesh,DIS-SNK,Snakebite,1,0,stable
6,2024,Indore,Madhya Pradesh,DIS-MAL,Malaria,0,0,stable
7,2024,Indore,Madhya Pradesh,DIS-CHL,Cholera,3,0,stable
7,2024,Indore,Madhya Pradesh,DIS-DEN,Dengue,3,0,rising
7,2024,Indore,Madhya Pradesh,DIS-RSP,Respiratory infections,33,0,declining
7,2024,Indore,Madhya Pradesh,DIS-SNK,Snakebite,0,0,stable
7,2024,Indore,Madhya Pradesh,DIS-MAL,Malaria,3,0,stable
8,2024,Indore,Madhya Pradesh,DIS-CHL,Cholera,2,0,declining
8,2024,Indore,Madhya Pradesh,DIS-DEN,Dengue,3,0,stable
8,2024,Indore,Madhya Pradesh,DIS-RSP,Respiratory infections,52,1,declining
8,2024,Indore,Madhya Pradesh,DIS-SNK,Snakebite,2,0,declining
8,2024,Indore,Madhya Pradesh,DIS-MAL,Malaria,4,0,stable
9,2024,Indore,Madhya Pradesh,DIS-CHL,Cholera,2,0,stable
9,2024,Indore,Madhya Pradesh,DIS-DEN,Dengue,0,0,stable
9,2024,Indore,Madhya Pradesh,DIS-RSP,Respiratory infections,2,0,stable
9,2024,Indore,Madhya Pradesh,DIS-SNK,Snakebite,0,0,rising
9,2024,Indore,Madhya Pradesh,DIS-MAL,Malaria,0,0,declining
10,2024,Indore,Madhya Pradesh,DIS-CHL,Cholera,2,0,stable
10,2024,Indore,Madhya Pradesh,DIS-DEN,Dengue,1,0,rising
10,2024,Indore,Madhya Pradesh,DIS-RSP,Respiratory infections,1,0,stable
10,2024,Indore,Madhya Pradesh,DIS-SNK,Snakebite,4,0,stable
10,2024,Indore,Madhya Pradesh,DIS-MAL,Malaria,2,0,stable
11,2024,Indore,Madhya Pradesh,DIS-CHL,Cholera,5,0,stable
11,2024,Indore,Madhya Pradesh,DIS-DEN,Dengue,3,0,stable
11,2024,Indore,Madhya Pradesh,DIS-RSP,Respiratory infections,0,0,stable
11,2024,Indore,Madhya Pradesh,DIS-SNK,Snakebite,0,0,declining
11,2024,Indore,Madhya Pradesh,DIS-MAL,Malaria,2,0,stable
12,2024,Indore,Madhya Pradesh,DIS-CHL,Cholera,0,0,stable
12,2024,Indore,Madhya Pradesh,DIS-DEN,Dengue,3,0,declining
12,2024,Indore,Madhya Pradesh,DIS-RSP,Respiratory infections,0,0,rising
12,2024,Indore,Madhya Pradesh,DIS-SNK,Snakebite,0,0,stable
12,2024,Indore,Madhya Pradesh,DIS-MAL,Malaria,2,0,stable
13,2024,Indore,Madhya Pradesh,DIS-CHL,Cholera,2,0,rising
13,2024,Indore,Madhya Pradesh,DIS-DEN,Dengue,1,0,rising
13,2024,Indore,Madhya Pradesh,DIS-RSP,Respiratory infections,1,0,stable
13,2024,Indore,Madhya Pradesh,DIS-SNK,Snakebite,3,0,rising
13,2024,Indore,Madhya Pradesh,DIS-MAL,Malaria,0,0,stable
14,2024,Indore,Madhya Pradesh,DIS-CHL,Cholera,0,0,rising
14,2024,Indore,Madhya Pradesh,DIS-DEN,Dengue,5,0,stable
14,2024,Indore,Madhya Pradesh,DIS-RSP,Respiratory infections,0,0,stable
14,2024,Indore,Madhya Pradesh,DIS-SNK,Snakebite,3,0,rising
14,2024,Indore,Madhya Pradesh,DIS-MAL,Malaria,1,0,stable
15,2024,Indore,Madhya Pradesh,DIS-CHL,Cholera,5,0,stable
15,2024,Indore,Madhya Pradesh,DIS-DEN,Dengue,3,0,stable
15,2024,Indore,Madhya Pradesh,DIS-RSP,Respiratory infections,4,0,declining
15,2024,Indore,Madhya Pradesh,DIS-SNK,Snakebite,2,0,stable
15,2024,Indore,Madhya Pradesh,DIS-MAL,Malaria,0,0,stable
16,2024,Indore,Madhya Pradesh,DIS-CHL,Cholera,2,0,declining
16,2024,Indore,Madhya Pradesh,DIS-DEN,Dengue,4,0,stable
16,2024,Indore,Madhya Pradesh,DIS-RSP,Respiratory infections,3,0,rising
16,2024,Indore,Madhya Pradesh,DIS-SNK,Snakebite,0,0,rising
16,2024,Indore,Madhya Pradesh,DIS-MAL,Malaria,4,0,rising
17,2024,Indore,Madhya Pradesh,DIS-CHL,Cholera,2,0,declining
17,2024,Indore,Madhya Pradesh,DIS-DEN,Dengue,0,0,rising
17,2024,Indore,Madhya Pradesh,DIS-RSP,Respiratory infections,0,0,stable
17,2024,Indore,Madhya Pradesh,DIS-SNK,Snakebite,1,0,stable
17,2024,Indore,Madhya Pradesh,DIS-MAL,Malaria,0,0,stable
18,2024,Indore,Madhya Pradesh,DIS-CHL,Cholera,3,0,rising
18,2024,Indore,Madhya Pradesh,DIS-DEN,Dengue,0,0,stable
18,2024,Indore,Madhya Pradesh,DIS-RSP,Respiratory infections,3,0,stable
18,2024,Indore,Madhya Pradesh,DIS-SNK,Snakebite,0,0,stable
18,2024,Indore,Madhya Pradesh,DIS-MAL,Malaria,0,0,stable
19,2024,Indore,Madhya Pradesh,DIS-CHL,Cholera,4,0,stable
19,2024,Indore,Madhya Pradesh,DIS-DEN,Dengue,2,0,stable
19,2024,Indore,Madhya Pradesh,DIS-RSP,Respiratory infections,2,0,declining
19,2024,Indore,Madhya Pradesh,DIS-SNK,Snakebite,1,0,stable
19,2024,Indore,Madhya Pradesh,DIS-MAL,Malaria,2,0,stable
20,2024,Indore,Madhya Pradesh,DIS-CHL,Cholera,3,0,rising
20,2024,Indore,Madhya Pradesh,DIS-DEN,Dengue,4,0,declining
20,2024,Indore,Madhya Pradesh,DIS-RSP,Respiratory infections,3,0,declining
20,2024,Indore,Madhya Pradesh,DIS-SNK,Snakebite,66,1,rising
20,2024,Indore,Madhya Pradesh,DIS-MAL,Malaria,0,0,declining
21,2024,Indore,Madhya Pradesh,DIS-CHL,Cholera,0,0,declining
21,2024,Indore,Madhya Pradesh,DIS-DEN,Dengue,4,0,stable
21,2024,Indore,Madhya Pradesh,DIS-RSP,Respiratory infections,2,0,rising
21,2024,Indore,Madhya Pradesh,DIS-SNK,Snakebite,99,4,rising
21,2024,Indore,Madhya Pradesh,DIS-MAL,Malaria,3,0,stable
22,2024,Indore,Madhya Pradesh,DIS-CHL,Cholera,0,0,stable
22,2024,Indore,Madhya Pradesh,DIS-DEN,Dengue,3,0,rising
22,2024,Indore,Madhya Pradesh,DIS-RSP,Respiratory infections,4,0,declining
22,2024,Indore,Madhya Pradesh,DIS-SNK,Snakebite,79,1,rising
22,2024,Indore,Madhya Pradesh,DIS-MAL,Malaria,0,0,rising
23,2024,Indore,Madhya Pradesh,DIS-CHL,Cholera,2,0,stable
23,2024,Indore,Madhya Pradesh,DIS-DEN,Dengue,3,0,declining
23,2024,Indore,Madhya Pradesh,DIS-RSP,Respiratory infections,3,0,stable
23,2024,Indore,Madhya Pradesh,DIS-SNK,Snakebite,103,3,rising
23,2024,Indore,Madhya Pradesh,DIS-MAL,Malaria,3,0,declining
24,2024,Indore,Madhya Pradesh,DIS-CHL,Cholera,3,0,stable
24,2024,Indore,Madhya Pradesh,DIS-DEN,Dengue,0,0,stable
24,2024,Indore,Madhya Pradesh,DIS-RSP,Respiratory infections,0,0,declining
24,2024,Indore,Madhya Pradesh,DIS-SNK,Snakebite,88,4,rising
24,2024,Indore,Madhya Pradesh,DIS-MAL,Malaria,1,0,stable
25,2024,Indore,Madhya Pradesh,DIS-CHL,Cholera,47,0,rising
25,2024,Indore,Madhya Pradesh,DIS-DEN,Dengue,0,0,stable
25,2024,Indore,Madhya Pradesh,DIS-RSP,Respiratory infections,2,0,rising
25,2024,Indore,Madhya Pradesh,DIS-SNK,Snakebite,93,4,rising
25,2024,Indore,Madhya Pradesh,DIS-MAL,Malaria,3,0,declining
26,2024,Indore,Madhya Pradesh,DIS-CHL,Cholera,43,0,rising
26,2024,Indore,Madhya Pradesh,DIS-DEN,Dengue,2,0,rising
26,2024,Indore,Madhya Pradesh,DIS-RSP,Respiratory infections,4,0,rising
26,2024,Indore,Madhya Pradesh,DIS-SNK,Snakebite,58,1,rising
26,2024,Indore,Madhya Pradesh,DIS-MAL,Malaria,3,0,stable
27,2024,Indore,Madhya Pradesh,DIS-CHL,Cholera,48,1,rising
27,2024,Indore,Madhya Pradesh,DIS-DEN,Dengue,1,0,rising
27,2024,Indore,Madhya Pradesh,DIS-RSP,Respiratory infections,0,0,declining
27,2024,Indore,Madhya Pradesh,DIS-SNK,Snakebite,97,4,rising
27,2024,Indore,Madhya Pradesh,DIS-MAL,Malaria,1,0,declining
28,2024,Indore,Madhya Pradesh,DIS-CHL,Cholera,56,2,rising
28,2024,Indore,Madhya Pradesh,DIS-DEN,Dengue,0,0,declining
28,2024,Indore,Madhya Pradesh,DIS-RSP,Respiratory infections,4,0,stable
28,2024,Indore,Madhya Pradesh,DIS-SNK,Snakebite,39,0,rising
28,2024,Indore,Madhya Pradesh,DIS-MAL,Malaria,27,0,rising
29,2024,Indore,Madhya Pradesh,DIS-CHL,Cholera,60,1,rising
29,2024,Indore,Madhya Pradesh,DIS-DEN,Dengue,4,0,rising
29,2024,Indore,Madhya Pradesh,DIS-RSP,Respiratory infections,1,0,declining
29,2024,Indore,Madhya Pradesh,DIS-SNK,Snakebite,79,0,rising
29,2024,Indore,Madhya Pradesh,DIS-MAL,Malaria,41,0,rising
30,2024,Indore,Madhya Pradesh,DIS-CHL,Cholera,29,1,declining
30,2024,Indore,Madhya Pradesh,DIS-DEN,Dengue,32,0,rising
30,2024,Indore,Madhya Pradesh,DIS-RSP,Respiratory infections,4,0,rising
30,2024,Indore,Madhya Pradesh,DIS-SNK,Snakebite,47,0,declining
30,2024,Indore,Madhya Pradesh,DIS-MAL,Malaria,95,2,rising
31,2024,Indore,Madhya Pradesh,DIS-CHL,Cholera,41,1,declining
31,2024,Indore,Madhya Pradesh,DIS-DEN,Dengue,84,2,rising
31,2024,Indore,Madhya Pradesh,DIS-RSP,Respiratory infections,4,0,stable
31,2024,Indore,Madhya Pradesh,DIS-SNK,Snakebite,73,1,declining
31,2024,Indore,Madhya Pradesh,DIS-MAL,Malaria,76,2,rising
32,2024,Indore,Madhya Pradesh,DIS-CHL,Cholera,35,0,declining
32,2024,Indore,Madhya Pradesh,DIS-DEN,Dengue,39,0,rising
32,2024,Indore,Madhya Pradesh,DIS-RSP,Respiratory infections,0,0,declining
32,2024,Indore,Madhya Pradesh,DIS-SNK,Snakebite,114,0,declining
32,2024,Indore,Madhya Pradesh,DIS-MAL,Malaria,69,2,rising
33,2024,Indore,Madhya Pradesh,DIS-CHL,Cholera,45,1,declining
33,2024,Indore,Madhya Pradesh,DIS-DEN,Dengue,114,3,rising
33,2024,Indore,Madhya Pradesh,DIS-RSP,Respiratory infections,4,0,stable
33,2024,Indore,Madhya Pradesh,DIS-SNK,Snakebite,41,1,declining
33,2024,Indore,Madhya Pradesh,DIS-MAL,Malaria,59,0,rising
34,2024,Indore,Madhya Pradesh,DIS-CHL,Cholera,46,1,declining
34,2024,Indore,Madhya Pradesh,DIS-DEN,Dengue,29,0,rising
34,2024,Indore,Madhya Pradesh,DIS-RSP,Respiratory infections,2,0,stable
34,2024,Indore,Madhya Pradesh,DIS-SNK,Snakebite,90,4,declining
34,2024,Indore,Madhya Pradesh,DIS-MAL,Malaria,25,1,rising
35,2024,Indore,Madhya Pradesh,DIS-CHL,Cholera,45,1,declining
35,2024,Indore,Madhya Pradesh,DIS-DEN,Dengue,24,0,rising
35,2024,Indore,Madhya Pradesh,DIS-RSP,Respiratory infections,4,0,rising
35,2024,Indore,Madhya Pradesh,DIS-SNK,Snakebite,59,2,declining
35,2024,Indore,Madhya Pradesh,DIS-MAL,Malaria,69,2,declining
36,2024,Indore,Madhya Pradesh,DIS-CHL,Cholera,2,0,stable
36,2024,Indore,Madhya Pradesh,DIS-DEN,Dengue,77,2,rising
36,2024,Indore,Madhya Pradesh,DIS-RSP,Respiratory infections,0,0,stable
36,2024,Indore,Madhya Pradesh,DIS-SNK,Snakebite,16,0,declining
36,2024,Indore,Madhya Pradesh,DIS-MAL,Malaria,33,1,declining
37,2024,Indore,Madhya Pradesh,DIS-CHL,Cholera,4,0,rising
37,2024,Indore,Madhya Pradesh,DIS-DEN,Dengue,61,3,declining
37,2024,Indore,Madhya Pradesh,DIS-RSP,Respiratory infections,5,0,stable
37,2024,Indore,Madhya Pradesh,DIS-SNK,Snakebite,62,1,declining
37,2024,Indore,Madhya Pradesh,DIS-MAL,Malaria,39,1,declining
38,2024,Indore,Madhya Pradesh,DIS-CHL,Cholera,4,0,declining
38,2024,Indore,Madhya Pradesh,DIS-DEN,Dengue,59,1,declining
38,2024,Indore,Madhya Pradesh,DIS-RSP,Respiratory infections,5,0,declining
38,2024,Indore,Madhya Pradesh,DIS-SNK,Snakebite,87,0,declining
38,2024,Indore,Madhya Pradesh,DIS-MAL,Malaria,88,0,declining
39,2024,Indore,Madhya Pradesh,DIS-CHL,Cholera,4,0,stable
39,2024,Indore,Madhya Pradesh,DIS-DEN,Dengue,35,0,declining
39,2024,Indore,Madhya Pradesh,DIS-RSP,Respiratory infections,5,0,stable
39,2024,Indore,Madhya Pradesh,DIS-SNK,Snakebite,88,3,declining
39,2024,Indore,Madhya Pradesh,DIS-MAL,Malaria,24,0,declining
40,2024,Indore,Madhya Pradesh,DIS-CHL,Cholera,0,0,declining
40,2024,Indore,Madhya Pradesh,DIS-DEN,Dengue,37,0,declining
40,2024,Indore,Madhya Pradesh,DIS-RSP,Respiratory infections,1,0,stable
40,2024,Indore,Madhya Pradesh,DIS-SNK,Snakebite,48,2,declining
40,2024,Indore,Madhya Pradesh,DIS-MAL,Malaria,39,0,declining
41,2024,Indore,Madhya Pradesh,DIS-CHL,Cholera,0,0,rising
41,2024,Indore,Madhya Pradesh,DIS-DEN,Dengue,72,1,declining
41,2024,Indore,Madhya Pradesh,DIS-RSP,Respiratory infections,2,0,stable
41,2024,Indore,Madhya Pradesh,DIS-SNK,Snakebite,3,0,stable
41,2024,Indore,Madhya Pradesh,DIS-MAL,Malaria,50,2,declining
42,2024,Indore,Madhya Pradesh,DIS-CHL,Cholera,0,0,stable
42,2024,Indore,Madhya Pradesh,DIS-DEN,Dengue,106,3,declining
42,2024,Indore,Madhya Pradesh,DIS-RSP,Respiratory infections,3,0,stable
42,2024,Indore,Madhya Pradesh,DIS-SNK,Snakebite,5,0,stable
42,2024,Indore,Madhya Pradesh,DIS-MAL,Malaria,38,1,declining
43,2024,Indore,Madhya Pradesh,DIS-CHL,Cholera,2,0,stable
43,2024,Indore,Madhya Pradesh,DIS-DEN,Dengue,110,1,declining
43,2024,Indore,Madhya Pradesh,DIS-RSP,Respiratory infections,2,0,stable
43,2024,Indore,Madhya Pradesh,DIS-SNK,Snakebite,0,0,stable
43,2024,Indore,Madhya Pradesh,DIS-MAL,Malaria,1,0,declining
44,2024,Indore,Madhya Pradesh,DIS-CHL,Cholera,0,0,rising
44,2024,Indore,Madhya Pradesh,DIS-DEN,Dengue,31,0,declining
44,2024,Indore,Madhya Pradesh,DIS-RSP,Respiratory infections,0,0,stable
44,2024,Indore,Madhya Pradesh,DIS-SNK,Snakebite,2,0,stable
44,2024,Indore,Madhya Pradesh,DIS-MAL,Malaria,4,0,stable
45,2024,Indore,Madhya Pradesh,DIS-CHL,Cholera,0,0,stable
45,2024,Indore,Madhya Pradesh,DIS-DEN,Dengue,82,2,declining
45,2024,Indore,Madhya Pradesh,DIS-RSP,Respiratory infections,91,1,declining
45,2024,Indore,Madhya Pradesh,DIS-SNK,Snakebite,3,0,declining
45,2024,Indore,Madhya Pradesh,DIS-MAL,Malaria,0,0,stable
46,2024,Indore,Madhya Pradesh,DIS-CHL,Cholera,2,0,rising
46,2024,Indore,Madhya Pradesh,DIS-DEN,Dengue,1,0,declining
46,2024,Indore,Madhya Pradesh,DIS-RSP,Respiratory infections,64,1,declining
46,2024,Indore,Madhya Pradesh,DIS-SNK,Snakebite,4,0,stable
46,2024,Indore,Madhya Pradesh,DIS-MAL,Malaria,5,0,rising
47,2024,Indore,Madhya Pradesh,DIS-CHL,Cholera,0,0,stable
47,2024,Indore,Madhya Pradesh,DIS-DEN,Dengue,1,0,declining
47,2024,Indore,Madhya Pradesh,DIS-RSP,Respiratory infections,36,0,declining
47,2024,Indore,Madhya Pradesh,DIS-SNK,Snakebite,2,0,stable
47,2024,Indore,Madhya Pradesh,DIS-MAL,Malaria,0,0,stable
48,2024,Indore,Madhya Pradesh,DIS-CHL,Cholera,4,0,stable
48,2024,Indore,Madhya Pradesh,DIS-DEN,Dengue,3,0,stable
48,2024,Indore,Madhya Pradesh,DIS-RSP,Respiratory infections,33,0,declining
48,2024,Indore,Madhya Pradesh,DIS-SNK,Snakebite,4,0,stable
48,2024,Indore,Madhya Pradesh,DIS-MAL,Malaria,0,0,declining
49,2024,Indore,Madhya Pradesh,DIS-CHL,Cholera,1,0,stable
49,2024,Indore,Madhya Pradesh,DIS-DEN,Dengue,4,0,stable
49,2024,Indore,Madhya Pradesh,DIS-RSP,Respiratory infections,53,2,declining
49,2024,Indore,Madhya Pradesh,DIS-SNK,Snakebite,2,0,declining
49,2024,Indore,Madhya Pradesh,DIS-MAL,Malaria,4,0,declining
50,2024,Indore,Madhya Pradesh,DIS-CHL,Cholera,4,0,stable
50,2024,Indore,Madhya Pradesh,DIS-DEN,Dengue,1,0,declining
50,2024,Indore,Madhya Pradesh,DIS-RSP,Respiratory infections,55,1,declining
50,2024,Indore,Madhya Pradesh,DIS-SNK,Snakebite,0,0,declining
50,2024,Indore,Madhya Pradesh,DIS-MAL,Malaria,1,0,stable
51,2024,Indore,Madhya Pradesh,DIS-CHL,Cholera,1,0,stable
51,2024,Indore,Madhya Pradesh,DIS-DEN,Dengue,4,0,rising
51,2024,Indore,Madhya Pradesh,DIS-RSP,Respiratory infections,26,1,declining
51,2024,Indore,Madhya Pradesh,DIS-SNK,Snakebite,1,0,rising
51,2024,Indore,Madhya Pradesh,DIS-MAL,Malaria,0,0,rising
52,2024,Indore,Madhya Pradesh,DIS-CHL,Cholera,5,0,rising
52,2024,Indore,Madhya Pradesh,DIS-DEN,Dengue,1,0,stable
52,2024,Indore,Madhya Pradesh,DIS-RSP,Respiratory infections,28,0,declining
52,2024,Indore,Madhya Pradesh,DIS-SNK,Snakebite,2,0,stable
52,2024,Indore,Madhya Pradesh,DIS-MAL,Malaria,2,0,declining
1,2024,Jabalpur,Madhya Pradesh,DIS-CHL,Cholera,0,0,declining
1,2024,Jabalpur,Madhya Pradesh,DIS-DEN,Dengue,4,0,stable
1,2024,Jabalpur,Madhya Pradesh,DIS-RSP,Respiratory infections,76,2,declining
1,2024,Jabalpur,Madhya Pradesh,DIS-SNK,Snakebite,1,0,stable
1,2024,Jabalpur,Madhya Pradesh,DIS-MAL,Malaria,2,0,declining
2,2024,Jabalpur,Madhya Pradesh,DIS-CHL,Cholera,3,0,rising
2,2024,Jabalpur,Madhya Pradesh,DIS-DEN,Dengue,1,0,rising
2,2024,Jabalpur,Madhya Pradesh,DIS-RSP,Respiratory infections,49,1,declining
2,2024,Jabalpur,Madhya Pradesh,DIS-SNK,Snakebite,4,0,declining
2,2024,Jabalpur,Madhya Pradesh,DIS-MAL,Malaria,4,0,stable
3,2024,Jabalpur,Madhya Pradesh,DIS-CHL,Cholera,3,0,stable
3,2024,Jabalpur,Madhya Pradesh,DIS-DEN,Dengue,4,0,declining
3,2024,Jabalpur,Madhya Pradesh,DIS-RSP,Respiratory infections,79,0,declining
3,2024,Jabalpur,Madhya Pradesh,DIS-SNK,Snakebite,3,0,stable
3,2024,Jabalpur,Madhya Pradesh,DIS-MAL,Malaria,1,0,stable
4,2024,Jabalpur,Madhya Pradesh,DIS-CHL,Cholera,0,0,declining
4,2024,Jabalpur,Madhya Pradesh,DIS-DEN,Dengue,0,0,declining
4,2024,Jabalpur,Madhya Pradesh,DIS-RSP,Respiratory infections,107,3,declining
4,2024,Jabalpur,Madhya Pradesh,DIS-SNK,Snakebite,2,0,declining
4,2024,Jabalpur,Madhya Pradesh,DIS-MAL,Malaria,4,0,rising
5,2024,Jabalpur,Madhya Pradesh,DIS-CHL,Cholera,0,0,stable
5,2024,Jabalpur,Madhya Pradesh,DIS-DEN,Dengue,2,0,stable
5,2024,Jabalpur,Madhya Pradesh,DIS-RSP,Respiratory infections,69,2,declining
5,2024,Jabalpur,Madhya Pradesh,DIS-SNK,Snakebite,2,0,stable
5,2024,Jabalpur,Madhya Pradesh,DIS-MAL,Malaria,1,0,stable
6,2024,Jabalpur,Madhya Pradesh,DIS-CHL,Cholera,4,0,stable
6,2024,Jabalpur,Madhya Pradesh,DIS-DEN,Dengue,0,0,stable
6,2024,Jabalpur,Madhya Pradesh,DIS-RSP,Respiratory infections,35,0,declining
6,2024,Jabalpur,Madhya Pradesh,DIS-SNK,Snakebite,0,0,stable
6,2024,Jabalpur,Madhya Pradesh,DIS-MAL,Malaria,1,0,declining
7,2024,Jabalpur,Madhya Pradesh,DIS-CHL,Cholera,3,0,declining
7,2024,Jabalpur,Madhya Pradesh,DIS-DEN,Dengue,0,0,rising
7,2024,Jabalpur,Madhya Pradesh,DIS-RSP,Respiratory infections,84,2,declining
7,2024,Jabalpur,Madhya Pradesh,DIS-SNK,Snakebite,1,0,stable
7,2024,Jabalpur,Madhya Pradesh,DIS-MAL,Malaria,3,0,rising
8,2024,Jabalpur,Madhya Pradesh,DIS-CHL,Cholera,5,0,rising
8,2024,Jabalpur,Madhya Pradesh,DIS-DEN,Dengue,1,0,rising
8,2024,Jabalpur,Madhya Pradesh,DIS-RSP,Respiratory infections,61,2,declining
8,2024,Jabalpur,Madhya Pradesh,DIS-SNK,Snakebite,3,0,rising
8,2024,Jabalpur,Madhya Pradesh,DIS-MAL,Malaria,3,0,stable
9,2024,Jabalpur,Madhya Pradesh,DIS-CHL,Cholera,2,0,stable
9,2024,Jabalpur,Madhya Pradesh,DIS-DEN,Dengue,0,0,declining
9,2024,Jabalpur,Madhya Pradesh,DIS-RSP,Respiratory infections,2,0,declining
9,2024,Jabalpur,Madhya Pradesh,DIS-SNK,Snakebite,0,0,stable
9,2024,Jabalpur,Madhya Pradesh,DIS-MAL,Malaria,2,0,stable
10,2024,Jabalpur,Madhya Pradesh,DIS-CHL,Cholera,2,0,rising
10,2024,Jabalpur,Madhya Pradesh,DIS-DEN,Dengue,1,0,stable
10,2024,Jabalpur,Madhya Pradesh,DIS-RSP,Respiratory infections,2,0,declining
10,2024,Jabalpur,Madhya Pradesh,DIS-SNK,Snakebite,2,0,stable
10,2024,Jabalpur,Madhya Pradesh,DIS-MAL,Malaria,0,0,stable
11,2024,Jabalpur,Madhya Pradesh,DIS-CHL,Cholera,0,0,rising
11,2024,Jabalpur,Madhya Pradesh,DIS-DEN,Dengue,1,0,rising
11,2024,Jabalpur,Madhya Pradesh,DIS-RSP,Respiratory infections,1,0,rising
11,2024,Jabalpur,Madhya Pradesh,DIS-SNK,Snakebite,1,0,stable
11,2024,Jabalpur,Madhya Pradesh,DIS-MAL,Malaria,0,0,rising
12,2024,Jabalpur,Madhya Pradesh,DIS-CHL,Cholera,3,0,declining
12,2024,Jabalpur,Madhya Pradesh,DIS-DEN,Dengue,5,0,declining
12,2024,Jabalpur,Madhya Pradesh,DIS-RSP,Respiratory infections,1,0,stable
12,2024,Jabalpur,Madhya Pradesh,DIS-SNK,Snakebite,0,0,rising
12,2024,Jabalpur,Madhya Pradesh,DIS-MAL,Malaria,5,0,rising
13,2024,Jabalpur,Madhya Pradesh,DIS-CHL,Cholera,4,0,stable
13,2024,Jabalpur,Madhya Pradesh,DIS-DEN,Dengue,0,0,stable
13,2024,Jabalpur,Madhya Pradesh,DIS-RSP,Respiratory infections,4,0,stable
13,2024,Jabalpur,Madhya Pradesh,DIS-SNK,Snakebite,3,0,stable
13,2024,Jabalpur,Madhya Pradesh,DIS-MAL,Malaria,2,0,stable
14,2024,Jabalpur,Madhya Pradesh,DIS-CHL,Cholera,1,0,stable
14,2024,Jabalpur,Madhya Pradesh,DIS-DEN,Dengue,4,0,declining
14,2024,Jabalpur,Madhya Pradesh,DIS-RSP,Respiratory infections,0,0,declining
14,2024,Jabalpur,Madhya Pradesh,DIS-SNK,Snakebite,0,0,stable
14,2024,Jabalpur,Madhya Pradesh,DIS-MAL,Malaria,0,0,stable
15,2024,Jabalpur,Madhya Pradesh,DIS-CHL,Cholera,5,0,stable
15,2024,Jabalpur,Madhya Pradesh,DIS-DEN,Dengue,0,0,declining
15,2024,Jabalpur,Madhya Pradesh,DIS-RSP,Respiratory infections,2,0,rising
15,2024,Jabalpur,Madhya Pradesh,DIS-SNK,Snakebite,1,0,stable
15,2024,Jabalpur,Madhya Pradesh,DIS-MAL,Malaria,0,0,stable
16,2024,Jabalpur,Madhya Pradesh,DIS-CHL,Cholera,4,0,declining
16,2024,Jabalpur,Madhya Pradesh,DIS-DEN,Dengue,1,0,rising
16,2024,Jabalpur,Madhya Pradesh,DIS-RSP,Respiratory infections,0,0,declining
16,2024,Jabalpur,Madhya Pradesh,DIS-SNK,Snakebite,1,0,stable
16,2024,Jabalpur,Madhya Pradesh,DIS-MAL,Malaria,3,0,stable
17,2024,Jabalpur,Madhya Pradesh,DIS-CHL,Cholera,4,0,rising
17,2024,Jabalpur,Madhya Pradesh,DIS-DEN,Dengue,4,0,stable
17,2024,Jabalpur,Madhya Pradesh,DIS-RSP,Respiratory infections,3,0,stable
17,2024,Jabalpur,Madhya Pradesh,DIS-SNK,Snakebite,0,0,stable
17,2024,Jabalpur,Madhya Pradesh,DIS-MAL,Malaria,3,0,declining
18,2024,Jabalpur,Madhya Pradesh,DIS-CHL,Cholera,1,0,rising
18,2024,Jabalpur,Madhya Pradesh,DIS-DEN,Dengue,4,0,declining
18,2024,Jabalpur,Madhya Pradesh,DIS-RSP,Respiratory infections,1,0,stable
18,2024,Jabalpur,Madhya Pradesh,DIS-SNK,Snakebite,4,0,rising
18,2024,Jabalpur,Madhya Pradesh,DIS-MAL,Malaria,5,0,stable
19,2024,Jabalpur,Madhya Pradesh,DIS-CHL,Cholera,0,0,rising
19,2024,Jabalpur,Madhya Pradesh,DIS-DEN,Dengue,0,0,stable
19,2024,Jabalpur,Madhya Pradesh,DIS-RSP,Respiratory infections,3,0,stable
19,2024,Jabalpur,Madhya Pradesh,DIS-SNK,Snakebite,1,0,stable
19,2024,Jabalpur,Madhya Pradesh,DIS-MAL,Malaria,4,0,stable
20,2024,Jabalpur,Madhya Pradesh,DIS-CHL,Cholera,1,0,stable
20,2024,Jabalpur,Madhya Pradesh,DIS-DEN,Dengue,4,0,rising
20,2024,Jabalpur,Madhya Pradesh,DIS-RSP,Respiratory infections,2,0,rising
20,2024,Jabalpur,Madhya Pradesh,DIS-SNK,Snakebite,57,1,rising
20,2024,Jabalpur,Madhya Pradesh,DIS-MAL,Malaria,4,0,declining
21,2024,Jabalpur,Madhya Pradesh,DIS-CHL,Cholera,2,0,rising
21,2024,Jabalpur,Madhya Pradesh,DIS-DEN,Dengue,2,0,declining
21,2024,Jabalpur,Madhya Pradesh,DIS-RSP,Respiratory infections,2,0,stable
21,2024,Jabalpur,Madhya Pradesh,DIS-SNK,Snakebite,43,0,rising
21,2024,Jabalpur,Madhya Pradesh,DIS-MAL,Malaria,4,0,rising
22,2024,Jabalpur,Madhya Pradesh,DIS-CHL,Cholera,1,0,declining
22,2024,Jabalpur,Madhya Pradesh,DIS-DEN,Dengue,4,0,rising
22,2024,Jabalpur,Madhya Pradesh,DIS-RSP,Respiratory infections,2,0,declining
22,2024,Jabalpur,Madhya Pradesh,DIS-SNK,Snakebite,60,2,rising
22,2024,Jabalpur,Madhya Pradesh,DIS-MAL,Malaria,3,0,stable
23,2024,Jabalpur,Madhya Pradesh,DIS-CHL,Cholera,1,0,rising
23,2024,Jabalpur,Madhya Pradesh,DIS-DEN,Dengue,0,0,declining
23,2024,Jabalpur,Madhya Pradesh,DIS-RSP,Respiratory infections,2,0,stable
23,2024,Jabalpur,Madhya Pradesh,DIS-SNK,Snakebite,81,2,rising
23,2024,Jabalpur,Madhya Pradesh,DIS-MAL,Malaria,3,0,rising
24,2024,Jabalpur,Madhya Pradesh,DIS-CHL,Cholera,2,0,stable
24,2024,Jabalpur,Madhya Pradesh,DIS-DEN,Dengue,2,0,stable
24,2024,Jabalpur,Madhya Pradesh,DIS-RSP,Respiratory infections,0,0,stable
24,2024,Jabalpur,Madhya Pradesh,DIS-SNK,Snakebite,66,2,rising
24,2024,Jabalpur,Madhya Pradesh,DIS-MAL,Malaria,2,0,rising
25,2024,Jabalpur,Madhya Pradesh,DIS-CHL,Cholera,75,0,rising
25,2024,Jabalpur,Madhya Pradesh,DIS-DEN,Dengue,1,0,stable
25,2024,Jabalpur,Madhya Pradesh,DIS-RSP,Respiratory infections,3,0,declining
25,2024,Jabalpur,Madhya Pradesh,DIS-SNK,Snakebite,24,0,rising
25,2024,Jabalpur,Madhya Pradesh,DIS-MAL,Malaria,5,0,rising
26,2024,Jabalpur,Madhya Pradesh,DIS-CHL,Cholera,55,1,rising
26,2024,Jabalpur,Madhya Pradesh,DIS-DEN,Dengue,3,0,rising
26,2024,Jabalpur,Madhya Pradesh,DIS-RSP,Respiratory infections,3,0,stable
26,2024,Jabalpur,Madhya Pradesh,DIS-SNK,Snakebite,45,1,rising
26,2024,Jabalpur,Madhya Pradesh,DIS-MAL,Malaria,3,0,stable
27,2024,Jabalpur,Madhya Pradesh,DIS-CHL,Cholera,49,2,rising
27,2024,Jabalpur,Madhya Pradesh,DIS-DEN,Dengue,2,0,declining
27,2024,Jabalpur,Madhya Pradesh,DIS-RSP,Respiratory infections,3,0,stable
27,2024,Jabalpur,Madhya Pradesh,DIS-SNK,Snakebite,74,2,rising
27,2024,Jabalpur,Madhya Pradesh,DIS-MAL,Malaria,2,0,declining
28,2024,Jabalpur,Madhya Pradesh,DIS-CHL,Cholera,39,0,rising
28,2024,Jabalpur,Madhya Pradesh,DIS-DEN,Dengue,3,0,stable
28,2024,Jabalpur,Madhya Pradesh,DIS-RSP,Respiratory infections,2,0,rising
28,2024,Jabalpur,Madhya Pradesh,DIS-SNK,Snakebite,29,1,rising
28,2024,Jabalpur,Madhya Pradesh,DIS-MAL,Malaria,27,1,rising
29,2024,Jabalpur,Madhya Pradesh,DIS-CHL,Cholera,42,0,rising
29,2024,Jabalpur,Madhya Pradesh,DIS-DEN,Dengue,2,0,stable
29,2024,Jabalpur,Madhya Pradesh,DIS-RSP,Respiratory infections,4,0,stable
29,2024,Jabalpur,Madhya Pradesh,DIS-SNK,Snakebite,55,0,rising
29,2024,Jabalpur,Madhya Pradesh,DIS-MAL,Malaria,47,0,rising
30,2024,Jabalpur,Madhya Pradesh,DIS-CHL,Cholera,67,2,declining
30,2024,Jabalpur,Madhya Pradesh,DIS-DEN,Dengue,80,1,rising
30,2024,Jabalpur,Madhya Pradesh,DIS-RSP,Respiratory infections,0,0,rising
30,2024,Jabalpur,Madhya Pradesh,DIS-SNK,Snakebite,81,2,declining
30,2024,Jabalpur,Madhya Pradesh,DIS-MAL,Malaria,68,2,rising
31,2024,Jabalpur,Madhya Pradesh,DIS-CHL,Cholera,32,0,declining
31,2024,Jabalpur,Madhya Pradesh,DIS-DEN,Dengue,92,3,rising
31,2024,Jabalpur,Madhya Pradesh,DIS-RSP,Respiratory infections,4,0,stable
31,2024,Jabalpur,Madhya Pradesh,DIS-SNK,Snakebite,39,1,declining
31,2024,Jabalpur,Madhya Pradesh,DIS-MAL,Malaria,22,0,rising
32,2024,Jabalpur,Madhya Pradesh,DIS-CHL,Cholera,59,0,declining
32,2024,Jabalpur,Madhya Pradesh,DIS-DEN,Dengue,79,2,rising
32,2024,Jabalpur,Madhya Pradesh,DIS-RSP,Respiratory infections,2,0,declining
32,2024,Jabalpur,Madhya Pradesh,DIS-SNK,Snakebite,88,3,declining
32,2024,Jabalpur,Madhya Pradesh,DIS-MAL,Malaria,65,2,rising
33,2024,Jabalpur,Madhya Pradesh,DIS-CHL,Cholera,67,0,declining
33,2024,Jabalpur,Madhya Pradesh,DIS-DEN,Dengue,26,0,rising
33,2024,Jabalpur,Madhya Pradesh,DIS-RSP,Respiratory infections,4,0,declining
33,2024,Jabalpur,Madhya Pradesh,DIS-SNK,Snakebite,82,2,declining
33,2024,Jabalpur,Madhya Pradesh,DIS-MAL,Malaria,66,2,rising
34,2024,Jabalpur,Madhya Pradesh,DIS-CHL,Cholera,38,0,declining
34,2024,Jabalpur,Madhya Pradesh,DIS-DEN,Dengue,58,0,rising
34,2024,Jabalpur,Madhya Pradesh,DIS-RSP,Respiratory infections,4,0,declining
34,2024,Jabalpur,Madhya Pradesh,DIS-SNK,Snakebite,79,1,declining
34,2024,Jabalpur,Madhya Pradesh,DIS-MAL,Malaria,37,1,rising
35,2024,Jabalpur,Madhya Pradesh,DIS-CHL,Cholera,81,3,declining
35,2024,Jabalpur,Madhya Pradesh,DIS-DEN,Dengue,90,2,rising
35,2024,Jabalpur,Madhya Pradesh,DIS-RSP,Respiratory infections,0,0,declining
35,2024,Jabalpur,Madhya Pradesh,DIS-SNK,Snakebite,30,1,declining
35,2024,Jabalpur,Madhya Pradesh,DIS-MAL,Malaria,97,2,declining
36,2024,Jabalpur,Madhya Pradesh,DIS-CHL,Cholera,0,0,stable
36,2024,Jabalpur,Madhya Pradesh,DIS-DEN,Dengue,64,2,rising
36,2024,Jabalpur,Madhya Pradesh,DIS-RSP,Respiratory infections,0,0,rising
36,2024,Jabalpur,Madhya Pradesh,DIS-SNK,Snakebite,33,0,declining
36,2024,Jabalpur,Madhya Pradesh,DIS-MAL,Malaria,60,0,declining
37,2024,Jabalpur,Madhya Pradesh,DIS-CHL,Cholera,1,0,rising
37,2024,Jabalpur,Madhya Pradesh,DIS-DEN,Dengue,73,2,declining
37,2024,Jabalpur,Madhya Pradesh,DIS-RSP,Respiratory infections,0,0,stable
37,2024,Jabalpur,Madhya Pradesh,DIS-SNK,Snakebite,30,1,declining
37,2024,Jabalpur,Madhya Pradesh,DIS-MAL,Malaria,85,0,declining
38,2024,Jabalpur,Madhya Pradesh,DIS-CHL,Cholera,3,0,rising
38,2024,Jabalpur,Madhya Pradesh,DIS-DEN,Dengue,62,0,declining
38,2024,Jabalpur,Madhya Pradesh,DIS-RSP,Respiratory infections,1,0,rising
38,2024,Jabalpur,Madhya Pradesh,DIS-SNK,Snakebite,63,0,declining
38,2024,Jabalpur,Madhya Pradesh,DIS-MAL,Malaria,43,0,declining
39,2024,Jabalpur,Madhya Pradesh,DIS-CHL,Cholera,0,0,rising
39,2024,Jabalpur,Madhya Pradesh,DIS-DEN,Dengue,66,1,declining
39,2024,Jabalpur,Madhya Pradesh,DIS-RSP,Respiratory infections,0,0,stable
39,2024,Jabalpur,Madhya Pradesh,DIS-SNK,Snakebite,37,1,declining
39,2024,Jabalpur,Madhya Pradesh,DIS-MAL,Malaria,72,1,declining
40,2024,Jabalpur,Madhya Pradesh,DIS-CHL,Cholera,1,0,rising
40,2024,Jabalpur,Madhya Pradesh,DIS-DEN,Dengue,77,1,declining
40,2024,Jabalpur,Madhya Pradesh,DIS-RSP,Respiratory infections,1,0,stable
40,2024,Jabalpur,Madhya Pradesh,DIS-SNK,Snakebite,29,1,declining
40,2024,Jabalpur,Madhya Pradesh,DIS-MAL,Malaria,79,1,declining
41,2024,Jabalpur,Madhya Pradesh,DIS-CHL,Cholera,0,0,declining
41,2024,Jabalpur,Madhya Pradesh,DIS-DEN,Dengue,76,3,declining
41,2024,Jabalpur,Madhya Pradesh,DIS-RSP,Respiratory infections,0,0,stable
41,2024,Jabalpur,Madhya Pradesh,DIS-SNK,Snakebite,3,0,stable
41,2024,Jabalpur,Madhya Pradesh,DIS-MAL,Malaria,94,3,declining
42,2024,Jabalpur,Madhya Pradesh,DIS-CHL,Cholera,2,0,stable
42,2024,Jabalpur,Madhya Pradesh,DIS-DEN,Dengue,52,0,declining
42,2024,Jabalpur,Madhya Pradesh,DIS-RSP,Respiratory infections,1,0,declining
42,2024,Jabalpur,Madhya Pradesh,DIS-SNK,Snakebite,1,0,stable
42,2024,Jabalpur,Madhya Pradesh,DIS-MAL,Malaria,27,0,declining
43,2024,Jabalpur,Madhya Pradesh,DIS-CHL,Cholera,0,0,rising
43,2024,Jabalpur,Madhya Pradesh,DIS-DEN,Dengue,85,2,declining
43,2024,Jabalpur,Madhya Pradesh,DIS-RSP,Respiratory infections,5,0,rising
43,2024,Jabalpur,Madhya Pradesh,DIS-SNK,Snakebite,2,0,rising
43,2024,Jabalpur,Madhya Pradesh,DIS-MAL,Malaria,0,0,stable
44,2024,Jabalpur,Madhya Pradesh,DIS-CHL,Cholera,0,0,stable
44,2024,Jabalpur,Madhya Pradesh,DIS-DEN,Dengue,86,0,declining
44,2024,Jabalpur,Madhya Pradesh,DIS-RSP,Respiratory infections,4,0,stable
44,2024,Jabalpur,Madhya Pradesh,DIS-SNK,Snakebite,0,0,rising
44,2024,Jabalpur,Madhya Pradesh,DIS-MAL,Malaria,3,0,stable
45,2024,Jabalpur,Madhya Pradesh,DIS-CHL,Cholera,2,0,declining
45,2024,Jabalpur,Madhya Pradesh,DIS-DEN,Dengue,78,2,declining
45,2024,Jabalpur,Madhya Pradesh,DIS-RSP,Respiratory infections,55,0,declining
45,2024,Jabalpur,Madhya Pradesh,DIS-SNK,Snakebite,2,0,stable
45,2024,Jabalpur,Madhya Pradesh,DIS-MAL,Malaria,3,0,declining
46,2024,Jabalpur,Madhya Pradesh,DIS-CHL,Cholera,3,0,stable
46,2024,Jabalpur,Madhya Pradesh,DIS-DEN,Dengue,2,0,declining
46,2024,Jabalpur,Madhya Pradesh,DIS-RSP,Respiratory infections,20,0,declining
46,2024,Jabalpur,Madhya Pradesh,DIS-SNK,Snakebite,2,0,declining
46,2024,Jabalpur,Madhya Pradesh,DIS-MAL,Malaria,0,0,stable
47,2024,Jabalpur,Madhya Pradesh,DIS-CHL,Cholera,3,0,stable
47,2024,Jabalpur,Madhya Pradesh,DIS-DEN,Dengue,5,0,declining
47,2024,Jabalpur,Madhya Pradesh,DIS-RSP,Respiratory infections,85,1,declining
47,2024,Jabalpur,Madhya Pradesh,DIS-SNK,Snakebite,1,0,rising
47,2024,Jabalpur,Madhya Pradesh,DIS-MAL,Malaria,2,0,declining
48,2024,Jabalpur,Madhya Pradesh,DIS-CHL,Cholera,4,0,declining
48,2024,Jabalpur,Madhya Pradesh,DIS-DEN,Dengue,4,0,stable
48,2024,Jabalpur,Madhya Pradesh,DIS-RSP,Respiratory infections,86,4,declining
48,2024,Jabalpur,Madhya Pradesh,DIS-SNK,Snakebite,4,0,stable
48,2024,Jabalpur,Madhya Pradesh,DIS-MAL,Malaria,0,0,declining
49,2024,Jabalpur,Madhya Pradesh,DIS-CHL,Cholera,2,0,stable
49,2024,Jabalpur,Madhya Pradesh,DIS-DEN,Dengue,1,0,stable
49,2024,Jabalpur,Madhya Pradesh,DIS-RSP,Respiratory infections,86,0,declining
49,2024,Jabalpur,Madhya Pradesh,DIS-SNK,Snakebite,4,0,stable
49,2024,Jabalpur,Madhya Pradesh,DIS-MAL,Malaria,3,0,rising
50,2024,Jabalpur,Madhya Pradesh,DIS-CHL,Cholera,4,0,stable
50,2024,Jabalpur,Madhya Pradesh,DIS-DEN,Dengue,4,0,stable
50,2024,Jabalpur,Madhya Pradesh,DIS-RSP,Respiratory infections,84,1,declining
50,2024,Jabalpur,Madhya Pradesh,DIS-SNK,Snakebite,0,0,stable
50,2024,Jabalpur,Madhya Pradesh,DIS-MAL,Malaria,3,0,rising
51,2024,Jabalpur,Madhya Pradesh,DIS-CHL,Cholera,0,0,rising
51,2024,Jabalpur,Madhya Pradesh,DIS-DEN,Dengue,3,0,stable
51,2024,Jabalpur,Madhya Pradesh,DIS-RSP,Respiratory infections,45,0,declining
51,2024,Jabalpur,Madhya Pradesh,DIS-SNK,Snakebite,3,0,rising
51,2024,Jabalpur,Madhya Pradesh,DIS-MAL,Malaria,0,0,declining
52,2024,Jabalpur,Madhya Pradesh,DIS-CHL,Cholera,3,0,rising
52,2024,Jabalpur,Madhya Pradesh,DIS-DEN,Dengue,3,0,declining
52,2024,Jabalpur,Madhya Pradesh,DIS-RSP,Respiratory infections,57,2,declining
52,2024,Jabalpur,Madhya Pradesh,DIS-SNK,Snakebite,1,0,rising
52,2024,Jabalpur,Madhya Pradesh,DIS-MAL,Malaria,4,0,declining
1,2024,Gwalior,Madhya Pradesh,DIS-CHL,Cholera,0,0,stable
1,2024,Gwalior,Madhya Pradesh,DIS-DEN,Dengue,5,0,rising
1,2024,Gwalior,Madhya Pradesh,DIS-RSP,Respiratory infections,56,0,stable
1,2024,Gwalior,Madhya Pradesh,DIS-SNK,Snakebite,5,0,declining
1,2024,Gwalior,Madhya Pradesh,DIS-MAL,Malaria,1,0,declining
2,2024,Gwalior,Madhya Pradesh,DIS-CHL,Cholera,4,0,stable
2,2024,Gwalior,Madhya Pradesh,DIS-DEN,Dengue,5,0,rising
2,2024,Gwalior,Madhya Pradesh,DIS-RSP,Respiratory infections,83,1,declining
2,2024,Gwalior,Madhya Pradesh,DIS-SNK,Snakebite,0,0,stable
2,2024,Gwalior,Madhya Pradesh,DIS-MAL,Malaria,3,0,declining
3,2024,Gwalior,Madhya Pradesh,DIS-CHL,Cholera,5,0,stable
3,2024,Gwalior,Madhya Pradesh,DIS-DEN,Dengue,0,0,rising
3,2024,Gwalior,Madhya Pradesh,DIS-RSP,Respiratory infections,76,0,declining
3,2024,Gwalior,Madhya Pradesh,DIS-SNK,Snakebite,2,0,stable
3,2024,Gwalior,Madhya Pradesh,DIS-MAL,Malaria,3,0,stable
4,2024,Gwalior,Madhya Pradesh,DIS-CHL,Cholera,3,0,declining
4,2024,Gwalior,Madhya Pradesh,DIS-DEN,Dengue,4,0,rising
4,2024,Gwalior,Madhya Pradesh,DIS-RSP,Respiratory infections,51,2,declining
4,2024,Gwalior,Madhya Pradesh,DIS-SNK,Snakebite,3,0,declining
4,2024,Gwalior,Madhya Pradesh,DIS-MAL,Malaria,3,0,rising
5,2024,Gwalior,Madhya Pradesh,DIS-CHL,Cholera,0,0,declining
5,2024,Gwalior,Madhya Pradesh,DIS-DEN,Dengue,4,0,stable
5,2024,Gwalior,Madhya Pradesh,DIS-RSP,Respiratory infections,80,3,declining
5,2024,Gwalior,Madhya Pradesh,DIS-SNK,Snakebite,1,0,rising
5,2024,Gwalior,Madhya Pradesh,DIS-MAL,Malaria,0,0,stable
6,2024,Gwalior,Madhya Pradesh,DIS-CHL,Cholera,0,0,rising
6,2024,Gwalior,Madhya Pradesh,DIS-DEN,Dengue,2,0,stable
6,2024,Gwalior,Madhya Pradesh,DIS-RSP,Respiratory infections,100,1,declining
6,2024,Gwalior,Madhya Pradesh,DIS-SNK,Snakebite,0,0,stable
6,2024,Gwalior,Madhya Pradesh,DIS-MAL,Malaria,3,0,declining
7,2024,Gwalior,Madhya Pradesh,DIS-CHL,Cholera,0,0,stable
7,2024,Gwalior,Madhya Pradesh,DIS-DEN,Dengue,0,0,rising
7,2024,Gwalior,Madhya Pradesh,DIS-RSP,Respiratory infections,39,1,declining
7,2024,Gwalior,Madhya Pradesh,DIS-SNK,Snakebite,3,0,stable
7,2024,Gwalior,Madhya Pradesh,DIS-MAL,Malaria,2,0,stable
8,2024,Gwalior,Madhya Pradesh,DIS-CHL,Cholera,0,0,stable
8,2024,Gwalior,Madhya Pradesh,DIS-DEN,Dengue,1,0,stable
8,2024,Gwalior,Madhya Pradesh,DIS-RSP,Respiratory infections,41,1,declining
8,2024,Gwalior,Madhya Pradesh,DIS-SNK,Snakebite,2,0,declining
8,2024,Gwalior,Madhya Pradesh,DIS-MAL,Malaria,5,0,stable
9,2024,Gwalior,Madhya Pradesh,DIS-CHL,Cholera,4,0,declining
9,2024,Gwalior,Madhya Pradesh,DIS-DEN,Dengue,0,0,stable
9,2024,Gwalior,Madhya Pradesh,DIS-RSP,Respiratory infections,0,0,declining
9,2024,Gwalior,Madhya Pradesh,DIS-SNK,Snakebite,0,0,stable
9,2024,Gwalior,Madhya Pradesh,DIS-MAL,Malaria,2,0,stable
10,2024,Gwalior,Madhya Pradesh,DIS-CHL,Cholera,0,0,stable
10,2024,Gwalior,Madhya Pradesh,DIS-DEN,Dengue,2,0,stable
10,2024,Gwalior,Madhya Pradesh,DIS-RSP,Respiratory infections,0,0,stable
10,2024,Gwalior,Madhya Pradesh,DIS-SNK,Snakebite,5,0,declining
10,2024,Gwalior,Madhya Pradesh,DIS-MAL,Malaria,5,0,stable
11,2024,Gwalior,Madhya Pradesh,DIS-CHL,Cholera,0,0,declining
11,2024,Gwalior,Madhya Pradesh,DIS-DEN,Dengue,1,0,declining
11,2024,Gwalior,Madhya Pradesh,DIS-RSP,Respiratory infections,2,0,stable
11,2024,Gwalior,Madhya Pradesh,DIS-SNK,Snakebite,1,0,stable
11,2024,Gwalior,Madhya Pradesh,DIS-MAL,Malaria,1,0,stable
12,2024,Gwalior,Madhya Pradesh,DIS-CHL,Cholera,2,0,stable
12,2024,Gwalior,Madhya Pradesh,DIS-DEN,Dengue,3,0,stable
12,2024,Gwalior,Madhya Pradesh,DIS-RSP,Respiratory infections,2,0,stable
12,2024,Gwalior,Madhya Pradesh,DIS-SNK,Snakebite,1,0,stable
12,2024,Gwalior,Madhya Pradesh,DIS-MAL,Malaria,4,0,stable
13,2024,Gwalior,Madhya Pradesh,DIS-CHL,Cholera,4,0,stable
13,2024,Gwalior,Madhya Pradesh,DIS-DEN,Dengue,3,0,stable
13,2024,Gwalior,Madhya Pradesh,DIS-RSP,Respiratory infections,1,0,declining
13,2024,Gwalior,Madhya Pradesh,DIS-SNK,Snakebite,0,0,declining
13,2024,Gwalior,Madhya Pradesh,DIS-MAL,Malaria,0,0,stable
14,2024,Gwalior,Madhya Pradesh,DIS-CHL,Cholera,2,0,declining
14,2024,Gwalior,Madhya Pradesh,DIS-DEN,Dengue,0,0,rising
14,2024,Gwalior,Madhya Pradesh,DIS-RSP,Respiratory infections,4,0,stable
14,2024,Gwalior,Madhya Pradesh,DIS-SNK,Snakebite,0,0,stable
14,2024,Gwalior,Madhya Pradesh,DIS-MAL,Malaria,1,0,stable
15,2024,Gwalior,Madhya Pradesh,DIS-CHL,Cholera,5,0,stable
15,2024,Gwalior,Madhya Pradesh,DIS-DEN,Dengue,0,0,declining
15,2024,Gwalior,Madhya Pradesh,DIS-RSP,Respiratory infections,1,0,declining
15,2024,Gwalior,Madhya Pradesh,DIS-SNK,Snakebite,3,0,rising
15,2024,Gwalior,Madhya Pradesh,DIS-MAL,Malaria,0,0,rising
16,2024,Gwalior,Madhya Pradesh,DIS-CHL,Cholera,2,0,stable
16,2024,Gwalior,Madhya Pradesh,DIS-DEN,Dengue,5,0,rising
16,2024,Gwalior,Madhya Pradesh,DIS-RSP,Respiratory infections,0,0,stable
16,2024,Gwalior,Madhya Pradesh,DIS-SNK,Snakebite,4,0,declining
16,2024,Gwalior,Madhya Pradesh,DIS-MAL,Malaria,1,0,declining
17,2024,Gwalior,Madhya Pradesh,DIS-CHL,Cholera,0,0,declining
17,2024,Gwalior,Madhya Pradesh,DIS-DEN,Dengue,0,0,stable
17,2024,Gwalior,Madhya Pradesh,DIS-RSP,Respiratory infections,0,0,stable
17,2024,Gwalior,Madhya Pradesh,DIS-SNK,Snakebite,1,0,declining
17,2024,Gwalior,Madhya Pradesh,DIS-MAL,Malaria,3,0,stable
18,2024,Gwalior,Madhya Pradesh,DIS-CHL,Cholera,4,0,stable
18,2024,Gwalior,Madhya Pradesh,DIS-DEN,Dengue,2,0,stable
18,2024,Gwalior,Madhya Pradesh,DIS-RSP,Respiratory infections,1,0,stable
18,2024,Gwalior,Madhya Pradesh,DIS-SNK,Snakebite,1,0,rising
18,2024,Gwalior,Madhya Pradesh,DIS-MAL,Malaria,0,0,stable
19,2024,Gwalior,Madhya Pradesh,DIS-CHL,Cholera,2,0,stable
19,2024,Gwalior,Madhya Pradesh,DIS-DEN,Dengue,0,0,rising
19,2024,Gwalior,Madhya Pradesh,DIS-RSP,Respiratory infections,4,0,declining
19,2024,Gwalior,Madhya Pradesh,DIS-SNK,Snakebite,1,0,stable
19,2024,Gwalior,Madhya Pradesh,DIS-MAL,Malaria,4,0,stable
20,2024,Gwalior,Madhya Pradesh,DIS-CHL,Cholera,3,0,stable
20,2024,Gwalior,Madhya Pradesh,DIS-DEN,Dengue,4,0,rising
20,2024,Gwalior,Madhya Pradesh,DIS-RSP,Respiratory infections,3,0,rising
20,2024,Gwalior,Madhya Pradesh,DIS-SNK,Snakebite,86,1,rising
20,2024,Gwalior,Madhya Pradesh,DIS-MAL,Malaria,4,0,rising
21,2024,Gwalior,Madhya Pradesh,DIS-CHL,Cholera,0,0,declining
21,2024,Gwalior,Madhya Pradesh,DIS-DEN,Dengue,4,0,declining
21,2024,Gwalior,Madhya Pradesh,DIS-RSP,Respiratory infections,3,0,declining
21,2024,Gwalior,Madhya Pradesh,DIS-SNK,Snakebite,24,1,rising
21,2024,Gwalior,Madhya Pradesh,DIS-MAL,Malaria,0,0,stable
22,2024,Gwalior,Madhya Pradesh,DIS-CHL,Cholera,4,0,declining
22,2024,Gwalior,Madhya Pradesh,DIS-DEN,Dengue,4,0,declining
22,2024,Gwalior,Madhya Pradesh,DIS-RSP,Respiratory infections,3,0,stable
22,2024,Gwalior,Madhya Pradesh,DIS-SNK,Snakebite,64,1,rising
22,2024,Gwalior,Madhya Pradesh,DIS-MAL,Malaria,3,0,declining
23,2024,Gwalior,Madhya Pradesh,DIS-CHL,Cholera,2,0,rising
23,2024,Gwalior,Madhya Pradesh,DIS-DEN,Dengue,0,0,stable
23,2024,Gwalior,Madhya Pradesh,DIS-RSP,Respiratory infections,3,0,stable
23,2024,Gwalior,Madhya Pradesh,DIS-SNK,Snakebite,99,4,rising
23,2024,Gwalior,Madhya Pradesh,DIS-MAL,Malaria,3,0,stable
24,2024,Gwalior,Madhya Pradesh,DIS-CHL,Cholera,3,0,stable
24,2024,Gwalior,Madhya Pradesh,DIS-DEN,Dengue,4,0,declining
24,2024,Gwalior,Madhya Pradesh,DIS-RSP,Respiratory infections,1,0,stable
24,2024,Gwalior,Madhya Pradesh,DIS-SNK,Snakebite,61,1,rising
24,2024,Gwalior,Madhya Pradesh,DIS-MAL,Malaria,4,0,stable
25,2024,Gwalior,Madhya Pradesh,DIS-CHL,Cholera,30,0,rising
25,2024,Gwalior,Madhya Pradesh,DIS-DEN,Dengue,1,0,rising
25,2024,Gwalior,Madhya Pradesh,DIS-RSP,Respiratory infections,2,0,rising
25,2024,Gwalior,Madhya Pradesh,DIS-SNK,Snakebite,59,1,rising
25,2024,Gwalior,Madhya Pradesh,DIS-MAL,Malaria,3,0,stable
26,2024,Gwalior,Madhya Pradesh,DIS-CHL,Cholera,54,2,rising
26,2024,Gwalior,Madhya Pradesh,DIS-DEN,Dengue,5,0,stable
26,2024,Gwalior,Madhya Pradesh,DIS-RSP,Respiratory infections,1,0,rising
26,2024,Gwalior,Madhya Pradesh,DIS-SNK,Snakebite,42,1,rising
26,2024,Gwalior,Madhya Pradesh,DIS-MAL,Malaria,3,0,declining
27,2024,Gwalior,Madhya Pradesh,DIS-CHL,Cholera,50,1,rising
27,2024,Gwalior,Madhya Pradesh,DIS-DEN,Dengue,4,0,rising
27,2024,Gwalior,Madhya Pradesh,DIS-RSP,Respiratory infections,4,0,stable
27,2024,Gwalior,Madhya Pradesh,DIS-SNK,Snakebite,30,0,rising
27,2024,Gwalior,Madhya Pradesh,DIS-MAL,Malaria,4,0,declining
28,2024,Gwalior,Madhya Pradesh,DIS-CHL,Cholera,47,0,rising
28,2024,Gwalior,Madhya Pradesh,DIS-DEN,Dengue,4,0,stable
28,2024,Gwalior,Madhya Pradesh,DIS-RSP,Respiratory infections,0,0,declining
28,2024,Gwalior,Madhya Pradesh,DIS-SNK,Snakebite,52,1,rising
28,2024,Gwalior,Madhya Pradesh,DIS-MAL,Malaria,49,0,rising
29,2024,Gwalior,Madhya Pradesh,DIS-CHL,Cholera,55,1,rising
29,2024,Gwalior,Madhya Pradesh,DIS-DEN,Dengue,5,0,stable
29,2024,Gwalior,Madhya Pradesh,DIS-RSP,Respiratory infections,0,0,stable
29,2024,Gwalior,Madhya Pradesh,DIS-SNK,Snakebite,96,3,rising
29,2024,Gwalior,Madhya Pradesh,DIS-MAL,Malaria,61,2,rising
30,2024,Gwalior,Madhya Pradesh,DIS-CHL,Cholera,22,0,declining
30,2024,Gwalior,Madhya Pradesh,DIS-DEN,Dengue,92,3,rising
30,2024,Gwalior,Madhya Pradesh,DIS-RSP,Respiratory infections,0,0,stable
30,2024,Gwalior,Madhya Pradesh,DIS-SNK,Snakebite,34,0,declining
30,2024,Gwalior,Madhya Pradesh,DIS-MAL,Malaria,44,1,rising
31,2024,Gwalior,Madhya Pradesh,DIS-CHL,Cholera,44,0,declining
31,2024,Gwalior,Madhya Pradesh,DIS-DEN,Dengue,84,2,rising
31,2024,Gwalior,Madhya Pradesh,DIS-RSP,Respiratory infections,3,0,declining
31,2024,Gwalior,Madhya Pradesh,DIS-SNK,Snakebite,73,3,declining
31,2024,Gwalior,Madhya Pradesh,DIS-MAL,Malaria,41,1,rising
32,2024,Gwalior,Madhya Pradesh,DIS-CHL,Cholera,91,2,declining
32,2024,Gwalior,Madhya Pradesh,DIS-DEN,Dengue,42,0,rising
32,2024,Gwalior,Madhya Pradesh,DIS-RSP,Respiratory infections,0,0,declining
32,2024,Gwalior,Madhya Pradesh,DIS-SNK,Snakebite,66,2,declining
32,2024,Gwalior,Madhya Pradesh,DIS-MAL,Malaria,26,0,rising
33,2024,Gwalior,Madhya Pradesh,DIS-CHL,Cholera,45,0,declining
33,2024,Gwalior,Madhya Pradesh,DIS-DEN,Dengue,102,0,rising
33,2024,Gwalior,Madhya Pradesh,DIS-RSP,Respiratory infections,2,0,stable
33,2024,Gwalior,Madhya Pradesh,DIS-SNK,Snakebite,25,0,declining
33,2024,Gwalior,Madhya Pradesh,DIS-MAL,Malaria,63,1,rising
34,2024,Gwalior,Madhya Pradesh,DIS-CHL,Cholera,32,0,declining
34,2024,Gwalior,Madhya Pradesh,DIS-DEN,Dengue,89,0,rising
34,2024,Gwalior,Madhya Pradesh,DIS-RSP,Respiratory infections,3,0,stable
34,2024,Gwalior,Madhya Pradesh,DIS-SNK,Snakebite,87,3,declining
34,2024,Gwalior,Madhya Pradesh,DIS-MAL,Malaria,81,0,rising
35,2024,Gwalior,Madhya Pradesh,DIS-CHL,Cholera,56,1,declining
35,2024,Gwalior,Madhya Pradesh,DIS-DEN,Dengue,102,3,rising
35,2024,Gwalior,Madhya Pradesh,DIS-RSP,Respiratory infections,1,0,rising
35,2024,Gwalior,Madhya Pradesh,DIS-SNK,Snakebite,67,0,declining
35,2024,Gwalior,Madhya Pradesh,DIS-MAL,Malaria,59,2,declining
36,2024,Gwalior,Madhya Pradesh,DIS-CHL,Cholera,3,0,stable
36,2024,Gwalior,Madhya Pradesh,DIS-DEN,Dengue,65,2,rising
36,2024,Gwalior,Madhya Pradesh,DIS-RSP,Respiratory infections,1,0,stable
36,2024,Gwalior,Madhya Pradesh,DIS-SNK,Snakebite,46,0,declining
36,2024,Gwalior,Madhya Pradesh,DIS-MAL,Malaria,74,0,declining
37,2024,Gwalior,Madhya Pradesh,DIS-CHL,Cholera,0,0,declining
37,2024,Gwalior,Madhya Pradesh,DIS-DEN,Dengue,28,0,declining
37,2024,Gwalior,Madhya Pradesh,DIS-RSP,Respiratory infections,4,0,stable
37,2024,Gwalior,Madhya Pradesh,DIS-SNK,Snakebite,52,1,declining
37,2024,Gwalior,Madhya Pradesh,DIS-MAL,Malaria,39,1,declining
38,2024,Gwalior,Madhya Pradesh,DIS-CHL,Cholera,1,0,stable
38,2024,Gwalior,Madhya Pradesh,DIS-DEN,Dengue,73,2,declining
38,2024,Gwalior,Madhya Pradesh,DIS-RSP,Respiratory infections,0,0,stable
38,2024,Gwalior,Madhya Pradesh,DIS-SNK,Snakebite,63,0,declining
38,2024,Gwalior,Madhya Pradesh,DIS-MAL,Malaria,38,1,declining
39,2024,Gwalior,Madhya Pradesh,DIS-CHL,Cholera,1,0,stable
39,2024,Gwalior,Madhya Pradesh,DIS-DEN,Dengue,54,2,declining
39,2024,Gwalior,Madhya Pradesh,DIS-RSP,Respiratory infections,2,0,declining
39,2024,Gwalior,Madhya Pradesh,DIS-SNK,Snakebite,32,0,declining
39,2024,Gwalior,Madhya Pradesh,DIS-MAL,Malaria,68,0,declining
40,2024,Gwalior,Madhya Pradesh,DIS-CHL,Cholera,2,0,stable
40,2024,Gwalior,Madhya Pradesh,DIS-DEN,Dengue,28,0,declining
40,2024,Gwalior,Madhya Pradesh,DIS-RSP,Respiratory infections,0,0,declining
40,2024,Gwalior,Madhya Pradesh,DIS-SNK,Snakebite,65,1,declining
40,2024,Gwalior,Madhya Pradesh,DIS-MAL,Malaria,31,0,declining
41,2024,Gwalior,Madhya Pradesh,DIS-CHL,Cholera,5,0,rising
41,2024,Gwalior,Madhya Pradesh,DIS-DEN,Dengue,54,1,declining
41,2024,Gwalior,Madhya Pradesh,DIS-RSP,Respiratory infections,3,0,stable
41,2024,Gwalior,Madhya Pradesh,DIS-SNK,Snakebite,3,0,stable
41,2024,Gwalior,Madhya Pradesh,DIS-MAL,Malaria,101,1,declining
42,2024,Gwalior,Madhya Pradesh,DIS-CHL,Cholera,3,0,rising
42,2024,Gwalior,Madhya Pradesh,DIS-DEN,Dengue,46,0,declining
42,2024,Gwalior,Madhya Pradesh,DIS-RSP,Respiratory infections,2,0,declining
42,2024,Gwalior,Madhya Pradesh,DIS-SNK,Snakebite,0,0,declining
42,2024,Gwalior,Madhya Pradesh,DIS-MAL,Malaria,21,0,declining
43,2024,Gwalior,Madhya Pradesh,DIS-CHL,Cholera,1,0,stable
43,2024,Gwalior,Madhya Pradesh,DIS-DEN,Dengue,34,1,declining
43,2024,Gwalior,Madhya Pradesh,DIS-RSP,Respiratory infections,0,0,stable
43,2024,Gwalior,Madhya Pradesh,DIS-SNK,Snakebite,4,0,rising
43,2024,Gwalior,Madhya Pradesh,DIS-MAL,Malaria,2,0,rising
44,2024,Gwalior,Madhya Pradesh,DIS-CHL,Cholera,2,0,stable
44,2024,Gwalior,Madhya Pradesh,DIS-DEN,Dengue,36,0,declining
44,2024,Gwalior,Madhya Pradesh,DIS-RSP,Respiratory infections,2,0,stable
44,2024,Gwalior,Madhya Pradesh,DIS-SNK,Snakebite,0,0,rising
44,2024,Gwalior,Madhya Pradesh,DIS-MAL,Malaria,2,0,declining
45,2024,Gwalior,Madhya Pradesh,DIS-CHL,Cholera,4,0,stable
45,2024,Gwalior,Madhya Pradesh,DIS-DEN,Dengue,75,1,declining
45,2024,Gwalior,Madhya Pradesh,DIS-RSP,Respiratory infections,21,0,declining
45,2024,Gwalior,Madhya Pradesh,DIS-SNK,Snakebite,0,0,stable
45,2024,Gwalior,Madhya Pradesh,DIS-MAL,Malaria,0,0,rising
46,2024,Gwalior,Madhya Pradesh,DIS-CHL,Cholera,0,0,stable
46,2024,Gwalior,Madhya Pradesh,DIS-DEN,Dengue,1,0,declining
46,2024,Gwalior,Madhya Pradesh,DIS-RSP,Respiratory infections,26,0,declining
46,2024,Gwalior,Madhya Pradesh,DIS-SNK,Snakebite,3,0,stable
46,2024,Gwalior,Madhya Pradesh,DIS-MAL,Malaria,2,0,declining
47,2024,Gwalior,Madhya Pradesh,DIS-CHL,Cholera,0,0,stable
47,2024,Gwalior,Madhya Pradesh,DIS-DEN,Dengue,3,0,rising
47,2024,Gwalior,Madhya Pradesh,DIS-RSP,Respiratory infections,37,0,declining
47,2024,Gwalior,Madhya Pradesh,DIS-SNK,Snakebite,3,0,stable
47,2024,Gwalior,Madhya Pradesh,DIS-MAL,Malaria,0,0,stable
48,2024,Gwalior,Madhya Pradesh,DIS-CHL,Cholera,3,0,rising
48,2024,Gwalior,Madhya Pradesh,DIS-DEN,Dengue,2,0,stable
48,2024,Gwalior,Madhya Pradesh,DIS-RSP,Respiratory infections,21,0,declining
48,2024,Gwalior,Madhya Pradesh,DIS-SNK,Snakebite,3,0,rising
48,2024,Gwalior,Madhya Pradesh,DIS-MAL,Malaria,1,0,rising
49,2024,Gwalior,Madhya Pradesh,DIS-CHL,Cholera,1,0,declining
49,2024,Gwalior,Madhya Pradesh,DIS-DEN,Dengue,5,0,rising
49,2024,Gwalior,Madhya Pradesh,DIS-RSP,Respiratory infections,112,4,declining
49,2024,Gwalior,Madhya Pradesh,DIS-SNK,Snakebite,2,0,declining
49,2024,Gwalior,Madhya Pradesh,DIS-MAL,Malaria,4,0,declining
50,2024,Gwalior,Madhya Pradesh,DIS-CHL,Cholera,3,0,stable
50,2024,Gwalior,Madhya Pradesh,DIS-DEN,Dengue,0,0,stable
50,2024,Gwalior,Madhya Pradesh,DIS-RSP,Respiratory infections,33,1,declining
50,2024,Gwalior,Madhya Pradesh,DIS-SNK,Snakebite,1,0,rising
50,2024,Gwalior,Madhya Pradesh,DIS-MAL,Malaria,0,0,stable
51,2024,Gwalior,Madhya Pradesh,DIS-CHL,Cholera,5,0,stable
51,2024,Gwalior,Madhya Pradesh,DIS-DEN,Dengue,1,0,stable
51,2024,Gwalior,Madhya Pradesh,DIS-RSP,Respiratory infections,35,1,declining
51,2024,Gwalior,Madhya Pradesh,DIS-SNK,Snakebite,4,0,rising
51,2024,Gwalior,Madhya Pradesh,DIS-MAL,Malaria,0,0,rising
52,2024,Gwalior,Madhya Pradesh,DIS-CHL,Cholera,0,0,rising
52,2024,Gwalior,Madhya Pradesh,DIS-DEN,Dengue,3,0,declining
52,2024,Gwalior,Madhya Pradesh,DIS-RSP,Respiratory infections,27,0,declining
52,2024,Gwalior,Madhya Pradesh,DIS-SNK,Snakebite,1,0,declining
52,2024,Gwalior,Madhya Pradesh,DIS-MAL,Malaria,2,0,rising
1,2024,Ujjain,Madhya Pradesh,DIS-CHL,Cholera,1,0,rising
1,2024,Ujjain,Madhya Pradesh,DIS-DEN,Dengue,0,0,rising
1,2024,Ujjain,Madhya Pradesh,DIS-RSP,Respiratory infections,81,0,declining
1,2024,Ujjain,Madhya Pradesh,DIS-SNK,Snakebite,1,0,stable
1,2024,Ujjain,Madhya Pradesh,DIS-MAL,Malaria,5,0,stable
2,2024,Ujjain,Madhya Pradesh,DIS-CHL,Cholera,4,0,stable
2,2024,Ujjain,Madhya Pradesh,DIS-DEN,Dengue,4,0,stable
2,2024,Ujjain,Madhya Pradesh,DIS-RSP,Respiratory infections,26,0,declining
2,2024,Ujjain,Madhya Pradesh,DIS-SNK,Snakebite,4,0,declining
2,2024,Ujjain,Madhya Pradesh,DIS-MAL,Malaria,5,0,stable
3,2024,Ujjain,Madhya Pradesh,DIS-CHL,Cholera,4,0,stable
3,2024,Ujjain,Madhya Pradesh,DIS-DEN,Dengue,1,0,stable
3,2024,Ujjain,Madhya Pradesh,DIS-RSP,Respiratory infections,81,2,declining
3,2024,Ujjain,Madhya Pradesh,DIS-SNK,Snakebite,0,0,declining
3,2024,Ujjain,Madhya Pradesh,DIS-MAL,Malaria,2,0,stable
4,2024,Ujjain,Madhya Pradesh,DIS-CHL,Cholera,2,0,rising
4,2024,Ujjain,Madhya Pradesh,DIS-DEN,Dengue,0,0,rising
4,2024,Ujjain,Madhya Pradesh,DIS-RSP,Respiratory infections,44,0,declining
4,2024,Ujjain,Madhya Pradesh,DIS-SNK,Snakebite,0,0,rising
4,2024,Ujjain,Madhya Pradesh,DIS-MAL,Malaria,1,0,declining
5,2024,Ujjain,Madhya Pradesh,DIS-CHL,Cholera,0,0,stable
5,2024,Ujjain,Madhya Pradesh,DIS-DEN,Dengue,1,0,stable
5,2024,Ujjain,Madhya Pradesh,DIS-RSP,Respiratory infections,113,0,declining
5,2024,Ujjain,Madhya Pradesh,DIS-SNK,Snakebite,0,0,stable
5,2024,Ujjain,Madhya Pradesh,DIS-MAL,Malaria,2,0,declining
6,2024,Ujjain,Madhya Pradesh,DIS-CHL,Cholera,1,0,declining
6,2024,Ujjain,Madhya Pradesh,DIS-DEN,Dengue,0,0,stable
6,2024,Ujjain,Madhya Pradesh,DIS-RSP,Respiratory infections,42,0,declining
6,2024,Ujjain,Madhya Pradesh,DIS-SNK,Snakebite,2,0,rising
6,2024,Ujjain,Madhya Pradesh,DIS-MAL,Malaria,3,0,declining
7,2024,Ujjain,Madhya Pradesh,DIS-CHL,Cholera,0,0,stable
7,2024,Ujjain,Madhya Pradesh,DIS-DEN,Dengue,3,0,stable
7,2024,Ujjain,Madhya Pradesh,DIS-RSP,Respiratory infections,58,0,declining
7,2024,Ujjain,Madhya Pradesh,DIS-SNK,Snakebite,4,0,stable
7,2024,Ujjain,Madhya Pradesh,DIS-MAL,Malaria,2,0,stable
8,2024,Ujjain,Madhya Pradesh,DIS-CHL,Cholera,4,0,stable
8,2024,Ujjain,Madhya Pradesh,DIS-DEN,Dengue,1,0,stable
8,2024,Ujjain,Madhya Pradesh,DIS-RSP,Respiratory infections,25,0,declining
8,2024,Ujjain,Madhya Pradesh,DIS-SNK,Snakebite,3,0,declining
8,2024,Ujjain,Madhya Pradesh,DIS-MAL,Malaria,0,0,stable
9,2024,Ujjain,Madhya Pradesh,DIS-CHL,Cholera,2,0,declining
9,2024,Ujjain,Madhya Pradesh,DIS-DEN,Dengue,0,0,declining
9,2024,Ujjain,Madhya Pradesh,DIS-RSP,Respiratory infections,4,0,rising
9,2024,Ujjain,Madhya Pradesh,DIS-SNK,Snakebite,1,0,stable
9,2024,Ujjain,Madhya Pradesh,DIS-MAL,Malaria,0,0,stable
10,2024,Ujjain,Madhya Pradesh,DIS-CHL,Cholera,2,0,stable
10,2024,Ujjain,Madhya Pradesh,DIS-DEN,Dengue,5,0,declining
10,2024,Ujjain,Madhya Pradesh,DIS-RSP,Respiratory infections,1,0,rising
10,2024,Ujjain,Madhya Pradesh,DIS-SNK,Snakebite,0,0,stable
10,2024,Ujjain,Madhya Pradesh,DIS-MAL,Malaria,5,0,stable
11,2024,Ujjain,Madhya Pradesh,DIS-CHL,Cholera,3,0,rising
11,2024,Ujjain,Madhya Pradesh,DIS-DEN,Dengue,3,0,stable
11,2024,Ujjain,Madhya Pradesh,DIS-RSP,Respiratory infections,1,0,stable
11,2024,Ujjain,Madhya Pradesh,DIS-SNK,Snakebite,1,0,rising
11,2024,Ujjain,Madhya Pradesh,DIS-MAL,Malaria,2,0,declining
12,2024,Ujjain,Madhya Pradesh,DIS-CHL,Cholera,1,0,rising
12,2024,Ujjain,Madhya Pradesh,DIS-DEN,Dengue,5,0,declining
12,2024,Ujjain,Madhya Pradesh,DIS-RSP,Respiratory infections,3,0,rising
12,2024,Ujjain,Madhya Pradesh,DIS-SNK,Snakebite,0,0,rising
12,2024,Ujjain,Madhya Pradesh,DIS-MAL,Malaria,1,0,stable
13,2024,Ujjain,Madhya Pradesh,DIS-CHL,Cholera,1,0,declining
13,2024,Ujjain,Madhya Pradesh,DIS-DEN,Dengue,1,0,stable
13,2024,Ujjain,Madhya Pradesh,DIS-RSP,Respiratory infections,0,0,declining
13,2024,Ujjain,Madhya Pradesh,DIS-SNK,Snakebite,0,0,declining
13,2024,Ujjain,Madhya Pradesh,DIS-MAL,Malaria,2,0,stable
14,2024,Ujjain,Madhya Pradesh,DIS-CHL,Cholera,4,0,stable
14,2024,Ujjain,Madhya Pradesh,DIS-DEN,Dengue,0,0,declining
14,2024,Ujjain,Madhya Pradesh,DIS-RSP,Respiratory infections,2,0,declining
14,2024,Ujjain,Madhya Pradesh,DIS-SNK,Snakebite,5,0,rising
14,2024,Ujjain,Madhya Pradesh,DIS-MAL,Malaria,1,0,stable
15,2024,Ujjain,Madhya Pradesh,DIS-CHL,Cholera,0,0,rising
15,2024,Ujjain,Madhya Pradesh,DIS-DEN,Dengue,0,0,stable
15,2024,Ujjain,Madhya Pradesh,DIS-RSP,Respiratory infections,3,0,stable
15,2024,Ujjain,Madhya Pradesh,DIS-SNK,Snakebite,0,0,stable
15,2024,Ujjain,Madhya Pradesh,DIS-MAL,Malaria,1,0,stable
16,2024,Ujjain,Madhya Pradesh,DIS-CHL,Cholera,1,0,declining
16,2024,Ujjain,Madhya Pradesh,DIS-DEN,Dengue,0,0,stable
16,2024,Ujjain,Madhya Pradesh,DIS-RSP,Respiratory infections,1,0,stable
16,2024,Ujjain,Madhya Pradesh,DIS-SNK,Snakebite,0,0,stable
16,2024,Ujjain,Madhya Pradesh,DIS-MAL,Malaria,0,0,stable
17,2024,Ujjain,Madhya Pradesh,DIS-CHL,Cholera,2,0,rising
17,2024,Ujjain,Madhya Pradesh,DIS-DEN,Dengue,1,0,declining
17,2024,Ujjain,Madhya Pradesh,DIS-RSP,Respiratory infections,2,0,rising
17,2024,Ujjain,Madhya Pradesh,DIS-SNK,Snakebite,4,0,rising
17,2024,Ujjain,Madhya Pradesh,DIS-MAL,Malaria,0,0,stable
18,2024,Ujjain,Madhya Pradesh,DIS-CHL,Cholera,1,0,declining
18,2024,Ujjain,Madhya Pradesh,DIS-DEN,Dengue,3,0,declining
18,2024,Ujjain,Madhya Pradesh,DIS-RSP,Respiratory infections,2,0,stable
18,2024,Ujjain,Madhya Pradesh,DIS-SNK,Snakebite,0,0,declining
18,2024,Ujjain,Madhya Pradesh,DIS-MAL,Malaria,1,0,rising
19,2024,Ujjain,Madhya Pradesh,DIS-CHL,Cholera,2,0,stable
19,2024,Ujjain,Madhya Pradesh,DIS-DEN,Dengue,2,0,declining
19,2024,Ujjain,Madhya Pradesh,DIS-RSP,Respiratory infections,0,0,stable
19,2024,Ujjain,Madhya Pradesh,DIS-SNK,Snakebite,0,0,stable
19,2024,Ujjain,Madhya Pradesh,DIS-MAL,Malaria,2,0,declining
20,2024,Ujjain,Madhya Pradesh,DIS-CHL,Cholera,3,0,rising
20,2024,Ujjain,Madhya Pradesh,DIS-DEN,Dengue,4,0,declining
20,2024,Ujjain,Madhya Pradesh,DIS-RSP,Respiratory infections,5,0,stable
20,2024,Ujjain,Madhya Pradesh,DIS-SNK,Snakebite,51,0,rising
20,2024,Ujjain,Madhya Pradesh,DIS-MAL,Malaria,3,0,rising
21,2024,Ujjain,Madhya Pradesh,DIS-CHL,Cholera,4,0,declining
21,2024,Ujjain,Madhya Pradesh,DIS-DEN,Dengue,3,0,stable
21,2024,Ujjain,Madhya Pradesh,DIS-RSP,Respiratory infections,4,0,stable
21,2024,Ujjain,Madhya Pradesh,DIS-SNK,Snakebite,34,0,rising
21,2024,Ujjain,Madhya Pradesh,DIS-MAL,Malaria,4,0,stable
22,2024,Ujjain,Madhya Pradesh,DIS-CHL,Cholera,0,0,stable
22,2024,Ujjain,Madhya Pradesh,DIS-DEN,Dengue,0,0,declining
22,2024,Ujjain,Madhya Pradesh,DIS-RSP,Respiratory infections,4,0,declining
22,2024,Ujjain,Madhya Pradesh,DIS-SNK,Snakebite,27,0,rising
22,2024,Ujjain,Madhya Pradesh,DIS-MAL,Malaria,2,0,stable
23,2024,Ujjain,Madhya Pradesh,DIS-CHL,Cholera,0,0,rising
23,2024,Ujjain,Madhya Pradesh,DIS-DEN,Dengue,3,0,declining
23,2024,Ujjain,Madhya Pradesh,DIS-RSP,Respiratory infections,3,0,rising
23,2024,Ujjain,Madhya Pradesh,DIS-SNK,Snakebite,97,3,rising
23,2024,Ujjain,Madhya Pradesh,DIS-MAL,Malaria,1,0,rising
24,2024,Ujjain,Madhya Pradesh,DIS-CHL,Cholera,4,0,stable
24,2024,Ujjain,Madhya Pradesh,DIS-DEN,Dengue,2,0,rising
24,2024,Ujjain,Madhya Pradesh,DIS-RSP,Respiratory infections,0,0,stable
24,2024,Ujjain,Madhya Pradesh,DIS-SNK,Snakebite,73,2,rising
24,2024,Ujjain,Madhya Pradesh,DIS-MAL,Malaria,3,0,stable
25,2024,Ujjain,Madhya Pradesh,DIS-CHL,Cholera,24,1,rising
25,2024,Ujjain,Madhya Pradesh,DIS-DEN,Dengue,0,0,declining
25,2024,Ujjain,Madhya Pradesh,DIS-RSP,Respiratory infections,2,0,rising
25,2024,Ujjain,Madhya Pradesh,DIS-SNK,Snakebite,64,1,rising
25,2024,Ujjain,Madhya Pradesh,DIS-MAL,Malaria,2,0,rising
26,2024,Ujjain,Madhya Pradesh,DIS-CHL,Cholera,52,0,rising
26,2024,Ujjain,Madhya Pradesh,DIS-DEN,Dengue,0,0,stable
26,2024,Ujjain,Madhya Pradesh,DIS-RSP,Respiratory infections,1,0,declining
26,2024,Ujjain,Madhya Pradesh,DIS-SNK,Snakebite,34,1,rising
26,2024,Ujjain,Madhya Pradesh,DIS-MAL,Malaria,2,0,stable
27,2024,Ujjain,Madhya Pradesh,DIS-CHL,Cholera,20,0,rising
27,2024,Ujjain,Madhya Pradesh,DIS-DEN,Dengue,4,0,declining
27,2024,Ujjain,Madhya Pradesh,DIS-RSP,Respiratory infections,1,0,rising
27,2024,Ujjain,Madhya Pradesh,DIS-SNK,Snakebite,46,1,rising
27,2024,Ujjain,Madhya Pradesh,DIS-MAL,Malaria,2,0,rising
28,2024,Ujjain,Madhya Pradesh,DIS-CHL,Cholera,73,2,rising
28,2024,Ujjain,Madhya Pradesh,DIS-DEN,Dengue,1,0,stable
28,2024,Ujjain,Madhya Pradesh,DIS-RSP,Respiratory infections,0,0,declining
28,2024,Ujjain,Madhya Pradesh,DIS-SNK,Snakebite,71,0,rising
28,2024,Ujjain,Madhya Pradesh,DIS-MAL,Malaria,29,0,rising
29,2024,Ujjain,Madhya Pradesh,DIS-CHL,Cholera,78,2,rising
29,2024,Ujjain,Madhya Pradesh,DIS-DEN,Dengue,3,0,stable
29,2024,Ujjain,Madhya Pradesh,DIS-RSP,Respiratory infections,3,0,declining
29,2024,Ujjain,Madhya Pradesh,DIS-SNK,Snakebite,58,1,rising
29,2024,Ujjain,Madhya Pradesh,DIS-MAL,Malaria,39,0,rising
30,2024,Ujjain,Madhya Pradesh,DIS-CHL,Cholera,46,0,declining
30,2024,Ujjain,Madhya Pradesh,DIS-DEN,Dengue,34,0,rising
30,2024,Ujjain,Madhya Pradesh,DIS-RSP,Respiratory infections,0,0,stable
30,2024,Ujjain,Madhya Pradesh,DIS-SNK,Snakebite,21,0,declining
30,2024,Ujjain,Madhya Pradesh,DIS-MAL,Malaria,84,3,rising
31,2024,Ujjain,Madhya Pradesh,DIS-CHL,Cholera,39,1,declining
31,2024,Ujjain,Madhya Pradesh,DIS-DEN,Dengue,25,1,rising
31,2024,Ujjain,Madhya Pradesh,DIS-RSP,Respiratory infections,1,0,stable
31,2024,Ujjain,Madhya Pradesh,DIS-SNK,Snakebite,26,0,declining
31,2024,Ujjain,Madhya Pradesh,DIS-MAL,Malaria,54,2,rising
32,2024,Ujjain,Madhya Pradesh,DIS-CHL,Cholera,90,3,declining
32,2024,Ujjain,Madhya Pradesh,DIS-DEN,Dengue,23,0,rising
32,2024,Ujjain,Madhya Pradesh,DIS-RSP,Respiratory infections,0,0,declining
32,2024,Ujjain,Madhya Pradesh,DIS-SNK,Snakebite,72,0,declining
32,2024,Ujjain,Madhya Pradesh,DIS-MAL,Malaria,43,2,rising
33,2024,Ujjain,Madhya Pradesh,DIS-CHL,Cholera,61,0,declining
33,2024,Ujjain,Madhya Pradesh,DIS-DEN,Dengue,87,0,rising
33,2024,Ujjain,Madhya Pradesh,DIS-RSP,Respiratory infections,1,0,stable
33,2024,Ujjain,Madhya Pradesh,DIS-SNK,Snakebite,54,0,declining
33,2024,Ujjain,Madhya Pradesh,DIS-MAL,Malaria,81,0,rising
34,2024,Ujjain,Madhya Pradesh,DIS-CHL,Cholera,77,3,declining
34,2024,Ujjain,Madhya Pradesh,DIS-DEN,Dengue,69,2,rising
34,2024,Ujjain,Madhya Pradesh,DIS-RSP,Respiratory infections,3,0,stable
34,2024,Ujjain,Madhya Pradesh,DIS-SNK,Snakebite,96,4,declining
34,2024,Ujjain,Madhya Pradesh,DIS-MAL,Malaria,33,0,rising
35,2024,Ujjain,Madhya Pradesh,DIS-CHL,Cholera,28,1,declining
35,2024,Ujjain,Madhya Pradesh,DIS-DEN,Dengue,34,1,rising
35,2024,Ujjain,Madhya Pradesh,DIS-RSP,Respiratory infections,0,0,declining
35,2024,Ujjain,Madhya Pradesh,DIS-SNK,Snakebite,88,3,declining
35,2024,Ujjain,Madhya Pradesh,DIS-MAL,Malaria,37,0,declining
36,2024,Ujjain,Madhya Pradesh,DIS-CHL,Cholera,5,0,stable
36,2024,Ujjain,Madhya Pradesh,DIS-DEN,Dengue,33,1,rising
36,2024,Ujjain,Madhya Pradesh,DIS-RSP,Respiratory infections,3,0,stable
36,2024,Ujjain,Madhya Pradesh,DIS-SNK,Snakebite,23,0,declining
36,2024,Ujjain,Madhya Pradesh,DIS-MAL,Malaria,101,4,declining
37,2024,Ujjain,Madhya Pradesh,DIS-CHL,Cholera,4,0,stable
37,2024,Ujjain,Madhya Pradesh,DIS-DEN,Dengue,22,0,declining
37,2024,Ujjain,Madhya Pradesh,DIS-RSP,Respiratory infections,1,0,rising
37,2024,Ujjain,Madhya Pradesh,DIS-SNK,Snakebite,82,3,declining
37,2024,Ujjain,Madhya Pradesh,DIS-MAL,Malaria,84,3,declining
38,2024,Ujjain,Madhya Pradesh,DIS-CHL,Cholera,2,0,stable
38,2024,Ujjain,Madhya Pradesh,DIS-DEN,Dengue,52,0,declining
38,2024,Ujjain,Madhya Pradesh,DIS-RSP,Respiratory infections,3,0,stable
38,2024,Ujjain,Madhya Pradesh,DIS-SNK,Snakebite,107,2,declining
38,2024,Ujjain,Madhya Pradesh,DIS-MAL,Malaria,99,3,declining
39,2024,Ujjain,Madhya Pradesh,DIS-CHL,Cholera,0,0,rising
39,2024,Ujjain,Madhya Pradesh,DIS-DEN,Dengue,70,1,declining
39,2024,Ujjain,Madhya Pradesh,DIS-RSP,Respiratory infections,2,0,rising
39,2024,Ujjain,Madhya Pradesh,DIS-SNK,Snakebite,53,2,declining
39,2024,Ujjain,Madhya Pradesh,DIS-MAL,Malaria,101,1,declining
40,2024,Ujjain,Madhya Pradesh,DIS-CHL,Cholera,5,0,stable
40,2024,Ujjain,Madhya Pradesh,DIS-DEN,Dengue,101,3,declining
40,2024,Ujjain,Madhya Pradesh,DIS-RSP,Respiratory infections,3,0,rising
40,2024,Ujjain,Madhya Pradesh,DIS-SNK,Snakebite,39,0,declining
40,2024,Ujjain,Madhya Pradesh,DIS-MAL,Malaria,35,1,declining
41,2024,Ujjain,Madhya Pradesh,DIS-CHL,Cholera,1,0,stable
41,2024,Ujjain,Madhya Pradesh,DIS-DEN,Dengue,76,3,declining
41,2024,Ujjain,Madhya Pradesh,DIS-RSP,Respiratory infections,4,0,declining
41,2024,Ujjain,Madhya Pradesh,DIS-SNK,Snakebite,0,0,stable
41,2024,Ujjain,Madhya Pradesh,DIS-MAL,Malaria,38,0,declining
42,2024,Ujjain,Madhya Pradesh,DIS-CHL,Cholera,1,0,stable
42,2024,Ujjain,Madhya Pradesh,DIS-DEN,Dengue,33,1,declining
42,2024,Ujjain,Madhya Pradesh,DIS-RSP,Respiratory infections,3,0,rising
42,2024,Ujjain,Madhya Pradesh,DIS-SNK,Snakebite,0,0,declining
42,2024,Ujjain,Madhya Pradesh,DIS-MAL,Malaria,37,0,declining
43,2024,Ujjain,Madhya Pradesh,DIS-CHL,Cholera,3,0,stable
43,2024,Ujjain,Madhya Pradesh,DIS-DEN,Dengue,87,4,declining
43,2024,Ujjain,Madhya Pradesh,DIS-RSP,Respiratory infections,2,0,rising
43,2024,Ujjain,Madhya Pradesh,DIS-SNK,Snakebite,1,0,stable
43,2024,Ujjain,Madhya Pradesh,DIS-MAL,Malaria,3,0,rising
44,2024,Ujjain,Madhya Pradesh,DIS-CHL,Cholera,1,0,stable
44,2024,Ujjain,Madhya Pradesh,DIS-DEN,Dengue,106,1,declining
44,2024,Ujjain,Madhya Pradesh,DIS-RSP,Respiratory infections,0,0,declining
44,2024,Ujjain,Madhya Pradesh,DIS-SNK,Snakebite,0,0,rising
44,2024,Ujjain,Madhya Pradesh,DIS-MAL,Malaria,5,0,stable
45,2024,Ujjain,Madhya Pradesh,DIS-CHL,Cholera,4,0,rising
45,2024,Ujjain,Madhya Pradesh,DIS-DEN,Dengue,20,0,declining
45,2024,Ujjain,Madhya Pradesh,DIS-RSP,Respiratory infections,33,1,declining
45,2024,Ujjain,Madhya Pradesh,DIS-SNK,Snakebite,3,0,stable
45,2024,Ujjain,Madhya Pradesh,DIS-MAL,Malaria,0,0,rising
46,2024,Ujjain,Madhya Pradesh,DIS-CHL,Cholera,5,0,rising
46,2024,Ujjain,Madhya Pradesh,DIS-DEN,Dengue,5,0,declining
46,2024,Ujjain,Madhya Pradesh,DIS-RSP,Respiratory infections,16,0,declining
46,2024,Ujjain,Madhya Pradesh,DIS-SNK,Snakebite,0,0,stable
46,2024,Ujjain,Madhya Pradesh,DIS-MAL,Malaria,5,0,declining
47,2024,Ujjain,Madhya Pradesh,DIS-CHL,Cholera,3,0,stable
47,2024,Ujjain,Madhya Pradesh,DIS-DEN,Dengue,3,0,stable
47,2024,Ujjain,Madhya Pradesh,DIS-RSP,Respiratory infections,96,0,declining
47,2024,Ujjain,Madhya Pradesh,DIS-SNK,Snakebite,2,0,stable
47,2024,Ujjain,Madhya Pradesh,DIS-MAL,Malaria,0,0,declining
48,2024,Ujjain,Madhya Pradesh,DIS-CHL,Cholera,0,0,declining
48,2024,Ujjain,Madhya Pradesh,DIS-DEN,Dengue,4,0,stable
48,2024,Ujjain,Madhya Pradesh,DIS-RSP,Respiratory infections,90,2,declining
48,2024,Ujjain,Madhya Pradesh,DIS-SNK,Snakebite,1,0,declining
48,2024,Ujjain,Madhya Pradesh,DIS-MAL,Malaria,4,0,stable
49,2024,Ujjain,Madhya Pradesh,DIS-CHL,Cholera,0,0,declining
49,2024,Ujjain,Madhya Pradesh,DIS-DEN,Dengue,3,0,stable
49,2024,Ujjain,Madhya Pradesh,DIS-RSP,Respiratory infections,102,1,declining
49,2024,Ujjain,Madhya Pradesh,DIS-SNK,Snakebite,5,0,stable
49,2024,Ujjain,Madhya Pradesh,DIS-MAL,Malaria,0,0,stable
50,2024,Ujjain,Madhya Pradesh,DIS-CHL,Cholera,0,0,rising
50,2024,Ujjain,Madhya Pradesh,DIS-DEN,Dengue,3,0,stable
50,2024,Ujjain,Madhya Pradesh,DIS-RSP,Respiratory infections,29,0,declining
50,2024,Ujjain,Madhya Pradesh,DIS-SNK,Snakebite,1,0,rising
50,2024,Ujjain,Madhya Pradesh,DIS-MAL,Malaria,4,0,rising
51,2024,Ujjain,Madhya Pradesh,DIS-CHL,Cholera,0,0,rising
51,2024,Ujjain,Madhya Pradesh,DIS-DEN,Dengue,0,0,stable
51,2024,Ujjain,Madhya Pradesh,DIS-RSP,Respiratory infections,56,1,declining
51,2024,Ujjain,Madhya Pradesh,DIS-SNK,Snakebite,0,0,rising
51,2024,Ujjain,Madhya Pradesh,DIS-MAL,Malaria,0,0,stable
52,2024,Ujjain,Madhya Pradesh,DIS-CHL,Cholera,1,0,rising
52,2024,Ujjain,Madhya Pradesh,DIS-DEN,Dengue,2,0,rising
52,2024,Ujjain,Madhya Pradesh,DIS-RSP,Respiratory infections,66,3,declining
52,2024,Ujjain,Madhya Pradesh,DIS-SNK,Snakebite,4,0,stable
52,2024,Ujjain,Madhya Pradesh,DIS-MAL,Malaria,2,0,declining
1,2024,Guwahati,Assam,DIS-CHL,Cholera,1,0,stable
1,2024,Guwahati,Assam,DIS-DEN,Dengue,2,0,stable
1,2024,Guwahati,Assam,DIS-RSP,Respiratory infections,39,0,rising
1,2024,Guwahati,Assam,DIS-SNK,Snakebite,1,0,declining
1,2024,Guwahati,Assam,DIS-MAL,Malaria,2,0,declining
2,2024,Guwahati,Assam,DIS-CHL,Cholera,1,0,rising
2,2024,Guwahati,Assam,DIS-DEN,Dengue,2,0,stable
2,2024,Guwahati,Assam,DIS-RSP,Respiratory infections,17,0,declining
2,2024,Guwahati,Assam,DIS-SNK,Snakebite,0,0,stable
2,2024,Guwahati,Assam,DIS-MAL,Malaria,1,0,stable
3,2024,Guwahati,Assam,DIS-CHL,Cholera,2,0,stable
3,2024,Guwahati,Assam,DIS-DEN,Dengue,3,0,stable
3,2024,Guwahati,Assam,DIS-RSP,Respiratory infections,72,0,declining
3,2024,Guwahati,Assam,DIS-SNK,Snakebite,4,0,stable
3,2024,Guwahati,Assam,DIS-MAL,Malaria,0,0,declining
4,2024,Guwahati,Assam,DIS-CHL,Cholera,2,0,stable
4,2024,Guwahati,Assam,DIS-DEN,Dengue,3,0,declining
4,2024,Guwahati,Assam,DIS-RSP,Respiratory infections,65,2,declining
4,2024,Guwahati,Assam,DIS-SNK,Snakebite,0,0,declining
4,2024,Guwahati,Assam,DIS-MAL,Malaria,2,0,stable
5,2024,Guwahati,Assam,DIS-CHL,Cholera,0,0,declining
5,2024,Guwahati,Assam,DIS-DEN,Dengue,3,0,stable
5,2024,Guwahati,Assam,DIS-RSP,Respiratory infections,99,1,declining
5,2024,Guwahati,Assam,DIS-SNK,Snakebite,0,0,stable
5,2024,Guwahati,Assam,DIS-MAL,Malaria,1,0,declining
6,2024,Guwahati,Assam,DIS-CHL,Cholera,1,0,declining
6,2024,Guwahati,Assam,DIS-DEN,Dengue,1,0,declining
6,2024,Guwahati,Assam,DIS-RSP,Respiratory infections,76,0,declining
6,2024,Guwahati,Assam,DIS-SNK,Snakebite,4,0,stable
6,2024,Guwahati,Assam,DIS-MAL,Malaria,5,0,rising
7,2024,Guwahati,Assam,DIS-CHL,Cholera,4,0,declining
7,2024,Guwahati,Assam,DIS-DEN,Dengue,2,0,stable
7,2024,Guwahati,Assam,DIS-RSP,Respiratory infections,69,2,declining
7,2024,Guwahati,Assam,DIS-SNK,Snakebite,3,0,stable
7,2024,Guwahati,Assam,DIS-MAL,Malaria,3,0,stable
8,2024,Guwahati,Assam,DIS-CHL,Cholera,5,0,rising
8,2024,Guwahati,Assam,DIS-DEN,Dengue,3,0,stable
8,2024,Guwahati,Assam,DIS-RSP,Respiratory infections,50,0,declining
8,2024,Guwahati,Assam,DIS-SNK,Snakebite,2,0,stable
8,2024,Guwahati,Assam,DIS-MAL,Malaria,1,0,stable
9,2024,Guwahati,Assam,DIS-CHL,Cholera,2,0,stable
9,2024,Guwahati,Assam,DIS-DEN,Dengue,5,0,stable
9,2024,Guwahati,Assam,DIS-RSP,Respiratory infections,0,0,stable
9,2024,Guwahati,Assam,DIS-SNK,Snakebite,3,0,stable
9,2024,Guwahati,Assam,DIS-MAL,Malaria,5,0,stable
10,2024,Guwahati,Assam,DIS-CHL,Cholera,0,0,stable
10,2024,Guwahati,Assam,DIS-DEN,Dengue,4,0,declining
10,2024,Guwahati,Assam,DIS-RSP,Respiratory infections,0,0,rising
10,2024,Guwahati,Assam,DIS-SNK,Snakebite,2,0,declining
10,2024,Guwahati,Assam,DIS-MAL,Malaria,0,0,declining
11,2024,Guwahati,Assam,DIS-CHL,Cholera,0,0,stable
11,2024,Guwahati,Assam,DIS-DEN,Dengue,5,0,rising
11,2024,Guwahati,Assam,DIS-RSP,Respiratory infections,3,0,stable
11,2024,Guwahati,Assam,DIS-SNK,Snakebite,4,0,declining
11,2024,Guwahati,Assam,DIS-MAL,Malaria,1,0,rising
12,2024,Guwahati,Assam,DIS-CHL,Cholera,1,0,stable
12,2024,Guwahati,Assam,DIS-DEN,Dengue,0,0,rising
12,2024,Guwahati,Assam,DIS-RSP,Respiratory infections,4,0,stable
12,2024,Guwahati,Assam,DIS-SNK,Snakebite,1,0,stable
12,2024,Guwahati,Assam,DIS-MAL,Malaria,0,0,stable
13,2024,Guwahati,Assam,DIS-CHL,Cholera,2,0,stable
13,2024,Guwahati,Assam,DIS-DEN,Dengue,0,0,declining
13,2024,Guwahati,Assam,DIS-RSP,Respiratory infections,3,0,rising
13,2024,Guwahati,Assam,DIS-SNK,Snakebite,0,0,declining
13,2024,Guwahati,Assam,DIS-MAL,Malaria,2,0,stable
14,2024,Guwahati,Assam,DIS-CHL,Cholera,4,0,rising
14,2024,Guwahati,Assam,DIS-DEN,Dengue,1,0,declining
14,2024,Guwahati,Assam,DIS-RSP,Respiratory infections,4,0,stable
14,2024,Guwahati,Assam,DIS-SNK,Snakebite,5,0,stable
14,2024,Guwahati,Assam,DIS-MAL,Malaria,2,0,declining
15,2024,Guwahati,Assam,DIS-CHL,Cholera,0,0,rising
15,2024,Guwahati,Assam,DIS-DEN,Dengue,1,0,stable
15,2024,Guwahati,Assam,DIS-RSP,Respiratory infections,0,0,declining
15,2024,Guwahati,Assam,DIS-SNK,Snakebite,3,0,declining
15,2024,Guwahati,Assam,DIS-MAL,Malaria,3,0,declining
16,2024,Guwahati,Assam,DIS-CHL,Cholera,4,0,stable
16,2024,Guwahati,Assam,DIS-DEN,Dengue,1,0,declining
16,2024,Guwahati,Assam,DIS-RSP,Respiratory infections,0,0,declining
16,2024,Guwahati,Assam,DIS-SNK,Snakebite,2,0,declining
16,2024,Guwahati,Assam,DIS-MAL,Malaria,3,0,stable
17,2024,Guwahati,Assam,DIS-CHL,Cholera,5,0,rising
17,2024,Guwahati,Assam,DIS-DEN,Dengue,0,0,stable
17,2024,Guwahati,Assam,DIS-RSP,Respiratory infections,0,0,stable
17,2024,Guwahati,Assam,DIS-SNK,Snakebite,2,0,stable
17,2024,Guwahati,Assam,DIS-MAL,Malaria,3,0,rising
18,2024,Guwahati,Assam,DIS-CHL,Cholera,3,0,stable
18,2024,Guwahati,Assam,DIS-DEN,Dengue,4,0,stable
18,2024,Guwahati,Assam,DIS-RSP,Respiratory infections,0,0,rising
18,2024,Guwahati,Assam,DIS-SNK,Snakebite,3,0,declining
18,2024,Guwahati,Assam,DIS-MAL,Malaria,5,0,declining
19,2024,Guwahati,Assam,DIS-CHL,Cholera,4,0,declining
19,2024,Guwahati,Assam,DIS-DEN,Dengue,3,0,declining
19,2024,Guwahati,Assam,DIS-RSP,Respiratory infections,0,0,stable
19,2024,Guwahati,Assam,DIS-SNK,Snakebite,3,0,rising
19,2024,Guwahati,Assam,DIS-MAL,Malaria,1,0,declining
20,2024,Guwahati,Assam,DIS-CHL,Cholera,1,0,declining
20,2024,Guwahati,Assam,DIS-DEN,Dengue,0,0,rising
20,2024,Guwahati,Assam,DIS-RSP,Respiratory infections,1,0,stable
20,2024,Guwahati,Assam,DIS-SNK,Snakebite,45,1,rising
20,2024,Guwahati,Assam,DIS-MAL,Malaria,4,0,rising
21,2024,Guwahati,Assam,DIS-CHL,Cholera,1,0,declining
21,2024,Guwahati,Assam,DIS-DEN,Dengue,1,0,rising
21,2024,Guwahati,Assam,DIS-RSP,Respiratory infections,1,0,declining
21,2024,Guwahati,Assam,DIS-SNK,Snakebite,27,1,rising
21,2024,Guwahati,Assam,DIS-MAL,Malaria,3,0,stable
22,2024,Guwahati,Assam,DIS-CHL,Cholera,2,0,stable
22,2024,Guwahati,Assam,DIS-DEN,Dengue,1,0,stable
22,2024,Guwahati,Assam,DIS-RSP,Respiratory infections,0,0,rising
22,2024,Guwahati,Assam,DIS-SNK,Snakebite,31,0,rising
22,2024,Guwahati,Assam,DIS-MAL,Malaria,2,0,stable
23,2024,Guwahati,Assam,DIS-CHL,Cholera,1,0,declining
23,2024,Guwahati,Assam,DIS-DEN,Dengue,4,0,declining
23,2024,Guwahati,Assam,DIS-RSP,Respiratory infections,3,0,rising
23,2024,Guwahati,Assam,DIS-SNK,Snakebite,71,2,rising
23,2024,Guwahati,Assam,DIS-MAL,Malaria,2,0,stable
24,2024,Guwahati,Assam,DIS-CHL,Cholera,0,0,stable
24,2024,Guwahati,Assam,DIS-DEN,Dengue,5,0,stable
24,2024,Guwahati,Assam,DIS-RSP,Respiratory infections,2,0,rising
24,2024,Guwahati,Assam,DIS-SNK,Snakebite,71,1,rising
24,2024,Guwahati,Assam,DIS-MAL,Malaria,4,0,stable
25,2024,Guwahati,Assam,DIS-CHL,Cholera,32,1,rising
25,2024,Guwahati,Assam,DIS-DEN,Dengue,1,0,stable
25,2024,Guwahati,Assam,DIS-RSP,Respiratory infections,5,0,declining
25,2024,Guwahati,Assam,DIS-SNK,Snakebite,81,1,rising
25,2024,Guwahati,Assam,DIS-MAL,Malaria,5,0,rising
26,2024,Guwahati,Assam,DIS-CHL,Cholera,62,1,rising
26,2024,Guwahati,Assam,DIS-DEN,Dengue,2,0,stable
26,2024,Guwahati,Assam,DIS-RSP,Respiratory infections,2,0,stable
26,2024,Guwahati,Assam,DIS-SNK,Snakebite,63,0,rising
26,2024,Guwahati,Assam,DIS-MAL,Malaria,2,0,stable
27,2024,Guwahati,Assam,DIS-CHL,Cholera,78,2,rising
27,2024,Guwahati,Assam,DIS-DEN,Dengue,2,0,stable
27,2024,Guwahati,Assam,DIS-RSP,Respiratory infections,5,0,stable
27,2024,Guwahati,Assam,DIS-SNK,Snakebite,33,1,rising
27,2024,Guwahati,Assam,DIS-MAL,Malaria,0,0,stable
28,2024,Guwahati,Assam,DIS-CHL,Cholera,30,0,rising
28,2024,Guwahati,Assam,DIS-DEN,Dengue,4,0,rising
28,2024,Guwahati,Assam,DIS-RSP,Respiratory infections,1,0,declining
28,2024,Guwahati,Assam,DIS-SNK,Snakebite,96,0,rising
28,2024,Guwahati,Assam,DIS-MAL,Malaria,52,0,rising
29,2024,Guwahati,Assam,DIS-CHL,Cholera,47,0,rising
29,2024,Guwahati,Assam,DIS-DEN,Dengue,4,0,stable
29,2024,Guwahati,Assam,DIS-RSP,Respiratory infections,1,0,rising
29,2024,Guwahati,Assam,DIS-SNK,Snakebite,76,1,rising
29,2024,Guwahati,Assam,DIS-MAL,Malaria,45,0,rising
30,2024,Guwahati,Assam,DIS-CHL,Cholera,55,2,declining
30,2024,Guwahati,Assam,DIS-DEN,Dengue,63,2,rising
30,2024,Guwahati,Assam,DIS-RSP,Respiratory infections,3,0,stable
30,2024,Guwahati,Assam,DIS-SNK,Snakebite,84,3,declining
30,2024,Guwahati,Assam,DIS-MAL,Malaria,94,4,rising
31,2024,Guwahati,Assam,DIS-CHL,Cholera,30,0,declining
31,2024,Guwahati,Assam,DIS-DEN,Dengue,45,1,rising
31,2024,Guwahati,Assam,DIS-RSP,Respiratory infections,2,0,declining
31,2024,Guwahati,Assam,DIS-SNK,Snakebite,53,2,declining
31,2024,Guwahati,Assam,DIS-MAL,Malaria,75,0,rising
32,2024,Guwahati,Assam,DIS-CHL,Cholera,59,2,declining
32,2024,Guwahati,Assam,DIS-DEN,Dengue,88,2,rising
32,2024,Guwahati,Assam,DIS-RSP,Respiratory infections,0,0,stable
32,2024,Guwahati,Assam,DIS-SNK,Snakebite,72,1,declining
32,2024,Guwahati,Assam,DIS-MAL,Malaria,43,1,rising
33,2024,Guwahati,Assam,DIS-CHL,Cholera,77,1,declining
33,2024,Guwahati,Assam,DIS-DEN,Dengue,45,0,rising
33,2024,Guwahati,Assam,DIS-RSP,Respiratory infections,1,0,declining
33,2024,Guwahati,Assam,DIS-SNK,Snakebite,74,0,declining
33,2024,Guwahati,Assam,DIS-MAL,Malaria,77,0,rising
34,2024,Guwahati,Assam,DIS-CHL,Cholera,24,0,declining
34,2024,Guwahati,Assam,DIS-DEN,Dengue,16,0,rising
34,2024,Guwahati,Assam,DIS-RSP,Respiratory infections,1,0,stable
34,2024,Guwahati,Assam,DIS-SNK,Snakebite,73,3,declining
34,2024,Guwahati,Assam,DIS-MAL,Malaria,68,3,rising
35,2024,Guwahati,Assam,DIS-CHL,Cholera,65,2,declining
35,2024,Guwahati,Assam,DIS-DEN,Dengue,47,0,rising
35,2024,Guwahati,Assam,DIS-RSP,Respiratory infections,4,0,rising
35,2024,Guwahati,Assam,DIS-SNK,Snakebite,53,0,declining
35,2024,Guwahati,Assam,DIS-MAL,Malaria,76,2,declining
36,2024,Guwahati,Assam,DIS-CHL,Cholera,2,0,stable
36,2024,Guwahati,Assam,DIS-DEN,Dengue,57,1,rising
36,2024,Guwahati,Assam,DIS-RSP,Respiratory infections,4,0,stable
36,2024,Guwahati,Assam,DIS-SNK,Snakebite,31,1,declining
36,2024,Guwahati,Assam,DIS-MAL,Malaria,98,0,declining
37,2024,Guwahati,Assam,DIS-CHL,Cholera,2,0,declining
37,2024,Guwahati,Assam,DIS-DEN,Dengue,51,1,declining
37,2024,Guwahati,Assam,DIS-RSP,Respiratory infections,2,0,stable
37,2024,Guwahati,Assam,DIS-SNK,Snakebite,88,3,declining
37,2024,Guwahati,Assam,DIS-MAL,Malaria,41,0,declining
38,2024,Guwahati,Assam,DIS-CHL,Cholera,4,0,stable
38,2024,Guwahati,Assam,DIS-DEN,Dengue,52,0,declining
38,2024,Guwahati,Assam,DIS-RSP,Respiratory infections,5,0,declining
38,2024,Guwahati,Assam,DIS-SNK,Snakebite,44,1,declining
38,2024,Guwahati,Assam,DIS-MAL,Malaria,26,1,declining
39,2024,Guwahati,Assam,DIS-CHL,Cholera,0,0,stable
39,2024,Guwahati,Assam,DIS-DEN,Dengue,95,3,declining
39,2024,Guwahati,Assam,DIS-RSP,Respiratory infections,4,0,declining
39,2024,Guwahati,Assam,DIS-SNK,Snakebite,54,1,declining
39,2024,Guwahati,Assam,DIS-MAL,Malaria,80,1,declining
40,2024,Guwahati,Assam,DIS-CHL,Cholera,0,0,declining
40,2024,Guwahati,Assam,DIS-DEN,Dengue,23,1,declining
40,2024,Guwahati,Assam,DIS-RSP,Respiratory infections,2,0,declining
40,2024,Guwahati,Assam,DIS-SNK,Snakebite,112,4,declining
40,2024,Guwahati,Assam,DIS-MAL,Malaria,94,2,declining
41,2024,Guwahati,Assam,DIS-CHL,Cholera,4,0,rising
41,2024,Guwahati,Assam,DIS-DEN,Dengue,41,1,declining
41,2024,Guwahati,Assam,DIS-RSP,Respiratory infections,1,0,rising
41,2024,Guwahati,Assam,DIS-SNK,Snakebite,1,0,stable
41,2024,Guwahati,Assam,DIS-MAL,Malaria,97,0,declining
42,2024,Guwahati,Assam,DIS-CHL,Cholera,0,0,stable
42,2024,Guwahati,Assam,DIS-DEN,Dengue,74,1,declining
42,2024,Guwahati,Assam,DIS-RSP,Respiratory infections,0,0,rising
42,2024,Guwahati,Assam,DIS-SNK,Snakebite,1,0,stable
42,2024,Guwahati,Assam,DIS-MAL,Malaria,30,1,declining
43,2024,Guwahati,Assam,DIS-CHL,Cholera,2,0,declining
43,2024,Guwahati,Assam,DIS-DEN,Dengue,43,1,declining
43,2024,Guwahati,Assam,DIS-RSP,Respiratory infections,1,0,stable
43,2024,Guwahati,Assam,DIS-SNK,Snakebite,5,0,declining
43,2024,Guwahati,Assam,DIS-MAL,Malaria,2,0,rising
44,2024,Guwahati,Assam,DIS-CHL,Cholera,3,0,rising
44,2024,Guwahati,Assam,DIS-DEN,Dengue,90,3,declining
44,2024,Guwahati,Assam,DIS-RSP,Respiratory infections,0,0,stable
44,2024,Guwahati,Assam,DIS-SNK,Snakebite,3,0,stable
44,2024,Guwahati,Assam,DIS-MAL,Malaria,2,0,stable
45,2024,Guwahati,Assam,DIS-CHL,Cholera,3,0,stable
45,2024,Guwahati,Assam,DIS-DEN,Dengue,99,4,declining
45,2024,Guwahati,Assam,DIS-RSP,Respiratory infections,74,2,declining
45,2024,Guwahati,Assam,DIS-SNK,Snakebite,0,0,rising
45,2024,Guwahati,Assam,DIS-MAL,Malaria,5,0,declining
46,2024,Guwahati,Assam,DIS-CHL,Cholera,2,0,declining
46,2024,Guwahati,Assam,DIS-DEN,Dengue,2,0,stable
46,2024,Guwahati,Assam,DIS-RSP,Respiratory infections,40,0,declining
46,2024,Guwahati,Assam,DIS-SNK,Snakebite,0,0,stable
46,2024,Guwahati,Assam,DIS-MAL,Malaria,3,0,stable
47,2024,Guwahati,Assam,DIS-CHL,Cholera,1,0,stable
47,2024,Guwahati,Assam,DIS-DEN,Dengue,3,0,rising
47,2024,Guwahati,Assam,DIS-RSP,Respiratory infections,74,2,declining
47,2024,Guwahati,Assam,DIS-SNK,Snakebite,4,0,declining
47,2024,Guwahati,Assam,DIS-MAL,Malaria,0,0,rising
48,2024,Guwahati,Assam,DIS-CHL,Cholera,2,0,stable
48,2024,Guwahati,Assam,DIS-DEN,Dengue,1,0,stable
48,2024,Guwahati,Assam,DIS-RSP,Respiratory infections,20,0,declining
48,2024,Guwahati,Assam,DIS-SNK,Snakebite,0,0,rising
48,2024,Guwahati,Assam,DIS-MAL,Malaria,0,0,declining
49,2024,Guwahati,Assam,DIS-CHL,Cholera,0,0,stable
49,2024,Guwahati,Assam,DIS-DEN,Dengue,3,0,declining
49,2024,Guwahati,Assam,DIS-RSP,Respiratory infections,53,1,declining
49,2024,Guwahati,Assam,DIS-SNK,Snakebite,3,0,stable
49,2024,Guwahati,Assam,DIS-MAL,Malaria,3,0,stable
50,2024,Guwahati,Assam,DIS-CHL,Cholera,0,0,stable
50,2024,Guwahati,Assam,DIS-DEN,Dengue,2,0,declining
50,2024,Guwahati,Assam,DIS-RSP,Respiratory infections,38,0,declining
50,2024,Guwahati,Assam,DIS-SNK,Snakebite,4,0,stable
50,2024,Guwahati,Assam,DIS-MAL,Malaria,3,0,stable
51,2024,Guwahati,Assam,DIS-CHL,Cholera,1,0,stable
51,2024,Guwahati,Assam,DIS-DEN,Dengue,0,0,stable
51,2024,Guwahati,Assam,DIS-RSP,Respiratory infections,21,0,declining
51,2024,Guwahati,Assam,DIS-SNK,Snakebite,4,0,stable
51,2024,Guwahati,Assam,DIS-MAL,Malaria,0,0,rising
52,2024,Guwahati,Assam,DIS-CHL,Cholera,3,0,stable
52,2024,Guwahati,Assam,DIS-DEN,Dengue,5,0,stable
52,2024,Guwahati,Assam,DIS-RSP,Respiratory infections,36,0,declining
52,2024,Guwahati,Assam,DIS-SNK,Snakebite,1,0,stable
52,2024,Guwahati,Assam,DIS-MAL,Malaria,5,0,stable
1,2024,Dibrugarh,Assam,DIS-CHL,Cholera,0,0,stable
1,2024,Dibrugarh,Assam,DIS-DEN,Dengue,3,0,stable
1,2024,Dibrugarh,Assam,DIS-RSP,Respiratory infections,49,0,declining
1,2024,Dibrugarh,Assam,DIS-SNK,Snakebite,3,0,stable
1,2024,Dibrugarh,Assam,DIS-MAL,Malaria,3,0,declining
2,2024,Dibrugarh,Assam,DIS-CHL,Cholera,1,0,rising
2,2024,Dibrugarh,Assam,DIS-DEN,Dengue,3,0,stable
2,2024,Dibrugarh,Assam,DIS-RSP,Respiratory infections,50,0,declining
2,2024,Dibrugarh,Assam,DIS-SNK,Snakebite,0,0,stable
2,2024,Dibrugarh,Assam,DIS-MAL,Malaria,0,0,stable
3,2024,Dibrugarh,Assam,DIS-CHL,Cholera,3,0,stable
3,2024,Dibrugarh,Assam,DIS-DEN,Dengue,0,0,rising
3,2024,Dibrugarh,Assam,DIS-RSP,Respiratory infections,57,2,declining
3,2024,Dibrugarh,Assam,DIS-SNK,Snakebite,3,0,stable
3,2024,Dibrugarh,Assam,DIS-MAL,Malaria,4,0,rising
4,2024,Dibrugarh,Assam,DIS-CHL,Cholera,5,0,rising
4,2024,Dibrugarh,Assam,DIS-DEN,Dengue,1,0,stable
4,2024,Dibrugarh,Assam,DIS-RSP,Respiratory infections,89,1,declining
4,2024,Dibrugarh,Assam,DIS-SNK,Snakebite,2,0,rising
4,2024,Dibrugarh,Assam,DIS-MAL,Malaria,1,0,stable
5,2024,Dibrugarh,Assam,DIS-CHL,Cholera,4,0,stable
5,2024,Dibrugarh,Assam,DIS-DEN,Dengue,2,0,stable
5,2024,Dibrugarh,Assam,DIS-RSP,Respiratory infections,69,1,declining
5,2024,Dibrugarh,Assam,DIS-SNK,Snakebite,0,0,rising
5,2024,Dibrugarh,Assam,DIS-MAL,Malaria,2,0,stable
6,2024,Dibrugarh,Assam,DIS-CHL,Cholera,0,0,stable
6,2024,Dibrugarh,Assam,DIS-DEN,Dengue,0,0,stable
6,2024,Dibrugarh,Assam,DIS-RSP,Respiratory infections,46,1,declining
6,2024,Dibrugarh,Assam,DIS-SNK,Snakebite,3,0,stable
6,2024,Dibrugarh,Assam,DIS-MAL,Malaria,2,0,stable
7,2024,Dibrugarh,Assam,DIS-CHL,Cholera,2,0,rising
7,2024,Dibrugarh,Assam,DIS-DEN,Dengue,0,0,stable
7,2024,Dibrugarh,Assam,DIS-RSP,Respiratory infections,89,1,declining
7,2024,Dibrugarh,Assam,DIS-SNK,Snakebite,2,0,declining
7,2024,Dibrugarh,Assam,DIS-MAL,Malaria,0,0,stable
8,2024,Dibrugarh,Assam,DIS-CHL,Cholera,4,0,declining
8,2024,Dibrugarh,Assam,DIS-DEN,Dengue,2,0,declining
8,2024,Dibrugarh,Assam,DIS-RSP,Respiratory infections,44,1,declining
8,2024,Dibrugarh,Assam,DIS-SNK,Snakebite,5,0,rising
8,2024,Dibrugarh,Assam,DIS-MAL,Malaria,3,0,stable
9,2024,Dibrugarh,Assam,DIS-CHL,Cholera,1,0,declining
9,2024,Dibrugarh,Assam,DIS-DEN,Dengue,2,0,declining
9,2024,Dibrugarh,Assam,DIS-RSP,Respiratory infections,0,0,declining
9,2024,Dibrugarh,Assam,DIS-SNK,Snakebite,4,0,declining
9,2024,Dibrugarh,Assam,DIS-MAL,Malaria,3,0,rising
10,2024,Dibrugarh,Assam,DIS-CHL,Cholera,3,0,rising
10,2024,Dibrugarh,Assam,DIS-DEN,Dengue,3,0,stable
10,2024,Dibrugarh,Assam,DIS-RSP,Respiratory infections,3,0,stable
10,2024,Dibrugarh,Assam,DIS-SNK,Snakebite,2,0,stable
10,2024,Dibrugarh,Assam,DIS-MAL,Malaria,0,0,stable
11,2024,Dibrugarh,Assam,DIS-CHL,Cholera,4,0,stable
11,2024,Dibrugarh,Assam,DIS-DEN,Dengue,1,0,declining
11,2024,Dibrugarh,Assam,DIS-RSP,Respiratory infections,5,0,declining
11,2024,Dibrugarh,Assam,DIS-SNK,Snakebite,5,0,stable
11,2024,Dibrugarh,Assam,DIS-MAL,Malaria,1,0,declining
12,2024,Dibrugarh,Assam,DIS-CHL,Cholera,0,0,declining
12,2024,Dibrugarh,Assam,DIS-DEN,Dengue,0,0,declining
12,2024,Dibrugarh,Assam,DIS-RSP,Respiratory infections,5,0,declining
12,2024,Dibrugarh,Assam,DIS-SNK,Snakebite,1,0,stable
12,2024,Dibrugarh,Assam,DIS-MAL,Malaria,1,0,stable
13,2024,Dibrugarh,Assam,DIS-CHL,Cholera,0,0,stable
13,2024,Dibrugarh,Assam,DIS-DEN,Dengue,0,0,declining
13,2024,Dibrugarh,Assam,DIS-RSP,Respiratory infections,3,0,stable
13,2024,Dibrugarh,Assam,DIS-SNK,Snakebite,5,0,declining
13,2024,Dibrugarh,Assam,DIS-MAL,Malaria,4,0,stable
14,2024,Dibrugarh,Assam,DIS-CHL,Cholera,1,0,stable
14,2024,Dibrugarh,Assam,DIS-DEN,Dengue,4,0,stable
14,2024,Dibrugarh,Assam,DIS-RSP,Respiratory infections,4,0,declining
14,2024,Dibrugarh,Assam,DIS-SNK,Snakebite,4,0,rising
14,2024,Dibrugarh,Assam,DIS-MAL,Malaria,4,0,stable
15,2024,Dibrugarh,Assam,DIS-CHL,Cholera,2,0,declining
15,2024,Dibrugarh,Assam,DIS-DEN,Dengue,2,0,stable
15,2024,Dibrugarh,Assam,DIS-RSP,Respiratory infections,2,0,stable
15,2024,Dibrugarh,Assam,DIS-SNK,Snakebite,2,0,rising
15,2024,Dibrugarh,Assam,DIS-MAL,Malaria,1,0,stable
16,2024,Dibrugarh,Assam,DIS-CHL,Cholera,3,0,declining
16,2024,Dibrugarh,Assam,DIS-DEN,Dengue,4,0,declining
16,2024,Dibrugarh,Assam,DIS-RSP,Respiratory infections,2,0,declining
16,2024,Dibrugarh,Assam,DIS-SNK,Snakebite,5,0,stable
16,2024,Dibrugarh,Assam,DIS-MAL,Malaria,4,0,rising
17,2024,Dibrugarh,Assam,DIS-CHL,Cholera,2,0,stable
17,2024,Dibrugarh,Assam,DIS-DEN,Dengue,0,0,rising
17,2024,Dibrugarh,Assam,DIS-RSP,Respiratory infections,2,0,rising
17,2024,Dibrugarh,Assam,DIS-SNK,Snakebite,0,0,rising
17,2024,Dibrugarh,Assam,DIS-MAL,Malaria,3,0,stable
18,2024,Dibrugarh,Assam,DIS-CHL,Cholera,3,0,stable
18,2024,Dibrugarh,Assam,DIS-DEN,Dengue,3,0,stable
18,2024,Dibrugarh,Assam,DIS-RSP,Respiratory infections,4,0,stable
18,2024,Dibrugarh,Assam,DIS-SNK,Snakebite,0,0,declining
18,2024,Dibrugarh,Assam,DIS-MAL,Malaria,0,0,rising
19,2024,Dibrugarh,Assam,DIS-CHL,Cholera,1,0,stable
19,2024,Dibrugarh,Assam,DIS-DEN,Dengue,1,0,stable
19,2024,Dibrugarh,Assam,DIS-RSP,Respiratory infections,2,0,stable
19,2024,Dibrugarh,Assam,DIS-SNK,Snakebite,4,0,rising
19,2024,Dibrugarh,Assam,DIS-MAL,Malaria,3,0,stable
20,2024,Dibrugarh,Assam,DIS-CHL,Cholera,4,0,stable
20,2024,Dibrugarh,Assam,DIS-DEN,Dengue,5,0,stable
20,2024,Dibrugarh,Assam,DIS-RSP,Respiratory infections,3,0,declining
20,2024,Dibrugarh,Assam,DIS-SNK,Snakebite,30,0,rising
20,2024,Dibrugarh,Assam,DIS-MAL,Malaria,0,0,declining
21,2024,Dibrugarh,Assam,DIS-CHL,Cholera,1,0,declining
21,2024,Dibrugarh,Assam,DIS-DEN,Dengue,2,0,stable
21,2024,Dibrugarh,Assam,DIS-RSP,Respiratory infections,5,0,stable
21,2024,Dibrugarh,Assam,DIS-SNK,Snakebite,55,2,rising
21,2024,Dibrugarh,Assam,DIS-MAL,Malaria,1,0,stable
22,2024,Dibrugarh,Assam,DIS-CHL,Cholera,4,0,stable
22,2024,Dibrugarh,Assam,DIS-DEN,Dengue,3,0,declining
22,2024,Dibrugarh,Assam,DIS-RSP,Respiratory infections,1,0,stable
22,2024,Dibrugarh,Assam,DIS-SNK,Snakebite,39,0,rising
22,2024,Dibrugarh,Assam,DIS-MAL,Malaria,5,0,stable
23,2024,Dibrugarh,Assam,DIS-CHL,Cholera,0,0,stable
23,2024,Dibrugarh,Assam,DIS-DEN,Dengue,4,0,stable
23,2024,Dibrugarh,Assam,DIS-RSP,Respiratory infections,2,0,stable
23,2024,Dibrugarh,Assam,DIS-SNK,Snakebite,54,0,rising
23,2024,Dibrugarh,Assam,DIS-MAL,Malaria,4,0,stable
24,2024,Dibrugarh,Assam,DIS-CHL,Cholera,3,0,rising
24,2024,Dibrugarh,Assam,DIS-DEN,Dengue,3,0,stable
24,2024,Dibrugarh,Assam,DIS-RSP,Respiratory infections,1,0,rising
24,2024,Dibrugarh,Assam,DIS-SNK,Snakebite,97,3,rising
24,2024,Dibrugarh,Assam,DIS-MAL,Malaria,3,0,stable
25,2024,Dibrugarh,Assam,DIS-CHL,Cholera,95,0,rising
25,2024,Dibrugarh,Assam,DIS-DEN,Dengue,0,0,stable
25,2024,Dibrugarh,Assam,DIS-RSP,Respiratory infections,2,0,stable
25,2024,Dibrugarh,Assam,DIS-SNK,Snakebite,78,2,rising
25,2024,Dibrugarh,Assam,DIS-MAL,Malaria,1,0,stable
26,2024,Dibrugarh,Assam,DIS-CHL,Cholera,22,0,rising
26,2024,Dibrugarh,Assam,DIS-DEN,Dengue,0,0,stable
26,2024,Dibrugarh,Assam,DIS-RSP,Respiratory infections,0,0,stable
26,2024,Dibrugarh,Assam,DIS-SNK,Snakebite,64,2,rising
26,2024,Dibrugarh,Assam,DIS-MAL,Malaria,4,0,stable
27,2024,Dibrugarh,Assam,DIS-CHL,Cholera,17,0,rising
27,2024,Dibrugarh,Assam,DIS-DEN,Dengue,1,0,stable
27,2024,Dibrugarh,Assam,DIS-RSP,Respiratory infections,1,0,rising
27,2024,Dibrugarh,Assam,DIS-SNK,Snakebite,27,1,rising
27,2024,Dibrugarh,Assam,DIS-MAL,Malaria,1,0,stable
28,2024,Dibrugarh,Assam,DIS-CHL,Cholera,29,0,rising
28,2024,Dibrugarh,Assam,DIS-DEN,Dengue,0,0,rising
28,2024,Dibrugarh,Assam,DIS-RSP,Respiratory infections,3,0,stable
28,2024,Dibrugarh,Assam,DIS-SNK,Snakebite,83,3,rising
28,2024,Dibrugarh,Assam,DIS-MAL,Malaria,79,2,rising
29,2024,Dibrugarh,Assam,DIS-CHL,Cholera,50,2,rising
29,2024,Dibrugarh,Assam,DIS-DEN,Dengue,0,0,rising
29,2024,Dibrugarh,Assam,DIS-RSP,Respiratory infections,0,0,stable
29,2024,Dibrugarh,Assam,DIS-SNK,Snakebite,41,1,rising
29,2024,Dibrugarh,Assam,DIS-MAL,Malaria,31,1,rising
30,2024,Dibrugarh,Assam,DIS-CHL,Cholera,81,1,declining
30,2024,Dibrugarh,Assam,DIS-DEN,Dengue,37,1,rising
30,2024,Dibrugarh,Assam,DIS-RSP,Respiratory infections,0,0,stable
30,2024,Dibrugarh,Assam,DIS-SNK,Snakebite,25,0,declining
30,2024,Dibrugarh,Assam,DIS-MAL,Malaria,24,0,rising
31,2024,Dibrugarh,Assam,DIS-CHL,Cholera,70,0,declining
31,2024,Dibrugarh,Assam,DIS-DEN,Dengue,100,3,rising
31,2024,Dibrugarh,Assam,DIS-RSP,Respiratory infections,5,0,stable
31,2024,Dibrugarh,Assam,DIS-SNK,Snakebite,61,1,declining
31,2024,Dibrugarh,Assam,DIS-MAL,Malaria,33,1,rising
32,2024,Dibrugarh,Assam,DIS-CHL,Cholera,69,0,declining
32,2024,Dibrugarh,Assam,DIS-DEN,Dengue,38,0,rising
32,2024,Dibrugarh,Assam,DIS-RSP,Respiratory infections,3,0,stable
32,2024,Dibrugarh,Assam,DIS-SNK,Snakebite,20,0,declining
32,2024,Dibrugarh,Assam,DIS-MAL,Malaria,28,0,rising
33,2024,Dibrugarh,Assam,DIS-CHL,Cholera,69,1,declining
33,2024,Dibrugarh,Assam,DIS-DEN,Dengue,106,1,rising
33,2024,Dibrugarh,Assam,DIS-RSP,Respiratory infections,0,0,stable
33,2024,Dibrugarh,Assam,DIS-SNK,Snakebite,68,0,declining
33,2024,Dibrugarh,Assam,DIS-MAL,Malaria,79,0,rising
34,2024,Dibrugarh,Assam,DIS-CHL,Cholera,112,3,declining
34,2024,Dibrugarh,Assam,DIS-DEN,Dengue,46,1,rising
34,2024,Dibrugarh,Assam,DIS-RSP,Respiratory infections,5,0,rising
34,2024,Dibrugarh,Assam,DIS-SNK,Snakebite,40,0,declining
34,2024,Dibrugarh,Assam,DIS-MAL,Malaria,28,1,rising
35,2024,Dibrugarh,Assam,DIS-CHL,Cholera,73,3,declining
35,2024,Dibrugarh,Assam,DIS-DEN,Dengue,73,3,rising
35,2024,Dibrugarh,Assam,DIS-RSP,Respiratory infections,1,0,stable
35,2024,Dibrugarh,Assam,DIS-SNK,Snakebite,24,0,declining
35,2024,Dibrugarh,Assam,DIS-MAL,Malaria,51,0,declining
36,2024,Dibrugarh,Assam,DIS-CHL,Cholera,4,0,declining
36,2024,Dibrugarh,Assam,DIS-DEN,Dengue,59,1,rising
36,2024,Dibrugarh,Assam,DIS-RSP,Respiratory infections,0,0,rising
36,2024,Dibrugarh,Assam,DIS-SNK,Snakebite,79,0,declining
36,2024,Dibrugarh,Assam,DIS-MAL,Malaria,65,2,declining
37,2024,Dibrugarh,Assam,DIS-CHL,Cholera,4,0,stable
37,2024,Dibrugarh,Assam,DIS-DEN,Dengue,23,0,declining
37,2024,Dibrugarh,Assam,DIS-RSP,Respiratory infections,3,0,stable
37,2024,Dibrugarh,Assam,DIS-SNK,Snakebite,75,0,declining
37,2024,Dibrugarh,Assam,DIS-MAL,Malaria,69,2,declining
38,2024,Dibrugarh,Assam,DIS-CHL,Cholera,4,0,declining
38,2024,Dibrugarh,Assam,DIS-DEN,Dengue,78,1,declining
38,2024,Dibrugarh,Assam,DIS-RSP,Respiratory infections,4,0,stable
38,2024,Dibrugarh,Assam,DIS-SNK,Snakebite,36,1,declining
38,2024,Dibrugarh,Assam,DIS-MAL,Malaria,62,1,declining
39,2024,Dibrugarh,Assam,DIS-CHL,Cholera,0,0,stable
39,2024,Dibrugarh,Assam,DIS-DEN,Dengue,49,1,declining
39,2024,Dibrugarh,Assam,DIS-RSP,Respiratory infections,5,0,stable
39,2024,Dibrugarh,Assam,DIS-SNK,Snakebite,55,1,declining
39,2024,Dibrugarh,Assam,DIS-MAL,Malaria,25,0,declining
40,2024,Dibrugarh,Assam,DIS-CHL,Cholera,4,0,stable
40,2024,Dibrugarh,Assam,DIS-DEN,Dengue,32,1,declining
40,2024,Dibrugarh,Assam,DIS-RSP,Respiratory infections,4,0,stable
40,2024,Dibrugarh,Assam,DIS-SNK,Snakebite,23,0,declining
40,2024,Dibrugarh,Assam,DIS-MAL,Malaria,51,1,declining
41,2024,Dibrugarh,Assam,DIS-CHL,Cholera,1,0,stable
41,2024,Dibrugarh,Assam,DIS-DEN,Dengue,36,0,declining
41,2024,Dibrugarh,Assam,DIS-RSP,Respiratory infections,0,0,stable
41,2024,Dibrugarh,Assam,DIS-SNK,Snakebite,0,0,declining
41,2024,Dibrugarh,Assam,DIS-MAL,Malaria,83,2,declining
42,2024,Dibrugarh,Assam,DIS-CHL,Cholera,4,0,declining
42,2024,Dibrugarh,Assam,DIS-DEN,Dengue,27,0,declining
42,2024,Dibrugarh,Assam,DIS-RSP,Respiratory infections,2,0,declining
42,2024,Dibrugarh,Assam,DIS-SNK,Snakebite,2,0,stable
42,2024,Dibrugarh,Assam,DIS-MAL,Malaria,117,2,declining
43,2024,Dibrugarh,Assam,DIS-CHL,Cholera,0,0,rising
43,2024,Dibrugarh,Assam,DIS-DEN,Dengue,30,0,declining
43,2024,Dibrugarh,Assam,DIS-RSP,Respiratory infections,0,0,stable
43,2024,Dibrugarh,Assam,DIS-SNK,Snakebite,4,0,declining
43,2024,Dibrugarh,Assam,DIS-MAL,Malaria,3,0,declining
44,2024,Dibrugarh,Assam,DIS-CHL,Cholera,3,0,stable
44,2024,Dibrugarh,Assam,DIS-DEN,Dengue,36,1,declining
44,2024,Dibrugarh,Assam,DIS-RSP,Respiratory infections,1,0,declining
44,2024,Dibrugarh,Assam,DIS-SNK,Snakebite,3,0,stable
44,2024,Dibrugarh,Assam,DIS-MAL,Malaria,2,0,rising
45,2024,Dibrugarh,Assam,DIS-CHL,Cholera,3,0,declining
45,2024,Dibrugarh,Assam,DIS-DEN,Dengue,79,1,declining
45,2024,Dibrugarh,Assam,DIS-RSP,Respiratory infections,21,1,declining
45,2024,Dibrugarh,Assam,DIS-SNK,Snakebite,5,0,declining
45,2024,Dibrugarh,Assam,DIS-MAL,Malaria,1,0,stable
46,2024,Dibrugarh,Assam,DIS-CHL,Cholera,2,0,stable
46,2024,Dibrugarh,Assam,DIS-DEN,Dengue,4,0,stable
46,2024,Dibrugarh,Assam,DIS-RSP,Respiratory infections,22,1,declining
46,2024,Dibrugarh,Assam,DIS-SNK,Snakebite,1,0,stable
46,2024,Dibrugarh,Assam,DIS-MAL,Malaria,0,0,rising
47,2024,Dibrugarh,Assam,DIS-CHL,Cholera,1,0,rising
47,2024,Dibrugarh,Assam,DIS-DEN,Dengue,2,0,declining
47,2024,Dibrugarh,Assam,DIS-RSP,Respiratory infections,46,1,declining
47,2024,Dibrugarh,Assam,DIS-SNK,Snakebite,3,0,rising
47,2024,Dibrugarh,Assam,DIS-MAL,Malaria,4,0,stable
48,2024,Dibrugarh,Assam,DIS-CHL,Cholera,1,0,stable
48,2024,Dibrugarh,Assam,DIS-DEN,Dengue,1,0,declining
48,2024,Dibrugarh,Assam,DIS-RSP,Respiratory infections,34,0,declining
48,2024,Dibrugarh,Assam,DIS-SNK,Snakebite,4,0,stable
48,2024,Dibrugarh,Assam,DIS-MAL,Malaria,3,0,stable
49,2024,Dibrugarh,Assam,DIS-CHL,Cholera,0,0,stable
49,2024,Dibrugarh,Assam,DIS-DEN,Dengue,3,0,rising
49,2024,Dibrugarh,Assam,DIS-RSP,Respiratory infections,81,0,declining
49,2024,Dibrugarh,Assam,DIS-SNK,Snakebite,3,0,declining
49,2024,Dibrugarh,Assam,DIS-MAL,Malaria,0,0,stable
50,2024,Dibrugarh,Assam,DIS-CHL,Cholera,0,0,declining
50,2024,Dibrugarh,Assam,DIS-DEN,Dengue,1,0,stable
50,2024,Dibrugarh,Assam,DIS-RSP,Respiratory infections,64,2,declining
50,2024,Dibrugarh,Assam,DIS-SNK,Snakebite,5,0,stable
50,2024,Dibrugarh,Assam,DIS-MAL,Malaria,0,0,stable
51,2024,Dibrugarh,Assam,DIS-CHL,Cholera,4,0,rising
51,2024,Dibrugarh,Assam,DIS-DEN,Dengue,2,0,stable
51,2024,Dibrugarh,Assam,DIS-RSP,Respiratory infections,56,1,declining
51,2024,Dibrugarh,Assam,DIS-SNK,Snakebite,1,0,declining
51,2024,Dibrugarh,Assam,DIS-MAL,Malaria,0,0,stable
52,2024,Dibrugarh,Assam,DIS-CHL,Cholera,0,0,declining
52,2024,Dibrugarh,Assam,DIS-DEN,Dengue,0,0,stable
52,2024,Dibrugarh,Assam,DIS-RSP,Respiratory infections,78,2,declining
52,2024,Dibrugarh,Assam,DIS-SNK,Snakebite,3,0,stable
52,2024,Dibrugarh,Assam,DIS-MAL,Malaria,2,0,stable
1,2024,Jorhat,Assam,DIS-CHL,Cholera,2,0,declining
1,2024,Jorhat,Assam,DIS-DEN,Dengue,4,0,stable
1,2024,Jorhat,Assam,DIS-RSP,Respiratory infections,100,2,stable
1,2024,Jorhat,Assam,DIS-SNK,Snakebite,4,0,stable
1,2024,Jorhat,Assam,DIS-MAL,Malaria,2,0,declining
2,2024,Jorhat,Assam,DIS-CHL,Cholera,3,0,rising
2,2024,Jorhat,Assam,DIS-DEN,Dengue,0,0,rising
2,2024,Jorhat,Assam,DIS-RSP,Respiratory infections,26,1,declining
2,2024,Jorhat,Assam,DIS-SNK,Snakebite,0,0,stable
2,2024,Jorhat,Assam,DIS-MAL,Malaria,1,0,stable
3,2024,Jorhat,Assam,DIS-CHL,Cholera,1,0,stable
3,2024,Jorhat,Assam,DIS-DEN,Dengue,0,0,rising
3,2024,Jorhat,Assam,DIS-RSP,Respiratory infections,77,0,declining
3,2024,Jorhat,Assam,DIS-SNK,Snakebite,0,0,stable
3,2024,Jorhat,Assam,DIS-MAL,Malaria,0,0,rising
4,2024,Jorhat,Assam,DIS-CHL,Cholera,4,0,stable
4,2024,Jorhat,Assam,DIS-DEN,Dengue,5,0,stable
4,2024,Jorhat,Assam,DIS-RSP,Respiratory infections,67,3,declining
4,2024,Jorhat,Assam,DIS-SNK,Snakebite,2,0,rising
4,2024,Jorhat,Assam,DIS-MAL,Malaria,2,0,stable
5,2024,Jorhat,Assam,DIS-CHL,Cholera,0,0,declining
5,2024,Jorhat,Assam,DIS-DEN,Dengue,3,0,rising
5,2024,Jorhat,Assam,DIS-RSP,Respiratory infections,37,1,declining
5,2024,Jorhat,Assam,DIS-SNK,Snakebite,4,0,stable
5,2024,Jorhat,Assam,DIS-MAL,Malaria,2,0,rising
6,2024,Jorhat,Assam,DIS-CHL,Cholera,2,0,stable
6,2024,Jorhat,Assam,DIS-DEN,Dengue,3,0,declining
6,2024,Jorhat,Assam,DIS-RSP,Respiratory infections,28,0,declining
6,2024,Jorhat,Assam,DIS-SNK,Snakebite,0,0,rising
6,2024,Jorhat,Assam,DIS-MAL,Malaria,4,0,rising
7,2024,Jorhat,Assam,DIS-CHL,Cholera,4,0,stable
7,2024,Jorhat,Assam,DIS-DEN,Dengue,0,0,declining
7,2024,Jorhat,Assam,DIS-RSP,Respiratory infections,35,0,declining
7,2024,Jorhat,Assam,DIS-SNK,Snakebite,0,0,stable
7,2024,Jorhat,Assam,DIS-MAL,Malaria,3,0,declining
8,2024,Jorhat,Assam,DIS-CHL,Cholera,0,0,stable
8,2024,Jorhat,Assam,DIS-DEN,Dengue,4,0,stable
8,2024,Jorhat,Assam,DIS-RSP,Respiratory infections,109,1,declining
8,2024,Jorhat,Assam,DIS-SNK,Snakebite,0,0,rising
8,2024,Jorhat,Assam,DIS-MAL,Malaria,1,0,declining
9,2024,Jorhat,Assam,DIS-CHL,Cholera,2,0,stable
9,2024,Jorhat,Assam,DIS-DEN,Dengue,4,0,stable
9,2024,Jorhat,Assam,DIS-RSP,Respiratory infections,4,0,declining
9,2024,Jorhat,Assam,DIS-SNK,Snakebite,0,0,rising
9,2024,Jorhat,Assam,DIS-MAL,Malaria,0,0,stable
10,2024,Jorhat,Assam,DIS-CHL,Cholera,4,0,stable
10,2024,Jorhat,Assam,DIS-DEN,Dengue,2,0,declining
10,2024,Jorhat,Assam,DIS-RSP,Respiratory infections,3,0,declining
10,2024,Jorhat,Assam,DIS-SNK,Snakebite,5,0,rising
10,2024,Jorhat,Assam,DIS-MAL,Malaria,0,0,stable
11,2024,Jorhat,Assam,DIS-CHL,Cholera,1,0,stable
11,2024,Jorhat,Assam,DIS-DEN,Dengue,0,0,stable
11,2024,Jorhat,Assam,DIS-RSP,Respiratory infections,3,0,stable
11,2024,Jorhat,Assam,DIS-SNK,Snakebite,4,0,stable
11,2024,Jorhat,Assam,DIS-MAL,Malaria,1,0,stable
12,2024,Jorhat,Assam,DIS-CHL,Cholera,3,0,rising
12,2024,Jorhat,Assam,DIS-DEN,Dengue,5,0,declining
12,2024,Jorhat,Assam,DIS-RSP,Respiratory infections,4,0,rising
12,2024,Jorhat,Assam,DIS-SNK,Snakebite,4,0,stable
12,2024,Jorhat,Assam,DIS-MAL,Malaria,1,0,stable
13,2024,Jorhat,Assam,DIS-CHL,Cholera,0,0,stable
13,2024,Jorhat,Assam,DIS-DEN,Dengue,3,0,stable
13,2024,Jorhat,Assam,DIS-RSP,Respiratory infections,4,0,rising
13,2024,Jorhat,Assam,DIS-SNK,Snakebite,2,0,stable
13,2024,Jorhat,Assam,DIS-MAL,Malaria,2,0,stable
14,2024,Jorhat,Assam,DIS-CHL,Cholera,1,0,declining
14,2024,Jorhat,Assam,DIS-DEN,Dengue,3,0,declining
14,2024,Jorhat,Assam,DIS-RSP,Respiratory infections,4,0,rising
14,2024,Jorhat,Assam,DIS-SNK,Snakebite,0,0,stable
14,2024,Jorhat,Assam,DIS-MAL,Malaria,0,0,declining
15,2024,Jorhat,Assam,DIS-CHL,Cholera,2,0,rising
15,2024,Jorhat,Assam,DIS-DEN,Dengue,1,0,stable
15,2024,Jorhat,Assam,DIS-RSP,Respiratory infections,5,0,stable
15,2024,Jorhat,Assam,DIS-SNK,Snakebite,3,0,rising
15,2024,Jorhat,Assam,DIS-MAL,Malaria,3,0,declining
16,2024,Jorhat,Assam,DIS-CHL,Cholera,3,0,declining
16,2024,Jorhat,Assam,DIS-DEN,Dengue,2,0,stable
16,2024,Jorhat,Assam,DIS-RSP,Respiratory infections,1,0,stable
16,2024,Jorhat,Assam,DIS-SNK,Snakebite,2,0,stable
16,2024,Jorhat,Assam,DIS-MAL,Malaria,3,0,declining
17,2024,Jorhat,Assam,DIS-CHL,Cholera,2,0,declining
17,2024,Jorhat,Assam,DIS-DEN,Dengue,0,0,declining
17,2024,Jorhat,Assam,DIS-RSP,Respiratory infections,2,0,rising
17,2024,Jorhat,Assam,DIS-SNK,Snakebite,1,0,rising
17,2024,Jorhat,Assam,DIS-MAL,Malaria,2,0,stable
18,2024,Jorhat,Assam,DIS-CHL,Cholera,2,0,rising
18,2024,Jorhat,Assam,DIS-DEN,Dengue,2,0,rising
18,2024,Jorhat,Assam,DIS-RSP,Respiratory infections,4,0,stable
18,2024,Jorhat,Assam,DIS-SNK,Snakebite,5,0,rising
18,2024,Jorhat,Assam,DIS-MAL,Malaria,1,0,rising
19,2024,Jorhat,Assam,DIS-CHL,Cholera,1,0,rising
19,2024,Jorhat,Assam,DIS-DEN,Dengue,2,0,declining
19,2024,Jorhat,Assam,DIS-RSP,Respiratory infections,0,0,rising
19,2024,Jorhat,Assam,DIS-SNK,Snakebite,2,0,rising
19,2024,Jorhat,Assam,DIS-MAL,Malaria,2,0,rising
20,2024,Jorhat,Assam,DIS-CHL,Cholera,1,0,declining
20,2024,Jorhat,Assam,DIS-DEN,Dengue,0,0,rising
20,2024,Jorhat,Assam,DIS-RSP,Respiratory infections,3,0,declining
20,2024,Jorhat,Assam,DIS-SNK,Snakebite,89,0,rising
20,2024,Jorhat,Assam,DIS-MAL,Malaria,4,0,rising
21,2024,Jorhat,Assam,DIS-CHL,Cholera,4,0,rising
21,2024,Jorhat,Assam,DIS-DEN,Dengue,3,0,stable
21,2024,Jorhat,Assam,DIS-RSP,Respiratory infections,4,0,stable
21,2024,Jorhat,Assam,DIS-SNK,Snakebite,67,1,rising
21,2024,Jorhat,Assam,DIS-MAL,Malaria,2,0,declining
22,2024,Jorhat,Assam,DIS-CHL,Cholera,3,0,rising
22,2024,Jorhat,Assam,DIS-DEN,Dengue,3,0,declining
22,2024,Jorhat,Assam,DIS-RSP,Respiratory infections,0,0,declining
22,2024,Jorhat,Assam,DIS-SNK,Snakebite,45,0,rising
22,2024,Jorhat,Assam,DIS-MAL,Malaria,4,0,stable
23,2024,Jorhat,Assam,DIS-CHL,Cholera,0,0,stable
23,2024,Jorhat,Assam,DIS-DEN,Dengue,3,0,declining
23,2024,Jorhat,Assam,DIS-RSP,Respiratory infections,5,0,stable
23,2024,Jorhat,Assam,DIS-SNK,Snakebite,92,2,rising
23,2024,Jorhat,Assam,DIS-MAL,Malaria,3,0,declining
24,2024,Jorhat,Assam,DIS-CHL,Cholera,4,0,declining
24,2024,Jorhat,Assam,DIS-DEN,Dengue,0,0,stable
24,2024,Jorhat,Assam,DIS-RSP,Respiratory infections,0,0,stable
24,2024,Jorhat,Assam,DIS-SNK,Snakebite,73,1,rising
24,2024,Jorhat,Assam,DIS-MAL,Malaria,1,0,rising
25,2024,Jorhat,Assam,DIS-CHL,Cholera,102,3,rising
25,2024,Jorhat,Assam,DIS-DEN,Dengue,2,0,declining
25,2024,Jorhat,Assam,DIS-RSP,Respiratory infections,5,0,stable
25,2024,Jorhat,Assam,DIS-SNK,Snakebite,40,0,rising
25,2024,Jorhat,Assam,DIS-MAL,Malaria,1,0,rising
26,2024,Jorhat,Assam,DIS-CHL,Cholera,84,3,rising
26,2024,Jorhat,Assam,DIS-DEN,Dengue,4,0,stable
26,2024,Jorhat,Assam,DIS-RSP,Respiratory infections,0,0,stable
26,2024,Jorhat,Assam,DIS-SNK,Snakebite,68,0,rising
26,2024,Jorhat,Assam,DIS-MAL,Malaria,2,0,stable
27,2024,Jorhat,Assam,DIS-CHL,Cholera,72,0,rising
27,2024,Jorhat,Assam,DIS-DEN,Dengue,1,0,declining
27,2024,Jorhat,Assam,DIS-RSP,Respiratory infections,3,0,stable
27,2024,Jorhat,Assam,DIS-SNK,Snakebite,44,2,rising
27,2024,Jorhat,Assam,DIS-MAL,Malaria,1,0,stable
28,2024,Jorhat,Assam,DIS-CHL,Cholera,27,0,rising
28,2024,Jorhat,Assam,DIS-DEN,Dengue,3,0,declining
28,2024,Jorhat,Assam,DIS-RSP,Respiratory infections,4,0,rising
28,2024,Jorhat,Assam,DIS-SNK,Snakebite,73,1,rising
28,2024,Jorhat,Assam,DIS-MAL,Malaria,20,0,rising
29,2024,Jorhat,Assam,DIS-CHL,Cholera,75,2,rising
29,2024,Jorhat,Assam,DIS-DEN,Dengue,3,0,rising
29,2024,Jorhat,Assam,DIS-RSP,Respiratory infections,3,0,rising
29,2024,Jorhat,Assam,DIS-SNK,Snakebite,26,0,rising
29,2024,Jorhat,Assam,DIS-MAL,Malaria,23,0,rising
30,2024,Jorhat,Assam,DIS-CHL,Cholera,36,0,declining
30,2024,Jorhat,Assam,DIS-DEN,Dengue,56,1,rising
30,2024,Jorhat,Assam,DIS-RSP,Respiratory infections,1,0,rising
30,2024,Jorhat,Assam,DIS-SNK,Snakebite,73,3,declining
30,2024,Jorhat,Assam,DIS-MAL,Malaria,85,2,rising
31,2024,Jorhat,Assam,DIS-CHL,Cholera,65,1,declining
31,2024,Jorhat,Assam,DIS-DEN,Dengue,29,0,rising
31,2024,Jorhat,Assam,DIS-RSP,Respiratory infections,2,0,rising
31,2024,Jorhat,Assam,DIS-SNK,Snakebite,26,0,declining
31,2024,Jorhat,Assam,DIS-MAL,Malaria,57,1,rising
32,2024,Jorhat,Assam,DIS-CHL,Cholera,27,0,declining
32,2024,Jorhat,Assam,DIS-DEN,Dengue,37,1,rising
32,2024,Jorhat,Assam,DIS-RSP,Respiratory infections,0,0,stable
32,2024,Jorhat,Assam,DIS-SNK,Snakebite,83,3,declining
32,2024,Jorhat,Assam,DIS-MAL,Malaria,115,0,rising
33,2024,Jorhat,Assam,DIS-CHL,Cholera,25,0,declining
33,2024,Jorhat,Assam,DIS-DEN,Dengue,77,3,rising
33,2024,Jorhat,Assam,DIS-RSP,Respiratory infections,2,0,stable
33,2024,Jorhat,Assam,DIS-SNK,Snakebite,22,0,declining
33,2024,Jorhat,Assam,DIS-MAL,Malaria,80,3,rising
34,2024,Jorhat,Assam,DIS-CHL,Cholera,42,1,declining
34,2024,Jorhat,Assam,DIS-DEN,Dengue,53,0,rising
34,2024,Jorhat,Assam,DIS-RSP,Respiratory infections,5,0,declining
34,2024,Jorhat,Assam,DIS-SNK,Snakebite,23,0,declining
34,2024,Jorhat,Assam,DIS-MAL,Malaria,50,0,rising
35,2024,Jorhat,Assam,DIS-CHL,Cholera,84,1,declining
35,2024,Jorhat,Assam,DIS-DEN,Dengue,78,2,rising
35,2024,Jorhat,Assam,DIS-RSP,Respiratory infections,1,0,stable
35,2024,Jorhat,Assam,DIS-SNK,Snakebite,46,0,declining
35,2024,Jorhat,Assam,DIS-MAL,Malaria,45,0,declining
36,2024,Jorhat,Assam,DIS-CHL,Cholera,5,0,declining
36,2024,Jorhat,Assam,DIS-DEN,Dengue,32,0,rising
36,2024,Jorhat,Assam,DIS-RSP,Respiratory infections,3,0,rising
36,2024,Jorhat,Assam,DIS-SNK,Snakebite,55,0,declining
36,2024,Jorhat,Assam,DIS-MAL,Malaria,69,0,declining
37,2024,Jorhat,Assam,DIS-CHL,Cholera,2,0,stable
37,2024,Jorhat,Assam,DIS-DEN,Dengue,110,0,declining
37,2024,Jorhat,Assam,DIS-RSP,Respiratory infections,4,0,rising
37,2024,Jorhat,Assam,DIS-SNK,Snakebite,75,0,declining
37,2024,Jorhat,Assam,DIS-MAL,Malaria,59,2,declining
38,2024,Jorhat,Assam,DIS-CHL,Cholera,2,0,stable
38,2024,Jorhat,Assam,DIS-DEN,Dengue,41,1,declining
38,2024,Jorhat,Assam,DIS-RSP,Respiratory infections,3,0,rising
38,2024,Jorhat,Assam,DIS-SNK,Snakebite,37,1,declining
38,2024,Jorhat,Assam,DIS-MAL,Malaria,46,1,declining
39,2024,Jorhat,Assam,DIS-CHL,Cholera,2,0,rising
39,2024,Jorhat,Assam,DIS-DEN,Dengue,81,1,declining
39,2024,Jorhat,Assam,DIS-RSP,Respiratory infections,0,0,rising
39,2024,Jorhat,Assam,DIS-SNK,Snakebite,51,1,declining
39,2024,Jorhat,Assam,DIS-MAL,Malaria,89,0,declining
40,2024,Jorhat,Assam,DIS-CHL,Cholera,0,0,stable
40,2024,Jorhat,Assam,DIS-DEN,Dengue,55,2,declining
40,2024,Jorhat,Assam,DIS-RSP,Respiratory infections,4,0,declining
40,2024,Jorhat,Assam,DIS-SNK,Snakebite,90,4,declining
40,2024,Jorhat,Assam,DIS-MAL,Malaria,49,1,declining
41,2024,Jorhat,Assam,DIS-CHL,Cholera,2,0,stable
41,2024,Jorhat,Assam,DIS-DEN,Dengue,84,4,declining
41,2024,Jorhat,Assam,DIS-RSP,Respiratory infections,3,0,declining
41,2024,Jorhat,Assam,DIS-SNK,Snakebite,3,0,rising
41,2024,Jorhat,Assam,DIS-MAL,Malaria,69,2,declining
42,2024,Jorhat,Assam,DIS-CHL,Cholera,4,0,declining
42,2024,Jorhat,Assam,DIS-DEN,Dengue,99,2,declining
42,2024,Jorhat,Assam,DIS-RSP,Respiratory infections,3,0,stable
42,2024,Jorhat,Assam,DIS-SNK,Snakebite,2,0,rising
42,2024,Jorhat,Assam,DIS-MAL,Malaria,37,0,declining
43,2024,Jorhat,Assam,DIS-CHL,Cholera,2,0,rising
43,2024,Jorhat,Assam,DIS-DEN,Dengue,41,0,declining
43,2024,Jorhat,Assam,DIS-RSP,Respiratory infections,2,0,stable
43,2024,Jorhat,Assam,DIS-SNK,Snakebite,4,0,stable
43,2024,Jorhat,Assam,DIS-MAL,Malaria,4,0,stable
44,2024,Jorhat,Assam,DIS-CHL,Cholera,3,0,stable
44,2024,Jorhat,Assam,DIS-DEN,Dengue,87,2,declining
44,2024,Jorhat,Assam,DIS-RSP,Respiratory infections,3,0,stable
44,2024,Jorhat,Assam,DIS-SNK,Snakebite,1,0,stable
44,2024,Jorhat,Assam,DIS-MAL,Malaria,0,0,rising
45,2024,Jorhat,Assam,DIS-CHL,Cholera,3,0,rising
45,2024,Jorhat,Assam,DIS-DEN,Dengue,59,1,declining
45,2024,Jorhat,Assam,DIS-RSP,Respiratory infections,22,0,declining
45,2024,Jorhat,Assam,DIS-SNK,Snakebite,3,0,declining
45,2024,Jorhat,Assam,DIS-MAL,Malaria,0,0,stable
46,2024,Jorhat,Assam,DIS-CHL,Cholera,2,0,stable
46,2024,Jorhat,Assam,DIS-DEN,Dengue,1,0,stable
46,2024,Jorhat,Assam,DIS-RSP,Respiratory infections,68,0,declining
46,2024,Jorhat,Assam,DIS-SNK,Snakebite,0,0,stable
46,2024,Jorhat,Assam,DIS-MAL,Malaria,2,0,stable
47,2024,Jorhat,Assam,DIS-CHL,Cholera,4,0,rising
47,2024,Jorhat,Assam,DIS-DEN,Dengue,4,0,stable
47,2024,Jorhat,Assam,DIS-RSP,Respiratory infections,33,1,declining
47,2024,Jorhat,Assam,DIS-SNK,Snakebite,0,0,stable
47,2024,Jorhat,Assam,DIS-MAL,Malaria,2,0,declining
48,2024,Jorhat,Assam,DIS-CHL,Cholera,1,0,stable
48,2024,Jorhat,Assam,DIS-DEN,Dengue,0,0,declining
48,2024,Jorhat,Assam,DIS-RSP,Respiratory infections,63,2,declining
48,2024,Jorhat,Assam,DIS-SNK,Snakebite,4,0,stable
48,2024,Jorhat,Assam,DIS-MAL,Malaria,4,0,stable
49,2024,Jorhat,Assam,DIS-CHL,Cholera,2,0,stable
49,2024,Jorhat,Assam,DIS-DEN,Dengue,2,0,rising
49,2024,Jorhat,Assam,DIS-RSP,Respiratory infections,63,2,declining
49,2024,Jorhat,Assam,DIS-SNK,Snakebite,0,0,stable
49,2024,Jorhat,Assam,DIS-MAL,Malaria,0,0,stable
50,2024,Jorhat,Assam,DIS-CHL,Cholera,2,0,declining
50,2024,Jorhat,Assam,DIS-DEN,Dengue,1,0,declining
50,2024,Jorhat,Assam,DIS-RSP,Respiratory infections,76,2,declining
50,2024,Jorhat,Assam,DIS-SNK,Snakebite,3,0,stable
50,2024,Jorhat,Assam,DIS-MAL,Malaria,5,0,declining
51,2024,Jorhat,Assam,DIS-CHL,Cholera,5,0,declining
51,2024,Jorhat,Assam,DIS-DEN,Dengue,4,0,stable
51,2024,Jorhat,Assam,DIS-RSP,Respiratory infections,65,1,declining
51,2024,Jorhat,Assam,DIS-SNK,Snakebite,0,0,rising
51,2024,Jorhat,Assam,DIS-MAL,Malaria,0,0,rising
52,2024,Jorhat,Assam,DIS-CHL,Cholera,2,0,declining
52,2024,Jorhat,Assam,DIS-DEN,Dengue,2,0,rising
52,2024,Jorhat,Assam,DIS-RSP,Respiratory infections,36,0,declining
52,2024,Jorhat,Assam,DIS-SNK,Snakebite,5,0,declining
52,2024,Jorhat,Assam,DIS-MAL,Malaria,3,0,stable
1,2024,Silchar,Assam,DIS-CHL,Cholera,3,0,stable
1,2024,Silchar,Assam,DIS-DEN,Dengue,0,0,declining
1,2024,Silchar,Assam,DIS-RSP,Respiratory infections,51,1,stable
1,2024,Silchar,Assam,DIS-SNK,Snakebite,0,0,declining
1,2024,Silchar,Assam,DIS-MAL,Malaria,4,0,stable
2,2024,Silchar,Assam,DIS-CHL,Cholera,0,0,stable
2,2024,Silchar,Assam,DIS-DEN,Dengue,0,0,stable
2,2024,Silchar,Assam,DIS-RSP,Respiratory infections,77,2,declining
2,2024,Silchar,Assam,DIS-SNK,Snakebite,1,0,stable
2,2024,Silchar,Assam,DIS-MAL,Malaria,5,0,stable
3,2024,Silchar,Assam,DIS-CHL,Cholera,2,0,stable
3,2024,Silchar,Assam,DIS-DEN,Dengue,3,0,rising
3,2024,Silchar,Assam,DIS-RSP,Respiratory infections,82,3,declining
3,2024,Silchar,Assam,DIS-SNK,Snakebite,4,0,stable
3,2024,Silchar,Assam,DIS-MAL,Malaria,4,0,rising
4,2024,Silchar,Assam,DIS-CHL,Cholera,2,0,rising
4,2024,Silchar,Assam,DIS-DEN,Dengue,0,0,declining
4,2024,Silchar,Assam,DIS-RSP,Respiratory infections,87,1,declining
4,2024,Silchar,Assam,DIS-SNK,Snakebite,2,0,rising
4,2024,Silchar,Assam,DIS-MAL,Malaria,3,0,stable
5,2024,Silchar,Assam,DIS-CHL,Cholera,0,0,stable
5,2024,Silchar,Assam,DIS-DEN,Dengue,4,0,stable
5,2024,Silchar,Assam,DIS-RSP,Respiratory infections,43,1,declining
5,2024,Silchar,Assam,DIS-SNK,Snakebite,5,0,stable
5,2024,Silchar,Assam,DIS-MAL,Malaria,1,0,rising
6,2024,Silchar,Assam,DIS-CHL,Cholera,5,0,stable
6,2024,Silchar,Assam,DIS-DEN,Dengue,0,0,stable
6,2024,Silchar,Assam,DIS-RSP,Respiratory infections,83,2,declining
6,2024,Silchar,Assam,DIS-SNK,Snakebite,0,0,declining
6,2024,Silchar,Assam,DIS-MAL,Malaria,0,0,stable
7,2024,Silchar,Assam,DIS-CHL,Cholera,5,0,stable
7,2024,Silchar,Assam,DIS-DEN,Dengue,4,0,stable
7,2024,Silchar,Assam,DIS-RSP,Respiratory infections,100,3,declining
7,2024,Silchar,Assam,DIS-SNK,Snakebite,2,0,declining
7,2024,Silchar,Assam,DIS-MAL,Malaria,0,0,stable
8,2024,Silchar,Assam,DIS-CHL,Cholera,2,0,stable
8,2024,Silchar,Assam,DIS-DEN,Dengue,0,0,stable
8,2024,Silchar,Assam,DIS-RSP,Respiratory infections,37,1,declining
8,2024,Silchar,Assam,DIS-SNK,Snakebite,2,0,stable
8,2024,Silchar,Assam,DIS-MAL,Malaria,1,0,stable
9,2024,Silchar,Assam,DIS-CHL,Cholera,3,0,rising
9,2024,Silchar,Assam,DIS-DEN,Dengue,2,0,rising
9,2024,Silchar,Assam,DIS-RSP,Respiratory infections,4,0,stable
9,2024,Silchar,Assam,DIS-SNK,Snakebite,2,0,stable
9,2024,Silchar,Assam,DIS-MAL,Malaria,3,0,stable
10,2024,Silchar,Assam,DIS-CHL,Cholera,3,0,rising
10,2024,Silchar,Assam,DIS-DEN,Dengue,5,0,stable
10,2024,Silchar,Assam,DIS-RSP,Respiratory infections,4,0,rising
10,2024,Silchar,Assam,DIS-SNK,Snakebite,2,0,stable
10,2024,Silchar,Assam,DIS-MAL,Malaria,0,0,rising
11,2024,Silchar,Assam,DIS-CHL,Cholera,2,0,rising
11,2024,Silchar,Assam,DIS-DEN,Dengue,3,0,rising
11,2024,Silchar,Assam,DIS-RSP,Respiratory infections,1,0,stable
11,2024,Silchar,Assam,DIS-SNK,Snakebite,4,0,declining
11,2024,Silchar,Assam,DIS-MAL,Malaria,3,0,stable
12,2024,Silchar,Assam,DIS-CHL,Cholera,5,0,stable
12,2024,Silchar,Assam,DIS-DEN,Dengue,0,0,stable
12,2024,Silchar,Assam,DIS-RSP,Respiratory infections,2,0,rising
12,2024,Silchar,Assam,DIS-SNK,Snakebite,2,0,declining
12,2024,Silchar,Assam,DIS-MAL,Malaria,0,0,rising
13,2024,Silchar,Assam,DIS-CHL,Cholera,5,0,stable
13,2024,Silchar,Assam,DIS-DEN,Dengue,5,0,rising
13,2024,Silchar,Assam,DIS-RSP,Respiratory infections,5,0,stable
13,2024,Silchar,Assam,DIS-SNK,Snakebite,3,0,rising
13,2024,Silchar,Assam,DIS-MAL,Malaria,1,0,declining
14,2024,Silchar,Assam,DIS-CHL,Cholera,4,0,declining
14,2024,Silchar,Assam,DIS-DEN,Dengue,3,0,rising
14,2024,Silchar,Assam,DIS-RSP,Respiratory infections,0,0,declining
14,2024,Silchar,Assam,DIS-SNK,Snakebite,3,0,declining
14,2024,Silchar,Assam,DIS-MAL,Malaria,4,0,stable
15,2024,Silchar,Assam,DIS-CHL,Cholera,3,0,declining
15,2024,Silchar,Assam,DIS-DEN,Dengue,3,0,declining
15,2024,Silchar,Assam,DIS-RSP,Respiratory infections,3,0,rising
15,2024,Silchar,Assam,DIS-SNK,Snakebite,0,0,stable
15,2024,Silchar,Assam,DIS-MAL,Malaria,1,0,stable
16,2024,Silchar,Assam,DIS-CHL,Cholera,1,0,declining
16,2024,Silchar,Assam,DIS-DEN,Dengue,2,0,stable
16,2024,Silchar,Assam,DIS-RSP,Respiratory infections,2,0,stable
16,2024,Silchar,Assam,DIS-SNK,Snakebite,1,0,stable
16,2024,Silchar,Assam,DIS-MAL,Malaria,4,0,stable
17,2024,Silchar,Assam,DIS-CHL,Cholera,0,0,stable
17,2024,Silchar,Assam,DIS-DEN,Dengue,2,0,rising
17,2024,Silchar,Assam,DIS-RSP,Respiratory infections,5,0,stable
17,2024,Silchar,Assam,DIS-SNK,Snakebite,4,0,rising
17,2024,Silchar,Assam,DIS-MAL,Malaria,1,0,rising
18,2024,Silchar,Assam,DIS-CHL,Cholera,3,0,stable
18,2024,Silchar,Assam,DIS-DEN,Dengue,0,0,declining
18,2024,Silchar,Assam,DIS-RSP,Respiratory infections,4,0,stable
18,2024,Silchar,Assam,DIS-SNK,Snakebite,3,0,stable
18,2024,Silchar,Assam,DIS-MAL,Malaria,5,0,rising
19,2024,Silchar,Assam,DIS-CHL,Cholera,3,0,declining
19,2024,Silchar,Assam,DIS-DEN,Dengue,4,0,stable
19,2024,Silchar,Assam,DIS-RSP,Respiratory infections,1,0,stable
19,2024,Silchar,Assam,DIS-SNK,Snakebite,2,0,declining
19,2024,Silchar,Assam,DIS-MAL,Malaria,3,0,stable
20,2024,Silchar,Assam,DIS-CHL,Cholera,2,0,stable
20,2024,Silchar,Assam,DIS-DEN,Dengue,4,0,stable
20,2024,Silchar,Assam,DIS-RSP,Respiratory infections,2,0,rising
20,2024,Silchar,Assam,DIS-SNK,Snakebite,78,2,rising
20,2024,Silchar,Assam,DIS-MAL,Malaria,1,0,stable
21,2024,Silchar,Assam,DIS-CHL,Cholera,1,0,rising
21,2024,Silchar,Assam,DIS-DEN,Dengue,4,0,declining
21,2024,Silchar,Assam,DIS-RSP,Respiratory infections,0,0,stable
21,2024,Silchar,Assam,DIS-SNK,Snakebite,76,1,rising
21,2024,Silchar,Assam,DIS-MAL,Malaria,3,0,stable
22,2024,Silchar,Assam,DIS-CHL,Cholera,1,0,stable
22,2024,Silchar,Assam,DIS-DEN,Dengue,4,0,stable
22,2024,Silchar,Assam,DIS-RSP,Respiratory infections,0,0,stable
22,2024,Silchar,Assam,DIS-SNK,Snakebite,22,0,rising
22,2024,Silchar,Assam,DIS-MAL,Malaria,2,0,stable
23,2024,Silchar,Assam,DIS-CHL,Cholera,2,0,stable
23,2024,Silchar,Assam,DIS-DEN,Dengue,0,0,stable
23,2024,Silchar,Assam,DIS-RSP,Respiratory infections,3,0,stable
23,2024,Silchar,Assam,DIS-SNK,Snakebite,22,0,rising
23,2024,Silchar,Assam,DIS-MAL,Malaria,2,0,stable
24,2024,Silchar,Assam,DIS-CHL,Cholera,0,0,declining
24,2024,Silchar,Assam,DIS-DEN,Dengue,1,0,declining
24,2024,Silchar,Assam,DIS-RSP,Respiratory infections,0,0,stable
24,2024,Silchar,Assam,DIS-SNK,Snakebite,50,1,rising
24,2024,Silchar,Assam,DIS-MAL,Malaria,0,0,stable
25,2024,Silchar,Assam,DIS-CHL,Cholera,68,2,rising
25,2024,Silchar,Assam,DIS-DEN,Dengue,0,0,stable
25,2024,Silchar,Assam,DIS-RSP,Respiratory infections,3,0,stable
25,2024,Silchar,Assam,DIS-SNK,Snakebite,118,0,rising
25,2024,Silchar,Assam,DIS-MAL,Malaria,0,0,stable
26,2024,Silchar,Assam,DIS-CHL,Cholera,71,3,rising
26,2024,Silchar,Assam,DIS-DEN,Dengue,2,0,stable
26,2024,Silchar,Assam,DIS-RSP,Respiratory infections,4,0,stable
26,2024,Silchar,Assam,DIS-SNK,Snakebite,59,2,rising
26,2024,Silchar,Assam,DIS-MAL,Malaria,3,0,stable
27,2024,Silchar,Assam,DIS-CHL,Cholera,55,0,rising
27,2024,Silchar,Assam,DIS-DEN,Dengue,5,0,declining
27,2024,Silchar,Assam,DIS-RSP,Respiratory infections,0,0,stable
27,2024,Silchar,Assam,DIS-SNK,Snakebite,32,0,rising
27,2024,Silchar,Assam,DIS-MAL,Malaria,4,0,declining
28,2024,Silchar,Assam,DIS-CHL,Cholera,37,1,rising
28,2024,Silchar,Assam,DIS-DEN,Dengue,0,0,rising
28,2024,Silchar,Assam,DIS-RSP,Respiratory infections,0,0,rising
28,2024,Silchar,Assam,DIS-SNK,Snakebite,24,1,rising
28,2024,Silchar,Assam,DIS-MAL,Malaria,30,1,rising
29,2024,Silchar,Assam,DIS-CHL,Cholera,51,0,rising
29,2024,Silchar,Assam,DIS-DEN,Dengue,3,0,stable
29,2024,Silchar,Assam,DIS-RSP,Respiratory infections,5,0,stable
29,2024,Silchar,Assam,DIS-SNK,Snakebite,71,3,rising
29,2024,Silchar,Assam,DIS-MAL,Malaria,43,1,rising
30,2024,Silchar,Assam,DIS-CHL,Cholera,65,0,declining
30,2024,Silchar,Assam,DIS-DEN,Dengue,85,2,rising
30,2024,Silchar,Assam,DIS-RSP,Respiratory infections,3,0,rising
30,2024,Silchar,Assam,DIS-SNK,Snakebite,17,0,declining
30,2024,Silchar,Assam,DIS-MAL,Malaria,48,0,rising
31,2024,Silchar,Assam,DIS-CHL,Cholera,64,2,declining
31,2024,Silchar,Assam,DIS-DEN,Dengue,51,0,rising
31,2024,Silchar,Assam,DIS-RSP,Respiratory infections,3,0,stable
31,2024,Silchar,Assam,DIS-SNK,Snakebite,38,1,declining
31,2024,Silchar,Assam,DIS-MAL,Malaria,49,1,rising
32,2024,Silchar,Assam,DIS-CHL,Cholera,47,0,declining
32,2024,Silchar,Assam,DIS-DEN,Dengue,61,0,rising
32,2024,Silchar,Assam,DIS-RSP,Respiratory infections,0,0,declining
32,2024,Silchar,Assam,DIS-SNK,Snakebite,22,0,declining
32,2024,Silchar,Assam,DIS-MAL,Malaria,72,0,rising
33,2024,Silchar,Assam,DIS-CHL,Cholera,51,2,declining
33,2024,Silchar,Assam,DIS-DEN,Dengue,58,0,rising
33,2024,Silchar,Assam,DIS-RSP,Respiratory infections,0,0,declining
33,2024,Silchar,Assam,DIS-SNK,Snakebite,45,0,declining
33,2024,Silchar,Assam,DIS-MAL,Malaria,33,0,rising
34,2024,Silchar,Assam,DIS-CHL,Cholera,68,1,declining
34,2024,Silchar,Assam,DIS-DEN,Dengue,74,3,rising
34,2024,Silchar,Assam,DIS-RSP,Respiratory infections,0,0,rising
34,2024,Silchar,Assam,DIS-SNK,Snakebite,32,0,declining
34,2024,Silchar,Assam,DIS-MAL,Malaria,39,0,rising
35,2024,Silchar,Assam,DIS-CHL,Cholera,36,0,declining
35,2024,Silchar,Assam,DIS-DEN,Dengue,39,0,rising
35,2024,Silchar,Assam,DIS-RSP,Respiratory infections,0,0,rising
35,2024,Silchar,Assam,DIS-SNK,Snakebite,68,0,declining
35,2024,Silchar,Assam,DIS-MAL,Malaria,43,0,declining
36,2024,Silchar,Assam,DIS-CHL,Cholera,3,0,declining
36,2024,Silchar,Assam,DIS-DEN,Dengue,58,2,rising
36,2024,Silchar,Assam,DIS-RSP,Respiratory infections,4,0,stable
36,2024,Silchar,Assam,DIS-SNK,Snakebite,59,1,declining
36,2024,Silchar,Assam,DIS-MAL,Malaria,55,1,declining
37,2024,Silchar,Assam,DIS-CHL,Cholera,5,0,declining
37,2024,Silchar,Assam,DIS-DEN,Dengue,34,1,declining
37,2024,Silchar,Assam,DIS-RSP,Respiratory infections,4,0,stable
37,2024,Silchar,Assam,DIS-SNK,Snakebite,107,0,declining
37,2024,Silchar,Assam,DIS-MAL,Malaria,31,1,declining
38,2024,Silchar,Assam,DIS-CHL,Cholera,4,0,rising
38,2024,Silchar,Assam,DIS-DEN,Dengue,80,0,declining
38,2024,Silchar,Assam,DIS-RSP,Respiratory infections,0,0,declining
38,2024,Silchar,Assam,DIS-SNK,Snakebite,90,2,declining
38,2024,Silchar,Assam,DIS-MAL,Malaria,31,0,declining
39,2024,Silchar,Assam,DIS-CHL,Cholera,1,0,stable
39,2024,Silchar,Assam,DIS-DEN,Dengue,82,2,declining
39,2024,Silchar,Assam,DIS-RSP,Respiratory infections,4,0,stable
39,2024,Silchar,Assam,DIS-SNK,Snakebite,102,3,declining
39,2024,Silchar,Assam,DIS-MAL,Malaria,76,2,declining
40,2024,Silchar,Assam,DIS-CHL,Cholera,4,0,stable
40,2024,Silchar,Assam,DIS-DEN,Dengue,60,0,declining
40,2024,Silchar,Assam,DIS-RSP,Respiratory infections,0,0,rising
40,2024,Silchar,Assam,DIS-SNK,Snakebite,103,5,declining
40,2024,Silchar,Assam,DIS-MAL,Malaria,75,1,declining
41,2024,Silchar,Assam,DIS-CHL,Cholera,1,0,stable
41,2024,Silchar,Assam,DIS-DEN,Dengue,43,0,declining
41,2024,Silchar,Assam,DIS-RSP,Respiratory infections,0,0,stable
41,2024,Silchar,Assam,DIS-SNK,Snakebite,0,0,stable
41,2024,Silchar,Assam,DIS-MAL,Malaria,105,2,declining
42,2024,Silchar,Assam,DIS-CHL,Cholera,1,0,stable
42,2024,Silchar,Assam,DIS-DEN,Dengue,92,0,declining
42,2024,Silchar,Assam,DIS-RSP,Respiratory infections,2,0,stable
42,2024,Silchar,Assam,DIS-SNK,Snakebite,5,0,stable
42,2024,Silchar,Assam,DIS-MAL,Malaria,43,1,declining
43,2024,Silchar,Assam,DIS-CHL,Cholera,3,0,stable
43,2024,Silchar,Assam,DIS-DEN,Dengue,47,2,declining
43,2024,Silchar,Assam,DIS-RSP,Respiratory infections,1,0,stable
43,2024,Silchar,Assam,DIS-SNK,Snakebite,4,0,declining
43,2024,Silchar,Assam,DIS-MAL,Malaria,3,0,stable
44,2024,Silchar,Assam,DIS-CHL,Cholera,2,0,declining
44,2024,Silchar,Assam,DIS-DEN,Dengue,17,0,declining
44,2024,Silchar,Assam,DIS-RSP,Respiratory infections,3,0,declining
44,2024,Silchar,Assam,DIS-SNK,Snakebite,1,0,rising
44,2024,Silchar,Assam,DIS-MAL,Malaria,2,0,stable
45,2024,Silchar,Assam,DIS-CHL,Cholera,0,0,declining
45,2024,Silchar,Assam,DIS-DEN,Dengue,105,3,declining
45,2024,Silchar,Assam,DIS-RSP,Respiratory infections,18,0,declining
45,2024,Silchar,Assam,DIS-SNK,Snakebite,1,0,stable
45,2024,Silchar,Assam,DIS-MAL,Malaria,0,0,stable
46,2024,Silchar,Assam,DIS-CHL,Cholera,0,0,rising
46,2024,Silchar,Assam,DIS-DEN,Dengue,4,0,stable
46,2024,Silchar,Assam,DIS-RSP,Respiratory infections,38,1,declining
46,2024,Silchar,Assam,DIS-SNK,Snakebite,0,0,rising
46,2024,Silchar,Assam,DIS-MAL,Malaria,3,0,stable
47,2024,Silchar,Assam,DIS-CHL,Cholera,0,0,rising
47,2024,Silchar,Assam,DIS-DEN,Dengue,2,0,declining
47,2024,Silchar,Assam,DIS-RSP,Respiratory infections,87,1,declining
47,2024,Silchar,Assam,DIS-SNK,Snakebite,4,0,declining
47,2024,Silchar,Assam,DIS-MAL,Malaria,3,0,declining
48,2024,Silchar,Assam,DIS-CHL,Cholera,3,0,stable
48,2024,Silchar,Assam,DIS-DEN,Dengue,2,0,stable
48,2024,Silchar,Assam,DIS-RSP,Respiratory infections,68,0,declining
48,2024,Silchar,Assam,DIS-SNK,Snakebite,5,0,stable
48,2024,Silchar,Assam,DIS-MAL,Malaria,3,0,stable
49,2024,Silchar,Assam,DIS-CHL,Cholera,3,0,stable
49,2024,Silchar,Assam,DIS-DEN,Dengue,1,0,rising
49,2024,Silchar,Assam,DIS-RSP,Respiratory infections,57,1,declining
49,2024,Silchar,Assam,DIS-SNK,Snakebite,0,0,declining
49,2024,Silchar,Assam,DIS-MAL,Malaria,1,0,rising
50,2024,Silchar,Assam,DIS-CHL,Cholera,4,0,stable
50,2024,Silchar,Assam,DIS-DEN,Dengue,4,0,stable
50,2024,Silchar,Assam,DIS-RSP,Respiratory infections,42,1,declining
50,2024,Silchar,Assam,DIS-SNK,Snakebite,0,0,rising
50,2024,Silchar,Assam,DIS-MAL,Malaria,2,0,stable
51,2024,Silchar,Assam,DIS-CHL,Cholera,3,0,stable
51,2024,Silchar,Assam,DIS-DEN,Dengue,1,0,declining
51,2024,Silchar,Assam,DIS-RSP,Respiratory infections,44,0,declining
51,2024,Silchar,Assam,DIS-SNK,Snakebite,0,0,rising
51,2024,Silchar,Assam,DIS-MAL,Malaria,0,0,stable
52,2024,Silchar,Assam,DIS-CHL,Cholera,3,0,declining
52,2024,Silchar,Assam,DIS-DEN,Dengue,2,0,stable
52,2024,Silchar,Assam,DIS-RSP,Respiratory infections,31,0,declining
52,2024,Silchar,Assam,DIS-SNK,Snakebite,4,0,rising
52,2024,Silchar,Assam,DIS-MAL,Malaria,0,0,declining
1,2024,Tezpur,Assam,DIS-CHL,Cholera,3,0,stable
1,2024,Tezpur,Assam,DIS-DEN,Dengue,2,0,stable
1,2024,Tezpur,Assam,DIS-RSP,Respiratory infections,65,0,stable
1,2024,Tezpur,Assam,DIS-SNK,Snakebite,2,0,stable
1,2024,Tezpur,Assam,DIS-MAL,Malaria,4,0,stable
2,2024,Tezpur,Assam,DIS-CHL,Cholera,0,0,stable
2,2024,Tezpur,Assam,DIS-DEN,Dengue,2,0,stable
2,2024,Tezpur,Assam,DIS-RSP,Respiratory infections,21,0,declining
2,2024,Tezpur,Assam,DIS-SNK,Snakebite,5,0,stable
2,2024,Tezpur,Assam,DIS-MAL,Malaria,5,0,rising
3,2024,Tezpur,Assam,DIS-CHL,Cholera,2,0,stable
3,2024,Tezpur,Assam,DIS-DEN,Dengue,1,0,stable
3,2024,Tezpur,Assam,DIS-RSP,Respiratory infections,87,2,declining
3,2024,Tezpur,Assam,DIS-SNK,Snakebite,4,0,rising
3,2024,Tezpur,Assam,DIS-MAL,Malaria,5,0,stable
4,2024,Tezpur,Assam,DIS-CHL,Cholera,2,0,stable
4,2024,Tezpur,Assam,DIS-DEN,Dengue,0,0,declining
4,2024,Tezpur,Assam,DIS-RSP,Respiratory infections,35,1,declining
4,2024,Tezpur,Assam,DIS-SNK,Snakebite,4,0,stable
4,2024,Tezpur,Assam,DIS-MAL,Malaria,2,0,stable
5,2024,Tezpur,Assam,DIS-CHL,Cholera,0,0,stable
5,2024,Tezpur,Assam,DIS-DEN,Dengue,4,0,stable
5,2024,Tezpur,Assam,DIS-RSP,Respiratory infections,24,0,declining
5,2024,Tezpur,Assam,DIS-SNK,Snakebite,1,0,declining
5,2024,Tezpur,Assam,DIS-MAL,Malaria,2,0,stable
6,2024,Tezpur,Assam,DIS-CHL,Cholera,5,0,stable
6,2024,Tezpur,Assam,DIS-DEN,Dengue,4,0,rising
6,2024,Tezpur,Assam,DIS-RSP,Respiratory infections,71,0,declining
6,2024,Tezpur,Assam,DIS-SNK,Snakebite,3,0,stable
6,2024,Tezpur,Assam,DIS-MAL,Malaria,3,0,stable
7,2024,Tezpur,Assam,DIS-CHL,Cholera,3,0,declining
7,2024,Tezpur,Assam,DIS-DEN,Dengue,3,0,stable
7,2024,Tezpur,Assam,DIS-RSP,Respiratory infections,76,0,declining
7,2024,Tezpur,Assam,DIS-SNK,Snakebite,1,0,rising
7,2024,Tezpur,Assam,DIS-MAL,Malaria,2,0,declining
8,2024,Tezpur,Assam,DIS-CHL,Cholera,4,0,rising
8,2024,Tezpur,Assam,DIS-DEN,Dengue,5,0,rising
8,2024,Tezpur,Assam,DIS-RSP,Respiratory infections,74,0,declining
8,2024,Tezpur,Assam,DIS-SNK,Snakebite,0,0,rising
8,2024,Tezpur,Assam,DIS-MAL,Malaria,2,0,declining
9,2024,Tezpur,Assam,DIS-CHL,Cholera,5,0,rising
9,2024,Tezpur,Assam,DIS-DEN,Dengue,0,0,rising
9,2024,Tezpur,Assam,DIS-RSP,Respiratory infections,4,0,declining
9,2024,Tezpur,Assam,DIS-SNK,Snakebite,1,0,stable
9,2024,Tezpur,Assam,DIS-MAL,Malaria,5,0,stable
10,2024,Tezpur,Assam,DIS-CHL,Cholera,5,0,stable
10,2024,Tezpur,Assam,DIS-DEN,Dengue,4,0,stable
10,2024,Tezpur,Assam,DIS-RSP,Respiratory infections,3,0,declining
10,2024,Tezpur,Assam,DIS-SNK,Snakebite,3,0,stable
10,2024,Tezpur,Assam,DIS-MAL,Malaria,4,0,stable
11,2024,Tezpur,Assam,DIS-CHL,Cholera,1,0,stable
11,2024,Tezpur,Assam,DIS-DEN,Dengue,1,0,rising
11,2024,Tezpur,Assam,DIS-RSP,Respiratory infections,0,0,declining
11,2024,Tezpur,Assam,DIS-SNK,Snakebite,5,0,stable
11,2024,Tezpur,Assam,DIS-MAL,Malaria,0,0,declining
12,2024,Tezpur,Assam,DIS-CHL,Cholera,0,0,rising
12,2024,Tezpur,Assam,DIS-DEN,Dengue,0,0,stable
12,2024,Tezpur,Assam,DIS-RSP,Respiratory infections,4,0,stable
12,2024,Tezpur,Assam,DIS-SNK,Snakebite,4,0,declining
12,2024,Tezpur,Assam,DIS-MAL,Malaria,4,0,rising
13,2024,Tezpur,Assam,DIS-CHL,Cholera,3,0,rising
13,2024,Tezpur,Assam,DIS-DEN,Dengue,2,0,stable
13,2024,Tezpur,Assam,DIS-RSP,Respiratory infections,4,0,stable
13,2024,Tezpur,Assam,DIS-SNK,Snakebite,4,0,stable
13,2024,Tezpur,Assam,DIS-MAL,Malaria,1,0,rising
14,2024,Tezpur,Assam,DIS-CHL,Cholera,2,0,stable
14,2024,Tezpur,Assam,DIS-DEN,Dengue,1,0,declining
14,2024,Tezpur,Assam,DIS-RSP,Respiratory infections,0,0,declining
14,2024,Tezpur,Assam,DIS-SNK,Snakebite,0,0,rising
14,2024,Tezpur,Assam,DIS-MAL,Malaria,4,0,stable
15,2024,Tezpur,Assam,DIS-CHL,Cholera,0,0,declining
15,2024,Tezpur,Assam,DIS-DEN,Dengue,3,0,stable
15,2024,Tezpur,Assam,DIS-RSP,Respiratory infections,3,0,rising
15,2024,Tezpur,Assam,DIS-SNK,Snakebite,2,0,rising
15,2024,Tezpur,Assam,DIS-MAL,Malaria,2,0,stable
16,2024,Tezpur,Assam,DIS-CHL,Cholera,1,0,stable
16,2024,Tezpur,Assam,DIS-DEN,Dengue,3,0,stable
16,2024,Tezpur,Assam,DIS-RSP,Respiratory infections,5,0,stable
16,2024,Tezpur,Assam,DIS-SNK,Snakebite,4,0,declining
16,2024,Tezpur,Assam,DIS-MAL,Malaria,0,0,rising
17,2024,Tezpur,Assam,DIS-CHL,Cholera,1,0,rising
17,2024,Tezpur,Assam,DIS-DEN,Dengue,1,0,stable
17,2024,Tezpur,Assam,DIS-RSP,Respiratory infections,4,0,stable
17,2024,Tezpur,Assam,DIS-SNK,Snakebite,4,0,stable
17,2024,Tezpur,Assam,DIS-MAL,Malaria,1,0,stable
18,2024,Tezpur,Assam,DIS-CHL,Cholera,4,0,declining
18,2024,Tezpur,Assam,DIS-DEN,Dengue,4,0,declining
18,2024,Tezpur,Assam,DIS-RSP,Respiratory infections,0,0,declining
18,2024,Tezpur,Assam,DIS-SNK,Snakebite,1,0,declining
18,2024,Tezpur,Assam,DIS-MAL,Malaria,3,0,declining
19,2024,Tezpur,Assam,DIS-CHL,Cholera,3,0,stable
19,2024,Tezpur,Assam,DIS-DEN,Dengue,0,0,rising
19,2024,Tezpur,Assam,DIS-RSP,Respiratory infections,1,0,stable
19,2024,Tezpur,Assam,DIS-SNK,Snakebite,2,0,stable
19,2024,Tezpur,Assam,DIS-MAL,Malaria,4,0,stable
20,2024,Tezpur,Assam,DIS-CHL,Cholera,3,0,stable
20,2024,Tezpur,Assam,DIS-DEN,Dengue,1,0,stable
20,2024,Tezpur,Assam,DIS-RSP,Respiratory infections,5,0,stable
20,2024,Tezpur,Assam,DIS-SNK,Snakebite,24,0,rising
20,2024,Tezpur,Assam,DIS-MAL,Malaria,3,0,stable
21,2024,Tezpur,Assam,DIS-CHL,Cholera,2,0,stable
21,2024,Tezpur,Assam,DIS-DEN,Dengue,1,0,stable
21,2024,Tezpur,Assam,DIS-RSP,Respiratory infections,3,0,stable
21,2024,Tezpur,Assam,DIS-SNK,Snakebite,47,2,rising
21,2024,Tezpur,Assam,DIS-MAL,Malaria,4,0,rising
22,2024,Tezpur,Assam,DIS-CHL,Cholera,4,0,stable
22,2024,Tezpur,Assam,DIS-DEN,Dengue,2,0,declining
22,2024,Tezpur,Assam,DIS-RSP,Respiratory infections,3,0,declining
22,2024,Tezpur,Assam,DIS-SNK,Snakebite,55,2,rising
22,2024,Tezpur,Assam,DIS-MAL,Malaria,5,0,rising
23,2024,Tezpur,Assam,DIS-CHL,Cholera,4,0,stable
23,2024,Tezpur,Assam,DIS-DEN,Dengue,2,0,declining
23,2024,Tezpur,Assam,DIS-RSP,Respiratory infections,4,0,stable
23,2024,Tezpur,Assam,DIS-SNK,Snakebite,74,2,rising
23,2024,Tezpur,Assam,DIS-MAL,Malaria,5,0,stable
24,2024,Tezpur,Assam,DIS-CHL,Cholera,0,0,stable
24,2024,Tezpur,Assam,DIS-DEN,Dengue,0,0,stable
24,2024,Tezpur,Assam,DIS-RSP,Respiratory infections,2,0,declining
24,2024,Tezpur,Assam,DIS-SNK,Snakebite,30,0,rising
24,2024,Tezpur,Assam,DIS-MAL,Malaria,3,0,rising
25,2024,Tezpur,Assam,DIS-CHL,Cholera,62,0,rising
25,2024,Tezpur,Assam,DIS-DEN,Dengue,5,0,declining
25,2024,Tezpur,Assam,DIS-RSP,Respiratory infections,5,0,stable
25,2024,Tezpur,Assam,DIS-SNK,Snakebite,69,1,rising
25,2024,Tezpur,Assam,DIS-MAL,Malaria,0,0,rising
26,2024,Tezpur,Assam,DIS-CHL,Cholera,28,0,rising
26,2024,Tezpur,Assam,DIS-DEN,Dengue,2,0,declining
26,2024,Tezpur,Assam,DIS-RSP,Respiratory infections,2,0,stable
26,2024,Tezpur,Assam,DIS-SNK,Snakebite,68,0,rising
26,2024,Tezpur,Assam,DIS-MAL,Malaria,1,0,declining
27,2024,Tezpur,Assam,DIS-CHL,Cholera,60,0,rising
27,2024,Tezpur,Assam,DIS-DEN,Dengue,2,0,stable
27,2024,Tezpur,Assam,DIS-RSP,Respiratory infections,0,0,stable
27,2024,Tezpur,Assam,DIS-SNK,Snakebite,107,1,rising
27,2024,Tezpur,Assam,DIS-MAL,Malaria,4,0,rising
28,2024,Tezpur,Assam,DIS-CHL,Cholera,90,3,rising
28,2024,Tezpur,Assam,DIS-DEN,Dengue,0,0,declining
28,2024,Tezpur,Assam,DIS-RSP,Respiratory infections,0,0,declining
28,2024,Tezpur,Assam,DIS-SNK,Snakebite,86,0,rising
28,2024,Tezpur,Assam,DIS-MAL,Malaria,105,0,rising
29,2024,Tezpur,Assam,DIS-CHL,Cholera,63,1,rising
29,2024,Tezpur,Assam,DIS-DEN,Dengue,1,0,stable
29,2024,Tezpur,Assam,DIS-RSP,Respiratory infections,0,0,stable
29,2024,Tezpur,Assam,DIS-SNK,Snakebite,26,0,rising
29,2024,Tezpur,Assam,DIS-MAL,Malaria,29,0,rising
30,2024,Tezpur,Assam,DIS-CHL,Cholera,28,0,declining
30,2024,Tezpur,Assam,DIS-DEN,Dengue,41,1,rising
30,2024,Tezpur,Assam,DIS-RSP,Respiratory infections,3,0,declining
30,2024,Tezpur,Assam,DIS-SNK,Snakebite,52,1,declining
30,2024,Tezpur,Assam,DIS-MAL,Malaria,24,0,rising
31,2024,Tezpur,Assam,DIS-CHL,Cholera,69,1,declining
31,2024,Tezpur,Assam,DIS-DEN,Dengue,60,1,rising
31,2024,Tezpur,Assam,DIS-RSP,Respiratory infections,0,0,stable
31,2024,Tezpur,Assam,DIS-SNK,Snakebite,45,0,declining
31,2024,Tezpur,Assam,DIS-MAL,Malaria,50,2,rising
32,2024,Tezpur,Assam,DIS-CHL,Cholera,25,0,declining
32,2024,Tezpur,Assam,DIS-DEN,Dengue,40,1,rising
32,2024,Tezpur,Assam,DIS-RSP,Respiratory infections,4,0,stable
32,2024,Tezpur,Assam,DIS-SNK,Snakebite,92,2,declining
32,2024,Tezpur,Assam,DIS-MAL,Malaria,22,0,rising
33,2024,Tezpur,Assam,DIS-CHL,Cholera,70,0,declining
33,2024,Tezpur,Assam,DIS-DEN,Dengue,47,0,rising
33,2024,Tezpur,Assam,DIS-RSP,Respiratory infections,0,0,rising
33,2024,Tezpur,Assam,DIS-SNK,Snakebite,24,0,declining
33,2024,Tezpur,Assam,DIS-MAL,Malaria,83,1,rising
34,2024,Tezpur,Assam,DIS-CHL,Cholera,39,1,declining
34,2024,Tezpur,Assam,DIS-DEN,Dengue,72,0,rising
34,2024,Tezpur,Assam,DIS-RSP,Respiratory infections,0,0,stable
34,2024,Tezpur,Assam,DIS-SNK,Snakebite,36,0,declining
34,2024,Tezpur,Assam,DIS-MAL,Malaria,91,1,rising
35,2024,Tezpur,Assam,DIS-CHL,Cholera,22,1,declining
35,2024,Tezpur,Assam,DIS-DEN,Dengue,27,1,rising
35,2024,Tezpur,Assam,DIS-RSP,Respiratory infections,2,0,declining
35,2024,Tezpur,Assam,DIS-SNK,Snakebite,23,0,declining
35,2024,Tezpur,Assam,DIS-MAL,Malaria,107,0,declining
36,2024,Tezpur,Assam,DIS-CHL,Cholera,5,0,rising
36,2024,Tezpur,Assam,DIS-DEN,Dengue,63,0,rising
36,2024,Tezpur,Assam,DIS-RSP,Respiratory infections,2,0,rising
36,2024,Tezpur,Assam,DIS-SNK,Snakebite,67,0,declining
36,2024,Tezpur,Assam,DIS-MAL,Malaria,28,0,declining
37,2024,Tezpur,Assam,DIS-CHL,Cholera,0,0,declining
37,2024,Tezpur,Assam,DIS-DEN,Dengue,82,1,declining
37,2024,Tezpur,Assam,DIS-RSP,Respiratory infections,2,0,declining
37,2024,Tezpur,Assam,DIS-SNK,Snakebite,91,3,declining
37,2024,Tezpur,Assam,DIS-MAL,Malaria,70,0,declining
38,2024,Tezpur,Assam,DIS-CHL,Cholera,4,0,stable
38,2024,Tezpur,Assam,DIS-DEN,Dengue,24,0,declining
38,2024,Tezpur,Assam,DIS-RSP,Respiratory infections,4,0,stable
38,2024,Tezpur,Assam,DIS-SNK,Snakebite,50,1,declining
38,2024,Tezpur,Assam,DIS-MAL,Malaria,41,1,declining
39,2024,Tezpur,Assam,DIS-CHL,Cholera,5,0,rising
39,2024,Tezpur,Assam,DIS-DEN,Dengue,53,1,declining
39,2024,Tezpur,Assam,DIS-RSP,Respiratory infections,1,0,rising
39,2024,Tezpur,Assam,DIS-SNK,Snakebite,82,3,declining
39,2024,Tezpur,Assam,DIS-MAL,Malaria,37,1,declining
40,2024,Tezpur,Assam,DIS-CHL,Cholera,3,0,declining
40,2024,Tezpur,Assam,DIS-DEN,Dengue,35,0,declining
40,2024,Tezpur,Assam,DIS-RSP,Respiratory infections,2,0,stable
40,2024,Tezpur,Assam,DIS-SNK,Snakebite,89,0,declining
40,2024,Tezpur,Assam,DIS-MAL,Malaria,60,1,declining
41,2024,Tezpur,Assam,DIS-CHL,Cholera,0,0,rising
41,2024,Tezpur,Assam,DIS-DEN,Dengue,93,3,declining
41,2024,Tezpur,Assam,DIS-RSP,Respiratory infections,2,0,declining
41,2024,Tezpur,Assam,DIS-SNK,Snakebite,0,0,stable
41,2024,Tezpur,Assam,DIS-MAL,Malaria,38,0,declining
42,2024,Tezpur,Assam,DIS-CHL,Cholera,1,0,rising
42,2024,Tezpur,Assam,DIS-DEN,Dengue,20,0,declining
42,2024,Tezpur,Assam,DIS-RSP,Respiratory infections,3,0,declining
42,2024,Tezpur,Assam,DIS-SNK,Snakebite,3,0,rising
42,2024,Tezpur,Assam,DIS-MAL,Malaria,89,4,declining
43,2024,Tezpur,Assam,DIS-CHL,Cholera,0,0,stable
43,2024,Tezpur,Assam,DIS-DEN,Dengue,96,0,declining
43,2024,Tezpur,Assam,DIS-RSP,Respiratory infections,0,0,rising
43,2024,Tezpur,Assam,DIS-SNK,Snakebite,4,0,rising
43,2024,Tezpur,Assam,DIS-MAL,Malaria,0,0,stable
44,2024,Tezpur,Assam,DIS-CHL,Cholera,2,0,declining
44,2024,Tezpur,Assam,DIS-DEN,Dengue,71,0,declining
44,2024,Tezpur,Assam,DIS-RSP,Respiratory infections,4,0,declining
44,2024,Tezpur,Assam,DIS-SNK,Snakebite,0,0,declining
44,2024,Tezpur,Assam,DIS-MAL,Malaria,3,0,stable
45,2024,Tezpur,Assam,DIS-CHL,Cholera,1,0,rising
45,2024,Tezpur,Assam,DIS-DEN,Dengue,23,0,declining
45,2024,Tezpur,Assam,DIS-RSP,Respiratory infections,47,0,declining
45,2024,Tezpur,Assam,DIS-SNK,Snakebite,0,0,declining
45,2024,Tezpur,Assam,DIS-MAL,Malaria,4,0,stable
46,2024,Tezpur,Assam,DIS-CHL,Cholera,0,0,stable
46,2024,Tezpur,Assam,DIS-DEN,Dengue,1,0,stable
46,2024,Tezpur,Assam,DIS-RSP,Respiratory infections,59,2,declining
46,2024,Tezpur,Assam,DIS-SNK,Snakebite,4,0,declining
46,2024,Tezpur,Assam,DIS-MAL,Malaria,3,0,stable
47,2024,Tezpur,Assam,DIS-CHL,Cholera,0,0,stable
47,2024,Tezpur,Assam,DIS-DEN,Dengue,3,0,declining
47,2024,Tezpur,Assam,DIS-RSP,Respiratory infections,20,0,declining
47,2024,Tezpur,Assam,DIS-SNK,Snakebite,1,0,stable
47,2024,Tezpur,Assam,DIS-MAL,Malaria,3,0,stable
48,2024,Tezpur,Assam,DIS-CHL,Cholera,3,0,stable
48,2024,Tezpur,Assam,DIS-DEN,Dengue,4,0,stable
48,2024,Tezpur,Assam,DIS-RSP,Respiratory infections,34,0,declining
48,2024,Tezpur,Assam,DIS-SNK,Snakebite,5,0,stable
48,2024,Tezpur,Assam,DIS-MAL,Malaria,5,0,rising
49,2024,Tezpur,Assam,DIS-CHL,Cholera,4,0,rising
49,2024,Tezpur,Assam,DIS-DEN,Dengue,2,0,stable
49,2024,Tezpur,Assam,DIS-RSP,Respiratory infections,32,0,declining
49,2024,Tezpur,Assam,DIS-SNK,Snakebite,1,0,declining
49,2024,Tezpur,Assam,DIS-MAL,Malaria,1,0,rising
50,2024,Tezpur,Assam,DIS-CHL,Cholera,5,0,stable
50,2024,Tezpur,Assam,DIS-DEN,Dengue,4,0,rising
50,2024,Tezpur,Assam,DIS-RSP,Respiratory infections,88,3,declining
50,2024,Tezpur,Assam,DIS-SNK,Snakebite,4,0,declining
50,2024,Tezpur,Assam,DIS-MAL,Malaria,5,0,rising
51,2024,Tezpur,Assam,DIS-CHL,Cholera,3,0,declining
51,2024,Tezpur,Assam,DIS-DEN,Dengue,1,0,declining
51,2024,Tezpur,Assam,DIS-RSP,Respiratory infections,31,1,declining
51,2024,Tezpur,Assam,DIS-SNK,Snakebite,1,0,declining
51,2024,Tezpur,Assam,DIS-MAL,Malaria,5,0,rising
52,2024,Tezpur,Assam,DIS-CHL,Cholera,1,0,stable
52,2024,Tezpur,Assam,DIS-DEN,Dengue,5,0,stable
52,2024,Tezpur,Assam,DIS-RSP,Respiratory infections,72,1,declining
52,2024,Tezpur,Assam,DIS-SNK,Snakebite,4,0,stable
52,2024,Tezpur,Assam,DIS-MAL,Malaria,1,0,rising
