phc_id,drug_name,drug_code,category,current_stock,reorder_level,max_capacity,unit,last_restocked,expiry_date
PHC-RJ-JAI-001,ORS Sachets,DRG-001,Essential,2065,500,5000,sachets,2026-08-15,2027-07-12
PHC-RJ-JAI-001,Zinc Sulfate 20mg,DRG-002,Essential,1227,200,2000,tablets,2026-08-06,2027-03-15
PHC-RJ-JAI-001,Paracetamol 500mg,DRG-003,Analgesic,7438,1000,10000,tablets,2026-09-17,2027-06-03
PHC-RJ-JAI-001,Amoxicillin 500mg,DRG-004,Antibiotic,1017,300,3000,capsules,2026-09-12,2027-01-17
PHC-RJ-JAI-001,Polyvalent Anti-Snake Venom (ASV),DRG-005,Antivenom,48,10,50,vials,2026-08-19,2027-05-04
PHC-RJ-JAI-001,Salbutamol Nebules,DRG-006,Respiratory,65,50,500,ampoules,2026-08-29,2027-06-13
PHC-RJ-JAI-001,Doxycycline 100mg,DRG-007,Antibiotic,1713,200,2000,tablets,2026-08-06,2027-07-30
PHC-RJ-JAI-001,Iron Folic Acid tablets,DRG-008,Supplement,2682,500,5000,tablets,2026-09-12,2027-04-11
PHC-RJ-JAI-001,Metformin 500mg,DRG-009,Anti-diabetic,469,300,3000,tablets,2026-09-08,2027-04-27
PHC-RJ-JAI-001,Amlodipine 5mg,DRG-010,Cardiovascular,499,200,2000,tablets,2026-08-10,2027-06-04
PHC-RJ-JAI-002,ORS Sachets,DRG-001,Essential,2252,500,5000,sachets,2026-09-23,2027-09-12
PHC-RJ-JAI-002,Zinc Sulfate 20mg,DRG-002,Essential,1367,200,2000,tablets,2026-08-25,2027-03-11
PHC-RJ-JAI-002,Paracetamol 500mg,DRG-003,Analgesic,9102,1000,10000,tablets,2026-08-03,2027-09-07
PHC-RJ-JAI-002,Amoxicillin 500mg,DRG-004,Antibiotic,1467,300,3000,capsules,2026-09-11,2026-11-20
PHC-RJ-JAI-002,Polyvalent Anti-Snake Venom (ASV),DRG-005,Antivenom,23,10,50,vials,2026-08-30,2027-04-15
PHC-RJ-JAI-002,Salbutamol Nebules,DRG-006,Respiratory,145,50,500,ampoules,2026-09-22,2027-06-17
PHC-RJ-JAI-002,Doxycycline 100mg,DRG-007,Antibiotic,1469,200,2000,tablets,2026-09-12,2026-12-28
PHC-RJ-JAI-002,Iron Folic Acid tablets,DRG-008,Supplement,2344,500,5000,tablets,2026-09-16,2027-01-21
PHC-RJ-JAI-002,Metformin 500mg,DRG-009,Anti-diabetic,2371,300,3000,tablets,2026-08-13,2027-04-08
PHC-RJ-JAI-002,Amlodipine 5mg,DRG-010,Cardiovascular,894,200,2000,tablets,2026-09-15,2027-03-26
PHC-RJ-JAI-003,ORS Sachets,DRG-001,Essential,2527,500,5000,sachets,2026-08-17,2026-12-20
PHC-RJ-JAI-003,Zinc Sulfate 20mg,DRG-002,Essential,1415,200,2000,tablets,2026-09-06,2027-05-02
PHC-RJ-JAI-003,Paracetamol 500mg,DRG-003,Analgesic,3940,1000,10000,tablets,2026-09-07,2027-06-28
PHC-RJ-JAI-003,Amoxicillin 500mg,DRG-004,Antibiotic,1839,300,3000,capsules,2026-09-20,2027-06-22
PHC-RJ-JAI-003,Polyvalent Anti-Snake Venom (ASV),DRG-005,Antivenom,25,10,50,vials,2026-09-20,2027-06-29
PHC-RJ-JAI-003,Salbutamol Nebules,DRG-006,Respiratory,374,50,500,ampoules,2026-08-24,2027-08-20
PHC-RJ-JAI-003,Doxycycline 100mg,DRG-007,Antibiotic,1106,200,2000,tablets,2026-09-13,2027-06-17
PHC-RJ-JAI-003,Iron Folic Acid tablets,DRG-008,Supplement,1002,500,5000,tablets,2026-09-24,2027-06-05
PHC-RJ-JAI-003,Metformin 500mg,DRG-009,Anti-diabetic,2508,300,3000,tablets,2026-09-09,2027-08-24
PHC-RJ-JAI-003,Amlodipine 5mg,DRG-010,Cardiovascular,1015,200,2000,tablets,2026-08-16,2027-02-03
PHC-RJ-JAI-004,ORS Sachets,DRG-001,Essential,2198,500,5000,sachets,2026-09-21,2027-06-27
PHC-RJ-JAI-004,Zinc Sulfate 20mg,DRG-002,Essential,1665,200,2000,tablets,2026-08-28,2027-09-28
PHC-RJ-JAI-004,Paracetamol 500mg,DRG-003,Analgesic,5031,1000,10000,tablets,2026-09-01,2027-04-06
PHC-RJ-JAI-004,Amoxicillin 500mg,DRG-004,Antibiotic,2876,300,3000,capsules,2026-09-18,2027-05-04
PHC-RJ-JAI-004,Polyvalent Anti-Snake Venom (ASV),DRG-005,Antivenom,23,10,50,vials,2026-08-19,2027-07-23
PHC-RJ-JAI-004,Salbutamol Nebules,DRG-006,Respiratory,194,50,500,ampoules,2026-08-22,2027-01-05
PHC-RJ-JAI-004,Doxycycline 100mg,DRG-007,Antibiotic,418,200,2000,tablets,2026-09-20,2027-05-31
PHC-RJ-JAI-004,Iron Folic Acid tablets,DRG-008,Supplement,2493,500,5000,tablets,2026-09-22,2027-04-14
PHC-RJ-JAI-004,Metformin 500mg,DRG-009,Anti-diabetic,1890,300,3000,tablets,2026-08-07,2027-01-24
PHC-RJ-JAI-004,Amlodipine 5mg,DRG-010,Cardiovascular,1983,200,2000,tablets,2026-09-17,2026-12-03
PHC-RJ-JAI-005,ORS Sachets,DRG-001,Essential,2352,500,5000,sachets,2026-09-18,2027-06-17
PHC-RJ-JAI-005,Zinc Sulfate 20mg,DRG-002,Essential,427,200,2000,tablets,2026-09-05,2027-06-03
PHC-RJ-JAI-005,Paracetamol 500mg,DRG-003,Analgesic,4584,1000,10000,tablets,2026-07-31,2027-03-23
PHC-RJ-JAI-005,Amoxicillin 500mg,DRG-004,Antibiotic,2928,300,3000,capsules,2026-08-24,2027-05-12
PHC-RJ-JAI-005,Polyvalent Anti-Snake Venom (ASV),DRG-005,Antivenom,24,10,50,vials,2026-09-08,2027-02-09
PHC-RJ-JAI-005,Salbutamol Nebules,DRG-006,Respiratory,73,50,500,ampoules,2026-09-24,2027-04-05
PHC-RJ-JAI-005,Doxycycline 100mg,DRG-007,Antibiotic,1390,200,2000,tablets,2026-09-10,2027-04-18
PHC-RJ-JAI-005,Iron Folic Acid tablets,DRG-008,Supplement,3147,500,5000,tablets,2026-08-01,2027-02-23
PHC-RJ-JAI-005,Metformin 500mg,DRG-009,Anti-diabetic,1098,300,3000,tablets,2026-08-12,2027-01-30
PHC-RJ-JAI-005,Amlodipine 5mg,DRG-010,Cardiovascular,567,200,2000,tablets,2026-09-12,2027-06-21
PHC-RJ-JAI-006,ORS Sachets,DRG-001,Essential,1373,500,5000,sachets,2026-08-06,2027-02-15
PHC-RJ-JAI-006,Zinc Sulfate 20mg,DRG-002,Essential,522,200,2000,tablets,2026-09-20,2027-03-11
PHC-RJ-JAI-006,Paracetamol 500mg,DRG-003,Analgesic,7167,1000,10000,tablets,2026-09-10,2027-02-21
PHC-RJ-JAI-006,Amoxicillin 500mg,DRG-004,Antibiotic,1734,300,3000,capsules,2026-08-22,2027-04-18
PHC-RJ-JAI-006,Polyvalent Anti-Snake Venom (ASV),DRG-005,Antivenom,50,10,50,vials,2026-09-18,2027-06-04
PHC-RJ-JAI-006,Salbutamol Nebules,DRG-006,Respiratory,448,50,500,ampoules,2026-08-22,2026-12-20
PHC-RJ-JAI-006,Doxycycline 100mg,DRG-007,Antibiotic,1097,200,2000,tablets,2026-09-16,2027-08-29
PHC-RJ-JAI-006,Iron Folic Acid tablets,DRG-008,Supplement,2302,500,5000,tablets,2026-09-21,2027-07-07
PHC-RJ-JAI-006,Metformin 500mg,DRG-009,Anti-diabetic,1646,300,3000,tablets,2026-09-19,2027-07-15
PHC-RJ-JAI-006,Amlodipine 5mg,DRG-010,Cardiovascular,843,200,2000,tablets,2026-08-09,2026-12-17
PHC-RJ-JAI-007,ORS Sachets,DRG-001,Essential,4472,500,5000,sachets,2026-08-29,2027-01-17
PHC-RJ-JAI-007,Zinc Sulfate 20mg,DRG-002,Essential,569,200,2000,tablets,2026-08-05,2027-07-16
PHC-RJ-JAI-007,Paracetamol 500mg,DRG-003,Analgesic,9044,1000,10000,tablets,2026-08-13,2027-05-10
PHC-RJ-JAI-007,Amoxicillin 500mg,DRG-004,Antibiotic,2059,300,3000,capsules,2026-09-10,2026-12-01
PHC-RJ-JAI-007,Polyvalent Anti-Snake Venom (ASV),DRG-005,Antivenom,23,10,50,vials,2026-09-16,2027-07-28
PHC-RJ-JAI-007,Salbutamol Nebules,DRG-006,Respiratory,475,50,500,ampoules,2026-08-27,2027-04-11
PHC-RJ-JAI-007,Doxycycline 100mg,DRG-007,Antibiotic,657,200,2000,tablets,2026-08-05,2027-07-18
PHC-RJ-JAI-007,Iron Folic Acid tablets,DRG-008,Supplement,4228,500,5000,tablets,2026-09-05,2027-01-02
PHC-RJ-JAI-007,Metformin 500mg,DRG-009,Anti-diabetic,2654,300,3000,tablets,2026-08-08,2027-04-22
PHC-RJ-JAI-007,Amlodipine 5mg,DRG-010,Cardiovascular,320,200,2000,tablets,2026-08-19,2027-05-17
PHC-RJ-JAI-008,ORS Sachets,DRG-001,Essential,3897,500,5000,sachets,2026-08-11,2027-02-22
PHC-RJ-JAI-008,Zinc Sulfate 20mg,DRG-002,Essential,1231,200,2000,tablets,2026-09-09,2027-04-12
PHC-RJ-JAI-008,Paracetamol 500mg,DRG-003,Analgesic,4292,1000,10000,tablets,2026-09-11,2027-07-05
PHC-RJ-JAI-008,Amoxicillin 500mg,DRG-004,Antibiotic,1238,300,3000,capsules,2026-08-14,2027-03-19
PHC-RJ-JAI-008,Polyvalent Anti-Snake Venom (ASV),DRG-005,Antivenom,45,10,50,vials,2026-08-05,2027-09-01
PHC-RJ-JAI-008,Salbutamol Nebules,DRG-006,Respiratory,369,50,500,ampoules,2026-09-11,2027-02-18
PHC-RJ-JAI-008,Doxycycline 100mg,DRG-007,Antibiotic,960,200,2000,tablets,2026-09-23,2027-03-04
PHC-RJ-JAI-008,Iron Folic Acid tablets,DRG-008,Supplement,1078,500,5000,tablets,2026-08-04,2027-07-14
PHC-RJ-JAI-008,Metformin 500mg,DRG-009,Anti-diabetic,1840,300,3000,tablets,2026-09-06,2027-06-16
PHC-RJ-JAI-008,Amlodipine 5mg,DRG-010,Cardiovascular,968,200,2000,tablets,2026-08-05,2027-05-10
PHC-RJ-JAI-009,ORS Sachets,DRG-001,Essential,301,500,5000,sachets,2026-08-08,2027-06-17
PHC-RJ-JAI-009,Zinc Sulfate 20mg,DRG-002,Essential,167,200,2000,tablets,2026-08-07,2027-04-18
PHC-RJ-JAI-009,Paracetamol 500mg,DRG-003,Analgesic,264,1000,10000,tablets,2026-08-01,2027-06-11
PHC-RJ-JAI-009,Amoxicillin 500mg,DRG-004,Antibiotic,209,300,3000,capsules,2026-08-17,2026-12-06
PHC-RJ-JAI-009,Polyvalent Anti-Snake Venom (ASV),DRG-005,Antivenom,10,10,50,vials,2026-08-09,2027-01-29
PHC-RJ-JAI-009,Salbutamol Nebules,DRG-006,Respiratory,11,50,500,ampoules,2026-08-20,2027-03-30
PHC-RJ-JAI-009,Doxycycline 100mg,DRG-007,Antibiotic,13,200,2000,tablets,2026-08-16,2027-01-17
PHC-RJ-JAI-009,Iron Folic Acid tablets,DRG-008,Supplement,192,500,5000,tablets,2026-09-19,2027-08-03
PHC-RJ-JAI-009,Metformin 500mg,DRG-009,Anti-diabetic,175,300,3000,tablets,2026-08-25,2027-02-02
PHC-RJ-JAI-009,Amlodipine 5mg,DRG-010,Cardiovascular,69,200,2000,tablets,2026-08-01,2026-12-30
PHC-RJ-JAI-010,ORS Sachets,DRG-001,Essential,271,500,5000,sachets,2026-08-24,2027-09-13
PHC-RJ-JAI-010,Zinc Sulfate 20mg,DRG-002,Essential,77,200,2000,tablets,2026-09-05,2027-01-16
PHC-RJ-JAI-010,Paracetamol 500mg,DRG-003,Analgesic,873,1000,10000,tablets,2026-08-12,2027-05-08
PHC-RJ-JAI-010,Amoxicillin 500mg,DRG-004,Antibiotic,211,300,3000,capsules,2026-09-10,2026-12-06
PHC-RJ-JAI-010,Polyvalent Anti-Snake Venom (ASV),DRG-005,Antivenom,3,10,50,vials,2026-09-15,2027-01-23
PHC-RJ-JAI-010,Salbutamol Nebules,DRG-006,Respiratory,30,50,500,ampoules,2026-08-18,2026-11-10
PHC-RJ-JAI-010,Doxycycline 100mg,DRG-007,Antibiotic,131,200,2000,tablets,2026-09-13,2026-11-17
PHC-RJ-JAI-010,Iron Folic Acid tablets,DRG-008,Supplement,494,500,5000,tablets,2026-08-01,2027-09-23
PHC-RJ-JAI-010,Metformin 500mg,DRG-009,Anti-diabetic,225,300,3000,tablets,2026-08-27,2027-06-23
PHC-RJ-JAI-010,Amlodipine 5mg,DRG-010,Cardiovascular,133,200,2000,tablets,2026-08-18,2027-04-26
PHC-RJ-JAI-011,ORS Sachets,DRG-001,Essential,175,500,5000,sachets,2026-09-07,2027-03-01
PHC-RJ-JAI-011,Zinc Sulfate 20mg,DRG-002,Essential,100,200,2000,tablets,2026-08-09,2027-02-06
PHC-RJ-JAI-011,Paracetamol 500mg,DRG-003,Analgesic,617,1000,10000,tablets,2026-08-07,2027-06-02
PHC-RJ-JAI-011,Amoxicillin 500mg,DRG-004,Antibiotic,236,300,3000,capsules,2026-09-24,2027-09-28
PHC-RJ-JAI-011,Polyvalent Anti-Snake Venom (ASV),DRG-005,Antivenom,6,10,50,vials,2026-09-06,2026-12-29
PHC-RJ-JAI-011,Salbutamol Nebules,DRG-006,Respiratory,41,50,500,ampoules,2026-09-03,2026-11-16
PHC-RJ-JAI-011,Doxycycline 100mg,DRG-007,Antibiotic,156,200,2000,tablets,2026-09-08,2027-06-21
PHC-RJ-JAI-011,Iron Folic Acid tablets,DRG-008,Supplement,363,500,5000,tablets,2026-09-14,2027-04-22
PHC-RJ-JAI-011,Metformin 500mg,DRG-009,Anti-diabetic,46,300,3000,tablets,2026-08-31,2027-03-29
PHC-RJ-JAI-011,Amlodipine 5mg,DRG-010,Cardiovascular,159,200,2000,tablets,2026-09-03,2027-06-05
PHC-RJ-JAI-012,ORS Sachets,DRG-001,Essential,3242,500,5000,sachets,2026-08-19,2026-11-28
PHC-RJ-JAI-012,Zinc Sulfate 20mg,DRG-002,Essential,987,200,2000,tablets,2026-09-02,2027-05-25
PHC-RJ-JAI-012,Paracetamol 500mg,DRG-003,Analgesic,5895,1000,10000,tablets,2026-09-10,2027-04-03
PHC-RJ-JAI-012,Amoxicillin 500mg,DRG-004,Antibiotic,2787,300,3000,capsules,2026-08-13,2027-01-31
PHC-RJ-JAI-012,Polyvalent Anti-Snake Venom (ASV),DRG-005,Antivenom,16,10,50,vials,2026-09-08,2027-01-09
PHC-RJ-JAI-012,Salbutamol Nebules,DRG-006,Respiratory,92,50,500,ampoules,2026-08-12,2026-12-13
PHC-RJ-JAI-012,Doxycycline 100mg,DRG-007,Antibiotic,1412,200,2000,tablets,2026-09-21,2027-01-27
PHC-RJ-JAI-012,Iron Folic Acid tablets,DRG-008,Supplement,4855,500,5000,tablets,2026-09-05,2027-01-05
PHC-RJ-JAI-012,Metformin 500mg,DRG-009,Anti-diabetic,529,300,3000,tablets,2026-09-12,2027-06-12
PHC-RJ-JAI-012,Amlodipine 5mg,DRG-010,Cardiovascular,1624,200,2000,tablets,2026-09-04,2027-07-24
PHC-RJ-JAI-013,ORS Sachets,DRG-001,Essential,4608,500,5000,sachets,2026-08-06,2027-09-03
PHC-RJ-JAI-013,Zinc Sulfate 20mg,DRG-002,Essential,1700,200,2000,tablets,2026-08-11,2027-08-07
PHC-RJ-JAI-013,Paracetamol 500mg,DRG-003,Analgesic,6124,1000,10000,tablets,2026-08-09,2026-12-28
PHC-RJ-JAI-013,Amoxicillin 500mg,DRG-004,Antibiotic,1513,300,3000,capsules,2026-08-03,2027-09-02
PHC-RJ-JAI-013,Polyvalent Anti-Snake Venom (ASV),DRG-005,Antivenom,15,10,50,vials,2026-08-07,2027-05-18
PHC-RJ-JAI-013,Salbutamol Nebules,DRG-006,Respiratory,99,50,500,ampoules,2026-08-22,2027-02-01
PHC-RJ-JAI-013,Doxycycline 100mg,DRG-007,Antibiotic,1594,200,2000,tablets,2026-09-08,2026-11-03
PHC-RJ-JAI-013,Iron Folic Acid tablets,DRG-008,Supplement,3253,500,5000,tablets,2026-08-09,2026-11-08
PHC-RJ-JAI-013,Metformin 500mg,DRG-009,Anti-diabetic,771,300,3000,tablets,2026-09-18,2026-11-25
PHC-RJ-JAI-013,Amlodipine 5mg,DRG-010,Cardiovascular,1220,200,2000,tablets,2026-09-02,2027-02-08
PHC-RJ-JAI-014,ORS Sachets,DRG-001,Essential,6,500,5000,sachets,2026-08-23,2027-07-02
PHC-RJ-JAI-014,Zinc Sulfate 20mg,DRG-002,Essential,17,200,2000,tablets,2026-08-25,2027-05-13
PHC-RJ-JAI-014,Paracetamol 500mg,DRG-003,Analgesic,169,1000,10000,tablets,2026-09-09,2027-03-18
PHC-RJ-JAI-014,Amoxicillin 500mg,DRG-004,Antibiotic,12,300,3000,capsules,2026-08-20,2027-01-21
PHC-RJ-JAI-014,Polyvalent Anti-Snake Venom (ASV),DRG-005,Antivenom,2,10,50,vials,2026-08-22,2027-04-03
PHC-RJ-JAI-014,Salbutamol Nebules,DRG-006,Respiratory,10,50,500,ampoules,2026-08-03,2027-05-06
PHC-RJ-JAI-014,Doxycycline 100mg,DRG-007,Antibiotic,34,200,2000,tablets,2026-08-16,2026-10-31
PHC-RJ-JAI-014,Iron Folic Acid tablets,DRG-008,Supplement,20,500,5000,tablets,2026-08-02,2026-12-10
PHC-RJ-JAI-014,Metformin 500mg,DRG-009,Anti-diabetic,48,300,3000,tablets,2026-09-21,2027-05-15
PHC-RJ-JAI-014,Amlodipine 5mg,DRG-010,Cardiovascular,37,200,2000,tablets,2026-08-17,2026-11-28
PHC-RJ-JAI-015,ORS Sachets,DRG-001,Essential,1146,500,5000,sachets,2026-08-18,2026-11-30
PHC-RJ-JAI-015,Zinc Sulfate 20mg,DRG-002,Essential,560,200,2000,tablets,2026-08-13,2027-07-29
PHC-RJ-JAI-015,Paracetamol 500mg,DRG-003,Analgesic,9755,1000,10000,tablets,2026-08-21,2027-08-24
PHC-RJ-JAI-015,Amoxicillin 500mg,DRG-004,Antibiotic,560,300,3000,capsules,2026-08-06,2027-05-14
PHC-RJ-JAI-015,Polyvalent Anti-Snake Venom (ASV),DRG-005,Antivenom,41,10,50,vials,2026-09-11,2027-02-21
PHC-RJ-JAI-015,Salbutamol Nebules,DRG-006,Respiratory,224,50,500,ampoules,2026-08-24,2027-01-25
PHC-RJ-JAI-015,Doxycycline 100mg,DRG-007,Antibiotic,1860,200,2000,tablets,2026-09-07,2027-02-11
PHC-RJ-JAI-015,Iron Folic Acid tablets,DRG-008,Supplement,3944,500,5000,tablets,2026-08-24,2027-03-22
PHC-RJ-JAI-015,Metformin 500mg,DRG-009,Anti-diabetic,374,300,3000,tablets,2026-09-02,2026-11-20
PHC-RJ-JAI-015,Amlodipine 5mg,DRG-010,Cardiovascular,1848,200,2000,tablets,2026-08-04,2027-03-24
PHC-RJ-JAI-016,ORS Sachets,DRG-001,Essential,1382,500,5000,sachets,2026-08-14,2027-04-18
PHC-RJ-JAI-016,Zinc Sulfate 20mg,DRG-002,Essential,1371,200,2000,tablets,2026-08-03,2027-07-16
PHC-RJ-JAI-016,Paracetamol 500mg,DRG-003,Analgesic,9342,1000,10000,tablets,2026-09-03,2027-06-04
PHC-RJ-JAI-016,Amoxicillin 500mg,DRG-004,Antibiotic,2460,300,3000,capsules,2026-08-25,2027-09-08
PHC-RJ-JAI-016,Polyvalent Anti-Snake Venom (ASV),DRG-005,Antivenom,22,10,50,vials,2026-09-07,2027-07-12
PHC-RJ-JAI-016,Salbutamol Nebules,DRG-006,Respiratory,191,50,500,ampoules,2026-08-03,2027-02-26
PHC-RJ-JAI-016,Doxycycline 100mg,DRG-007,Antibiotic,1283,200,2000,tablets,2026-09-15,2027-05-29
PHC-RJ-JAI-016,Iron Folic Acid tablets,DRG-008,Supplement,1221,500,5000,tablets,2026-08-24,2027-08-20
PHC-RJ-JAI-016,Metformin 500mg,DRG-009,Anti-diabetic,685,300,3000,tablets,2026-09-06,2026-12-27
PHC-RJ-JAI-016,Amlodipine 5mg,DRG-010,Cardiovascular,1993,200,2000,tablets,2026-09-18,2027-08-20
PHC-RJ-JAI-017,ORS Sachets,DRG-001,Essential,1823,500,5000,sachets,2026-08-24,2027-08-14
PHC-RJ-JAI-017,Zinc Sulfate 20mg,DRG-002,Essential,492,200,2000,tablets,2026-09-03,2027-02-02
PHC-RJ-JAI-017,Paracetamol 500mg,DRG-003,Analgesic,2596,1000,10000,tablets,2026-09-08,2027-01-14
PHC-RJ-JAI-017,Amoxicillin 500mg,DRG-004,Antibiotic,2642,300,3000,capsules,2026-08-26,2027-06-19
PHC-RJ-JAI-017,Polyvalent Anti-Snake Venom (ASV),DRG-005,Antivenom,42,10,50,vials,2026-09-23,2027-06-21
PHC-RJ-JAI-017,Salbutamol Nebules,DRG-006,Respiratory,499,50,500,ampoules,2026-08-03,2027-02-02
PHC-RJ-JAI-017,Doxycycline 100mg,DRG-007,Antibiotic,796,200,2000,tablets,2026-09-04,2027-01-15
PHC-RJ-JAI-017,Iron Folic Acid tablets,DRG-008,Supplement,4272,500,5000,tablets,2026-09-01,2027-02-08
PHC-RJ-JAI-017,Metformin 500mg,DRG-009,Anti-diabetic,1299,300,3000,tablets,2026-08-17,2027-04-08
PHC-RJ-JAI-017,Amlodipine 5mg,DRG-010,Cardiovascular,319,200,2000,tablets,2026-08-27,2027-09-06
PHC-RJ-JAI-018,ORS Sachets,DRG-001,Essential,4060,500,5000,sachets,2026-08-12,2027-06-29
PHC-RJ-JAI-018,Zinc Sulfate 20mg,DRG-002,Essential,1975,200,2000,tablets,2026-09-08,2027-06-15
PHC-RJ-JAI-018,Paracetamol 500mg,DRG-003,Analgesic,6561,1000,10000,tablets,2026-08-05,2027-01-23
PHC-RJ-JAI-018,Amoxicillin 500mg,DRG-004,Antibiotic,1570,300,3000,capsules,2026-09-13,2027-08-18
PHC-RJ-JAI-018,Polyvalent Anti-Snake Venom (ASV),DRG-005,Antivenom,18,10,50,vials,2026-09-18,2026-11-14
PHC-RJ-JAI-018,Salbutamol Nebules,DRG-006,Respiratory,281,50,500,ampoules,2026-09-08,2027-01-20
PHC-RJ-JAI-018,Doxycycline 100mg,DRG-007,Antibiotic,929,200,2000,tablets,2026-09-15,2027-08-24
PHC-RJ-JAI-018,Iron Folic Acid tablets,DRG-008,Supplement,2988,500,5000,tablets,2026-08-22,2027-03-31
PHC-RJ-JAI-018,Metformin 500mg,DRG-009,Anti-diabetic,1154,300,3000,tablets,2026-08-24,2027-03-09
PHC-RJ-JAI-018,Amlodipine 5mg,DRG-010,Cardiovascular,1565,200,2000,tablets,2026-09-09,2027-06-11
PHC-RJ-JAI-019,ORS Sachets,DRG-001,Essential,425,500,5000,sachets,2026-08-26,2027-06-02
PHC-RJ-JAI-019,Zinc Sulfate 20mg,DRG-002,Essential,13,200,2000,tablets,2026-08-17,2027-08-30
PHC-RJ-JAI-019,Paracetamol 500mg,DRG-003,Analgesic,781,1000,10000,tablets,2026-08-24,2027-03-26
PHC-RJ-JAI-019,Amoxicillin 500mg,DRG-004,Antibiotic,13,300,3000,capsules,2026-08-10,2027-01-16
PHC-RJ-JAI-019,Polyvalent Anti-Snake Venom (ASV),DRG-005,Antivenom,2,10,50,vials,2026-08-25,2027-04-11
PHC-RJ-JAI-019,Salbutamol Nebules,DRG-006,Respiratory,17,50,500,ampoules,2026-09-03,2027-06-29
PHC-RJ-JAI-019,Doxycycline 100mg,DRG-007,Antibiotic,107,200,2000,tablets,2026-08-27,2027-06-28
PHC-RJ-JAI-019,Iron Folic Acid tablets,DRG-008,Supplement,258,500,5000,tablets,2026-09-03,2027-04-28
PHC-RJ-JAI-019,Metformin 500mg,DRG-009,Anti-diabetic,159,300,3000,tablets,2026-08-20,2027-04-03
PHC-RJ-JAI-019,Amlodipine 5mg,DRG-010,Cardiovascular,73,200,2000,tablets,2026-09-13,2027-06-30
PHC-RJ-JAI-020,ORS Sachets,DRG-001,Essential,345,500,5000,sachets,2026-08-28,2027-05-10
PHC-RJ-JAI-020,Zinc Sulfate 20mg,DRG-002,Essential,119,200,2000,tablets,2026-08-09,2027-08-07
PHC-RJ-JAI-020,Paracetamol 500mg,DRG-003,Analgesic,471,1000,10000,tablets,2026-09-07,2027-08-25
PHC-RJ-JAI-020,Amoxicillin 500mg,DRG-004,Antibiotic,214,300,3000,capsules,2026-09-13,2027-07-12
PHC-RJ-JAI-020,Polyvalent Anti-Snake Venom (ASV),DRG-005,Antivenom,10,10,50,vials,2026-08-18,2026-11-04
PHC-RJ-JAI-020,Salbutamol Nebules,DRG-006,Respiratory,36,50,500,ampoules,2026-08-14,2027-06-12
PHC-RJ-JAI-020,Doxycycline 100mg,DRG-007,Antibiotic,41,200,2000,tablets,2026-09-19,2027-01-07
PHC-RJ-JAI-020,Iron Folic Acid tablets,DRG-008,Supplement,115,500,5000,tablets,2026-09-01,2027-05-11
PHC-RJ-JAI-020,Metformin 500mg,DRG-009,Anti-diabetic,6,300,3000,tablets,2026-09-04,2027-03-19
PHC-RJ-JAI-020,Amlodipine 5mg,DRG-010,Cardiovascular,171,200,2000,tablets,2026-08-01,2027-08-29
PHC-RJ-JAI-021,ORS Sachets,DRG-001,Essential,1514,500,5000,sachets,2026-09-05,2026-12-15
PHC-RJ-JAI-021,Zinc Sulfate 20mg,DRG-002,Essential,404,200,2000,tablets,2026-08-21,2026-11-21
PHC-RJ-JAI-021,Paracetamol 500mg,DRG-003,Analgesic,1134,1000,10000,tablets,2026-09-08,2027-08-08
PHC-RJ-JAI-021,Amoxicillin 500mg,DRG-004,Antibiotic,2039,300,3000,capsules,2026-08-11,2027-03-09
PHC-RJ-JAI-021,Polyvalent Anti-Snake Venom (ASV),DRG-005,Antivenom,23,10,50,vials,2026-08-21,2027-08-16
PHC-RJ-JAI-021,Salbutamol Nebules,DRG-006,Respiratory,380,50,500,ampoules,2026-08-28,2026-10-30
PHC-RJ-JAI-021,Doxycycline 100mg,DRG-007,Antibiotic,1300,200,2000,tablets,2026-08-25,2027-05-10
PHC-RJ-JAI-021,Iron Folic Acid tablets,DRG-008,Supplement,3161,500,5000,tablets,2026-09-20,2027-02-12
PHC-RJ-JAI-021,Metformin 500mg,DRG-009,Anti-diabetic,2360,300,3000,tablets,2026-09-14,2027-08-09
PHC-RJ-JAI-021,Amlodipine 5mg,DRG-010,Cardiovascular,747,200,2000,tablets,2026-08-26,2026-12-20
PHC-RJ-JOD-022,ORS Sachets,DRG-001,Essential,3354,500,5000,sachets,2026-08-28,2027-08-02
PHC-RJ-JOD-022,Zinc Sulfate 20mg,DRG-002,Essential,1613,200,2000,tablets,2026-08-24,2027-05-09
PHC-RJ-JOD-022,Paracetamol 500mg,DRG-003,Analgesic,6014,1000,10000,tablets,2026-08-03,2027-08-23
PHC-RJ-JOD-022,Amoxicillin 500mg,DRG-004,Antibiotic,1171,300,3000,capsules,2026-08-03,2027-08-03
PHC-RJ-JOD-022,Polyvalent Anti-Snake Venom (ASV),DRG-005,Antivenom,20,10,50,vials,2026-08-30,2027-07-30
PHC-RJ-JOD-022,Salbutamol Nebules,DRG-006,Respiratory,106,50,500,ampoules,2026-08-17,2026-12-05
PHC-RJ-JOD-022,Doxycycline 100mg,DRG-007,Antibiotic,770,200,2000,tablets,2026-09-03,2027-07-13
PHC-RJ-JOD-022,Iron Folic Acid tablets,DRG-008,Supplement,2914,500,5000,tablets,2026-08-31,2026-12-16
PHC-RJ-JOD-022,Metformin 500mg,DRG-009,Anti-diabetic,317,300,3000,tablets,2026-09-03,2027-02-06
PHC-RJ-JOD-022,Amlodipine 5mg,DRG-010,Cardiovascular,1834,200,2000,tablets,2026-09-18,2027-03-15
PHC-RJ-JOD-023,ORS Sachets,DRG-001,Essential,457,500,5000,sachets,2026-08-12,2027-01-21
PHC-RJ-JOD-023,Zinc Sulfate 20mg,DRG-002,Essential,115,200,2000,tablets,2026-08-02,2027-04-23
PHC-RJ-JOD-023,Paracetamol 500mg,DRG-003,Analgesic,743,1000,10000,tablets,2026-08-16,2027-03-10
PHC-RJ-JOD-023,Amoxicillin 500mg,DRG-004,Antibiotic,100,300,3000,capsules,2026-08-25,2026-12-15
PHC-RJ-JOD-023,Polyvalent Anti-Snake Venom (ASV),DRG-005,Antivenom,6,10,50,vials,2026-07-31,2027-02-15
PHC-RJ-JOD-023,Salbutamol Nebules,DRG-006,Respiratory,49,50,500,ampoules,2026-08-02,2027-01-21
PHC-RJ-JOD-023,Doxycycline 100mg,DRG-007,Antibiotic,94,200,2000,tablets,2026-09-15,2027-07-05
PHC-RJ-JOD-023,Iron Folic Acid tablets,DRG-008,Supplement,371,500,5000,tablets,2026-08-11,2027-03-23
PHC-RJ-JOD-023,Metformin 500mg,DRG-009,Anti-diabetic,124,300,3000,tablets,2026-09-22,2027-01-16
PHC-RJ-JOD-023,Amlodipine 5mg,DRG-010,Cardiovascular,52,200,2000,tablets,2026-08-20,2027-04-25
PHC-RJ-JOD-024,ORS Sachets,DRG-001,Essential,2897,500,5000,sachets,2026-08-02,2027-08-31
PHC-RJ-JOD-024,Zinc Sulfate 20mg,DRG-002,Essential,1606,200,2000,tablets,2026-08-21,2027-04-03
PHC-RJ-JOD-024,Paracetamol 500mg,DRG-003,Analgesic,5344,1000,10000,tablets,2026-08-27,2027-07-14
PHC-RJ-JOD-024,Amoxicillin 500mg,DRG-004,Antibiotic,987,300,3000,capsules,2026-09-14,2027-04-20
PHC-RJ-JOD-024,Polyvalent Anti-Snake Venom (ASV),DRG-005,Antivenom,15,10,50,vials,2026-08-15,2027-05-27
PHC-RJ-JOD-024,Salbutamol Nebules,DRG-006,Respiratory,490,50,500,ampoules,2026-08-02,2027-05-10
PHC-RJ-JOD-024,Doxycycline 100mg,DRG-007,Antibiotic,1398,200,2000,tablets,2026-08-23,2027-08-11
PHC-RJ-JOD-024,Iron Folic Acid tablets,DRG-008,Supplement,810,500,5000,tablets,2026-08-20,2027-05-29
PHC-RJ-JOD-024,Metformin 500mg,DRG-009,Anti-diabetic,1009,300,3000,tablets,2026-09-01,2027-03-12
PHC-RJ-JOD-024,Amlodipine 5mg,DRG-010,Cardiovascular,1018,200,2000,tablets,2026-09-22,2027-06-18
PHC-RJ-JOD-025,ORS Sachets,DRG-001,Essential,4708,500,5000,sachets,2026-08-17,2027-04-27
PHC-RJ-JOD-025,Zinc Sulfate 20mg,DRG-002,Essential,640,200,2000,tablets,2026-08-14,2027-09-03
PHC-RJ-JOD-025,Paracetamol 500mg,DRG-003,Analgesic,7187,1000,10000,tablets,2026-08-17,2027-01-13
PHC-RJ-JOD-025,Amoxicillin 500mg,DRG-004,Antibiotic,1190,300,3000,capsules,2026-08-02,2027-05-17
PHC-RJ-JOD-025,Polyvalent Anti-Snake Venom (ASV),DRG-005,Antivenom,50,10,50,vials,2026-09-03,2026-11-25
PHC-RJ-JOD-025,Salbutamol Nebules,DRG-006,Respiratory,122,50,500,ampoules,2026-09-23,2027-03-28
PHC-RJ-JOD-025,Doxycycline 100mg,DRG-007,Antibiotic,1226,200,2000,tablets,2026-08-16,2027-04-26
PHC-RJ-JOD-025,Iron Folic Acid tablets,DRG-008,Supplement,1943,500,5000,tablets,2026-09-10,2026-12-02
PHC-RJ-JOD-025,Metformin 500mg,DRG-009,Anti-diabetic,2236,300,3000,tablets,2026-08-08,2026-12-12
PHC-RJ-JOD-025,Amlodipine 5mg,DRG-010,Cardiovascular,823,200,2000,tablets,2026-08-26,2027-01-03
PHC-RJ-JOD-026,ORS Sachets,DRG-001,Essential,418,500,5000,sachets,2026-09-06,2027-09-10
PHC-RJ-JOD-026,Zinc Sulfate 20mg,DRG-002,Essential,41,200,2000,tablets,2026-09-05,2027-06-08
PHC-RJ-JOD-026,Paracetamol 500mg,DRG-003,Analgesic,924,1000,10000,tablets,2026-09-11,2027-02-04
PHC-RJ-JOD-026,Amoxicillin 500mg,DRG-004,Antibiotic,298,300,3000,capsules,2026-08-31,2026-12-16
PHC-RJ-JOD-026,Polyvalent Anti-Snake Venom (ASV),DRG-005,Antivenom,5,10,50,vials,2026-09-24,2027-02-13
PHC-RJ-JOD-026,Salbutamol Nebules,DRG-006,Respiratory,8,50,500,ampoules,2026-08-09,2026-11-06
PHC-RJ-JOD-026,Doxycycline 100mg,DRG-007,Antibiotic,108,200,2000,tablets,2026-09-13,2027-01-17
PHC-RJ-JOD-026,Iron Folic Acid tablets,DRG-008,Supplement,366,500,5000,tablets,2026-08-06,2027-08-01
PHC-RJ-JOD-026,Metformin 500mg,DRG-009,Anti-diabetic,243,300,3000,tablets,2026-08-04,2027-02-24
PHC-RJ-JOD-026,Amlodipine 5mg,DRG-010,Cardiovascular,168,200,2000,tablets,2026-09-15,2027-03-23
PHC-RJ-JOD-027,ORS Sachets,DRG-001,Essential,99,500,5000,sachets,2026-08-02,2027-09-12
PHC-RJ-JOD-027,Zinc Sulfate 20mg,DRG-002,Essential,65,200,2000,tablets,2026-09-08,2026-12-24
PHC-RJ-JOD-027,Paracetamol 500mg,DRG-003,Analgesic,57,1000,10000,tablets,2026-09-12,2027-03-23
PHC-RJ-JOD-027,Amoxicillin 500mg,DRG-004,Antibiotic,282,300,3000,capsules,2026-09-05,2027-03-01
PHC-RJ-JOD-027,Polyvalent Anti-Snake Venom (ASV),DRG-005,Antivenom,5,10,50,vials,2026-09-14,2027-05-24
PHC-RJ-JOD-027,Salbutamol Nebules,DRG-006,Respiratory,33,50,500,ampoules,2026-08-09,2027-08-08
PHC-RJ-JOD-027,Doxycycline 100mg,DRG-007,Antibiotic,197,200,2000,tablets,2026-09-24,2027-09-16
PHC-RJ-JOD-027,Iron Folic Acid tablets,DRG-008,Supplement,322,500,5000,tablets,2026-08-24,2027-02-27
PHC-RJ-JOD-027,Metformin 500mg,DRG-009,Anti-diabetic,9,300,3000,tablets,2026-09-07,2027-06-03
PHC-RJ-JOD-027,Amlodipine 5mg,DRG-010,Cardiovascular,200,200,2000,tablets,2026-08-10,2027-01-19
PHC-RJ-JOD-028,ORS Sachets,DRG-001,Essential,8,500,5000,sachets,2026-09-24,2026-11-21
PHC-RJ-JOD-028,Zinc Sulfate 20mg,DRG-002,Essential,66,200,2000,tablets,2026-09-10,2026-12-04
PHC-RJ-JOD-028,Paracetamol 500mg,DRG-003,Analgesic,522,1000,10000,tablets,2026-08-17,2027-07-11
PHC-RJ-JOD-028,Amoxicillin 500mg,DRG-004,Antibiotic,262,300,3000,capsules,2026-08-14,2027-06-26
PHC-RJ-JOD-028,Polyvalent Anti-Snake Venom (ASV),DRG-005,Antivenom,7,10,50,vials,2026-08-05,2026-12-18
PHC-RJ-JOD-028,Salbutamol Nebules,DRG-006,Respiratory,24,50,500,ampoules,2026-08-21,2027-07-14
PHC-RJ-JOD-028,Doxycycline 100mg,DRG-007,Antibiotic,119,200,2000,tablets,2026-08-24,2027-03-01
PHC-RJ-JOD-028,Iron Folic Acid tablets,DRG-008,Supplement,306,500,5000,tablets,2026-09-24,2026-10-29
PHC-RJ-JOD-028,Metformin 500mg,DRG-009,Anti-diabetic,158,300,3000,tablets,2026-08-31,2027-01-18
PHC-RJ-JOD-028,Amlodipine 5mg,DRG-010,Cardiovascular,14,200,2000,tablets,2026-08-31,2027-07-17
PHC-RJ-JOD-029,ORS Sachets,DRG-001,Essential,512,500,5000,sachets,2026-09-23,2027-08-15
PHC-RJ-JOD-029,Zinc Sulfate 20mg,DRG-002,Essential,424,200,2000,tablets,2026-09-05,2026-12-17
PHC-RJ-JOD-029,Paracetamol 500mg,DRG-003,Analgesic,1990,1000,10000,tablets,2026-08-02,2027-01-15
PHC-RJ-JOD-029,Amoxicillin 500mg,DRG-004,Antibiotic,2618,300,3000,capsules,2026-08-17,2026-12-22
PHC-RJ-JOD-029,Polyvalent Anti-Snake Venom (ASV),DRG-005,Antivenom,50,10,50,vials,2026-08-08,2027-02-27
PHC-RJ-JOD-029,Salbutamol Nebules,DRG-006,Respiratory,70,50,500,ampoules,2026-08-02,2027-04-21
PHC-RJ-JOD-029,Doxycycline 100mg,DRG-007,Antibiotic,212,200,2000,tablets,2026-08-13,2027-08-09
PHC-RJ-JOD-029,Iron Folic Acid tablets,DRG-008,Supplement,749,500,5000,tablets,2026-08-31,2027-09-16
PHC-RJ-JOD-029,Metformin 500mg,DRG-009,Anti-diabetic,599,300,3000,tablets,2026-09-14,2027-05-07
PHC-RJ-JOD-029,Amlodipine 5mg,DRG-010,Cardiovascular,1116,200,2000,tablets,2026-08-06,2027-03-05
PHC-RJ-JOD-030,ORS Sachets,DRG-001,Essential,3288,500,5000,sachets,2026-09-20,2027-08-21
PHC-RJ-JOD-030,Zinc Sulfate 20mg,DRG-002,Essential,986,200,2000,tablets,2026-09-19,2027-01-14
PHC-RJ-JOD-030,Paracetamol 500mg,DRG-003,Analgesic,6218,1000,10000,tablets,2026-08-06,2027-09-14
PHC-RJ-JOD-030,Amoxicillin 500mg,DRG-004,Antibiotic,568,300,3000,capsules,2026-09-08,2027-06-29
PHC-RJ-JOD-030,Polyvalent Anti-Snake Venom (ASV),DRG-005,Antivenom,15,10,50,vials,2026-08-18,2027-09-04
PHC-RJ-JOD-030,Salbutamol Nebules,DRG-006,Respiratory,206,50,500,ampoules,2026-09-16,2027-08-02
PHC-RJ-JOD-030,Doxycycline 100mg,DRG-007,Antibiotic,980,200,2000,tablets,2026-08-01,2027-05-14
PHC-RJ-JOD-030,Iron Folic Acid tablets,DRG-008,Supplement,2380,500,5000,tablets,2026-09-12,2027-04-22
PHC-RJ-JOD-030,Metformin 500mg,DRG-009,Anti-diabetic,2822,300,3000,tablets,2026-09-23,2027-04-07
PHC-RJ-JOD-030,Amlodipine 5mg,DRG-010,Cardiovascular,745,200,2000,tablets,2026-09-02,2027-01-02
PHC-RJ-JOD-031,ORS Sachets,DRG-001,Essential,173,500,5000,sachets,2026-08-25,2027-06-18
PHC-RJ-JOD-031,Zinc Sulfate 20mg,DRG-002,Essential,100,200,2000,tablets,2026-09-11,2027-06-17
PHC-RJ-JOD-031,Paracetamol 500mg,DRG-003,Analgesic,507,1000,10000,tablets,2026-08-29,2027-09-25
PHC-RJ-JOD-031,Amoxicillin 500mg,DRG-004,Antibiotic,292,300,3000,capsules,2026-08-12,2026-12-20
PHC-RJ-JOD-031,Polyvalent Anti-Snake Venom (ASV),DRG-005,Antivenom,9,10,50,vials,2026-09-06,2027-09-05
PHC-RJ-JOD-031,Salbutamol Nebules,DRG-006,Respiratory,16,50,500,ampoules,2026-08-29,2027-08-06
PHC-RJ-JOD-031,Doxycycline 100mg,DRG-007,Antibiotic,102,200,2000,tablets,2026-09-24,2026-11-04
PHC-RJ-JOD-031,Iron Folic Acid tablets,DRG-008,Supplement,491,500,5000,tablets,2026-08-12,2026-11-20
PHC-RJ-JOD-031,Metformin 500mg,DRG-009,Anti-diabetic,70,300,3000,tablets,2026-08-07,2027-07-04
PHC-RJ-JOD-031,Amlodipine 5mg,DRG-010,Cardiovascular,144,200,2000,tablets,2026-08-28,2027-06-13
PHC-RJ-JOD-032,ORS Sachets,DRG-001,Essential,37,500,5000,sachets,2026-09-16,2027-04-19
PHC-RJ-JOD-032,Zinc Sulfate 20mg,DRG-002,Essential,164,200,2000,tablets,2026-09-03,2027-01-14
PHC-RJ-JOD-032,Paracetamol 500mg,DRG-003,Analgesic,430,1000,10000,tablets,2026-08-12,2026-11-17
PHC-RJ-JOD-032,Amoxicillin 500mg,DRG-004,Antibiotic,187,300,3000,capsules,2026-08-11,2027-07-07
PHC-RJ-JOD-032,Polyvalent Anti-Snake Venom (ASV),DRG-005,Antivenom,7,10,50,vials,2026-08-24,2027-07-04
PHC-RJ-JOD-032,Salbutamol Nebules,DRG-006,Respiratory,33,50,500,ampoules,2026-08-18,2026-11-16
PHC-RJ-JOD-032,Doxycycline 100mg,DRG-007,Antibiotic,114,200,2000,tablets,2026-09-09,2027-07-19
PHC-RJ-JOD-032,Iron Folic Acid tablets,DRG-008,Supplement,163,500,5000,tablets,2026-08-15,2027-05-12
PHC-RJ-JOD-032,Metformin 500mg,DRG-009,Anti-diabetic,257,300,3000,tablets,2026-08-17,2026-11-23
PHC-RJ-JOD-032,Amlodipine 5mg,DRG-010,Cardiovascular,167,200,2000,tablets,2026-09-16,2026-10-30
PHC-RJ-JOD-033,ORS Sachets,DRG-001,Essential,1854,500,5000,sachets,2026-08-21,2027-06-30
PHC-RJ-JOD-033,Zinc Sulfate 20mg,DRG-002,Essential,1949,200,2000,tablets,2026-09-23,2027-04-22
PHC-RJ-JOD-033,Paracetamol 500mg,DRG-003,Analgesic,1740,1000,10000,tablets,2026-09-17,2027-08-25
PHC-RJ-JOD-033,Amoxicillin 500mg,DRG-004,Antibiotic,343,300,3000,capsules,2026-09-20,2026-12-02
PHC-RJ-JOD-033,Polyvalent Anti-Snake Venom (ASV),DRG-005,Antivenom,29,10,50,vials,2026-09-10,2026-12-11
PHC-RJ-JOD-033,Salbutamol Nebules,DRG-006,Respiratory,207,50,500,ampoules,2026-08-13,2027-04-02
PHC-RJ-JOD-033,Doxycycline 100mg,DRG-007,Antibiotic,737,200,2000,tablets,2026-09-11,2027-09-24
PHC-RJ-JOD-033,Iron Folic Acid tablets,DRG-008,Supplement,1869,500,5000,tablets,2026-08-22,2027-06-22
PHC-RJ-JOD-033,Metformin 500mg,DRG-009,Anti-diabetic,1336,300,3000,tablets,2026-08-22,2027-08-05
PHC-RJ-JOD-033,Amlodipine 5mg,DRG-010,Cardiovascular,1559,200,2000,tablets,2026-09-12,2027-08-06
PHC-RJ-JOD-034,ORS Sachets,DRG-001,Essential,80,500,5000,sachets,2026-09-09,2026-12-04
PHC-RJ-JOD-034,Zinc Sulfate 20mg,DRG-002,Essential,36,200,2000,tablets,2026-08-20,2027-07-02
PHC-RJ-JOD-034,Paracetamol 500mg,DRG-003,Analgesic,140,1000,10000,tablets,2026-08-01,2027-02-27
PHC-RJ-JOD-034,Amoxicillin 500mg,DRG-004,Antibiotic,51,300,3000,capsules,2026-09-07,2027-08-21
PHC-RJ-JOD-034,Polyvalent Anti-Snake Venom (ASV),DRG-005,Antivenom,1,10,50,vials,2026-09-22,2027-04-07
PHC-RJ-JOD-034,Salbutamol Nebules,DRG-006,Respiratory,5,50,500,ampoules,2026-09-02,2027-05-05
PHC-RJ-JOD-034,Doxycycline 100mg,DRG-007,Antibiotic,28,200,2000,tablets,2026-08-26,2027-02-05
PHC-RJ-JOD-034,Iron Folic Acid tablets,DRG-008,Supplement,59,500,5000,tablets,2026-09-23,2027-08-05
PHC-RJ-JOD-034,Metformin 500mg,DRG-009,Anti-diabetic,58,300,3000,tablets,2026-08-04,2026-11-20
PHC-RJ-JOD-034,Amlodipine 5mg,DRG-010,Cardiovascular,35,200,2000,tablets,2026-08-09,2027-09-02
PHC-RJ-JOD-035,ORS Sachets,DRG-001,Essential,2808,500,5000,sachets,2026-08-21,2027-05-20
PHC-RJ-JOD-035,Zinc Sulfate 20mg,DRG-002,Essential,1930,200,2000,tablets,2026-08-17,2026-11-04
PHC-RJ-JOD-035,Paracetamol 500mg,DRG-003,Analgesic,5394,1000,10000,tablets,2026-09-13,2027-09-18
PHC-RJ-JOD-035,Amoxicillin 500mg,DRG-004,Antibiotic,844,300,3000,capsules,2026-09-19,2027-01-04
PHC-RJ-JOD-035,Polyvalent Anti-Snake Venom (ASV),DRG-005,Antivenom,43,10,50,vials,2026-08-09,2027-01-15
PHC-RJ-JOD-035,Salbutamol Nebules,DRG-006,Respiratory,256,50,500,ampoules,2026-08-08,2027-09-02
PHC-RJ-JOD-035,Doxycycline 100mg,DRG-007,Antibiotic,1302,200,2000,tablets,2026-09-19,2027-03-26
PHC-RJ-JOD-035,Iron Folic Acid tablets,DRG-008,Supplement,2371,500,5000,tablets,2026-09-03,2026-11-13
PHC-RJ-JOD-035,Metformin 500mg,DRG-009,Anti-diabetic,809,300,3000,tablets,2026-08-17,2027-04-24
PHC-RJ-JOD-035,Amlodipine 5mg,DRG-010,Cardiovascular,627,200,2000,tablets,2026-08-12,2027-03-29
PHC-RJ-JOD-036,ORS Sachets,DRG-001,Essential,974,500,5000,sachets,2026-09-11,2026-11-28
PHC-RJ-JOD-036,Zinc Sulfate 20mg,DRG-002,Essential,1536,200,2000,tablets,2026-09-13,2026-11-17
PHC-RJ-JOD-036,Paracetamol 500mg,DRG-003,Analgesic,4106,1000,10000,tablets,2026-08-24,2026-11-17
PHC-RJ-JOD-036,Amoxicillin 500mg,DRG-004,Antibiotic,736,300,3000,capsules,2026-09-19,2027-05-19
PHC-RJ-JOD-036,Polyvalent Anti-Snake Venom (ASV),DRG-005,Antivenom,24,10,50,vials,2026-08-02,2027-01-28
PHC-RJ-JOD-036,Salbutamol Nebules,DRG-006,Respiratory,95,50,500,ampoules,2026-09-19,2027-07-18
PHC-RJ-JOD-036,Doxycycline 100mg,DRG-007,Antibiotic,745,200,2000,tablets,2026-08-22,2026-11-14
PHC-RJ-JOD-036,Iron Folic Acid tablets,DRG-008,Supplement,2937,500,5000,tablets,2026-08-20,2026-11-19
PHC-RJ-JOD-036,Metformin 500mg,DRG-009,Anti-diabetic,595,300,3000,tablets,2026-08-25,2027-07-14
PHC-RJ-JOD-036,Amlodipine 5mg,DRG-010,Cardiovascular,1721,200,2000,tablets,2026-09-08,2027-04-11
PHC-RJ-JOD-037,ORS Sachets,DRG-001,Essential,2458,500,5000,sachets,2026-08-02,2027-08-01
PHC-RJ-JOD-037,Zinc Sulfate 20mg,DRG-002,Essential,650,200,2000,tablets,2026-09-01,2027-06-30
PHC-RJ-JOD-037,Paracetamol 500mg,DRG-003,Analgesic,1114,1000,10000,tablets,2026-08-01,2026-12-14
PHC-RJ-JOD-037,Amoxicillin 500mg,DRG-004,Antibiotic,465,300,3000,capsules,2026-08-19,2027-05-22
PHC-RJ-JOD-037,Polyvalent Anti-Snake Venom (ASV),DRG-005,Antivenom,16,10,50,vials,2026-09-02,2027-03-14
PHC-RJ-JOD-037,Salbutamol Nebules,DRG-006,Respiratory,158,50,500,ampoules,2026-09-15,2027-03-28
PHC-RJ-JOD-037,Doxycycline 100mg,DRG-007,Antibiotic,334,200,2000,tablets,2026-09-18,2027-09-10
PHC-RJ-JOD-037,Iron Folic Acid tablets,DRG-008,Supplement,1128,500,5000,tablets,2026-08-16,2027-04-16
PHC-RJ-JOD-037,Metformin 500mg,DRG-009,Anti-diabetic,2573,300,3000,tablets,2026-08-12,2026-12-25
PHC-RJ-JOD-037,Amlodipine 5mg,DRG-010,Cardiovascular,1520,200,2000,tablets,2026-07-31,2027-07-02
PHC-RJ-JOD-038,ORS Sachets,DRG-001,Essential,44,500,5000,sachets,2026-08-21,2027-06-25
PHC-RJ-JOD-038,Zinc Sulfate 20mg,DRG-002,Essential,140,200,2000,tablets,2026-09-21,2027-01-05
PHC-RJ-JOD-038,Paracetamol 500mg,DRG-003,Analgesic,684,1000,10000,tablets,2026-08-17,2027-02-26
PHC-RJ-JOD-038,Amoxicillin 500mg,DRG-004,Antibiotic,115,300,3000,capsules,2026-09-15,2027-01-20
PHC-RJ-JOD-038,Polyvalent Anti-Snake Venom (ASV),DRG-005,Antivenom,5,10,50,vials,2026-08-10,2027-03-04
PHC-RJ-JOD-038,Salbutamol Nebules,DRG-006,Respiratory,14,50,500,ampoules,2026-08-22,2027-07-24
PHC-RJ-JOD-038,Doxycycline 100mg,DRG-007,Antibiotic,59,200,2000,tablets,2026-08-03,2027-01-14
PHC-RJ-JOD-038,Iron Folic Acid tablets,DRG-008,Supplement,365,500,5000,tablets,2026-08-06,2027-08-20
PHC-RJ-JOD-038,Metformin 500mg,DRG-009,Anti-diabetic,226,300,3000,tablets,2026-08-03,2027-07-23
PHC-RJ-JOD-038,Amlodipine 5mg,DRG-010,Cardiovascular,10,200,2000,tablets,2026-08-25,2027-07-19
PHC-RJ-JOD-039,ORS Sachets,DRG-001,Essential,3390,500,5000,sachets,2026-09-06,2027-05-07
PHC-RJ-JOD-039,Zinc Sulfate 20mg,DRG-002,Essential,761,200,2000,tablets,2026-08-06,2027-03-22
PHC-RJ-JOD-039,Paracetamol 500mg,DRG-003,Analgesic,9842,1000,10000,tablets,2026-09-03,2027-02-28
PHC-RJ-JOD-039,Amoxicillin 500mg,DRG-004,Antibiotic,2861,300,3000,capsules,2026-08-08,2027-08-04
PHC-RJ-JOD-039,Polyvalent Anti-Snake Venom (ASV),DRG-005,Antivenom,24,10,50,vials,2026-08-30,2027-05-27
PHC-RJ-JOD-039,Salbutamol Nebules,DRG-006,Respiratory,470,50,500,ampoules,2026-08-11,2027-02-16
PHC-RJ-JOD-039,Doxycycline 100mg,DRG-007,Antibiotic,531,200,2000,tablets,2026-09-20,2026-10-31
PHC-RJ-JOD-039,Iron Folic Acid tablets,DRG-008,Supplement,1602,500,5000,tablets,2026-09-16,2026-12-29
PHC-RJ-JOD-039,Metformin 500mg,DRG-009,Anti-diabetic,910,300,3000,tablets,2026-08-08,2027-08-17
PHC-RJ-JOD-039,Amlodipine 5mg,DRG-010,Cardiovascular,1189,200,2000,tablets,2026-08-24,2026-12-16
PHC-RJ-JOD-040,ORS Sachets,DRG-001,Essential,884,500,5000,sachets,2026-09-14,2027-08-15
PHC-RJ-JOD-040,Zinc Sulfate 20mg,DRG-002,Essential,1109,200,2000,tablets,2026-09-05,2027-08-27
PHC-RJ-JOD-040,Paracetamol 500mg,DRG-003,Analgesic,4196,1000,10000,tablets,2026-09-03,2027-01-03
PHC-RJ-JOD-040,Amoxicillin 500mg,DRG-004,Antibiotic,2854,300,3000,capsules,2026-08-17,2027-03-03
PHC-RJ-JOD-040,Polyvalent Anti-Snake Venom (ASV),DRG-005,Antivenom,16,10,50,vials,2026-09-24,2027-05-19
PHC-RJ-JOD-040,Salbutamol Nebules,DRG-006,Respiratory,495,50,500,ampoules,2026-08-08,2027-01-23
PHC-RJ-JOD-040,Doxycycline 100mg,DRG-007,Antibiotic,598,200,2000,tablets,2026-09-03,2027-04-26
PHC-RJ-JOD-040,Iron Folic Acid tablets,DRG-008,Supplement,3597,500,5000,tablets,2026-08-28,2027-09-17
PHC-RJ-JOD-040,Metformin 500mg,DRG-009,Anti-diabetic,2066,300,3000,tablets,2026-08-21,2027-08-31
PHC-RJ-JOD-040,Amlodipine 5mg,DRG-010,Cardiovascular,1421,200,2000,tablets,2026-08-16,2027-09-03
PHC-RJ-JOD-041,ORS Sachets,DRG-001,Essential,1110,500,5000,sachets,2026-08-19,2026-11-09
PHC-RJ-JOD-041,Zinc Sulfate 20mg,DRG-002,Essential,1655,200,2000,tablets,2026-08-27,2027-03-26
PHC-RJ-JOD-041,Paracetamol 500mg,DRG-003,Analgesic,3085,1000,10000,tablets,2026-09-05,2027-09-22
PHC-RJ-JOD-041,Amoxicillin 500mg,DRG-004,Antibiotic,2900,300,3000,capsules,2026-08-31,2027-06-22
PHC-RJ-JOD-041,Polyvalent Anti-Snake Venom (ASV),DRG-005,Antivenom,19,10,50,vials,2026-09-18,2027-05-08
PHC-RJ-JOD-041,Salbutamol Nebules,DRG-006,Respiratory,68,50,500,ampoules,2026-08-31,2026-12-11
PHC-RJ-JOD-041,Doxycycline 100mg,DRG-007,Antibiotic,1825,200,2000,tablets,2026-08-29,2027-08-03
PHC-RJ-JOD-041,Iron Folic Acid tablets,DRG-008,Supplement,1687,500,5000,tablets,2026-08-31,2027-01-03
PHC-RJ-JOD-041,Metformin 500mg,DRG-009,Anti-diabetic,506,300,3000,tablets,2026-09-09,2027-04-19
PHC-RJ-JOD-041,Amlodipine 5mg,DRG-010,Cardiovascular,303,200,2000,tablets,2026-09-12,2027-09-07
PHC-RJ-JOD-042,ORS Sachets,DRG-001,Essential,1084,500,5000,sachets,2026-08-25,2026-11-04
PHC-RJ-JOD-042,Zinc Sulfate 20mg,DRG-002,Essential,1199,200,2000,tablets,2026-08-23,2027-06-27
PHC-RJ-JOD-042,Paracetamol 500mg,DRG-003,Analgesic,5044,1000,10000,tablets,2026-08-02,2027-07-19
PHC-RJ-JOD-042,Amoxicillin 500mg,DRG-004,Antibiotic,2634,300,3000,capsules,2026-09-01,2027-09-27
PHC-RJ-JOD-042,Polyvalent Anti-Snake Venom (ASV),DRG-005,Antivenom,37,10,50,vials,2026-08-09,2027-05-14
PHC-RJ-JOD-042,Salbutamol Nebules,DRG-006,Respiratory,124,50,500,ampoules,2026-08-14,2027-04-29
PHC-RJ-JOD-042,Doxycycline 100mg,DRG-007,Antibiotic,1659,200,2000,tablets,2026-08-04,2026-11-26
PHC-RJ-JOD-042,Iron Folic Acid tablets,DRG-008,Supplement,3085,500,5000,tablets,2026-08-21,2026-11-26
PHC-RJ-JOD-042,Metformin 500mg,DRG-009,Anti-diabetic,672,300,3000,tablets,2026-09-12,2027-08-11
PHC-RJ-JOD-042,Amlodipine 5mg,DRG-010,Cardiovascular,1946,200,2000,tablets,2026-09-04,2027-07-25
PHC-RJ-UDA-043,ORS Sachets,DRG-001,Essential,2469,500,5000,sachets,2026-07-31,2027-01-25
PHC-RJ-UDA-043,Zinc Sulfate 20mg,DRG-002,Essential,1935,200,2000,tablets,2026-09-12,2027-01-15
PHC-RJ-UDA-043,Paracetamol 500mg,DRG-003,Analgesic,2478,1000,10000,tablets,2026-08-05,2026-11-20
PHC-RJ-UDA-043,Amoxicillin 500mg,DRG-004,Antibiotic,1655,300,3000,capsules,2026-09-15,2027-04-19
PHC-RJ-UDA-043,Polyvalent Anti-Snake Venom (ASV),DRG-005,Antivenom,47,10,50,vials,2026-08-28,2027-06-25
PHC-RJ-UDA-043,Salbutamol Nebules,DRG-006,Respiratory,286,50,500,ampoules,2026-08-20,2026-12-04
PHC-RJ-UDA-043,Doxycycline 100mg,DRG-007,Antibiotic,1550,200,2000,tablets,2026-09-12,2027-09-07
PHC-RJ-UDA-043,Iron Folic Acid tablets,DRG-008,Supplement,4709,500,5000,tablets,2026-08-31,2027-09-15
PHC-RJ-UDA-043,Metformin 500mg,DRG-009,Anti-diabetic,1894,300,3000,tablets,2026-08-11,2027-08-19
PHC-RJ-UDA-043,Amlodipine 5mg,DRG-010,Cardiovascular,987,200,2000,tablets,2026-09-01,2027-03-04
PHC-RJ-UDA-044,ORS Sachets,DRG-001,Essential,4254,500,5000,sachets,2026-08-15,2027-05-31
PHC-RJ-UDA-044,Zinc Sulfate 20mg,DRG-002,Essential,950,200,2000,tablets,2026-09-08,2027-04-20
PHC-RJ-UDA-044,Paracetamol 500mg,DRG-003,Analgesic,2127,1000,10000,tablets,2026-09-05,2027-04-26
PHC-RJ-UDA-044,Amoxicillin 500mg,DRG-004,Antibiotic,1380,300,3000,capsules,2026-08-15,2027-05-27
PHC-RJ-UDA-044,Polyvalent Anti-Snake Venom (ASV),DRG-005,Antivenom,24,10,50,vials,2026-09-12,2026-11-06
PHC-RJ-UDA-044,Salbutamol Nebules,DRG-006,Respiratory,362,50,500,ampoules,2026-08-25,2027-05-18
PHC-RJ-UDA-044,Doxycycline 100mg,DRG-007,Antibiotic,1985,200,2000,tablets,2026-08-12,2027-04-24
PHC-RJ-UDA-044,Iron Folic Acid tablets,DRG-008,Supplement,510,500,5000,tablets,2026-09-06,2026-12-13
PHC-RJ-UDA-044,Metformin 500mg,DRG-009,Anti-diabetic,2174,300,3000,tablets,2026-09-16,2027-01-17
PHC-RJ-UDA-044,Amlodipine 5mg,DRG-010,Cardiovascular,1435,200,2000,tablets,2026-08-05,2026-12-25
PHC-RJ-UDA-045,ORS Sachets,DRG-001,Essential,2797,500,5000,sachets,2026-08-27,2027-03-05
PHC-RJ-UDA-045,Zinc Sulfate 20mg,DRG-002,Essential,465,200,2000,tablets,2026-09-12,2027-06-07
PHC-RJ-UDA-045,Paracetamol 500mg,DRG-003,Analgesic,5947,1000,10000,tablets,2026-08-14,2027-03-31
PHC-RJ-UDA-045,Amoxicillin 500mg,DRG-004,Antibiotic,2441,300,3000,capsules,2026-07-31,2027-06-01
PHC-RJ-UDA-045,Polyvalent Anti-Snake Venom (ASV),DRG-005,Antivenom,44,10,50,vials,2026-08-02,2027-03-29
PHC-RJ-UDA-045,Salbutamol Nebules,DRG-006,Respiratory,249,50,500,ampoules,2026-08-11,2027-04-26
PHC-RJ-UDA-045,Doxycycline 100mg,DRG-007,Antibiotic,890,200,2000,tablets,2026-08-19,2027-08-05
PHC-RJ-UDA-045,Iron Folic Acid tablets,DRG-008,Supplement,4224,500,5000,tablets,2026-09-03,2027-08-17
PHC-RJ-UDA-045,Metformin 500mg,DRG-009,Anti-diabetic,1259,300,3000,tablets,2026-08-18,2027-03-22
PHC-RJ-UDA-045,Amlodipine 5mg,DRG-010,Cardiovascular,1372,200,2000,tablets,2026-08-28,2027-05-26
PHC-RJ-UDA-046,ORS Sachets,DRG-001,Essential,1852,500,5000,sachets,2026-08-16,2027-05-20
PHC-RJ-UDA-046,Zinc Sulfate 20mg,DRG-002,Essential,796,200,2000,tablets,2026-08-28,2027-05-20
PHC-RJ-UDA-046,Paracetamol 500mg,DRG-003,Analgesic,7422,1000,10000,tablets,2026-08-09,2027-04-14
PHC-RJ-UDA-046,Amoxicillin 500mg,DRG-004,Antibiotic,571,300,3000,capsules,2026-09-12,2027-01-19
PHC-RJ-UDA-046,Polyvalent Anti-Snake Venom (ASV),DRG-005,Antivenom,16,10,50,vials,2026-09-11,2027-01-26
PHC-RJ-UDA-046,Salbutamol Nebules,DRG-006,Respiratory,180,50,500,ampoules,2026-08-30,2027-06-06
PHC-RJ-UDA-046,Doxycycline 100mg,DRG-007,Antibiotic,1529,200,2000,tablets,2026-09-06,2027-04-20
PHC-RJ-UDA-046,Iron Folic Acid tablets,DRG-008,Supplement,1087,500,5000,tablets,2026-09-12,2027-02-16
PHC-RJ-UDA-046,Metformin 500mg,DRG-009,Anti-diabetic,2781,300,3000,tablets,2026-08-27,2027-04-16
PHC-RJ-UDA-046,Amlodipine 5mg,DRG-010,Cardiovascular,407,200,2000,tablets,2026-08-25,2027-07-21
PHC-RJ-UDA-047,ORS Sachets,DRG-001,Essential,2488,500,5000,sachets,2026-09-02,2027-03-06
PHC-RJ-UDA-047,Zinc Sulfate 20mg,DRG-002,Essential,1805,200,2000,tablets,2026-08-16,2027-07-28
PHC-RJ-UDA-047,Paracetamol 500mg,DRG-003,Analgesic,5982,1000,10000,tablets,2026-08-17,2027-02-13
PHC-RJ-UDA-047,Amoxicillin 500mg,DRG-004,Antibiotic,1296,300,3000,capsules,2026-09-22,2027-08-25
PHC-RJ-UDA-047,Polyvalent Anti-Snake Venom (ASV),DRG-005,Antivenom,30,10,50,vials,2026-08-06,2027-02-14
PHC-RJ-UDA-047,Salbutamol Nebules,DRG-006,Respiratory,185,50,500,ampoules,2026-08-12,2027-02-18
PHC-RJ-UDA-047,Doxycycline 100mg,DRG-007,Antibiotic,1224,200,2000,tablets,2026-08-04,2027-06-24
PHC-RJ-UDA-047,Iron Folic Acid tablets,DRG-008,Supplement,3658,500,5000,tablets,2026-08-18,2027-04-07
PHC-RJ-UDA-047,Metformin 500mg,DRG-009,Anti-diabetic,1619,300,3000,tablets,2026-08-27,2027-07-30
PHC-RJ-UDA-047,Amlodipine 5mg,DRG-010,Cardiovascular,281,200,2000,tablets,2026-09-05,2027-04-27
PHC-RJ-UDA-048,ORS Sachets,DRG-001,Essential,4512,500,5000,sachets,2026-09-18,2026-12-03
PHC-RJ-UDA-048,Zinc Sulfate 20mg,DRG-002,Essential,992,200,2000,tablets,2026-09-08,2027-01-03
PHC-RJ-UDA-048,Paracetamol 500mg,DRG-003,Analgesic,4578,1000,10000,tablets,2026-09-09,2027-02-16
PHC-RJ-UDA-048,Amoxicillin 500mg,DRG-004,Antibiotic,2273,300,3000,capsules,2026-09-20,2027-05-05
PHC-RJ-UDA-048,Polyvalent Anti-Snake Venom (ASV),DRG-005,Antivenom,40,10,50,vials,2026-08-25,2027-02-09
PHC-RJ-UDA-048,Salbutamol Nebules,DRG-006,Respiratory,244,50,500,ampoules,2026-09-15,2027-02-25
PHC-RJ-UDA-048,Doxycycline 100mg,DRG-007,Antibiotic,412,200,2000,tablets,2026-09-19,2027-06-23
PHC-RJ-UDA-048,Iron Folic Acid tablets,DRG-008,Supplement,4607,500,5000,tablets,2026-08-10,2027-09-21
PHC-RJ-UDA-048,Metformin 500mg,DRG-009,Anti-diabetic,1640,300,3000,tablets,2026-08-06,2027-02-16
PHC-RJ-UDA-048,Amlodipine 5mg,DRG-010,Cardiovascular,1568,200,2000,tablets,2026-09-22,2027-07-25
PHC-RJ-UDA-049,ORS Sachets,DRG-001,Essential,2067,500,5000,sachets,2026-09-12,2027-01-21
PHC-RJ-UDA-049,Zinc Sulfate 20mg,DRG-002,Essential,487,200,2000,tablets,2026-09-03,2026-11-13
PHC-RJ-UDA-049,Paracetamol 500mg,DRG-003,Analgesic,4394,1000,10000,tablets,2026-08-29,2027-04-18
PHC-RJ-UDA-049,Amoxicillin 500mg,DRG-004,Antibiotic,514,300,3000,capsules,2026-09-10,2027-04-29
PHC-RJ-UDA-049,Polyvalent Anti-Snake Venom (ASV),DRG-005,Antivenom,50,10,50,vials,2026-08-27,2026-12-30
PHC-RJ-UDA-049,Salbutamol Nebules,DRG-006,Respiratory,93,50,500,ampoules,2026-09-15,2027-09-24
PHC-RJ-UDA-049,Doxycycline 100mg,DRG-007,Antibiotic,1457,200,2000,tablets,2026-09-01,2026-12-30
PHC-RJ-UDA-049,Iron Folic Acid tablets,DRG-008,Supplement,2924,500,5000,tablets,2026-07-31,2026-11-22
PHC-RJ-UDA-049,Metformin 500mg,DRG-009,Anti-diabetic,2721,300,3000,tablets,2026-09-10,2026-11-13
PHC-RJ-UDA-049,Amlodipine 5mg,DRG-010,Cardiovascular,1144,200,2000,tablets,2026-09-07,2027-06-30
PHC-RJ-UDA-050,ORS Sachets,DRG-001,Essential,1690,500,5000,sachets,2026-08-21,2027-05-13
PHC-RJ-UDA-050,Zinc Sulfate 20mg,DRG-002,Essential,1570,200,2000,tablets,2026-09-20,2027-03-22
PHC-RJ-UDA-050,Paracetamol 500mg,DRG-003,Analgesic,8182,1000,10000,tablets,2026-09-24,2027-05-25
PHC-RJ-UDA-050,Amoxicillin 500mg,DRG-004,Antibiotic,2893,300,3000,capsules,2026-08-25,2027-09-13
PHC-RJ-UDA-050,Polyvalent Anti-Snake Venom (ASV),DRG-005,Antivenom,15,10,50,vials,2026-09-19,2027-06-21
PHC-RJ-UDA-050,Salbutamol Nebules,DRG-006,Respiratory,414,50,500,ampoules,2026-09-12,2027-03-28
PHC-RJ-UDA-050,Doxycycline 100mg,DRG-007,Antibiotic,1038,200,2000,tablets,2026-08-24,2027-07-19
PHC-RJ-UDA-050,Iron Folic Acid tablets,DRG-008,Supplement,3410,500,5000,tablets,2026-09-24,2027-07-20
PHC-RJ-UDA-050,Metformin 500mg,DRG-009,Anti-diabetic,972,300,3000,tablets,2026-09-19,2026-11-06
PHC-RJ-UDA-050,Amlodipine 5mg,DRG-010,Cardiovascular,1447,200,2000,tablets,2026-08-04,2027-08-05
PHC-RJ-UDA-051,ORS Sachets,DRG-001,Essential,1604,500,5000,sachets,2026-08-07,2026-11-12
PHC-RJ-UDA-051,Zinc Sulfate 20mg,DRG-002,Essential,806,200,2000,tablets,2026-08-15,2026-11-07
PHC-RJ-UDA-051,Paracetamol 500mg,DRG-003,Analgesic,3075,1000,10000,tablets,2026-08-21,2027-07-07
PHC-RJ-UDA-051,Amoxicillin 500mg,DRG-004,Antibiotic,2251,300,3000,capsules,2026-08-23,2027-07-26
PHC-RJ-UDA-051,Polyvalent Anti-Snake Venom (ASV),DRG-005,Antivenom,19,10,50,vials,2026-08-26,2027-05-17
PHC-RJ-UDA-051,Salbutamol Nebules,DRG-006,Respiratory,464,50,500,ampoules,2026-09-09,2027-07-26
PHC-RJ-UDA-051,Doxycycline 100mg,DRG-007,Antibiotic,1034,200,2000,tablets,2026-09-24,2027-05-13
PHC-RJ-UDA-051,Iron Folic Acid tablets,DRG-008,Supplement,2553,500,5000,tablets,2026-09-20,2027-07-22
PHC-RJ-UDA-051,Metformin 500mg,DRG-009,Anti-diabetic,2411,300,3000,tablets,2026-08-18,2027-06-25
PHC-RJ-UDA-051,Amlodipine 5mg,DRG-010,Cardiovascular,1286,200,2000,tablets,2026-09-17,2027-09-29
PHC-RJ-UDA-052,ORS Sachets,DRG-001,Essential,1577,500,5000,sachets,2026-09-15,2027-06-30
PHC-RJ-UDA-052,Zinc Sulfate 20mg,DRG-002,Essential,1539,200,2000,tablets,2026-08-13,2026-12-29
PHC-RJ-UDA-052,Paracetamol 500mg,DRG-003,Analgesic,2346,1000,10000,tablets,2026-08-13,2027-04-29
PHC-RJ-UDA-052,Amoxicillin 500mg,DRG-004,Antibiotic,2386,300,3000,capsules,2026-08-01,2026-11-03
PHC-RJ-UDA-052,Polyvalent Anti-Snake Venom (ASV),DRG-005,Antivenom,26,10,50,vials,2026-08-11,2027-09-26
PHC-RJ-UDA-052,Salbutamol Nebules,DRG-006,Respiratory,326,50,500,ampoules,2026-07-31,2027-06-09
PHC-RJ-UDA-052,Doxycycline 100mg,DRG-007,Antibiotic,1480,200,2000,tablets,2026-08-11,2027-05-24
PHC-RJ-UDA-052,Iron Folic Acid tablets,DRG-008,Supplement,538,500,5000,tablets,2026-08-25,2027-06-20
PHC-RJ-UDA-052,Metformin 500mg,DRG-009,Anti-diabetic,1890,300,3000,tablets,2026-08-13,2027-07-14
PHC-RJ-UDA-052,Amlodipine 5mg,DRG-010,Cardiovascular,1506,200,2000,tablets,2026-08-02,2026-11-06
PHC-RJ-UDA-053,ORS Sachets,DRG-001,Essential,4107,500,5000,sachets,2026-08-26,2026-11-24
PHC-RJ-UDA-053,Zinc Sulfate 20mg,DRG-002,Essential,1297,200,2000,tablets,2026-09-04,2026-11-21
PHC-RJ-UDA-053,Paracetamol 500mg,DRG-003,Analgesic,7772,1000,10000,tablets,2026-09-13,2027-02-26
PHC-RJ-UDA-053,Amoxicillin 500mg,DRG-004,Antibiotic,812,300,3000,capsules,2026-09-07,2027-06-10
PHC-RJ-UDA-053,Polyvalent Anti-Snake Venom (ASV),DRG-005,Antivenom,31,10,50,vials,2026-08-21,2027-04-30
PHC-RJ-UDA-053,Salbutamol Nebules,DRG-006,Respiratory,190,50,500,ampoules,2026-09-08,2027-07-28
PHC-RJ-UDA-053,Doxycycline 100mg,DRG-007,Antibiotic,655,200,2000,tablets,2026-09-17,2026-11-09
PHC-RJ-UDA-053,Iron Folic Acid tablets,DRG-008,Supplement,2753,500,5000,tablets,2026-08-12,2027-06-15
PHC-RJ-UDA-053,Metformin 500mg,DRG-009,Anti-diabetic,1560,300,3000,tablets,2026-09-09,2027-03-18
PHC-RJ-UDA-053,Amlodipine 5mg,DRG-010,Cardiovascular,1150,200,2000,tablets,2026-09-16,2027-03-15
PHC-RJ-UDA-054,ORS Sachets,DRG-001,Essential,454,500,5000,sachets,2026-08-27,2027-05-08
PHC-RJ-UDA-054,Zinc Sulfate 20mg,DRG-002,Essential,164,200,2000,tablets,2026-08-03,2027-07-09
PHC-RJ-UDA-054,Paracetamol 500mg,DRG-003,Analgesic,424,1000,10000,tablets,2026-09-02,2027-04-25
PHC-RJ-UDA-054,Amoxicillin 500mg,DRG-004,Antibiotic,57,300,3000,capsules,2026-08-27,2027-05-22
PHC-RJ-UDA-054,Polyvalent Anti-Snake Venom (ASV),DRG-005,Antivenom,6,10,50,vials,2026-09-06,2027-04-07
PHC-RJ-UDA-054,Salbutamol Nebules,DRG-006,Respiratory,16,50,500,ampoules,2026-09-08,2026-12-14
PHC-RJ-UDA-054,Doxycycline 100mg,DRG-007,Antibiotic,98,200,2000,tablets,2026-08-09,2027-02-10
PHC-RJ-UDA-054,Iron Folic Acid tablets,DRG-008,Supplement,40,500,5000,tablets,2026-09-18,2027-06-13
PHC-RJ-UDA-054,Metformin 500mg,DRG-009,Anti-diabetic,96,300,3000,tablets,2026-09-14,2027-05-17
PHC-RJ-UDA-054,Amlodipine 5mg,DRG-010,Cardiovascular,32,200,2000,tablets,2026-08-25,2027-06-05
PHC-RJ-UDA-055,ORS Sachets,DRG-001,Essential,2401,500,5000,sachets,2026-08-23,2027-08-20
PHC-RJ-UDA-055,Zinc Sulfate 20mg,DRG-002,Essential,1592,200,2000,tablets,2026-08-27,2027-08-06
PHC-RJ-UDA-055,Paracetamol 500mg,DRG-003,Analgesic,6582,1000,10000,tablets,2026-08-15,2027-03-25
PHC-RJ-UDA-055,Amoxicillin 500mg,DRG-004,Antibiotic,2094,300,3000,capsules,2026-08-18,2027-07-18
PHC-RJ-UDA-055,Polyvalent Anti-Snake Venom (ASV),DRG-005,Antivenom,39,10,50,vials,2026-09-12,2026-12-30
PHC-RJ-UDA-055,Salbutamol Nebules,DRG-006,Respiratory,149,50,500,ampoules,2026-08-21,2027-03-18
PHC-RJ-UDA-055,Doxycycline 100mg,DRG-007,Antibiotic,1796,200,2000,tablets,2026-08-03,2027-08-24
PHC-RJ-UDA-055,Iron Folic Acid tablets,DRG-008,Supplement,3249,500,5000,tablets,2026-08-13,2027-04-10
PHC-RJ-UDA-055,Metformin 500mg,DRG-009,Anti-diabetic,1695,300,3000,tablets,2026-09-03,2027-02-11
PHC-RJ-UDA-055,Amlodipine 5mg,DRG-010,Cardiovascular,793,200,2000,tablets,2026-09-22,2027-06-24
PHC-RJ-UDA-056,ORS Sachets,DRG-001,Essential,2866,500,5000,sachets,2026-09-03,2026-12-09
PHC-RJ-UDA-056,Zinc Sulfate 20mg,DRG-002,Essential,1114,200,2000,tablets,2026-08-29,2027-03-23
PHC-RJ-UDA-056,Paracetamol 500mg,DRG-003,Analgesic,9902,1000,10000,tablets,2026-09-13,2027-07-26
PHC-RJ-UDA-056,Amoxicillin 500mg,DRG-004,Antibiotic,2040,300,3000,capsules,2026-09-06,2026-12-20
PHC-RJ-UDA-056,Polyvalent Anti-Snake Venom (ASV),DRG-005,Antivenom,29,10,50,vials,2026-09-21,2027-01-03
PHC-RJ-UDA-056,Salbutamol Nebules,DRG-006,Respiratory,251,50,500,ampoules,2026-08-03,2027-05-15
PHC-RJ-UDA-056,Doxycycline 100mg,DRG-007,Antibiotic,1155,200,2000,tablets,2026-08-29,2026-11-11
PHC-RJ-UDA-056,Iron Folic Acid tablets,DRG-008,Supplement,3646,500,5000,tablets,2026-09-17,2027-04-20
PHC-RJ-UDA-056,Metformin 500mg,DRG-009,Anti-diabetic,1338,300,3000,tablets,2026-08-23,2027-07-30
PHC-RJ-UDA-056,Amlodipine 5mg,DRG-010,Cardiovascular,608,200,2000,tablets,2026-09-08,2027-07-27
PHC-RJ-UDA-057,ORS Sachets,DRG-001,Essential,82,500,5000,sachets,2026-09-16,2027-08-20
PHC-RJ-UDA-057,Zinc Sulfate 20mg,DRG-002,Essential,191,200,2000,tablets,2026-08-28,2026-12-11
PHC-RJ-UDA-057,Paracetamol 500mg,DRG-003,Analgesic,413,1000,10000,tablets,2026-08-13,2027-09-05
PHC-RJ-UDA-057,Amoxicillin 500mg,DRG-004,Antibiotic,143,300,3000,capsules,2026-09-12,2027-06-12
PHC-RJ-UDA-057,Polyvalent Anti-Snake Venom (ASV),DRG-005,Antivenom,8,10,50,vials,2026-09-04,2027-07-15
PHC-RJ-UDA-057,Salbutamol Nebules,DRG-006,Respiratory,4,50,500,ampoules,2026-09-24,2027-02-02
PHC-RJ-UDA-057,Doxycycline 100mg,DRG-007,Antibiotic,168,200,2000,tablets,2026-09-19,2026-12-21
PHC-RJ-UDA-057,Iron Folic Acid tablets,DRG-008,Supplement,322,500,5000,tablets,2026-08-31,2026-11-14
PHC-RJ-UDA-057,Metformin 500mg,DRG-009,Anti-diabetic,155,300,3000,tablets,2026-09-12,2027-05-15
PHC-RJ-UDA-057,Amlodipine 5mg,DRG-010,Cardiovascular,9,200,2000,tablets,2026-08-15,2027-02-27
PHC-RJ-UDA-058,ORS Sachets,DRG-001,Essential,4795,500,5000,sachets,2026-08-20,2027-01-11
PHC-RJ-UDA-058,Zinc Sulfate 20mg,DRG-002,Essential,1605,200,2000,tablets,2026-09-10,2027-03-18
PHC-RJ-UDA-058,Paracetamol 500mg,DRG-003,Analgesic,5733,1000,10000,tablets,2026-08-22,2027-05-08
PHC-RJ-UDA-058,Amoxicillin 500mg,DRG-004,Antibiotic,2663,300,3000,capsules,2026-07-31,2027-06-13
PHC-RJ-UDA-058,Polyvalent Anti-Snake Venom (ASV),DRG-005,Antivenom,38,10,50,vials,2026-08-31,2027-03-28
PHC-RJ-UDA-058,Salbutamol Nebules,DRG-006,Respiratory,175,50,500,ampoules,2026-09-18,2027-06-20
PHC-RJ-UDA-058,Doxycycline 100mg,DRG-007,Antibiotic,769,200,2000,tablets,2026-08-21,2027-06-20
PHC-RJ-UDA-058,Iron Folic Acid tablets,DRG-008,Supplement,4474,500,5000,tablets,2026-09-17,2027-08-15
PHC-RJ-UDA-058,Metformin 500mg,DRG-009,Anti-diabetic,887,300,3000,tablets,2026-08-14,2027-01-25
PHC-RJ-UDA-058,Amlodipine 5mg,DRG-010,Cardiovascular,1917,200,2000,tablets,2026-08-17,2027-08-01
PHC-RJ-UDA-059,ORS Sachets,DRG-001,Essential,3105,500,5000,sachets,2026-08-21,2027-09-17
PHC-RJ-UDA-059,Zinc Sulfate 20mg,DRG-002,Essential,1712,200,2000,tablets,2026-09-20,2027-07-07
PHC-RJ-UDA-059,Paracetamol 500mg,DRG-003,Analgesic,6726,1000,10000,tablets,2026-08-05,2027-02-11
PHC-RJ-UDA-059,Amoxicillin 500mg,DRG-004,Antibiotic,361,300,3000,capsules,2026-09-11,2026-11-19
PHC-RJ-UDA-059,Polyvalent Anti-Snake Venom (ASV),DRG-005,Antivenom,34,10,50,vials,2026-09-11,2026-11-02
PHC-RJ-UDA-059,Salbutamol Nebules,DRG-006,Respiratory,98,50,500,ampoules,2026-09-08,2027-07-30
PHC-RJ-UDA-059,Doxycycline 100mg,DRG-007,Antibiotic,299,200,2000,tablets,2026-09-17,2027-01-09
PHC-RJ-UDA-059,Iron Folic Acid tablets,DRG-008,Supplement,624,500,5000,tablets,2026-09-18,2027-04-15
PHC-RJ-UDA-059,Metformin 500mg,DRG-009,Anti-diabetic,2662,300,3000,tablets,2026-08-26,2026-12-26
PHC-RJ-UDA-059,Amlodipine 5mg,DRG-010,Cardiovascular,1987,200,2000,tablets,2026-08-18,2027-08-11
PHC-RJ-UDA-060,ORS Sachets,DRG-001,Essential,627,500,5000,sachets,2026-08-29,2027-02-01
PHC-RJ-UDA-060,Zinc Sulfate 20mg,DRG-002,Essential,423,200,2000,tablets,2026-08-24,2027-02-24
PHC-RJ-UDA-060,Paracetamol 500mg,DRG-003,Analgesic,9416,1000,10000,tablets,2026-08-26,2027-03-18
PHC-RJ-UDA-060,Amoxicillin 500mg,DRG-004,Antibiotic,1001,300,3000,capsules,2026-08-03,2027-02-26
PHC-RJ-UDA-060,Polyvalent Anti-Snake Venom (ASV),DRG-005,Antivenom,44,10,50,vials,2026-08-01,2027-04-14
PHC-RJ-UDA-060,Salbutamol Nebules,DRG-006,Respiratory,221,50,500,ampoules,2026-08-04,2027-04-18
PHC-RJ-UDA-060,Doxycycline 100mg,DRG-007,Antibiotic,916,200,2000,tablets,2026-08-15,2027-09-21
PHC-RJ-UDA-060,Iron Folic Acid tablets,DRG-008,Supplement,4660,500,5000,tablets,2026-09-02,2027-07-03
PHC-RJ-UDA-060,Metformin 500mg,DRG-009,Anti-diabetic,904,300,3000,tablets,2026-08-23,2027-02-06
PHC-RJ-UDA-060,Amlodipine 5mg,DRG-010,Cardiovascular,1843,200,2000,tablets,2026-09-23,2027-09-10
PHC-RJ-UDA-061,ORS Sachets,DRG-001,Essential,400,500,5000,sachets,2026-08-12,2027-03-16
PHC-RJ-UDA-061,Zinc Sulfate 20mg,DRG-002,Essential,44,200,2000,tablets,2026-08-27,2027-02-19
PHC-RJ-UDA-061,Paracetamol 500mg,DRG-003,Analgesic,8,1000,10000,tablets,2026-09-20,2027-01-18
PHC-RJ-UDA-061,Amoxicillin 500mg,DRG-004,Antibiotic,36,300,3000,capsules,2026-09-08,2027-09-03
PHC-RJ-UDA-061,Polyvalent Anti-Snake Venom (ASV),DRG-005,Antivenom,6,10,50,vials,2026-09-18,2027-02-21
PHC-RJ-UDA-061,Salbutamol Nebules,DRG-006,Respiratory,43,50,500,ampoules,2026-08-21,2026-11-30
PHC-RJ-UDA-061,Doxycycline 100mg,DRG-007,Antibiotic,79,200,2000,tablets,2026-08-30,2027-08-23
PHC-RJ-UDA-061,Iron Folic Acid tablets,DRG-008,Supplement,340,500,5000,tablets,2026-09-16,2027-06-12
PHC-RJ-UDA-061,Metformin 500mg,DRG-009,Anti-diabetic,37,300,3000,tablets,2026-08-15,2027-05-01
PHC-RJ-UDA-061,Amlodipine 5mg,DRG-010,Cardiovascular,28,200,2000,tablets,2026-09-18,2026-10-29
PHC-RJ-UDA-062,ORS Sachets,DRG-001,Essential,4740,500,5000,sachets,2026-08-21,2027-04-05
PHC-RJ-UDA-062,Zinc Sulfate 20mg,DRG-002,Essential,1201,200,2000,tablets,2026-08-11,2027-08-24
PHC-RJ-UDA-062,Paracetamol 500mg,DRG-003,Analgesic,9734,1000,10000,tablets,2026-09-11,2027-09-02
PHC-RJ-UDA-062,Amoxicillin 500mg,DRG-004,Antibiotic,441,300,3000,capsules,2026-09-19,2026-12-29
PHC-RJ-UDA-062,Polyvalent Anti-Snake Venom (ASV),DRG-005,Antivenom,12,10,50,vials,2026-08-30,2027-07-28
PHC-RJ-UDA-062,Salbutamol Nebules,DRG-006,Respiratory,450,50,500,ampoules,2026-08-03,2027-08-25
PHC-RJ-UDA-062,Doxycycline 100mg,DRG-007,Antibiotic,1134,200,2000,tablets,2026-09-18,2027-01-27
PHC-RJ-UDA-062,Iron Folic Acid tablets,DRG-008,Supplement,3788,500,5000,tablets,2026-09-03,2027-07-07
PHC-RJ-UDA-062,Metformin 500mg,DRG-009,Anti-diabetic,2369,300,3000,tablets,2026-08-15,2027-05-16
PHC-RJ-UDA-062,Amlodipine 5mg,DRG-010,Cardiovascular,1121,200,2000,tablets,2026-08-23,2027-04-05
PHC-RJ-UDA-063,ORS Sachets,DRG-001,Essential,3766,500,5000,sachets,2026-08-12,2027-08-17
PHC-RJ-UDA-063,Zinc Sulfate 20mg,DRG-002,Essential,1266,200,2000,tablets,2026-08-28,2027-09-01
PHC-RJ-UDA-063,Paracetamol 500mg,DRG-003,Analgesic,3322,1000,10000,tablets,2026-08-22,2027-05-16
PHC-RJ-UDA-063,Amoxicillin 500mg,DRG-004,Antibiotic,659,300,3000,capsules,2026-09-10,2027-07-22
PHC-RJ-UDA-063,Polyvalent Anti-Snake Venom (ASV),DRG-005,Antivenom,38,10,50,vials,2026-08-29,2027-08-29
PHC-RJ-UDA-063,Salbutamol Nebules,DRG-006,Respiratory,123,50,500,ampoules,2026-08-15,2027-02-23
PHC-RJ-UDA-063,Doxycycline 100mg,DRG-007,Antibiotic,1883,200,2000,tablets,2026-07-31,2027-06-01
PHC-RJ-UDA-063,Iron Folic Acid tablets,DRG-008,Supplement,3089,500,5000,tablets,2026-08-27,2027-02-02
PHC-RJ-UDA-063,Metformin 500mg,DRG-009,Anti-diabetic,1589,300,3000,tablets,2026-09-07,2027-06-30
PHC-RJ-UDA-063,Amlodipine 5mg,DRG-010,Cardiovascular,1408,200,2000,tablets,2026-09-24,2027-04-03
PHC-RJ-AJM-064,ORS Sachets,DRG-001,Essential,2935,500,5000,sachets,2026-09-07,2027-06-19
PHC-RJ-AJM-064,Zinc Sulfate 20mg,DRG-002,Essential,992,200,2000,tablets,2026-09-16,2027-06-09
PHC-RJ-AJM-064,Paracetamol 500mg,DRG-003,Analgesic,6983,1000,10000,tablets,2026-08-19,2027-05-09
PHC-RJ-AJM-064,Amoxicillin 500mg,DRG-004,Antibiotic,1484,300,3000,capsules,2026-09-06,2027-01-17
PHC-RJ-AJM-064,Polyvalent Anti-Snake Venom (ASV),DRG-005,Antivenom,28,10,50,vials,2026-09-06,2027-07-02
PHC-RJ-AJM-064,Salbutamol Nebules,DRG-006,Respiratory,222,50,500,ampoules,2026-08-06,2027-07-04
PHC-RJ-AJM-064,Doxycycline 100mg,DRG-007,Antibiotic,1093,200,2000,tablets,2026-08-26,2027-04-25
PHC-RJ-AJM-064,Iron Folic Acid tablets,DRG-008,Supplement,4455,500,5000,tablets,2026-08-05,2027-04-12
PHC-RJ-AJM-064,Metformin 500mg,DRG-009,Anti-diabetic,1760,300,3000,tablets,2026-09-22,2027-06-10
PHC-RJ-AJM-064,Amlodipine 5mg,DRG-010,Cardiovascular,1504,200,2000,tablets,2026-08-15,2027-04-22
PHC-RJ-AJM-065,ORS Sachets,DRG-001,Essential,2833,500,5000,sachets,2026-08-01,2027-01-24
PHC-RJ-AJM-065,Zinc Sulfate 20mg,DRG-002,Essential,1928,200,2000,tablets,2026-08-05,2027-08-30
PHC-RJ-AJM-065,Paracetamol 500mg,DRG-003,Analgesic,7601,1000,10000,tablets,2026-08-29,2026-11-21
PHC-RJ-AJM-065,Amoxicillin 500mg,DRG-004,Antibiotic,2969,300,3000,capsules,2026-08-19,2026-12-22
PHC-RJ-AJM-065,Polyvalent Anti-Snake Venom (ASV),DRG-005,Antivenom,40,10,50,vials,2026-09-03,2027-02-17
PHC-RJ-AJM-065,Salbutamol Nebules,DRG-006,Respiratory,427,50,500,ampoules,2026-08-07,2027-01-11
PHC-RJ-AJM-065,Doxycycline 100mg,DRG-007,Antibiotic,798,200,2000,tablets,2026-08-02,2027-07-13
PHC-RJ-AJM-065,Iron Folic Acid tablets,DRG-008,Supplement,1087,500,5000,tablets,2026-09-21,2026-12-23
PHC-RJ-AJM-065,Metformin 500mg,DRG-009,Anti-diabetic,2526,300,3000,tablets,2026-08-08,2027-09-07
PHC-RJ-AJM-065,Amlodipine 5mg,DRG-010,Cardiovascular,1922,200,2000,tablets,2026-08-30,2027-05-09
PHC-RJ-AJM-066,ORS Sachets,DRG-001,Essential,1038,500,5000,sachets,2026-08-14,2026-12-14
PHC-RJ-AJM-066,Zinc Sulfate 20mg,DRG-002,Essential,975,200,2000,tablets,2026-09-20,2027-06-02
PHC-RJ-AJM-066,Paracetamol 500mg,DRG-003,Analgesic,4517,1000,10000,tablets,2026-08-17,2026-12-24
PHC-RJ-AJM-066,Amoxicillin 500mg,DRG-004,Antibiotic,1248,300,3000,capsules,2026-08-08,2026-11-21
PHC-RJ-AJM-066,Polyvalent Anti-Snake Venom (ASV),DRG-005,Antivenom,20,10,50,vials,2026-08-28,2027-04-24
PHC-RJ-AJM-066,Salbutamol Nebules,DRG-006,Respiratory,458,50,500,ampoules,2026-09-12,2027-04-20
PHC-RJ-AJM-066,Doxycycline 100mg,DRG-007,Antibiotic,385,200,2000,tablets,2026-09-05,2027-03-03
PHC-RJ-AJM-066,Iron Folic Acid tablets,DRG-008,Supplement,2778,500,5000,tablets,2026-08-24,2027-01-14
PHC-RJ-AJM-066,Metformin 500mg,DRG-009,Anti-diabetic,2460,300,3000,tablets,2026-09-12,2027-07-27
PHC-RJ-AJM-066,Amlodipine 5mg,DRG-010,Cardiovascular,499,200,2000,tablets,2026-08-07,2026-11-21
PHC-RJ-AJM-067,ORS Sachets,DRG-001,Essential,4807,500,5000,sachets,2026-09-21,2027-04-12
PHC-RJ-AJM-067,Zinc Sulfate 20mg,DRG-002,Essential,246,200,2000,tablets,2026-09-06,2026-12-18
PHC-RJ-AJM-067,Paracetamol 500mg,DRG-003,Analgesic,6121,1000,10000,tablets,2026-08-25,2027-02-20
PHC-RJ-AJM-067,Amoxicillin 500mg,DRG-004,Antibiotic,1180,300,3000,capsules,2026-08-20,2027-03-31
PHC-RJ-AJM-067,Polyvalent Anti-Snake Venom (ASV),DRG-005,Antivenom,46,10,50,vials,2026-08-31,2027-05-05
PHC-RJ-AJM-067,Salbutamol Nebules,DRG-006,Respiratory,54,50,500,ampoules,2026-09-19,2026-12-31
PHC-RJ-AJM-067,Doxycycline 100mg,DRG-007,Antibiotic,628,200,2000,tablets,2026-09-23,2027-08-22
PHC-RJ-AJM-067,Iron Folic Acid tablets,DRG-008,Supplement,986,500,5000,tablets,2026-08-19,2027-08-02
PHC-RJ-AJM-067,Metformin 500mg,DRG-009,Anti-diabetic,1243,300,3000,tablets,2026-09-22,2027-05-18
PHC-RJ-AJM-067,Amlodipine 5mg,DRG-010,Cardiovascular,1028,200,2000,tablets,2026-08-16,2027-06-07
PHC-RJ-AJM-068,ORS Sachets,DRG-001,Essential,1479,500,5000,sachets,2026-09-23,2027-08-08
PHC-RJ-AJM-068,Zinc Sulfate 20mg,DRG-002,Essential,218,200,2000,tablets,2026-08-24,2027-08-19
PHC-RJ-AJM-068,Paracetamol 500mg,DRG-003,Analgesic,8529,1000,10000,tablets,2026-09-05,2027-07-22
PHC-RJ-AJM-068,Amoxicillin 500mg,DRG-004,Antibiotic,2706,300,3000,capsules,2026-09-12,2027-09-04
PHC-RJ-AJM-068,Polyvalent Anti-Snake Venom (ASV),DRG-005,Antivenom,21,10,50,vials,2026-09-16,2027-07-05
PHC-RJ-AJM-068,Salbutamol Nebules,DRG-006,Respiratory,333,50,500,ampoules,2026-09-20,2026-12-31
PHC-RJ-AJM-068,Doxycycline 100mg,DRG-007,Antibiotic,780,200,2000,tablets,2026-09-22,2026-12-26
PHC-RJ-AJM-068,Iron Folic Acid tablets,DRG-008,Supplement,1235,500,5000,tablets,2026-09-19,2027-03-10
PHC-RJ-AJM-068,Metformin 500mg,DRG-009,Anti-diabetic,2142,300,3000,tablets,2026-08-02,2027-02-02
PHC-RJ-AJM-068,Amlodipine 5mg,DRG-010,Cardiovascular,1824,200,2000,tablets,2026-08-01,2027-07-27
PHC-RJ-AJM-069,ORS Sachets,DRG-001,Essential,223,500,5000,sachets,2026-08-10,2027-03-17
PHC-RJ-AJM-069,Zinc Sulfate 20mg,DRG-002,Essential,47,200,2000,tablets,2026-08-13,2026-12-14
PHC-RJ-AJM-069,Paracetamol 500mg,DRG-003,Analgesic,513,1000,10000,tablets,2026-08-08,2027-04-25
PHC-RJ-AJM-069,Amoxicillin 500mg,DRG-004,Antibiotic,54,300,3000,capsules,2026-09-21,2027-03-28
PHC-RJ-AJM-069,Polyvalent Anti-Snake Venom (ASV),DRG-005,Antivenom,4,10,50,vials,2026-08-19,2027-01-18
PHC-RJ-AJM-069,Salbutamol Nebules,DRG-006,Respiratory,43,50,500,ampoules,2026-09-03,2027-03-10
PHC-RJ-AJM-069,Doxycycline 100mg,DRG-007,Antibiotic,168,200,2000,tablets,2026-08-19,2026-12-04
PHC-RJ-AJM-069,Iron Folic Acid tablets,DRG-008,Supplement,387,500,5000,tablets,2026-08-20,2027-03-29
PHC-RJ-AJM-069,Metformin 500mg,DRG-009,Anti-diabetic,29,300,3000,tablets,2026-08-31,2027-06-03
PHC-RJ-AJM-069,Amlodipine 5mg,DRG-010,Cardiovascular,152,200,2000,tablets,2026-08-24,2027-04-21
PHC-RJ-AJM-070,ORS Sachets,DRG-001,Essential,993,500,5000,sachets,2026-09-13,2026-12-25
PHC-RJ-AJM-070,Zinc Sulfate 20mg,DRG-002,Essential,862,200,2000,tablets,2026-09-13,2027-04-04
PHC-RJ-AJM-070,Paracetamol 500mg,DRG-003,Analgesic,8693,1000,10000,tablets,2026-08-12,2027-09-16
PHC-RJ-AJM-070,Amoxicillin 500mg,DRG-004,Antibiotic,1831,300,3000,capsules,2026-08-18,2027-06-18
PHC-RJ-AJM-070,Polyvalent Anti-Snake Venom (ASV),DRG-005,Antivenom,41,10,50,vials,2026-08-01,2026-10-30
PHC-RJ-AJM-070,Salbutamol Nebules,DRG-006,Respiratory,399,50,500,ampoules,2026-08-05,2027-08-12
PHC-RJ-AJM-070,Doxycycline 100mg,DRG-007,Antibiotic,1305,200,2000,tablets,2026-08-21,2026-12-19
PHC-RJ-AJM-070,Iron Folic Acid tablets,DRG-008,Supplement,738,500,5000,tablets,2026-09-14,2027-04-12
PHC-RJ-AJM-070,Metformin 500mg,DRG-009,Anti-diabetic,410,300,3000,tablets,2026-08-31,2026-12-03
PHC-RJ-AJM-070,Amlodipine 5mg,DRG-010,Cardiovascular,1495,200,2000,tablets,2026-09-13,2027-02-05
PHC-RJ-AJM-071,ORS Sachets,DRG-001,Essential,4231,500,5000,sachets,2026-08-15,2027-02-25
PHC-RJ-AJM-071,Zinc Sulfate 20mg,DRG-002,Essential,647,200,2000,tablets,2026-09-06,2027-01-06
PHC-RJ-AJM-071,Paracetamol 500mg,DRG-003,Analgesic,2477,1000,10000,tablets,2026-09-02,2027-02-27
PHC-RJ-AJM-071,Amoxicillin 500mg,DRG-004,Antibiotic,2356,300,3000,capsules,2026-08-12,2027-07-13
PHC-RJ-AJM-071,Polyvalent Anti-Snake Venom (ASV),DRG-005,Antivenom,50,10,50,vials,2026-08-23,2027-08-08
PHC-RJ-AJM-071,Salbutamol Nebules,DRG-006,Respiratory,157,50,500,ampoules,2026-08-15,2027-08-26
PHC-RJ-AJM-071,Doxycycline 100mg,DRG-007,Antibiotic,1704,200,2000,tablets,2026-08-01,2027-03-12
PHC-RJ-AJM-071,Iron Folic Acid tablets,DRG-008,Supplement,2210,500,5000,tablets,2026-08-07,2027-09-07
PHC-RJ-AJM-071,Metformin 500mg,DRG-009,Anti-diabetic,1522,300,3000,tablets,2026-08-24,2027-01-29
PHC-RJ-AJM-071,Amlodipine 5mg,DRG-010,Cardiovascular,1703,200,2000,tablets,2026-09-11,2027-05-26
PHC-RJ-AJM-072,ORS Sachets,DRG-001,Essential,2471,500,5000,sachets,2026-08-04,2026-11-20
PHC-RJ-AJM-072,Zinc Sulfate 20mg,DRG-002,Essential,2000,200,2000,tablets,2026-08-20,2027-08-13
PHC-RJ-AJM-072,Paracetamol 500mg,DRG-003,Analgesic,4192,1000,10000,tablets,2026-08-05,2027-05-23
PHC-RJ-AJM-072,Amoxicillin 500mg,DRG-004,Antibiotic,2151,300,3000,capsules,2026-09-18,2027-01-04
PHC-RJ-AJM-072,Polyvalent Anti-Snake Venom (ASV),DRG-005,Antivenom,30,10,50,vials,2026-09-09,2027-07-05
PHC-RJ-AJM-072,Salbutamol Nebules,DRG-006,Respiratory,490,50,500,ampoules,2026-08-04,2026-12-05
PHC-RJ-AJM-072,Doxycycline 100mg,DRG-007,Antibiotic,1055,200,2000,tablets,2026-09-24,2027-02-03
PHC-RJ-AJM-072,Iron Folic Acid tablets,DRG-008,Supplement,2585,500,5000,tablets,2026-08-18,2027-09-21
PHC-RJ-AJM-072,Metformin 500mg,DRG-009,Anti-diabetic,725,300,3000,tablets,2026-09-17,2027-05-25
PHC-RJ-AJM-072,Amlodipine 5mg,DRG-010,Cardiovascular,1801,200,2000,tablets,2026-09-10,2026-12-12
PHC-RJ-AJM-073,ORS Sachets,DRG-001,Essential,834,500,5000,sachets,2026-09-18,2027-09-27
PHC-RJ-AJM-073,Zinc Sulfate 20mg,DRG-002,Essential,1145,200,2000,tablets,2026-08-02,2027-05-15
PHC-RJ-AJM-073,Paracetamol 500mg,DRG-003,Analgesic,5503,1000,10000,tablets,2026-08-05,2026-11-08
PHC-RJ-AJM-073,Amoxicillin 500mg,DRG-004,Antibiotic,1671,300,3000,capsules,2026-08-18,2026-12-26
PHC-RJ-AJM-073,Polyvalent Anti-Snake Venom (ASV),DRG-005,Antivenom,17,10,50,vials,2026-09-08,2026-12-28
PHC-RJ-AJM-073,Salbutamol Nebules,DRG-006,Respiratory,349,50,500,ampoules,2026-09-02,2027-02-14
PHC-RJ-AJM-073,Doxycycline 100mg,DRG-007,Antibiotic,934,200,2000,tablets,2026-07-31,2027-05-30
PHC-RJ-AJM-073,Iron Folic Acid tablets,DRG-008,Supplement,1870,500,5000,tablets,2026-08-24,2027-07-18
PHC-RJ-AJM-073,Metformin 500mg,DRG-009,Anti-diabetic,980,300,3000,tablets,2026-09-12,2027-08-03
PHC-RJ-AJM-073,Amlodipine 5mg,DRG-010,Cardiovascular,1695,200,2000,tablets,2026-08-01,2027-08-23
PHC-RJ-AJM-074,ORS Sachets,DRG-001,Essential,1139,500,5000,sachets,2026-08-12,2027-02-14
PHC-RJ-AJM-074,Zinc Sulfate 20mg,DRG-002,Essential,618,200,2000,tablets,2026-09-03,2026-12-06
PHC-RJ-AJM-074,Paracetamol 500mg,DRG-003,Analgesic,9500,1000,10000,tablets,2026-08-30,2026-10-31
PHC-RJ-AJM-074,Amoxicillin 500mg,DRG-004,Antibiotic,1188,300,3000,capsules,2026-09-22,2027-03-07
PHC-RJ-AJM-074,Polyvalent Anti-Snake Venom (ASV),DRG-005,Antivenom,45,10,50,vials,2026-09-12,2027-02-01
PHC-RJ-AJM-074,Salbutamol Nebules,DRG-006,Respiratory,432,50,500,ampoules,2026-09-13,2027-05-25
PHC-RJ-AJM-074,Doxycycline 100mg,DRG-007,Antibiotic,521,200,2000,tablets,2026-08-15,2027-05-11
PHC-RJ-AJM-074,Iron Folic Acid tablets,DRG-008,Supplement,1092,500,5000,tablets,2026-08-19,2027-06-08
PHC-RJ-AJM-074,Metformin 500mg,DRG-009,Anti-diabetic,1545,300,3000,tablets,2026-08-24,2027-08-03
PHC-RJ-AJM-074,Amlodipine 5mg,DRG-010,Cardiovascular,1064,200,2000,tablets,2026-08-19,2026-12-16
PHC-RJ-AJM-075,ORS Sachets,DRG-001,Essential,2249,500,5000,sachets,2026-08-09,2026-11-29
PHC-RJ-AJM-075,Zinc Sulfate 20mg,DRG-002,Essential,1524,200,2000,tablets,2026-08-16,2026-12-10
PHC-RJ-AJM-075,Paracetamol 500mg,DRG-003,Analgesic,5368,1000,10000,tablets,2026-08-14,2027-09-15
PHC-RJ-AJM-075,Amoxicillin 500mg,DRG-004,Antibiotic,2485,300,3000,capsules,2026-09-15,2027-01-15
PHC-RJ-AJM-075,Polyvalent Anti-Snake Venom (ASV),DRG-005,Antivenom,18,10,50,vials,2026-09-19,2027-01-09
PHC-RJ-AJM-075,Salbutamol Nebules,DRG-006,Respiratory,490,50,500,ampoules,2026-09-23,2026-11-08
PHC-RJ-AJM-075,Doxycycline 100mg,DRG-007,Antibiotic,1284,200,2000,tablets,2026-09-18,2027-02-06
PHC-RJ-AJM-075,Iron Folic Acid tablets,DRG-008,Supplement,2781,500,5000,tablets,2026-09-19,2026-12-29
PHC-RJ-AJM-075,Metformin 500mg,DRG-009,Anti-diabetic,2186,300,3000,tablets,2026-09-20,2027-09-01
PHC-RJ-AJM-075,Amlodipine 5mg,DRG-010,Cardiovascular,306,200,2000,tablets,2026-09-02,2027-05-08
PHC-RJ-AJM-076,ORS Sachets,DRG-001,Essential,1279,500,5000,sachets,2026-08-22,2027-02-07
PHC-RJ-AJM-076,Zinc Sulfate 20mg,DRG-002,Essential,1257,200,2000,tablets,2026-08-20,2027-07-18
PHC-RJ-AJM-076,Paracetamol 500mg,DRG-003,Analgesic,8441,1000,10000,tablets,2026-09-03,2027-05-31
PHC-RJ-AJM-076,Amoxicillin 500mg,DRG-004,Antibiotic,2039,300,3000,capsules,2026-09-16,2026-11-22
PHC-RJ-AJM-076,Polyvalent Anti-Snake Venom (ASV),DRG-005,Antivenom,41,10,50,vials,2026-08-12,2026-12-07
PHC-RJ-AJM-076,Salbutamol Nebules,DRG-006,Respiratory,285,50,500,ampoules,2026-09-07,2027-01-16
PHC-RJ-AJM-076,Doxycycline 100mg,DRG-007,Antibiotic,1798,200,2000,tablets,2026-08-30,2027-05-23
PHC-RJ-AJM-076,Iron Folic Acid tablets,DRG-008,Supplement,722,500,5000,tablets,2026-09-22,2027-03-22
PHC-RJ-AJM-076,Metformin 500mg,DRG-009,Anti-diabetic,2471,300,3000,tablets,2026-08-08,2027-09-20
PHC-RJ-AJM-076,Amlodipine 5mg,DRG-010,Cardiovascular,1433,200,2000,tablets,2026-09-02,2027-08-07
PHC-RJ-AJM-077,ORS Sachets,DRG-001,Essential,1124,500,5000,sachets,2026-08-14,2027-04-04
PHC-RJ-AJM-077,Zinc Sulfate 20mg,DRG-002,Essential,879,200,2000,tablets,2026-09-04,2027-02-23
PHC-RJ-AJM-077,Paracetamol 500mg,DRG-003,Analgesic,4191,1000,10000,tablets,2026-09-24,2027-01-09
PHC-RJ-AJM-077,Amoxicillin 500mg,DRG-004,Antibiotic,482,300,3000,capsules,2026-09-16,2027-06-13
PHC-RJ-AJM-077,Polyvalent Anti-Snake Venom (ASV),DRG-005,Antivenom,11,10,50,vials,2026-09-08,2027-09-06
PHC-RJ-AJM-077,Salbutamol Nebules,DRG-006,Respiratory,189,50,500,ampoules,2026-09-19,2027-04-22
PHC-RJ-AJM-077,Doxycycline 100mg,DRG-007,Antibiotic,561,200,2000,tablets,2026-08-01,2027-06-05
PHC-RJ-AJM-077,Iron Folic Acid tablets,DRG-008,Supplement,836,500,5000,tablets,2026-09-19,2026-12-20
PHC-RJ-AJM-077,Metformin 500mg,DRG-009,Anti-diabetic,2998,300,3000,tablets,2026-08-15,2026-12-06
PHC-RJ-AJM-077,Amlodipine 5mg,DRG-010,Cardiovascular,1378,200,2000,tablets,2026-09-24,2027-03-08
PHC-RJ-AJM-078,ORS Sachets,DRG-001,Essential,74,500,5000,sachets,2026-09-22,2027-01-09
PHC-RJ-AJM-078,Zinc Sulfate 20mg,DRG-002,Essential,29,200,2000,tablets,2026-08-15,2027-06-26
PHC-RJ-AJM-078,Paracetamol 500mg,DRG-003,Analgesic,17,1000,10000,tablets,2026-09-13,2027-04-14
PHC-RJ-AJM-078,Amoxicillin 500mg,DRG-004,Antibiotic,54,300,3000,capsules,2026-09-01,2026-12-13
PHC-RJ-AJM-078,Polyvalent Anti-Snake Venom (ASV),DRG-005,Antivenom,1,10,50,vials,2026-08-02,2027-07-15
PHC-RJ-AJM-078,Salbutamol Nebules,DRG-006,Respiratory,9,50,500,ampoules,2026-08-26,2026-11-16
PHC-RJ-AJM-078,Doxycycline 100mg,DRG-007,Antibiotic,30,200,2000,tablets,2026-08-07,2027-06-27
PHC-RJ-AJM-078,Iron Folic Acid tablets,DRG-008,Supplement,10,500,5000,tablets,2026-09-05,2027-06-23
PHC-RJ-AJM-078,Metformin 500mg,DRG-009,Anti-diabetic,27,300,3000,tablets,2026-08-16,2027-06-03
PHC-RJ-AJM-078,Amlodipine 5mg,DRG-010,Cardiovascular,31,200,2000,tablets,2026-08-02,2027-07-17
PHC-RJ-AJM-079,ORS Sachets,DRG-001,Essential,2696,500,5000,sachets,2026-08-17,2026-11-20
PHC-RJ-AJM-079,Zinc Sulfate 20mg,DRG-002,Essential,1564,200,2000,tablets,2026-09-20,2027-05-17
PHC-RJ-AJM-079,Paracetamol 500mg,DRG-003,Analgesic,1084,1000,10000,tablets,2026-08-14,2027-07-13
PHC-RJ-AJM-079,Amoxicillin 500mg,DRG-004,Antibiotic,1226,300,3000,capsules,2026-08-12,2027-03-16
PHC-RJ-AJM-079,Polyvalent Anti-Snake Venom (ASV),DRG-005,Antivenom,15,10,50,vials,2026-09-18,2027-04-24
PHC-RJ-AJM-079,Salbutamol Nebules,DRG-006,Respiratory,285,50,500,ampoules,2026-08-22,2027-03-03
PHC-RJ-AJM-079,Doxycycline 100mg,DRG-007,Antibiotic,1099,200,2000,tablets,2026-08-17,2027-04-08
PHC-RJ-AJM-079,Iron Folic Acid tablets,DRG-008,Supplement,3599,500,5000,tablets,2026-08-28,2027-09-02
PHC-RJ-AJM-079,Metformin 500mg,DRG-009,Anti-diabetic,1686,300,3000,tablets,2026-07-31,2027-06-23
PHC-RJ-AJM-079,Amlodipine 5mg,DRG-010,Cardiovascular,1425,200,2000,tablets,2026-08-05,2027-05-05
PHC-RJ-AJM-080,ORS Sachets,DRG-001,Essential,3768,500,5000,sachets,2026-08-20,2027-02-27
PHC-RJ-AJM-080,Zinc Sulfate 20mg,DRG-002,Essential,1100,200,2000,tablets,2026-09-20,2027-07-26
PHC-RJ-AJM-080,Paracetamol 500mg,DRG-003,Analgesic,8043,1000,10000,tablets,2026-08-30,2027-01-17
PHC-RJ-AJM-080,Amoxicillin 500mg,DRG-004,Antibiotic,958,300,3000,capsules,2026-08-21,2027-01-04
PHC-RJ-AJM-080,Polyvalent Anti-Snake Venom (ASV),DRG-005,Antivenom,26,10,50,vials,2026-09-18,2027-05-23
PHC-RJ-AJM-080,Salbutamol Nebules,DRG-006,Respiratory,148,50,500,ampoules,2026-09-22,2027-08-15
PHC-RJ-AJM-080,Doxycycline 100mg,DRG-007,Antibiotic,262,200,2000,tablets,2026-07-31,2027-04-16
PHC-RJ-AJM-080,Iron Folic Acid tablets,DRG-008,Supplement,2391,500,5000,tablets,2026-08-17,2027-04-24
PHC-RJ-AJM-080,Metformin 500mg,DRG-009,Anti-diabetic,666,300,3000,tablets,2026-09-23,2027-09-19
PHC-RJ-AJM-080,Amlodipine 5mg,DRG-010,Cardiovascular,217,200,2000,tablets,2026-08-20,2027-08-13
PHC-RJ-AJM-081,ORS Sachets,DRG-001,Essential,3623,500,5000,sachets,2026-08-06,2027-01-16
PHC-RJ-AJM-081,Zinc Sulfate 20mg,DRG-002,Essential,474,200,2000,tablets,2026-09-07,2027-05-26
PHC-RJ-AJM-081,Paracetamol 500mg,DRG-003,Analgesic,5392,1000,10000,tablets,2026-08-25,2027-02-11
PHC-RJ-AJM-081,Amoxicillin 500mg,DRG-004,Antibiotic,2301,300,3000,capsules,2026-08-18,2027-06-15
PHC-RJ-AJM-081,Polyvalent Anti-Snake Venom (ASV),DRG-005,Antivenom,25,10,50,vials,2026-09-14,2027-09-26
PHC-RJ-AJM-081,Salbutamol Nebules,DRG-006,Respiratory,81,50,500,ampoules,2026-09-22,2027-07-05
PHC-RJ-AJM-081,Doxycycline 100mg,DRG-007,Antibiotic,538,200,2000,tablets,2026-08-11,2026-11-14
PHC-RJ-AJM-081,Iron Folic Acid tablets,DRG-008,Supplement,3839,500,5000,tablets,2026-08-06,2027-04-07
PHC-RJ-AJM-081,Metformin 500mg,DRG-009,Anti-diabetic,797,300,3000,tablets,2026-08-27,2027-02-12
PHC-RJ-AJM-081,Amlodipine 5mg,DRG-010,Cardiovascular,266,200,2000,tablets,2026-08-06,2027-01-15
PHC-RJ-AJM-082,ORS Sachets,DRG-001,Essential,4060,500,5000,sachets,2026-09-07,2027-01-17
PHC-RJ-AJM-082,Zinc Sulfate 20mg,DRG-002,Essential,387,200,2000,tablets,2026-09-16,2026-11-07
PHC-RJ-AJM-082,Paracetamol 500mg,DRG-003,Analgesic,3854,1000,10000,tablets,2026-09-22,2026-11-04
PHC-RJ-AJM-082,Amoxicillin 500mg,DRG-004,Antibiotic,2316,300,3000,capsules,2026-08-12,2027-07-01
PHC-RJ-AJM-082,Polyvalent Anti-Snake Venom (ASV),DRG-005,Antivenom,28,10,50,vials,2026-09-16,2027-03-23
PHC-RJ-AJM-082,Salbutamol Nebules,DRG-006,Respiratory,482,50,500,ampoules,2026-08-08,2027-04-16
PHC-RJ-AJM-082,Doxycycline 100mg,DRG-007,Antibiotic,355,200,2000,tablets,2026-09-07,2026-12-21
PHC-RJ-AJM-082,Iron Folic Acid tablets,DRG-008,Supplement,3160,500,5000,tablets,2026-09-21,2027-04-19
PHC-RJ-AJM-082,Metformin 500mg,DRG-009,Anti-diabetic,1505,300,3000,tablets,2026-09-20,2027-04-12
PHC-RJ-AJM-082,Amlodipine 5mg,DRG-010,Cardiovascular,1256,200,2000,tablets,2026-08-09,2026-11-06
PHC-RJ-AJM-083,ORS Sachets,DRG-001,Essential,4260,500,5000,sachets,2026-08-03,2027-02-26
PHC-RJ-AJM-083,Zinc Sulfate 20mg,DRG-002,Essential,484,200,2000,tablets,2026-08-12,2027-06-03
PHC-RJ-AJM-083,Paracetamol 500mg,DRG-003,Analgesic,2033,1000,10000,tablets,2026-08-15,2027-07-29
PHC-RJ-AJM-083,Amoxicillin 500mg,DRG-004,Antibiotic,593,300,3000,capsules,2026-09-01,2026-12-24
PHC-RJ-AJM-083,Polyvalent Anti-Snake Venom (ASV),DRG-005,Antivenom,23,10,50,vials,2026-09-22,2027-02-16
PHC-RJ-AJM-083,Salbutamol Nebules,DRG-006,Respiratory,71,50,500,ampoules,2026-09-10,2027-03-18
PHC-RJ-AJM-083,Doxycycline 100mg,DRG-007,Antibiotic,952,200,2000,tablets,2026-08-27,2027-06-20
PHC-RJ-AJM-083,Iron Folic Acid tablets,DRG-008,Supplement,3884,500,5000,tablets,2026-09-24,2027-07-03
PHC-RJ-AJM-083,Metformin 500mg,DRG-009,Anti-diabetic,1480,300,3000,tablets,2026-07-31,2027-02-25
PHC-RJ-AJM-083,Amlodipine 5mg,DRG-010,Cardiovascular,832,200,2000,tablets,2026-08-24,2027-05-24
PHC-RJ-AJM-084,ORS Sachets,DRG-001,Essential,1034,500,5000,sachets,2026-08-25,2027-03-21
PHC-RJ-AJM-084,Zinc Sulfate 20mg,DRG-002,Essential,1940,200,2000,tablets,2026-08-28,2027-01-22
PHC-RJ-AJM-084,Paracetamol 500mg,DRG-003,Analgesic,6076,1000,10000,tablets,2026-08-06,2027-04-11
PHC-RJ-AJM-084,Amoxicillin 500mg,DRG-004,Antibiotic,1854,300,3000,capsules,2026-09-10,2027-03-02
PHC-RJ-AJM-084,Polyvalent Anti-Snake Venom (ASV),DRG-005,Antivenom,11,10,50,vials,2026-08-27,2027-03-10
PHC-RJ-AJM-084,Salbutamol Nebules,DRG-006,Respiratory,353,50,500,ampoules,2026-08-11,2027-02-25
PHC-RJ-AJM-084,Doxycycline 100mg,DRG-007,Antibiotic,1587,200,2000,tablets,2026-09-19,2027-08-15
PHC-RJ-AJM-084,Iron Folic Acid tablets,DRG-008,Supplement,2807,500,5000,tablets,2026-08-24,2026-12-13
PHC-RJ-AJM-084,Metformin 500mg,DRG-009,Anti-diabetic,734,300,3000,tablets,2026-07-31,2027-02-06
PHC-RJ-AJM-084,Amlodipine 5mg,DRG-010,Cardiovascular,1658,200,2000,tablets,2026-09-17,2026-12-30
PHC-RJ-KOT-085,ORS Sachets,DRG-001,Essential,800,500,5000,sachets,2026-08-21,2027-04-17
PHC-RJ-KOT-085,Zinc Sulfate 20mg,DRG-002,Essential,966,200,2000,tablets,2026-08-22,2027-04-22
PHC-RJ-KOT-085,Paracetamol 500mg,DRG-003,Analgesic,2641,1000,10000,tablets,2026-08-17,2027-05-29
PHC-RJ-KOT-085,Amoxicillin 500mg,DRG-004,Antibiotic,1937,300,3000,capsules,2026-08-07,2027-03-24
PHC-RJ-KOT-085,Polyvalent Anti-Snake Venom (ASV),DRG-005,Antivenom,28,10,50,vials,2026-08-10,2026-12-15
PHC-RJ-KOT-085,Salbutamol Nebules,DRG-006,Respiratory,98,50,500,ampoules,2026-09-07,2026-10-30
PHC-RJ-KOT-085,Doxycycline 100mg,DRG-007,Antibiotic,220,200,2000,tablets,2026-08-09,2027-01-03
PHC-RJ-KOT-085,Iron Folic Acid tablets,DRG-008,Supplement,3099,500,5000,tablets,2026-09-04,2027-03-12
PHC-RJ-KOT-085,Metformin 500mg,DRG-009,Anti-diabetic,734,300,3000,tablets,2026-09-10,2027-05-20
PHC-RJ-KOT-085,Amlodipine 5mg,DRG-010,Cardiovascular,1074,200,2000,tablets,2026-08-12,2027-05-02
PHC-RJ-KOT-086,ORS Sachets,DRG-001,Essential,4803,500,5000,sachets,2026-07-31,2027-06-13
PHC-RJ-KOT-086,Zinc Sulfate 20mg,DRG-002,Essential,1516,200,2000,tablets,2026-09-23,2027-02-13
PHC-RJ-KOT-086,Paracetamol 500mg,DRG-003,Analgesic,2187,1000,10000,tablets,2026-09-05,2027-04-28
PHC-RJ-KOT-086,Amoxicillin 500mg,DRG-004,Antibiotic,322,300,3000,capsules,2026-08-07,2027-04-02
PHC-RJ-KOT-086,Polyvalent Anti-Snake Venom (ASV),DRG-005,Antivenom,25,10,50,vials,2026-09-13,2026-11-10
PHC-RJ-KOT-086,Salbutamol Nebules,DRG-006,Respiratory,119,50,500,ampoules,2026-09-17,2027-05-05
PHC-RJ-KOT-086,Doxycycline 100mg,DRG-007,Antibiotic,336,200,2000,tablets,2026-09-04,2027-02-15
PHC-RJ-KOT-086,Iron Folic Acid tablets,DRG-008,Supplement,1617,500,5000,tablets,2026-09-23,2027-05-17
PHC-RJ-KOT-086,Metformin 500mg,DRG-009,Anti-diabetic,632,300,3000,tablets,2026-08-14,2027-02-25
PHC-RJ-KOT-086,Amlodipine 5mg,DRG-010,Cardiovascular,551,200,2000,tablets,2026-09-16,2027-01-16
PHC-RJ-KOT-087,ORS Sachets,DRG-001,Essential,245,500,5000,sachets,2026-08-20,2027-09-17
PHC-RJ-KOT-087,Zinc Sulfate 20mg,DRG-002,Essential,1,200,2000,tablets,2026-09-01,2027-06-29
PHC-RJ-KOT-087,Paracetamol 500mg,DRG-003,Analgesic,186,1000,10000,tablets,2026-08-05,2027-03-27
PHC-RJ-KOT-087,Amoxicillin 500mg,DRG-004,Antibiotic,98,300,3000,capsules,2026-08-05,2027-04-30
PHC-RJ-KOT-087,Polyvalent Anti-Snake Venom (ASV),DRG-005,Antivenom,1,10,50,vials,2026-09-22,2027-08-05
PHC-RJ-KOT-087,Salbutamol Nebules,DRG-006,Respiratory,27,50,500,ampoules,2026-08-24,2027-02-06
PHC-RJ-KOT-087,Doxycycline 100mg,DRG-007,Antibiotic,38,200,2000,tablets,2026-09-16,2026-12-11
PHC-RJ-KOT-087,Iron Folic Acid tablets,DRG-008,Supplement,196,500,5000,tablets,2026-09-08,2027-01-29
PHC-RJ-KOT-087,Metformin 500mg,DRG-009,Anti-diabetic,63,300,3000,tablets,2026-08-03,2027-09-04
PHC-RJ-KOT-087,Amlodipine 5mg,DRG-010,Cardiovascular,45,200,2000,tablets,2026-08-13,2026-11-23
PHC-RJ-KOT-088,ORS Sachets,DRG-001,Essential,4319,500,5000,sachets,2026-09-16,2027-06-27
PHC-RJ-KOT-088,Zinc Sulfate 20mg,DRG-002,Essential,902,200,2000,tablets,2026-08-07,2027-04-20
PHC-RJ-KOT-088,Paracetamol 500mg,DRG-003,Analgesic,9621,1000,10000,tablets,2026-09-09,2027-02-03
PHC-RJ-KOT-088,Amoxicillin 500mg,DRG-004,Antibiotic,2207,300,3000,capsules,2026-08-07,2027-04-11
PHC-RJ-KOT-088,Polyvalent Anti-Snake Venom (ASV),DRG-005,Antivenom,42,10,50,vials,2026-08-03,2027-05-11
PHC-RJ-KOT-088,Salbutamol Nebules,DRG-006,Respiratory,374,50,500,ampoules,2026-08-28,2027-03-28
PHC-RJ-KOT-088,Doxycycline 100mg,DRG-007,Antibiotic,1357,200,2000,tablets,2026-09-22,2027-01-08
PHC-RJ-KOT-088,Iron Folic Acid tablets,DRG-008,Supplement,2105,500,5000,tablets,2026-09-14,2027-05-24
PHC-RJ-KOT-088,Metformin 500mg,DRG-009,Anti-diabetic,1701,300,3000,tablets,2026-08-16,2026-11-30
PHC-RJ-KOT-088,Amlodipine 5mg,DRG-010,Cardiovascular,337,200,2000,tablets,2026-08-12,2027-08-23
PHC-RJ-KOT-089,ORS Sachets,DRG-001,Essential,1908,500,5000,sachets,2026-09-05,2027-04-11
PHC-RJ-KOT-089,Zinc Sulfate 20mg,DRG-002,Essential,1369,200,2000,tablets,2026-09-20,2027-02-20
PHC-RJ-KOT-089,Paracetamol 500mg,DRG-003,Analgesic,8606,1000,10000,tablets,2026-08-23,2027-05-15
PHC-RJ-KOT-089,Amoxicillin 500mg,DRG-004,Antibiotic,2182,300,3000,capsules,2026-08-14,2027-01-19
PHC-RJ-KOT-089,Polyvalent Anti-Snake Venom (ASV),DRG-005,Antivenom,20,10,50,vials,2026-08-20,2027-03-26
PHC-RJ-KOT-089,Salbutamol Nebules,DRG-006,Respiratory,146,50,500,ampoules,2026-08-29,2027-01-20
PHC-RJ-KOT-089,Doxycycline 100mg,DRG-007,Antibiotic,871,200,2000,tablets,2026-09-01,2027-03-02
PHC-RJ-KOT-089,Iron Folic Acid tablets,DRG-008,Supplement,2824,500,5000,tablets,2026-08-18,2027-03-11
PHC-RJ-KOT-089,Metformin 500mg,DRG-009,Anti-diabetic,1042,300,3000,tablets,2026-08-19,2027-07-24
PHC-RJ-KOT-089,Amlodipine 5mg,DRG-010,Cardiovascular,1620,200,2000,tablets,2026-08-07,2026-12-03
PHC-RJ-KOT-090,ORS Sachets,DRG-001,Essential,2391,500,5000,sachets,2026-09-07,2026-12-11
PHC-RJ-KOT-090,Zinc Sulfate 20mg,DRG-002,Essential,1964,200,2000,tablets,2026-09-16,2027-01-04
PHC-RJ-KOT-090,Paracetamol 500mg,DRG-003,Analgesic,9277,1000,10000,tablets,2026-08-24,2027-06-21
PHC-RJ-KOT-090,Amoxicillin 500mg,DRG-004,Antibiotic,2254,300,3000,capsules,2026-08-28,2027-02-16
PHC-RJ-KOT-090,Polyvalent Anti-Snake Venom (ASV),DRG-005,Antivenom,18,10,50,vials,2026-09-20,2026-12-18
PHC-RJ-KOT-090,Salbutamol Nebules,DRG-006,Respiratory,321,50,500,ampoules,2026-09-20,2026-11-16
PHC-RJ-KOT-090,Doxycycline 100mg,DRG-007,Antibiotic,1848,200,2000,tablets,2026-08-24,2026-12-29
PHC-RJ-KOT-090,Iron Folic Acid tablets,DRG-008,Supplement,3181,500,5000,tablets,2026-09-20,2027-02-19
PHC-RJ-KOT-090,Metformin 500mg,DRG-009,Anti-diabetic,1388,300,3000,tablets,2026-08-12,2027-01-27
PHC-RJ-KOT-090,Amlodipine 5mg,DRG-010,Cardiovascular,815,200,2000,tablets,2026-08-31,2027-01-15
PHC-RJ-KOT-091,ORS Sachets,DRG-001,Essential,2500,500,5000,sachets,2026-08-14,2027-08-29
PHC-RJ-KOT-091,Zinc Sulfate 20mg,DRG-002,Essential,1480,200,2000,tablets,2026-08-08,2027-02-22
PHC-RJ-KOT-091,Paracetamol 500mg,DRG-003,Analgesic,1919,1000,10000,tablets,2026-08-25,2027-08-05
PHC-RJ-KOT-091,Amoxicillin 500mg,DRG-004,Antibiotic,1256,300,3000,capsules,2026-09-03,2027-04-03
PHC-RJ-KOT-091,Polyvalent Anti-Snake Venom (ASV),DRG-005,Antivenom,45,10,50,vials,2026-08-05,2027-07-14
PHC-RJ-KOT-091,Salbutamol Nebules,DRG-006,Respiratory,333,50,500,ampoules,2026-09-08,2027-03-17
PHC-RJ-KOT-091,Doxycycline 100mg,DRG-007,Antibiotic,324,200,2000,tablets,2026-09-18,2027-01-10
PHC-RJ-KOT-091,Iron Folic Acid tablets,DRG-008,Supplement,4646,500,5000,tablets,2026-09-03,2027-07-26
PHC-RJ-KOT-091,Metformin 500mg,DRG-009,Anti-diabetic,1134,300,3000,tablets,2026-07-31,2027-08-14
PHC-RJ-KOT-091,Amlodipine 5mg,DRG-010,Cardiovascular,1640,200,2000,tablets,2026-08-28,2027-08-26
PHC-RJ-KOT-092,ORS Sachets,DRG-001,Essential,420,500,5000,sachets,2026-09-16,2027-01-27
PHC-RJ-KOT-092,Zinc Sulfate 20mg,DRG-002,Essential,157,200,2000,tablets,2026-08-21,2026-11-16
PHC-RJ-KOT-092,Paracetamol 500mg,DRG-003,Analgesic,77,1000,10000,tablets,2026-08-12,2027-04-16
PHC-RJ-KOT-092,Amoxicillin 500mg,DRG-004,Antibiotic,149,300,3000,capsules,2026-08-04,2027-07-02
PHC-RJ-KOT-092,Polyvalent Anti-Snake Venom (ASV),DRG-005,Antivenom,8,10,50,vials,2026-08-23,2027-08-28
PHC-RJ-KOT-092,Salbutamol Nebules,DRG-006,Respiratory,37,50,500,ampoules,2026-08-25,2027-03-01
PHC-RJ-KOT-092,Doxycycline 100mg,DRG-007,Antibiotic,193,200,2000,tablets,2026-08-12,2026-12-13
PHC-RJ-KOT-092,Iron Folic Acid tablets,DRG-008,Supplement,476,500,5000,tablets,2026-08-13,2027-05-13
PHC-RJ-KOT-092,Metformin 500mg,DRG-009,Anti-diabetic,68,300,3000,tablets,2026-08-09,2027-04-14
PHC-RJ-KOT-092,Amlodipine 5mg,DRG-010,Cardiovascular,48,200,2000,tablets,2026-09-23,2027-06-17
PHC-RJ-KOT-093,ORS Sachets,DRG-001,Essential,2614,500,5000,sachets,2026-08-08,2027-03-02
PHC-RJ-KOT-093,Zinc Sulfate 20mg,DRG-002,Essential,1262,200,2000,tablets,2026-08-20,2026-11-06
PHC-RJ-KOT-093,Paracetamol 500mg,DRG-003,Analgesic,4559,1000,10000,tablets,2026-09-18,2027-01-21
PHC-RJ-KOT-093,Amoxicillin 500mg,DRG-004,Antibiotic,2156,300,3000,capsules,2026-08-09,2027-09-04
PHC-RJ-KOT-093,Polyvalent Anti-Snake Venom (ASV),DRG-005,Antivenom,12,10,50,vials,2026-08-29,2027-06-18
PHC-RJ-KOT-093,Salbutamol Nebules,DRG-006,Respiratory,96,50,500,ampoules,2026-08-09,2027-09-26
PHC-RJ-KOT-093,Doxycycline 100mg,DRG-007,Antibiotic,1750,200,2000,tablets,2026-08-28,2027-07-24
PHC-RJ-KOT-093,Iron Folic Acid tablets,DRG-008,Supplement,3416,500,5000,tablets,2026-08-06,2027-04-26
PHC-RJ-KOT-093,Metformin 500mg,DRG-009,Anti-diabetic,2128,300,3000,tablets,2026-08-18,2027-09-07
PHC-RJ-KOT-093,Amlodipine 5mg,DRG-010,Cardiovascular,1590,200,2000,tablets,2026-08-01,2026-12-02
PHC-RJ-KOT-094,ORS Sachets,DRG-001,Essential,3244,500,5000,sachets,2026-08-10,2027-03-08
PHC-RJ-KOT-094,Zinc Sulfate 20mg,DRG-002,Essential,716,200,2000,tablets,2026-08-10,2026-11-01
PHC-RJ-KOT-094,Paracetamol 500mg,DRG-003,Analgesic,3162,1000,10000,tablets,2026-08-16,2027-03-29
PHC-RJ-KOT-094,Amoxicillin 500mg,DRG-004,Antibiotic,515,300,3000,capsules,2026-08-28,2027-02-15
PHC-RJ-KOT-094,Polyvalent Anti-Snake Venom (ASV),DRG-005,Antivenom,39,10,50,vials,2026-09-07,2027-05-07
PHC-RJ-KOT-094,Salbutamol Nebules,DRG-006,Respiratory,323,50,500,ampoules,2026-08-25,2027-04-09
PHC-RJ-KOT-094,Doxycycline 100mg,DRG-007,Antibiotic,1994,200,2000,tablets,2026-09-21,2027-09-09
PHC-RJ-KOT-094,Iron Folic Acid tablets,DRG-008,Supplement,2729,500,5000,tablets,2026-09-12,2027-04-03
PHC-RJ-KOT-094,Metformin 500mg,DRG-009,Anti-diabetic,2162,300,3000,tablets,2026-09-07,2027-05-23
PHC-RJ-KOT-094,Amlodipine 5mg,DRG-010,Cardiovascular,540,200,2000,tablets,2026-09-07,2027-02-21
PHC-RJ-KOT-095,ORS Sachets,DRG-001,Essential,4834,500,5000,sachets,2026-08-21,2027-09-07
PHC-RJ-KOT-095,Zinc Sulfate 20mg,DRG-002,Essential,1172,200,2000,tablets,2026-08-15,2027-03-10
PHC-RJ-KOT-095,Paracetamol 500mg,DRG-003,Analgesic,1874,1000,10000,tablets,2026-08-06,2027-09-21
PHC-RJ-KOT-095,Amoxicillin 500mg,DRG-004,Antibiotic,576,300,3000,capsules,2026-08-01,2027-09-19
PHC-RJ-KOT-095,Polyvalent Anti-Snake Venom (ASV),DRG-005,Antivenom,31,10,50,vials,2026-09-02,2026-12-10
PHC-RJ-KOT-095,Salbutamol Nebules,DRG-006,Respiratory,456,50,500,ampoules,2026-09-16,2027-09-10
PHC-RJ-KOT-095,Doxycycline 100mg,DRG-007,Antibiotic,1300,200,2000,tablets,2026-08-02,2026-12-18
PHC-RJ-KOT-095,Iron Folic Acid tablets,DRG-008,Supplement,3323,500,5000,tablets,2026-09-09,2027-07-25
PHC-RJ-KOT-095,Metformin 500mg,DRG-009,Anti-diabetic,1402,300,3000,tablets,2026-08-22,2027-01-02
PHC-RJ-KOT-095,Amlodipine 5mg,DRG-010,Cardiovascular,1597,200,2000,tablets,2026-09-23,2027-09-23
PHC-RJ-KOT-096,ORS Sachets,DRG-001,Essential,100,500,5000,sachets,2026-08-22,2027-01-25
PHC-RJ-KOT-096,Zinc Sulfate 20mg,DRG-002,Essential,13,200,2000,tablets,2026-09-15,2027-09-08
PHC-RJ-KOT-096,Paracetamol 500mg,DRG-003,Analgesic,150,1000,10000,tablets,2026-09-13,2027-08-17
PHC-RJ-KOT-096,Amoxicillin 500mg,DRG-004,Antibiotic,3,300,3000,capsules,2026-09-20,2027-08-17
PHC-RJ-KOT-096,Polyvalent Anti-Snake Venom (ASV),DRG-005,Antivenom,0,10,50,vials,2026-08-05,2027-02-27
PHC-RJ-KOT-096,Salbutamol Nebules,DRG-006,Respiratory,8,50,500,ampoules,2026-08-07,2027-06-23
PHC-RJ-KOT-096,Doxycycline 100mg,DRG-007,Antibiotic,2,200,2000,tablets,2026-09-11,2026-11-11
PHC-RJ-KOT-096,Iron Folic Acid tablets,DRG-008,Supplement,3,500,5000,tablets,2026-08-04,2027-06-29
PHC-RJ-KOT-096,Metformin 500mg,DRG-009,Anti-diabetic,32,300,3000,tablets,2026-09-22,2027-06-06
PHC-RJ-KOT-096,Amlodipine 5mg,DRG-010,Cardiovascular,32,200,2000,tablets,2026-09-12,2027-03-10
PHC-RJ-KOT-097,ORS Sachets,DRG-001,Essential,964,500,5000,sachets,2026-09-21,2026-12-14
PHC-RJ-KOT-097,Zinc Sulfate 20mg,DRG-002,Essential,1324,200,2000,tablets,2026-08-06,2027-04-06
PHC-RJ-KOT-097,Paracetamol 500mg,DRG-003,Analgesic,9040,1000,10000,tablets,2026-08-30,2027-07-20
PHC-RJ-KOT-097,Amoxicillin 500mg,DRG-004,Antibiotic,497,300,3000,capsules,2026-08-26,2027-03-26
PHC-RJ-KOT-097,Polyvalent Anti-Snake Venom (ASV),DRG-005,Antivenom,45,10,50,vials,2026-08-09,2027-05-22
PHC-RJ-KOT-097,Salbutamol Nebules,DRG-006,Respiratory,446,50,500,ampoules,2026-09-13,2027-07-30
PHC-RJ-KOT-097,Doxycycline 100mg,DRG-007,Antibiotic,605,200,2000,tablets,2026-08-30,2027-02-27
PHC-RJ-KOT-097,Iron Folic Acid tablets,DRG-008,Supplement,4096,500,5000,tablets,2026-09-14,2027-08-21
PHC-RJ-KOT-097,Metformin 500mg,DRG-009,Anti-diabetic,1795,300,3000,tablets,2026-08-04,2027-08-24
PHC-RJ-KOT-097,Amlodipine 5mg,DRG-010,Cardiovascular,734,200,2000,tablets,2026-08-07,2027-03-18
PHC-RJ-KOT-098,ORS Sachets,DRG-001,Essential,405,500,5000,sachets,2026-08-31,2027-03-10
PHC-RJ-KOT-098,Zinc Sulfate 20mg,DRG-002,Essential,47,200,2000,tablets,2026-08-22,2027-06-12
PHC-RJ-KOT-098,Paracetamol 500mg,DRG-003,Analgesic,418,1000,10000,tablets,2026-08-05,2026-11-12
PHC-RJ-KOT-098,Amoxicillin 500mg,DRG-004,Antibiotic,134,300,3000,capsules,2026-09-08,2027-05-23
PHC-RJ-KOT-098,Polyvalent Anti-Snake Venom (ASV),DRG-005,Antivenom,10,10,50,vials,2026-07-31,2026-11-12
PHC-RJ-KOT-098,Salbutamol Nebules,DRG-006,Respiratory,36,50,500,ampoules,2026-09-04,2027-03-05
PHC-RJ-KOT-098,Doxycycline 100mg,DRG-007,Antibiotic,162,200,2000,tablets,2026-09-05,2027-03-16
PHC-RJ-KOT-098,Iron Folic Acid tablets,DRG-008,Supplement,3,500,5000,tablets,2026-08-05,2027-04-08
PHC-RJ-KOT-098,Metformin 500mg,DRG-009,Anti-diabetic,26,300,3000,tablets,2026-08-04,2027-06-13
PHC-RJ-KOT-098,Amlodipine 5mg,DRG-010,Cardiovascular,80,200,2000,tablets,2026-09-15,2027-04-13
PHC-RJ-KOT-099,ORS Sachets,DRG-001,Essential,56,500,5000,sachets,2026-08-07,2027-09-13
PHC-RJ-KOT-099,Zinc Sulfate 20mg,DRG-002,Essential,34,200,2000,tablets,2026-08-08,2027-02-03
PHC-RJ-KOT-099,Paracetamol 500mg,DRG-003,Analgesic,28,1000,10000,tablets,2026-09-19,2027-06-10
PHC-RJ-KOT-099,Amoxicillin 500mg,DRG-004,Antibiotic,51,300,3000,capsules,2026-08-24,2027-08-22
PHC-RJ-KOT-099,Polyvalent Anti-Snake Venom (ASV),DRG-005,Antivenom,0,10,50,vials,2026-09-23,2027-04-17
PHC-RJ-KOT-099,Salbutamol Nebules,DRG-006,Respiratory,8,50,500,ampoules,2026-08-24,2027-05-15
PHC-RJ-KOT-099,Doxycycline 100mg,DRG-007,Antibiotic,16,200,2000,tablets,2026-07-31,2027-01-08
PHC-RJ-KOT-099,Iron Folic Acid tablets,DRG-008,Supplement,73,500,5000,tablets,2026-09-20,2026-12-27
PHC-RJ-KOT-099,Metformin 500mg,DRG-009,Anti-diabetic,13,300,3000,tablets,2026-08-18,2027-09-02
PHC-RJ-KOT-099,Amlodipine 5mg,DRG-010,Cardiovascular,14,200,2000,tablets,2026-08-27,2027-08-14
PHC-RJ-KOT-100,ORS Sachets,DRG-001,Essential,786,500,5000,sachets,2026-08-19,2026-11-16
PHC-RJ-KOT-100,Zinc Sulfate 20mg,DRG-002,Essential,1304,200,2000,tablets,2026-08-11,2027-01-09
PHC-RJ-KOT-100,Paracetamol 500mg,DRG-003,Analgesic,2891,1000,10000,tablets,2026-09-14,2026-11-21
PHC-RJ-KOT-100,Amoxicillin 500mg,DRG-004,Antibiotic,1430,300,3000,capsules,2026-09-15,2027-05-29
PHC-RJ-KOT-100,Polyvalent Anti-Snake Venom (ASV),DRG-005,Antivenom,48,10,50,vials,2026-08-07,2027-01-21
PHC-RJ-KOT-100,Salbutamol Nebules,DRG-006,Respiratory,429,50,500,ampoules,2026-08-29,2027-01-05
PHC-RJ-KOT-100,Doxycycline 100mg,DRG-007,Antibiotic,488,200,2000,tablets,2026-08-18,2027-07-27
PHC-RJ-KOT-100,Iron Folic Acid tablets,DRG-008,Supplement,4413,500,5000,tablets,2026-08-05,2027-01-08
PHC-RJ-KOT-100,Metformin 500mg,DRG-009,Anti-diabetic,1249,300,3000,tablets,2026-09-05,2027-04-21
PHC-RJ-KOT-100,Amlodipine 5mg,DRG-010,Cardiovascular,1822,200,2000,tablets,2026-09-11,2027-06-28
PHC-RJ-KOT-101,ORS Sachets,DRG-001,Essential,370,500,5000,sachets,2026-09-06,2027-08-28
PHC-RJ-KOT-101,Zinc Sulfate 20mg,DRG-002,Essential,129,200,2000,tablets,2026-08-12,2026-11-11
PHC-RJ-KOT-101,Paracetamol 500mg,DRG-003,Analgesic,18,1000,10000,tablets,2026-09-12,2027-07-04
PHC-RJ-KOT-101,Amoxicillin 500mg,DRG-004,Antibiotic,225,300,3000,capsules,2026-09-15,2027-05-08
PHC-RJ-KOT-101,Polyvalent Anti-Snake Venom (ASV),DRG-005,Antivenom,9,10,50,vials,2026-09-23,2027-06-16
PHC-RJ-KOT-101,Salbutamol Nebules,DRG-006,Respiratory,40,50,500,ampoules,2026-08-10,2027-05-03
PHC-RJ-KOT-101,Doxycycline 100mg,DRG-007,Antibiotic,130,200,2000,tablets,2026-08-11,2026-11-13
PHC-RJ-KOT-101,Iron Folic Acid tablets,DRG-008,Supplement,200,500,5000,tablets,2026-09-02,2026-12-23
PHC-RJ-KOT-101,Metformin 500mg,DRG-009,Anti-diabetic,140,300,3000,tablets,2026-09-13,2026-10-31
PHC-RJ-KOT-101,Amlodipine 5mg,DRG-010,Cardiovascular,86,200,2000,tablets,2026-09-23,2027-08-18
PHC-RJ-KOT-102,ORS Sachets,DRG-001,Essential,1260,500,5000,sachets,2026-08-27,2027-08-12
PHC-RJ-KOT-102,Zinc Sulfate 20mg,DRG-002,Essential,601,200,2000,tablets,2026-08-01,2027-07-28
PHC-RJ-KOT-102,Paracetamol 500mg,DRG-003,Analgesic,4837,1000,10000,tablets,2026-09-04,2027-07-06
PHC-RJ-KOT-102,Amoxicillin 500mg,DRG-004,Antibiotic,1027,300,3000,capsules,2026-08-17,2027-01-26
PHC-RJ-KOT-102,Polyvalent Anti-Snake Venom (ASV),DRG-005,Antivenom,33,10,50,vials,2026-09-09,2027-04-02
PHC-RJ-KOT-102,Salbutamol Nebules,DRG-006,Respiratory,100,50,500,ampoules,2026-08-28,2027-02-12
PHC-RJ-KOT-102,Doxycycline 100mg,DRG-007,Antibiotic,590,200,2000,tablets,2026-09-02,2026-12-14
PHC-RJ-KOT-102,Iron Folic Acid tablets,DRG-008,Supplement,4911,500,5000,tablets,2026-09-17,2027-03-05
PHC-RJ-KOT-102,Metformin 500mg,DRG-009,Anti-diabetic,2339,300,3000,tablets,2026-09-19,2027-06-10
PHC-RJ-KOT-102,Amlodipine 5mg,DRG-010,Cardiovascular,842,200,2000,tablets,2026-08-03,2027-05-22
PHC-RJ-KOT-103,ORS Sachets,DRG-001,Essential,3593,500,5000,sachets,2026-08-09,2027-02-08
PHC-RJ-KOT-103,Zinc Sulfate 20mg,DRG-002,Essential,750,200,2000,tablets,2026-08-08,2027-05-24
PHC-RJ-KOT-103,Paracetamol 500mg,DRG-003,Analgesic,3440,1000,10000,tablets,2026-08-03,2027-08-22
PHC-RJ-KOT-103,Amoxicillin 500mg,DRG-004,Antibiotic,2664,300,3000,capsules,2026-08-02,2027-07-08
PHC-RJ-KOT-103,Polyvalent Anti-Snake Venom (ASV),DRG-005,Antivenom,29,10,50,vials,2026-08-24,2027-08-17
PHC-RJ-KOT-103,Salbutamol Nebules,DRG-006,Respiratory,125,50,500,ampoules,2026-08-25,2027-01-30
PHC-RJ-KOT-103,Doxycycline 100mg,DRG-007,Antibiotic,851,200,2000,tablets,2026-08-31,2026-12-21
PHC-RJ-KOT-103,Iron Folic Acid tablets,DRG-008,Supplement,1060,500,5000,tablets,2026-08-10,2027-08-14
PHC-RJ-KOT-103,Metformin 500mg,DRG-009,Anti-diabetic,1738,300,3000,tablets,2026-08-13,2027-09-10
PHC-RJ-KOT-103,Amlodipine 5mg,DRG-010,Cardiovascular,486,200,2000,tablets,2026-09-23,2027-01-07
PHC-RJ-KOT-104,ORS Sachets,DRG-001,Essential,758,500,5000,sachets,2026-08-19,2027-01-26
PHC-RJ-KOT-104,Zinc Sulfate 20mg,DRG-002,Essential,1911,200,2000,tablets,2026-08-15,2027-06-29
PHC-RJ-KOT-104,Paracetamol 500mg,DRG-003,Analgesic,2387,1000,10000,tablets,2026-09-21,2026-12-18
PHC-RJ-KOT-104,Amoxicillin 500mg,DRG-004,Antibiotic,1572,300,3000,capsules,2026-08-25,2027-09-08
PHC-RJ-KOT-104,Polyvalent Anti-Snake Venom (ASV),DRG-005,Antivenom,40,10,50,vials,2026-08-21,2027-09-19
PHC-RJ-KOT-104,Salbutamol Nebules,DRG-006,Respiratory,110,50,500,ampoules,2026-09-05,2027-08-15
PHC-RJ-KOT-104,Doxycycline 100mg,DRG-007,Antibiotic,945,200,2000,tablets,2026-08-21,2027-06-03
PHC-RJ-KOT-104,Iron Folic Acid tablets,DRG-008,Supplement,879,500,5000,tablets,2026-09-05,2027-09-12
PHC-RJ-KOT-104,Metformin 500mg,DRG-009,Anti-diabetic,772,300,3000,tablets,2026-09-17,2027-01-30
PHC-RJ-KOT-104,Amlodipine 5mg,DRG-010,Cardiovascular,1902,200,2000,tablets,2026-09-14,2027-08-31
PHC-RJ-KOT-105,ORS Sachets,DRG-001,Essential,2005,500,5000,sachets,2026-08-23,2027-02-18
PHC-RJ-KOT-105,Zinc Sulfate 20mg,DRG-002,Essential,1689,200,2000,tablets,2026-09-05,2026-11-26
PHC-RJ-KOT-105,Paracetamol 500mg,DRG-003,Analgesic,3779,1000,10000,tablets,2026-08-16,2027-07-12
PHC-RJ-KOT-105,Amoxicillin 500mg,DRG-004,Antibiotic,2289,300,3000,capsules,2026-08-28,2027-07-16
PHC-RJ-KOT-105,Polyvalent Anti-Snake Venom (ASV),DRG-005,Antivenom,28,10,50,vials,2026-08-06,2027-04-09
PHC-RJ-KOT-105,Salbutamol Nebules,DRG-006,Respiratory,380,50,500,ampoules,2026-08-23,2026-10-30
PHC-RJ-KOT-105,Doxycycline 100mg,DRG-007,Antibiotic,760,200,2000,tablets,2026-08-31,2026-11-24
PHC-RJ-KOT-105,Iron Folic Acid tablets,DRG-008,Supplement,3460,500,5000,tablets,2026-09-23,2027-03-11
PHC-RJ-KOT-105,Metformin 500mg,DRG-009,Anti-diabetic,322,300,3000,tablets,2026-08-27,2027-09-06
PHC-RJ-KOT-105,Amlodipine 5mg,DRG-010,Cardiovascular,858,200,2000,tablets,2026-08-26,2026-12-20
PHC-MH-PUN-106,ORS Sachets,DRG-001,Essential,765,500,5000,sachets,2026-08-08,2027-05-30
PHC-MH-PUN-106,Zinc Sulfate 20mg,DRG-002,Essential,1928,200,2000,tablets,2026-08-11,2027-08-31
PHC-MH-PUN-106,Paracetamol 500mg,DRG-003,Analgesic,5354,1000,10000,tablets,2026-08-14,2027-02-17
PHC-MH-PUN-106,Amoxicillin 500mg,DRG-004,Antibiotic,1209,300,3000,capsules,2026-08-09,2026-12-23
PHC-MH-PUN-106,Polyvalent Anti-Snake Venom (ASV),DRG-005,Antivenom,35,10,50,vials,2026-08-09,2027-08-06
PHC-MH-PUN-106,Salbutamol Nebules,DRG-006,Respiratory,303,50,500,ampoules,2026-08-05,2027-04-15
PHC-MH-PUN-106,Doxycycline 100mg,DRG-007,Antibiotic,1281,200,2000,tablets,2026-08-29,2026-11-19
PHC-MH-PUN-106,Iron Folic Acid tablets,DRG-008,Supplement,4191,500,5000,tablets,2026-09-12,2026-11-07
PHC-MH-PUN-106,Metformin 500mg,DRG-009,Anti-diabetic,1192,300,3000,tablets,2026-07-31,2026-11-03
PHC-MH-PUN-106,Amlodipine 5mg,DRG-010,Cardiovascular,378,200,2000,tablets,2026-08-10,2027-08-08
PHC-MH-PUN-107,ORS Sachets,DRG-001,Essential,3375,500,5000,sachets,2026-08-13,2026-11-08
PHC-MH-PUN-107,Zinc Sulfate 20mg,DRG-002,Essential,1883,200,2000,tablets,2026-08-11,2027-02-05
PHC-MH-PUN-107,Paracetamol 500mg,DRG-003,Analgesic,6839,1000,10000,tablets,2026-07-31,2027-08-05
PHC-MH-PUN-107,Amoxicillin 500mg,DRG-004,Antibiotic,2726,300,3000,capsules,2026-08-04,2027-07-31
PHC-MH-PUN-107,Polyvalent Anti-Snake Venom (ASV),DRG-005,Antivenom,23,10,50,vials,2026-08-13,2027-01-31
PHC-MH-PUN-107,Salbutamol Nebules,DRG-006,Respiratory,80,50,500,ampoules,2026-09-03,2027-01-25
PHC-MH-PUN-107,Doxycycline 100mg,DRG-007,Antibiotic,730,200,2000,tablets,2026-09-20,2027-02-17
PHC-MH-PUN-107,Iron Folic Acid tablets,DRG-008,Supplement,3039,500,5000,tablets,2026-08-29,2027-06-18
PHC-MH-PUN-107,Metformin 500mg,DRG-009,Anti-diabetic,2446,300,3000,tablets,2026-08-15,2027-09-27
PHC-MH-PUN-107,Amlodipine 5mg,DRG-010,Cardiovascular,778,200,2000,tablets,2026-08-05,2026-11-17
PHC-MH-PUN-108,ORS Sachets,DRG-001,Essential,115,500,5000,sachets,2026-08-16,2027-09-17
PHC-MH-PUN-108,Zinc Sulfate 20mg,DRG-002,Essential,34,200,2000,tablets,2026-08-31,2027-08-06
PHC-MH-PUN-108,Paracetamol 500mg,DRG-003,Analgesic,997,1000,10000,tablets,2026-08-07,2027-04-26
PHC-MH-PUN-108,Amoxicillin 500mg,DRG-004,Antibiotic,75,300,3000,capsules,2026-09-02,2027-09-07
PHC-MH-PUN-108,Polyvalent Anti-Snake Venom (ASV),DRG-005,Antivenom,9,10,50,vials,2026-08-19,2027-07-01
PHC-MH-PUN-108,Salbutamol Nebules,DRG-006,Respiratory,35,50,500,ampoules,2026-09-18,2027-09-20
PHC-MH-PUN-108,Doxycycline 100mg,DRG-007,Antibiotic,173,200,2000,tablets,2026-08-26,2027-03-26
PHC-MH-PUN-108,Iron Folic Acid tablets,DRG-008,Supplement,146,500,5000,tablets,2026-08-06,2027-09-19
PHC-MH-PUN-108,Metformin 500mg,DRG-009,Anti-diabetic,285,300,3000,tablets,2026-09-09,2026-10-30
PHC-MH-PUN-108,Amlodipine 5mg,DRG-010,Cardiovascular,96,200,2000,tablets,2026-08-08,2027-04-29
PHC-MH-PUN-109,ORS Sachets,DRG-001,Essential,3739,500,5000,sachets,2026-09-20,2027-01-24
PHC-MH-PUN-109,Zinc Sulfate 20mg,DRG-002,Essential,695,200,2000,tablets,2026-09-10,2027-01-30
PHC-MH-PUN-109,Paracetamol 500mg,DRG-003,Analgesic,4609,1000,10000,tablets,2026-08-27,2027-01-21
PHC-MH-PUN-109,Amoxicillin 500mg,DRG-004,Antibiotic,2246,300,3000,capsules,2026-08-20,2027-01-12
PHC-MH-PUN-109,Polyvalent Anti-Snake Venom (ASV),DRG-005,Antivenom,41,10,50,vials,2026-08-30,2027-07-23
PHC-MH-PUN-109,Salbutamol Nebules,DRG-006,Respiratory,368,50,500,ampoules,2026-08-01,2027-01-24
PHC-MH-PUN-109,Doxycycline 100mg,DRG-007,Antibiotic,1227,200,2000,tablets,2026-08-28,2027-01-15
PHC-MH-PUN-109,Iron Folic Acid tablets,DRG-008,Supplement,3022,500,5000,tablets,2026-08-18,2027-07-08
PHC-MH-PUN-109,Metformin 500mg,DRG-009,Anti-diabetic,2786,300,3000,tablets,2026-08-14,2027-02-18
PHC-MH-PUN-109,Amlodipine 5mg,DRG-010,Cardiovascular,561,200,2000,tablets,2026-08-20,2027-01-14
PHC-MH-PUN-110,ORS Sachets,DRG-001,Essential,1186,500,5000,sachets,2026-09-04,2027-06-05
PHC-MH-PUN-110,Zinc Sulfate 20mg,DRG-002,Essential,1332,200,2000,tablets,2026-08-02,2027-02-27
PHC-MH-PUN-110,Paracetamol 500mg,DRG-003,Analgesic,7503,1000,10000,tablets,2026-08-12,2026-11-14
PHC-MH-PUN-110,Amoxicillin 500mg,DRG-004,Antibiotic,469,300,3000,capsules,2026-08-24,2027-04-30
PHC-MH-PUN-110,Polyvalent Anti-Snake Venom (ASV),DRG-005,Antivenom,14,10,50,vials,2026-09-19,2027-06-06
PHC-MH-PUN-110,Salbutamol Nebules,DRG-006,Respiratory,250,50,500,ampoules,2026-09-09,2027-01-02
PHC-MH-PUN-110,Doxycycline 100mg,DRG-007,Antibiotic,412,200,2000,tablets,2026-08-06,2027-03-02
PHC-MH-PUN-110,Iron Folic Acid tablets,DRG-008,Supplement,1686,500,5000,tablets,2026-09-19,2027-01-28
PHC-MH-PUN-110,Metformin 500mg,DRG-009,Anti-diabetic,2746,300,3000,tablets,2026-09-23,2027-05-13
PHC-MH-PUN-110,Amlodipine 5mg,DRG-010,Cardiovascular,1137,200,2000,tablets,2026-09-16,2027-06-06
PHC-MH-PUN-111,ORS Sachets,DRG-001,Essential,2269,500,5000,sachets,2026-08-04,2027-09-14
PHC-MH-PUN-111,Zinc Sulfate 20mg,DRG-002,Essential,312,200,2000,tablets,2026-08-02,2027-08-02
PHC-MH-PUN-111,Paracetamol 500mg,DRG-003,Analgesic,8961,1000,10000,tablets,2026-08-14,2027-02-03
PHC-MH-PUN-111,Amoxicillin 500mg,DRG-004,Antibiotic,1285,300,3000,capsules,2026-09-01,2027-03-15
PHC-MH-PUN-111,Polyvalent Anti-Snake Venom (ASV),DRG-005,Antivenom,45,10,50,vials,2026-08-20,2027-07-03
PHC-MH-PUN-111,Salbutamol Nebules,DRG-006,Respiratory,459,50,500,ampoules,2026-09-15,2027-03-25
PHC-MH-PUN-111,Doxycycline 100mg,DRG-007,Antibiotic,608,200,2000,tablets,2026-08-27,2027-07-14
PHC-MH-PUN-111,Iron Folic Acid tablets,DRG-008,Supplement,3309,500,5000,tablets,2026-08-25,2027-01-02
PHC-MH-PUN-111,Metformin 500mg,DRG-009,Anti-diabetic,2249,300,3000,tablets,2026-08-13,2027-08-20
PHC-MH-PUN-111,Amlodipine 5mg,DRG-010,Cardiovascular,345,200,2000,tablets,2026-09-17,2027-03-08
PHC-MH-PUN-112,ORS Sachets,DRG-001,Essential,2407,500,5000,sachets,2026-08-30,2027-09-20
PHC-MH-PUN-112,Zinc Sulfate 20mg,DRG-002,Essential,335,200,2000,tablets,2026-09-06,2027-09-03
PHC-MH-PUN-112,Paracetamol 500mg,DRG-003,Analgesic,9503,1000,10000,tablets,2026-08-30,2027-08-30
PHC-MH-PUN-112,Amoxicillin 500mg,DRG-004,Antibiotic,2898,300,3000,capsules,2026-09-08,2027-03-21
PHC-MH-PUN-112,Polyvalent Anti-Snake Venom (ASV),DRG-005,Antivenom,13,10,50,vials,2026-08-15,2027-06-06
PHC-MH-PUN-112,Salbutamol Nebules,DRG-006,Respiratory,111,50,500,ampoules,2026-09-23,2027-06-13
PHC-MH-PUN-112,Doxycycline 100mg,DRG-007,Antibiotic,1631,200,2000,tablets,2026-09-20,2027-05-10
PHC-MH-PUN-112,Iron Folic Acid tablets,DRG-008,Supplement,3223,500,5000,tablets,2026-09-08,2027-07-16
PHC-MH-PUN-112,Metformin 500mg,DRG-009,Anti-diabetic,931,300,3000,tablets,2026-08-16,2027-06-06
PHC-MH-PUN-112,Amlodipine 5mg,DRG-010,Cardiovascular,513,200,2000,tablets,2026-09-15,2027-06-30
PHC-MH-PUN-113,ORS Sachets,DRG-001,Essential,3035,500,5000,sachets,2026-08-30,2027-05-16
PHC-MH-PUN-113,Zinc Sulfate 20mg,DRG-002,Essential,350,200,2000,tablets,2026-08-04,2026-12-07
PHC-MH-PUN-113,Paracetamol 500mg,DRG-003,Analgesic,6610,1000,10000,tablets,2026-08-13,2027-07-06
PHC-MH-PUN-113,Amoxicillin 500mg,DRG-004,Antibiotic,2863,300,3000,capsules,2026-08-31,2027-04-20
PHC-MH-PUN-113,Polyvalent Anti-Snake Venom (ASV),DRG-005,Antivenom,11,10,50,vials,2026-08-27,2027-03-30
PHC-MH-PUN-113,Salbutamol Nebules,DRG-006,Respiratory,82,50,500,ampoules,2026-09-18,2027-01-27
PHC-MH-PUN-113,Doxycycline 100mg,DRG-007,Antibiotic,1563,200,2000,tablets,2026-08-05,2026-12-26
PHC-MH-PUN-113,Iron Folic Acid tablets,DRG-008,Supplement,3214,500,5000,tablets,2026-08-31,2027-01-10
PHC-MH-PUN-113,Metformin 500mg,DRG-009,Anti-diabetic,1642,300,3000,tablets,2026-08-13,2026-11-30
PHC-MH-PUN-113,Amlodipine 5mg,DRG-010,Cardiovascular,1346,200,2000,tablets,2026-09-08,2027-01-07
PHC-MH-PUN-114,ORS Sachets,DRG-001,Essential,1014,500,5000,sachets,2026-08-10,2027-09-07
PHC-MH-PUN-114,Zinc Sulfate 20mg,DRG-002,Essential,889,200,2000,tablets,2026-08-08,2027-06-14
PHC-MH-PUN-114,Paracetamol 500mg,DRG-003,Analgesic,7705,1000,10000,tablets,2026-09-23,2027-01-15
PHC-MH-PUN-114,Amoxicillin 500mg,DRG-004,Antibiotic,1198,300,3000,capsules,2026-08-27,2027-09-12
PHC-MH-PUN-114,Polyvalent Anti-Snake Venom (ASV),DRG-005,Antivenom,25,10,50,vials,2026-09-18,2027-01-04
PHC-MH-PUN-114,Salbutamol Nebules,DRG-006,Respiratory,107,50,500,ampoules,2026-09-06,2026-11-16
PHC-MH-PUN-114,Doxycycline 100mg,DRG-007,Antibiotic,1889,200,2000,tablets,2026-08-09,2026-11-21
PHC-MH-PUN-114,Iron Folic Acid tablets,DRG-008,Supplement,2999,500,5000,tablets,2026-08-21,2027-03-26
PHC-MH-PUN-114,Metformin 500mg,DRG-009,Anti-diabetic,1961,300,3000,tablets,2026-08-03,2027-08-07
PHC-MH-PUN-114,Amlodipine 5mg,DRG-010,Cardiovascular,2000,200,2000,tablets,2026-09-12,2027-01-03
PHC-MH-PUN-115,ORS Sachets,DRG-001,Essential,3787,500,5000,sachets,2026-08-01,2027-01-25
PHC-MH-PUN-115,Zinc Sulfate 20mg,DRG-002,Essential,1318,200,2000,tablets,2026-08-20,2027-02-14
PHC-MH-PUN-115,Paracetamol 500mg,DRG-003,Analgesic,8101,1000,10000,tablets,2026-09-12,2027-08-09
PHC-MH-PUN-115,Amoxicillin 500mg,DRG-004,Antibiotic,2417,300,3000,capsules,2026-08-14,2027-02-05
PHC-MH-PUN-115,Polyvalent Anti-Snake Venom (ASV),DRG-005,Antivenom,40,10,50,vials,2026-09-11,2027-07-30
PHC-MH-PUN-115,Salbutamol Nebules,DRG-006,Respiratory,301,50,500,ampoules,2026-08-30,2027-06-15
PHC-MH-PUN-115,Doxycycline 100mg,DRG-007,Antibiotic,614,200,2000,tablets,2026-09-09,2026-11-07
PHC-MH-PUN-115,Iron Folic Acid tablets,DRG-008,Supplement,2177,500,5000,tablets,2026-09-23,2027-01-14
PHC-MH-PUN-115,Metformin 500mg,DRG-009,Anti-diabetic,2975,300,3000,tablets,2026-08-27,2027-04-17
PHC-MH-PUN-115,Amlodipine 5mg,DRG-010,Cardiovascular,1355,200,2000,tablets,2026-08-21,2027-03-25
PHC-MH-PUN-116,ORS Sachets,DRG-001,Essential,87,500,5000,sachets,2026-08-29,2027-08-19
PHC-MH-PUN-116,Zinc Sulfate 20mg,DRG-002,Essential,2,200,2000,tablets,2026-08-21,2027-09-27
PHC-MH-PUN-116,Paracetamol 500mg,DRG-003,Analgesic,147,1000,10000,tablets,2026-09-24,2027-06-19
PHC-MH-PUN-116,Amoxicillin 500mg,DRG-004,Antibiotic,55,300,3000,capsules,2026-08-29,2027-09-12
PHC-MH-PUN-116,Polyvalent Anti-Snake Venom (ASV),DRG-005,Antivenom,1,10,50,vials,2026-09-11,2027-07-15
PHC-MH-PUN-116,Salbutamol Nebules,DRG-006,Respiratory,2,50,500,ampoules,2026-08-27,2027-06-01
PHC-MH-PUN-116,Doxycycline 100mg,DRG-007,Antibiotic,8,200,2000,tablets,2026-08-27,2027-01-16
PHC-MH-PUN-116,Iron Folic Acid tablets,DRG-008,Supplement,52,500,5000,tablets,2026-09-10,2026-11-17
PHC-MH-PUN-116,Metformin 500mg,DRG-009,Anti-diabetic,45,300,3000,tablets,2026-09-10,2027-08-11
PHC-MH-PUN-116,Amlodipine 5mg,DRG-010,Cardiovascular,29,200,2000,tablets,2026-08-24,2027-08-17
PHC-MH-PUN-117,ORS Sachets,DRG-001,Essential,4646,500,5000,sachets,2026-08-04,2027-03-01
PHC-MH-PUN-117,Zinc Sulfate 20mg,DRG-002,Essential,631,200,2000,tablets,2026-08-11,2026-12-02
PHC-MH-PUN-117,Paracetamol 500mg,DRG-003,Analgesic,1886,1000,10000,tablets,2026-09-17,2027-08-24
PHC-MH-PUN-117,Amoxicillin 500mg,DRG-004,Antibiotic,1815,300,3000,capsules,2026-09-06,2027-09-29
PHC-MH-PUN-117,Polyvalent Anti-Snake Venom (ASV),DRG-005,Antivenom,33,10,50,vials,2026-08-22,2027-01-08
PHC-MH-PUN-117,Salbutamol Nebules,DRG-006,Respiratory,390,50,500,ampoules,2026-08-28,2027-02-09
PHC-MH-PUN-117,Doxycycline 100mg,DRG-007,Antibiotic,1820,200,2000,tablets,2026-09-23,2027-02-04
PHC-MH-PUN-117,Iron Folic Acid tablets,DRG-008,Supplement,1414,500,5000,tablets,2026-09-08,2027-02-10
PHC-MH-PUN-117,Metformin 500mg,DRG-009,Anti-diabetic,1942,300,3000,tablets,2026-09-16,2027-02-01
PHC-MH-PUN-117,Amlodipine 5mg,DRG-010,Cardiovascular,926,200,2000,tablets,2026-09-02,2027-01-20
PHC-MH-PUN-118,ORS Sachets,DRG-001,Essential,1132,500,5000,sachets,2026-08-10,2026-12-08
PHC-MH-PUN-118,Zinc Sulfate 20mg,DRG-002,Essential,1183,200,2000,tablets,2026-08-18,2026-11-04
PHC-MH-PUN-118,Paracetamol 500mg,DRG-003,Analgesic,1839,1000,10000,tablets,2026-08-24,2027-01-08
PHC-MH-PUN-118,Amoxicillin 500mg,DRG-004,Antibiotic,952,300,3000,capsules,2026-09-23,2026-12-17
PHC-MH-PUN-118,Polyvalent Anti-Snake Venom (ASV),DRG-005,Antivenom,33,10,50,vials,2026-09-05,2027-07-17
PHC-MH-PUN-118,Salbutamol Nebules,DRG-006,Respiratory,96,50,500,ampoules,2026-08-27,2027-03-05
PHC-MH-PUN-118,Doxycycline 100mg,DRG-007,Antibiotic,958,200,2000,tablets,2026-08-09,2027-06-19
PHC-MH-PUN-118,Iron Folic Acid tablets,DRG-008,Supplement,2310,500,5000,tablets,2026-09-18,2027-06-22
PHC-MH-PUN-118,Metformin 500mg,DRG-009,Anti-diabetic,505,300,3000,tablets,2026-09-09,2027-03-27
PHC-MH-PUN-118,Amlodipine 5mg,DRG-010,Cardiovascular,1711,200,2000,tablets,2026-08-01,2027-09-13
PHC-MH-PUN-119,ORS Sachets,DRG-001,Essential,2893,500,5000,sachets,2026-09-04,2027-02-23
PHC-MH-PUN-119,Zinc Sulfate 20mg,DRG-002,Essential,1201,200,2000,tablets,2026-08-28,2027-04-30
PHC-MH-PUN-119,Paracetamol 500mg,DRG-003,Analgesic,6421,1000,10000,tablets,2026-08-06,2027-05-28
PHC-MH-PUN-119,Amoxicillin 500mg,DRG-004,Antibiotic,1651,300,3000,capsules,2026-08-02,2027-08-17
PHC-MH-PUN-119,Polyvalent Anti-Snake Venom (ASV),DRG-005,Antivenom,36,10,50,vials,2026-09-11,2027-02-24
PHC-MH-PUN-119,Salbutamol Nebules,DRG-006,Respiratory,267,50,500,ampoules,2026-08-18,2027-07-09
PHC-MH-PUN-119,Doxycycline 100mg,DRG-007,Antibiotic,841,200,2000,tablets,2026-08-10,2027-02-22
PHC-MH-PUN-119,Iron Folic Acid tablets,DRG-008,Supplement,1440,500,5000,tablets,2026-08-26,2026-11-25
PHC-MH-PUN-119,Metformin 500mg,DRG-009,Anti-diabetic,1059,300,3000,tablets,2026-09-14,2027-02-19
PHC-MH-PUN-119,Amlodipine 5mg,DRG-010,Cardiovascular,789,200,2000,tablets,2026-08-13,2026-11-01
PHC-MH-PUN-120,ORS Sachets,DRG-001,Essential,4385,500,5000,sachets,2026-08-22,2027-09-17
PHC-MH-PUN-120,Zinc Sulfate 20mg,DRG-002,Essential,539,200,2000,tablets,2026-08-01,2027-08-21
PHC-MH-PUN-120,Paracetamol 500mg,DRG-003,Analgesic,3663,1000,10000,tablets,2026-08-05,2026-11-02
PHC-MH-PUN-120,Amoxicillin 500mg,DRG-004,Antibiotic,1287,300,3000,capsules,2026-08-06,2026-11-26
PHC-MH-PUN-120,Polyvalent Anti-Snake Venom (ASV),DRG-005,Antivenom,50,10,50,vials,2026-09-03,2027-09-25
PHC-MH-PUN-120,Salbutamol Nebules,DRG-006,Respiratory,455,50,500,ampoules,2026-09-07,2027-07-26
PHC-MH-PUN-120,Doxycycline 100mg,DRG-007,Antibiotic,1363,200,2000,tablets,2026-09-09,2026-11-20
PHC-MH-PUN-120,Iron Folic Acid tablets,DRG-008,Supplement,946,500,5000,tablets,2026-09-07,2027-02-15
PHC-MH-PUN-120,Metformin 500mg,DRG-009,Anti-diabetic,2629,300,3000,tablets,2026-08-11,2027-01-20
PHC-MH-PUN-120,Amlodipine 5mg,DRG-010,Cardiovascular,380,200,2000,tablets,2026-08-25,2027-01-14
PHC-MH-PUN-121,ORS Sachets,DRG-001,Essential,220,500,5000,sachets,2026-09-05,2027-09-10
PHC-MH-PUN-121,Zinc Sulfate 20mg,DRG-002,Essential,46,200,2000,tablets,2026-09-12,2026-11-05
PHC-MH-PUN-121,Paracetamol 500mg,DRG-003,Analgesic,126,1000,10000,tablets,2026-08-17,2026-12-20
PHC-MH-PUN-121,Amoxicillin 500mg,DRG-004,Antibiotic,265,300,3000,capsules,2026-08-15,2027-01-13
PHC-MH-PUN-121,Polyvalent Anti-Snake Venom (ASV),DRG-005,Antivenom,1,10,50,vials,2026-09-20,2027-02-18
PHC-MH-PUN-121,Salbutamol Nebules,DRG-006,Respiratory,3,50,500,ampoules,2026-08-07,2027-05-27
PHC-MH-PUN-121,Doxycycline 100mg,DRG-007,Antibiotic,93,200,2000,tablets,2026-09-09,2027-02-07
PHC-MH-PUN-121,Iron Folic Acid tablets,DRG-008,Supplement,365,500,5000,tablets,2026-09-02,2027-09-14
PHC-MH-PUN-121,Metformin 500mg,DRG-009,Anti-diabetic,109,300,3000,tablets,2026-07-31,2027-02-11
PHC-MH-PUN-121,Amlodipine 5mg,DRG-010,Cardiovascular,16,200,2000,tablets,2026-08-24,2027-07-29
PHC-MH-PUN-122,ORS Sachets,DRG-001,Essential,8,500,5000,sachets,2026-08-09,2027-07-19
PHC-MH-PUN-122,Zinc Sulfate 20mg,DRG-002,Essential,122,200,2000,tablets,2026-09-17,2026-11-07
PHC-MH-PUN-122,Paracetamol 500mg,DRG-003,Analgesic,910,1000,10000,tablets,2026-09-17,2027-07-07
PHC-MH-PUN-122,Amoxicillin 500mg,DRG-004,Antibiotic,222,300,3000,capsules,2026-08-07,2027-02-10
PHC-MH-PUN-122,Polyvalent Anti-Snake Venom (ASV),DRG-005,Antivenom,1,10,50,vials,2026-08-31,2027-01-29
PHC-MH-PUN-122,Salbutamol Nebules,DRG-006,Respiratory,14,50,500,ampoules,2026-09-01,2027-03-12
PHC-MH-PUN-122,Doxycycline 100mg,DRG-007,Antibiotic,20,200,2000,tablets,2026-08-08,2027-03-02
PHC-MH-PUN-122,Iron Folic Acid tablets,DRG-008,Supplement,9,500,5000,tablets,2026-08-29,2027-01-05
PHC-MH-PUN-122,Metformin 500mg,DRG-009,Anti-diabetic,5,300,3000,tablets,2026-09-01,2027-01-30
PHC-MH-PUN-122,Amlodipine 5mg,DRG-010,Cardiovascular,170,200,2000,tablets,2026-08-27,2027-04-18
PHC-MH-PUN-123,ORS Sachets,DRG-001,Essential,471,500,5000,sachets,2026-08-05,2027-02-03
PHC-MH-PUN-123,Zinc Sulfate 20mg,DRG-002,Essential,72,200,2000,tablets,2026-09-04,2027-09-04
PHC-MH-PUN-123,Paracetamol 500mg,DRG-003,Analgesic,120,1000,10000,tablets,2026-09-19,2027-04-05
PHC-MH-PUN-123,Amoxicillin 500mg,DRG-004,Antibiotic,189,300,3000,capsules,2026-09-02,2026-12-20
PHC-MH-PUN-123,Polyvalent Anti-Snake Venom (ASV),DRG-005,Antivenom,7,10,50,vials,2026-09-23,2027-02-04
PHC-MH-PUN-123,Salbutamol Nebules,DRG-006,Respiratory,46,50,500,ampoules,2026-09-12,2027-03-27
PHC-MH-PUN-123,Doxycycline 100mg,DRG-007,Antibiotic,6,200,2000,tablets,2026-08-07,2027-01-18
PHC-MH-PUN-123,Iron Folic Acid tablets,DRG-008,Supplement,152,500,5000,tablets,2026-08-18,2027-01-08
PHC-MH-PUN-123,Metformin 500mg,DRG-009,Anti-diabetic,230,300,3000,tablets,2026-08-31,2026-12-29
PHC-MH-PUN-123,Amlodipine 5mg,DRG-010,Cardiovascular,45,200,2000,tablets,2026-08-23,2026-12-26
PHC-MH-PUN-124,ORS Sachets,DRG-001,Essential,179,500,5000,sachets,2026-08-31,2027-08-31
PHC-MH-PUN-124,Zinc Sulfate 20mg,DRG-002,Essential,147,200,2000,tablets,2026-08-21,2027-03-13
PHC-MH-PUN-124,Paracetamol 500mg,DRG-003,Analgesic,602,1000,10000,tablets,2026-08-28,2026-11-03
PHC-MH-PUN-124,Amoxicillin 500mg,DRG-004,Antibiotic,65,300,3000,capsules,2026-09-22,2027-04-27
PHC-MH-PUN-124,Polyvalent Anti-Snake Venom (ASV),DRG-005,Antivenom,6,10,50,vials,2026-09-09,2027-05-13
PHC-MH-PUN-124,Salbutamol Nebules,DRG-006,Respiratory,17,50,500,ampoules,2026-08-28,2027-07-20
PHC-MH-PUN-124,Doxycycline 100mg,DRG-007,Antibiotic,82,200,2000,tablets,2026-08-24,2027-02-08
PHC-MH-PUN-124,Iron Folic Acid tablets,DRG-008,Supplement,219,500,5000,tablets,2026-09-21,2027-07-31
PHC-MH-PUN-124,Metformin 500mg,DRG-009,Anti-diabetic,42,300,3000,tablets,2026-08-15,2027-08-30
PHC-MH-PUN-124,Amlodipine 5mg,DRG-010,Cardiovascular,31,200,2000,tablets,2026-08-05,2027-02-09
PHC-MH-PUN-125,ORS Sachets,DRG-001,Essential,1588,500,5000,sachets,2026-08-09,2027-01-02
PHC-MH-PUN-125,Zinc Sulfate 20mg,DRG-002,Essential,1738,200,2000,tablets,2026-08-07,2027-03-02
PHC-MH-PUN-125,Paracetamol 500mg,DRG-003,Analgesic,7535,1000,10000,tablets,2026-08-06,2027-09-03
PHC-MH-PUN-125,Amoxicillin 500mg,DRG-004,Antibiotic,2483,300,3000,capsules,2026-09-09,2027-05-02
PHC-MH-PUN-125,Polyvalent Anti-Snake Venom (ASV),DRG-005,Antivenom,44,10,50,vials,2026-08-16,2027-01-01
PHC-MH-PUN-125,Salbutamol Nebules,DRG-006,Respiratory,127,50,500,ampoules,2026-08-05,2027-01-06
PHC-MH-PUN-125,Doxycycline 100mg,DRG-007,Antibiotic,887,200,2000,tablets,2026-08-14,2026-11-05
PHC-MH-PUN-125,Iron Folic Acid tablets,DRG-008,Supplement,1085,500,5000,tablets,2026-09-04,2026-10-29
PHC-MH-PUN-125,Metformin 500mg,DRG-009,Anti-diabetic,1801,300,3000,tablets,2026-08-15,2027-07-23
PHC-MH-PUN-125,Amlodipine 5mg,DRG-010,Cardiovascular,773,200,2000,tablets,2026-09-22,2027-09-21
PHC-MH-PUN-126,ORS Sachets,DRG-001,Essential,4198,500,5000,sachets,2026-09-10,2027-03-30
PHC-MH-PUN-126,Zinc Sulfate 20mg,DRG-002,Essential,941,200,2000,tablets,2026-08-13,2027-08-20
PHC-MH-PUN-126,Paracetamol 500mg,DRG-003,Analgesic,9917,1000,10000,tablets,2026-09-12,2026-11-09
PHC-MH-PUN-126,Amoxicillin 500mg,DRG-004,Antibiotic,2011,300,3000,capsules,2026-08-27,2027-01-18
PHC-MH-PUN-126,Polyvalent Anti-Snake Venom (ASV),DRG-005,Antivenom,34,10,50,vials,2026-09-06,2027-07-08
PHC-MH-PUN-126,Salbutamol Nebules,DRG-006,Respiratory,341,50,500,ampoules,2026-09-14,2027-02-06
PHC-MH-PUN-126,Doxycycline 100mg,DRG-007,Antibiotic,246,200,2000,tablets,2026-08-01,2026-12-11
PHC-MH-PUN-126,Iron Folic Acid tablets,DRG-008,Supplement,2782,500,5000,tablets,2026-09-15,2027-03-18
PHC-MH-PUN-126,Metformin 500mg,DRG-009,Anti-diabetic,1450,300,3000,tablets,2026-08-01,2026-12-06
PHC-MH-PUN-126,Amlodipine 5mg,DRG-010,Cardiovascular,1736,200,2000,tablets,2026-08-19,2027-03-13
PHC-MH-NAG-127,ORS Sachets,DRG-001,Essential,2696,500,5000,sachets,2026-08-03,2027-08-03
PHC-MH-NAG-127,Zinc Sulfate 20mg,DRG-002,Essential,1711,200,2000,tablets,2026-08-29,2027-08-23
PHC-MH-NAG-127,Paracetamol 500mg,DRG-003,Analgesic,6619,1000,10000,tablets,2026-09-02,2027-05-30
PHC-MH-NAG-127,Amoxicillin 500mg,DRG-004,Antibiotic,441,300,3000,capsules,2026-09-05,2027-08-02
PHC-MH-NAG-127,Polyvalent Anti-Snake Venom (ASV),DRG-005,Antivenom,26,10,50,vials,2026-09-21,2027-08-28
PHC-MH-NAG-127,Salbutamol Nebules,DRG-006,Respiratory,156,50,500,ampoules,2026-09-06,2027-02-04
PHC-MH-NAG-127,Doxycycline 100mg,DRG-007,Antibiotic,879,200,2000,tablets,2026-08-22,2027-09-19
PHC-MH-NAG-127,Iron Folic Acid tablets,DRG-008,Supplement,3824,500,5000,tablets,2026-08-30,2027-08-09
PHC-MH-NAG-127,Metformin 500mg,DRG-009,Anti-diabetic,1758,300,3000,tablets,2026-09-22,2027-05-19
PHC-MH-NAG-127,Amlodipine 5mg,DRG-010,Cardiovascular,634,200,2000,tablets,2026-09-02,2026-12-08
PHC-MH-NAG-128,ORS Sachets,DRG-001,Essential,3008,500,5000,sachets,2026-08-31,2026-11-29
PHC-MH-NAG-128,Zinc Sulfate 20mg,DRG-002,Essential,1319,200,2000,tablets,2026-09-23,2027-02-02
PHC-MH-NAG-128,Paracetamol 500mg,DRG-003,Analgesic,6201,1000,10000,tablets,2026-09-06,2027-04-23
PHC-MH-NAG-128,Amoxicillin 500mg,DRG-004,Antibiotic,2829,300,3000,capsules,2026-08-07,2026-11-06
PHC-MH-NAG-128,Polyvalent Anti-Snake Venom (ASV),DRG-005,Antivenom,34,10,50,vials,2026-08-19,2027-08-04
PHC-MH-NAG-128,Salbutamol Nebules,DRG-006,Respiratory,441,50,500,ampoules,2026-09-06,2026-11-08
PHC-MH-NAG-128,Doxycycline 100mg,DRG-007,Antibiotic,661,200,2000,tablets,2026-09-13,2027-02-25
PHC-MH-NAG-128,Iron Folic Acid tablets,DRG-008,Supplement,1792,500,5000,tablets,2026-08-24,2027-01-26
PHC-MH-NAG-128,Metformin 500mg,DRG-009,Anti-diabetic,1562,300,3000,tablets,2026-08-06,2026-12-08
PHC-MH-NAG-128,Amlodipine 5mg,DRG-010,Cardiovascular,1276,200,2000,tablets,2026-09-08,2026-12-26
PHC-MH-NAG-129,ORS Sachets,DRG-001,Essential,609,500,5000,sachets,2026-08-27,2027-08-09
PHC-MH-NAG-129,Zinc Sulfate 20mg,DRG-002,Essential,333,200,2000,tablets,2026-08-12,2027-02-23
PHC-MH-NAG-129,Paracetamol 500mg,DRG-003,Analgesic,5886,1000,10000,tablets,2026-08-06,2027-07-31
PHC-MH-NAG-129,Amoxicillin 500mg,DRG-004,Antibiotic,2245,300,3000,capsules,2026-08-08,2027-08-27
PHC-MH-NAG-129,Polyvalent Anti-Snake Venom (ASV),DRG-005,Antivenom,44,10,50,vials,2026-08-08,2027-03-15
PHC-MH-NAG-129,Salbutamol Nebules,DRG-006,Respiratory,93,50,500,ampoules,2026-08-31,2027-06-21
PHC-MH-NAG-129,Doxycycline 100mg,DRG-007,Antibiotic,669,200,2000,tablets,2026-09-19,2026-12-17
PHC-MH-NAG-129,Iron Folic Acid tablets,DRG-008,Supplement,3534,500,5000,tablets,2026-08-18,2027-08-23
PHC-MH-NAG-129,Metformin 500mg,DRG-009,Anti-diabetic,2361,300,3000,tablets,2026-08-22,2027-01-17
PHC-MH-NAG-129,Amlodipine 5mg,DRG-010,Cardiovascular,270,200,2000,tablets,2026-09-20,2027-05-05
PHC-MH-NAG-130,ORS Sachets,DRG-001,Essential,1380,500,5000,sachets,2026-09-02,2027-01-18
PHC-MH-NAG-130,Zinc Sulfate 20mg,DRG-002,Essential,418,200,2000,tablets,2026-08-14,2027-09-04
PHC-MH-NAG-130,Paracetamol 500mg,DRG-003,Analgesic,7770,1000,10000,tablets,2026-08-12,2027-06-03
PHC-MH-NAG-130,Amoxicillin 500mg,DRG-004,Antibiotic,914,300,3000,capsules,2026-08-14,2027-04-01
PHC-MH-NAG-130,Polyvalent Anti-Snake Venom (ASV),DRG-005,Antivenom,37,10,50,vials,2026-09-10,2027-05-23
PHC-MH-NAG-130,Salbutamol Nebules,DRG-006,Respiratory,142,50,500,ampoules,2026-09-06,2027-05-11
PHC-MH-NAG-130,Doxycycline 100mg,DRG-007,Antibiotic,395,200,2000,tablets,2026-09-17,2027-02-27
PHC-MH-NAG-130,Iron Folic Acid tablets,DRG-008,Supplement,545,500,5000,tablets,2026-08-29,2027-02-16
PHC-MH-NAG-130,Metformin 500mg,DRG-009,Anti-diabetic,503,300,3000,tablets,2026-08-18,2027-03-05
PHC-MH-NAG-130,Amlodipine 5mg,DRG-010,Cardiovascular,1899,200,2000,tablets,2026-08-11,2026-11-16
PHC-MH-NAG-131,ORS Sachets,DRG-001,Essential,4088,500,5000,sachets,2026-08-31,2027-03-09
PHC-MH-NAG-131,Zinc Sulfate 20mg,DRG-002,Essential,1431,200,2000,tablets,2026-08-04,2027-07-06
PHC-MH-NAG-131,Paracetamol 500mg,DRG-003,Analgesic,7565,1000,10000,tablets,2026-09-20,2027-06-14
PHC-MH-NAG-131,Amoxicillin 500mg,DRG-004,Antibiotic,429,300,3000,capsules,2026-08-12,2027-04-28
PHC-MH-NAG-131,Polyvalent Anti-Snake Venom (ASV),DRG-005,Antivenom,15,10,50,vials,2026-09-23,2027-01-29
PHC-MH-NAG-131,Salbutamol Nebules,DRG-006,Respiratory,266,50,500,ampoules,2026-09-15,2027-03-29
PHC-MH-NAG-131,Doxycycline 100mg,DRG-007,Antibiotic,1363,200,2000,tablets,2026-08-09,2027-08-29
PHC-MH-NAG-131,Iron Folic Acid tablets,DRG-008,Supplement,1154,500,5000,tablets,2026-09-12,2027-05-09
PHC-MH-NAG-131,Metformin 500mg,DRG-009,Anti-diabetic,338,300,3000,tablets,2026-09-17,2026-12-19
PHC-MH-NAG-131,Amlodipine 5mg,DRG-010,Cardiovascular,1192,200,2000,tablets,2026-09-17,2027-04-26
PHC-MH-NAG-132,ORS Sachets,DRG-001,Essential,2001,500,5000,sachets,2026-08-11,2027-09-06
PHC-MH-NAG-132,Zinc Sulfate 20mg,DRG-002,Essential,1615,200,2000,tablets,2026-07-31,2026-10-31
PHC-MH-NAG-132,Paracetamol 500mg,DRG-003,Analgesic,5766,1000,10000,tablets,2026-09-12,2027-08-16
PHC-MH-NAG-132,Amoxicillin 500mg,DRG-004,Antibiotic,1091,300,3000,capsules,2026-09-20,2027-01-16
PHC-MH-NAG-132,Polyvalent Anti-Snake Venom (ASV),DRG-005,Antivenom,38,10,50,vials,2026-09-09,2027-05-19
PHC-MH-NAG-132,Salbutamol Nebules,DRG-006,Respiratory,51,50,500,ampoules,2026-08-27,2027-03-11
PHC-MH-NAG-132,Doxycycline 100mg,DRG-007,Antibiotic,1530,200,2000,tablets,2026-08-09,2027-03-28
PHC-MH-NAG-132,Iron Folic Acid tablets,DRG-008,Supplement,3506,500,5000,tablets,2026-08-24,2027-09-15
PHC-MH-NAG-132,Metformin 500mg,DRG-009,Anti-diabetic,594,300,3000,tablets,2026-09-14,2027-01-30
PHC-MH-NAG-132,Amlodipine 5mg,DRG-010,Cardiovascular,848,200,2000,tablets,2026-08-16,2027-04-23
PHC-MH-NAG-133,ORS Sachets,DRG-001,Essential,1240,500,5000,sachets,2026-08-27,2027-08-24
PHC-MH-NAG-133,Zinc Sulfate 20mg,DRG-002,Essential,757,200,2000,tablets,2026-09-14,2027-09-20
PHC-MH-NAG-133,Paracetamol 500mg,DRG-003,Analgesic,4500,1000,10000,tablets,2026-08-08,2027-09-18
PHC-MH-NAG-133,Amoxicillin 500mg,DRG-004,Antibiotic,1668,300,3000,capsules,2026-09-14,2027-01-11
PHC-MH-NAG-133,Polyvalent Anti-Snake Venom (ASV),DRG-005,Antivenom,31,10,50,vials,2026-08-07,2026-11-29
PHC-MH-NAG-133,Salbutamol Nebules,DRG-006,Respiratory,169,50,500,ampoules,2026-08-13,2027-04-23
PHC-MH-NAG-133,Doxycycline 100mg,DRG-007,Antibiotic,342,200,2000,tablets,2026-09-23,2026-12-31
PHC-MH-NAG-133,Iron Folic Acid tablets,DRG-008,Supplement,2175,500,5000,tablets,2026-08-26,2027-04-18
PHC-MH-NAG-133,Metformin 500mg,DRG-009,Anti-diabetic,2485,300,3000,tablets,2026-07-31,2027-06-30
PHC-MH-NAG-133,Amlodipine 5mg,DRG-010,Cardiovascular,1634,200,2000,tablets,2026-08-25,2027-08-30
PHC-MH-NAG-134,ORS Sachets,DRG-001,Essential,3746,500,5000,sachets,2026-08-15,2026-12-16
PHC-MH-NAG-134,Zinc Sulfate 20mg,DRG-002,Essential,927,200,2000,tablets,2026-08-09,2027-08-25
PHC-MH-NAG-134,Paracetamol 500mg,DRG-003,Analgesic,5990,1000,10000,tablets,2026-08-30,2027-07-08
PHC-MH-NAG-134,Amoxicillin 500mg,DRG-004,Antibiotic,1112,300,3000,capsules,2026-07-31,2026-12-20
PHC-MH-NAG-134,Polyvalent Anti-Snake Venom (ASV),DRG-005,Antivenom,15,10,50,vials,2026-09-17,2027-01-25
PHC-MH-NAG-134,Salbutamol Nebules,DRG-006,Respiratory,247,50,500,ampoules,2026-08-17,2027-08-16
PHC-MH-NAG-134,Doxycycline 100mg,DRG-007,Antibiotic,1030,200,2000,tablets,2026-09-14,2027-01-09
PHC-MH-NAG-134,Iron Folic Acid tablets,DRG-008,Supplement,2163,500,5000,tablets,2026-08-09,2027-07-06
PHC-MH-NAG-134,Metformin 500mg,DRG-009,Anti-diabetic,1110,300,3000,tablets,2026-09-14,2026-12-16
PHC-MH-NAG-134,Amlodipine 5mg,DRG-010,Cardiovascular,1046,200,2000,tablets,2026-09-05,2027-09-20
PHC-MH-NAG-135,ORS Sachets,DRG-001,Essential,3616,500,5000,sachets,2026-08-12,2027-06-28
PHC-MH-NAG-135,Zinc Sulfate 20mg,DRG-002,Essential,1704,200,2000,tablets,2026-08-07,2026-11-18
PHC-MH-NAG-135,Paracetamol 500mg,DRG-003,Analgesic,7683,1000,10000,tablets,2026-09-21,2026-11-29
PHC-MH-NAG-135,Amoxicillin 500mg,DRG-004,Antibiotic,2751,300,3000,capsules,2026-09-07,2026-11-28
PHC-MH-NAG-135,Polyvalent Anti-Snake Venom (ASV),DRG-005,Antivenom,12,10,50,vials,2026-08-11,2027-01-14
PHC-MH-NAG-135,Salbutamol Nebules,DRG-006,Respiratory,80,50,500,ampoules,2026-08-09,2026-11-05
PHC-MH-NAG-135,Doxycycline 100mg,DRG-007,Antibiotic,693,200,2000,tablets,2026-08-14,2027-05-03
PHC-MH-NAG-135,Iron Folic Acid tablets,DRG-008,Supplement,4150,500,5000,tablets,2026-09-19,2027-09-14
PHC-MH-NAG-135,Metformin 500mg,DRG-009,Anti-diabetic,2961,300,3000,tablets,2026-08-09,2027-08-20
PHC-MH-NAG-135,Amlodipine 5mg,DRG-010,Cardiovascular,1287,200,2000,tablets,2026-09-23,2027-07-06
PHC-MH-NAG-136,ORS Sachets,DRG-001,Essential,2119,500,5000,sachets,2026-08-10,2027-07-27
PHC-MH-NAG-136,Zinc Sulfate 20mg,DRG-002,Essential,1741,200,2000,tablets,2026-09-01,2027-04-12
PHC-MH-NAG-136,Paracetamol 500mg,DRG-003,Analgesic,6711,1000,10000,tablets,2026-08-26,2027-07-25
PHC-MH-NAG-136,Amoxicillin 500mg,DRG-004,Antibiotic,936,300,3000,capsules,2026-08-20,2027-05-29
PHC-MH-NAG-136,Polyvalent Anti-Snake Venom (ASV),DRG-005,Antivenom,40,10,50,vials,2026-08-28,2027-06-26
PHC-MH-NAG-136,Salbutamol Nebules,DRG-006,Respiratory,162,50,500,ampoules,2026-09-18,2027-01-29
PHC-MH-NAG-136,Doxycycline 100mg,DRG-007,Antibiotic,887,200,2000,tablets,2026-09-03,2027-08-13
PHC-MH-NAG-136,Iron Folic Acid tablets,DRG-008,Supplement,4906,500,5000,tablets,2026-09-09,2027-07-06
PHC-MH-NAG-136,Metformin 500mg,DRG-009,Anti-diabetic,2884,300,3000,tablets,2026-09-14,2027-08-28
PHC-MH-NAG-136,Amlodipine 5mg,DRG-010,Cardiovascular,1398,200,2000,tablets,2026-08-13,2026-12-31
PHC-MH-NAG-137,ORS Sachets,DRG-001,Essential,1703,500,5000,sachets,2026-08-13,2027-02-19
PHC-MH-NAG-137,Zinc Sulfate 20mg,DRG-002,Essential,1862,200,2000,tablets,2026-08-26,2027-02-13
PHC-MH-NAG-137,Paracetamol 500mg,DRG-003,Analgesic,4021,1000,10000,tablets,2026-08-17,2027-09-21
PHC-MH-NAG-137,Amoxicillin 500mg,DRG-004,Antibiotic,2590,300,3000,capsules,2026-09-24,2027-01-06
PHC-MH-NAG-137,Polyvalent Anti-Snake Venom (ASV),DRG-005,Antivenom,17,10,50,vials,2026-09-17,2027-07-10
PHC-MH-NAG-137,Salbutamol Nebules,DRG-006,Respiratory,118,50,500,ampoules,2026-08-08,2027-04-02
PHC-MH-NAG-137,Doxycycline 100mg,DRG-007,Antibiotic,1442,200,2000,tablets,2026-08-07,2027-03-08
PHC-MH-NAG-137,Iron Folic Acid tablets,DRG-008,Supplement,4166,500,5000,tablets,2026-08-09,2027-08-05
PHC-MH-NAG-137,Metformin 500mg,DRG-009,Anti-diabetic,1859,300,3000,tablets,2026-08-20,2027-08-13
PHC-MH-NAG-137,Amlodipine 5mg,DRG-010,Cardiovascular,471,200,2000,tablets,2026-09-05,2026-12-21
PHC-MH-NAG-138,ORS Sachets,DRG-001,Essential,4903,500,5000,sachets,2026-08-22,2027-09-05
PHC-MH-NAG-138,Zinc Sulfate 20mg,DRG-002,Essential,1361,200,2000,tablets,2026-08-12,2027-04-07
PHC-MH-NAG-138,Paracetamol 500mg,DRG-003,Analgesic,1177,1000,10000,tablets,2026-09-13,2027-04-03
PHC-MH-NAG-138,Amoxicillin 500mg,DRG-004,Antibiotic,2678,300,3000,capsules,2026-08-22,2027-01-27
PHC-MH-NAG-138,Polyvalent Anti-Snake Venom (ASV),DRG-005,Antivenom,40,10,50,vials,2026-08-11,2027-06-24
PHC-MH-NAG-138,Salbutamol Nebules,DRG-006,Respiratory,122,50,500,ampoules,2026-08-18,2027-04-17
PHC-MH-NAG-138,Doxycycline 100mg,DRG-007,Antibiotic,1556,200,2000,tablets,2026-08-17,2027-02-04
PHC-MH-NAG-138,Iron Folic Acid tablets,DRG-008,Supplement,957,500,5000,tablets,2026-08-06,2026-12-18
PHC-MH-NAG-138,Metformin 500mg,DRG-009,Anti-diabetic,590,300,3000,tablets,2026-09-16,2027-02-21
PHC-MH-NAG-138,Amlodipine 5mg,DRG-010,Cardiovascular,452,200,2000,tablets,2026-09-08,2027-01-08
PHC-MH-NAG-139,ORS Sachets,DRG-001,Essential,96,500,5000,sachets,2026-08-27,2027-09-18
PHC-MH-NAG-139,Zinc Sulfate 20mg,DRG-002,Essential,2,200,2000,tablets,2026-09-05,2027-07-22
PHC-MH-NAG-139,Paracetamol 500mg,DRG-003,Analgesic,67,1000,10000,tablets,2026-09-07,2026-12-26
PHC-MH-NAG-139,Amoxicillin 500mg,DRG-004,Antibiotic,32,300,3000,capsules,2026-09-04,2027-03-06
PHC-MH-NAG-139,Polyvalent Anti-Snake Venom (ASV),DRG-005,Antivenom,2,10,50,vials,2026-09-01,2027-01-11
PHC-MH-NAG-139,Salbutamol Nebules,DRG-006,Respiratory,2,50,500,ampoules,2026-08-11,2026-11-09
PHC-MH-NAG-139,Doxycycline 100mg,DRG-007,Antibiotic,32,200,2000,tablets,2026-09-07,2027-09-17
PHC-MH-NAG-139,Iron Folic Acid tablets,DRG-008,Supplement,40,500,5000,tablets,2026-08-17,2026-12-17
PHC-MH-NAG-139,Metformin 500mg,DRG-009,Anti-diabetic,21,300,3000,tablets,2026-08-18,2027-04-04
PHC-MH-NAG-139,Amlodipine 5mg,DRG-010,Cardiovascular,28,200,2000,tablets,2026-09-21,2027-09-10
PHC-MH-NAG-140,ORS Sachets,DRG-001,Essential,1188,500,5000,sachets,2026-08-08,2027-06-01
PHC-MH-NAG-140,Zinc Sulfate 20mg,DRG-002,Essential,1076,200,2000,tablets,2026-09-06,2027-07-28
PHC-MH-NAG-140,Paracetamol 500mg,DRG-003,Analgesic,9886,1000,10000,tablets,2026-08-16,2027-02-25
PHC-MH-NAG-140,Amoxicillin 500mg,DRG-004,Antibiotic,2545,300,3000,capsules,2026-09-07,2027-01-17
PHC-MH-NAG-140,Polyvalent Anti-Snake Venom (ASV),DRG-005,Antivenom,18,10,50,vials,2026-09-14,2027-06-23
PHC-MH-NAG-140,Salbutamol Nebules,DRG-006,Respiratory,311,50,500,ampoules,2026-08-04,2027-07-23
PHC-MH-NAG-140,Doxycycline 100mg,DRG-007,Antibiotic,518,200,2000,tablets,2026-08-09,2027-05-10
PHC-MH-NAG-140,Iron Folic Acid tablets,DRG-008,Supplement,2931,500,5000,tablets,2026-09-06,2027-03-02
PHC-MH-NAG-140,Metformin 500mg,DRG-009,Anti-diabetic,2698,300,3000,tablets,2026-09-03,2027-02-09
PHC-MH-NAG-140,Amlodipine 5mg,DRG-010,Cardiovascular,383,200,2000,tablets,2026-09-04,2027-03-16
PHC-MH-NAG-141,ORS Sachets,DRG-001,Essential,158,500,5000,sachets,2026-09-04,2027-09-25
PHC-MH-NAG-141,Zinc Sulfate 20mg,DRG-002,Essential,147,200,2000,tablets,2026-08-14,2027-03-03
PHC-MH-NAG-141,Paracetamol 500mg,DRG-003,Analgesic,310,1000,10000,tablets,2026-08-10,2027-09-14
PHC-MH-NAG-141,Amoxicillin 500mg,DRG-004,Antibiotic,208,300,3000,capsules,2026-09-13,2027-08-18
PHC-MH-NAG-141,Polyvalent Anti-Snake Venom (ASV),DRG-005,Antivenom,6,10,50,vials,2026-09-22,2027-01-09
PHC-MH-NAG-141,Salbutamol Nebules,DRG-006,Respiratory,18,50,500,ampoules,2026-08-27,2027-07-21
PHC-MH-NAG-141,Doxycycline 100mg,DRG-007,Antibiotic,180,200,2000,tablets,2026-09-07,2027-09-19
PHC-MH-NAG-141,Iron Folic Acid tablets,DRG-008,Supplement,115,500,5000,tablets,2026-08-03,2027-03-12
PHC-MH-NAG-141,Metformin 500mg,DRG-009,Anti-diabetic,257,300,3000,tablets,2026-08-24,2027-09-13
PHC-MH-NAG-141,Amlodipine 5mg,DRG-010,Cardiovascular,92,200,2000,tablets,2026-09-01,2027-02-12
PHC-MH-NAG-142,ORS Sachets,DRG-001,Essential,2313,500,5000,sachets,2026-09-13,2027-01-04
PHC-MH-NAG-142,Zinc Sulfate 20mg,DRG-002,Essential,830,200,2000,tablets,2026-08-25,2027-03-28
PHC-MH-NAG-142,Paracetamol 500mg,DRG-003,Analgesic,8229,1000,10000,tablets,2026-09-11,2027-06-13
PHC-MH-NAG-142,Amoxicillin 500mg,DRG-004,Antibiotic,2268,300,3000,capsules,2026-09-03,2027-09-10
PHC-MH-NAG-142,Polyvalent Anti-Snake Venom (ASV),DRG-005,Antivenom,44,10,50,vials,2026-08-24,2027-05-05
PHC-MH-NAG-142,Salbutamol Nebules,DRG-006,Respiratory,313,50,500,ampoules,2026-08-30,2026-12-22
PHC-MH-NAG-142,Doxycycline 100mg,DRG-007,Antibiotic,490,200,2000,tablets,2026-09-13,2027-02-15
PHC-MH-NAG-142,Iron Folic Acid tablets,DRG-008,Supplement,1554,500,5000,tablets,2026-08-30,2027-02-16
PHC-MH-NAG-142,Metformin 500mg,DRG-009,Anti-diabetic,2822,300,3000,tablets,2026-09-01,2027-09-25
PHC-MH-NAG-142,Amlodipine 5mg,DRG-010,Cardiovascular,439,200,2000,tablets,2026-09-16,2027-01-02
PHC-MH-NAG-143,ORS Sachets,DRG-001,Essential,650,500,5000,sachets,2026-08-07,2027-06-05
PHC-MH-NAG-143,Zinc Sulfate 20mg,DRG-002,Essential,1947,200,2000,tablets,2026-09-11,2026-11-28
PHC-MH-NAG-143,Paracetamol 500mg,DRG-003,Analgesic,6483,1000,10000,tablets,2026-09-06,2026-11-02
PHC-MH-NAG-143,Amoxicillin 500mg,DRG-004,Antibiotic,1709,300,3000,capsules,2026-08-24,2027-09-26
PHC-MH-NAG-143,Polyvalent Anti-Snake Venom (ASV),DRG-005,Antivenom,33,10,50,vials,2026-09-13,2027-01-15
PHC-MH-NAG-143,Salbutamol Nebules,DRG-006,Respiratory,370,50,500,ampoules,2026-09-23,2026-12-16
PHC-MH-NAG-143,Doxycycline 100mg,DRG-007,Antibiotic,940,200,2000,tablets,2026-08-21,2027-01-25
PHC-MH-NAG-143,Iron Folic Acid tablets,DRG-008,Supplement,2815,500,5000,tablets,2026-08-05,2027-04-04
PHC-MH-NAG-143,Metformin 500mg,DRG-009,Anti-diabetic,2775,300,3000,tablets,2026-09-17,2027-07-23
PHC-MH-NAG-143,Amlodipine 5mg,DRG-010,Cardiovascular,917,200,2000,tablets,2026-08-10,2027-02-07
PHC-MH-NAG-144,ORS Sachets,DRG-001,Essential,514,500,5000,sachets,2026-09-23,2027-09-21
PHC-MH-NAG-144,Zinc Sulfate 20mg,DRG-002,Essential,1557,200,2000,tablets,2026-09-09,2027-04-02
PHC-MH-NAG-144,Paracetamol 500mg,DRG-003,Analgesic,7928,1000,10000,tablets,2026-08-26,2027-07-14
PHC-MH-NAG-144,Amoxicillin 500mg,DRG-004,Antibiotic,2014,300,3000,capsules,2026-09-01,2027-01-24
PHC-MH-NAG-144,Polyvalent Anti-Snake Venom (ASV),DRG-005,Antivenom,48,10,50,vials,2026-09-09,2027-03-30
PHC-MH-NAG-144,Salbutamol Nebules,DRG-006,Respiratory,443,50,500,ampoules,2026-09-23,2027-09-08
PHC-MH-NAG-144,Doxycycline 100mg,DRG-007,Antibiotic,1314,200,2000,tablets,2026-08-19,2027-05-11
PHC-MH-NAG-144,Iron Folic Acid tablets,DRG-008,Supplement,3377,500,5000,tablets,2026-08-09,2027-01-08
PHC-MH-NAG-144,Metformin 500mg,DRG-009,Anti-diabetic,2166,300,3000,tablets,2026-08-12,2026-10-29
PHC-MH-NAG-144,Amlodipine 5mg,DRG-010,Cardiovascular,1932,200,2000,tablets,2026-09-22,2027-04-15
PHC-MH-NAG-145,ORS Sachets,DRG-001,Essential,53,500,5000,sachets,2026-08-21,2026-11-16
PHC-MH-NAG-145,Zinc Sulfate 20mg,DRG-002,Essential,29,200,2000,tablets,2026-09-08,2027-07-07
PHC-MH-NAG-145,Paracetamol 500mg,DRG-003,Analgesic,152,1000,10000,tablets,2026-08-18,2026-12-08
PHC-MH-NAG-145,Amoxicillin 500mg,DRG-004,Antibiotic,22,300,3000,capsules,2026-09-11,2027-05-20
PHC-MH-NAG-145,Polyvalent Anti-Snake Venom (ASV),DRG-005,Antivenom,0,10,50,vials,2026-08-10,2027-03-27
PHC-MH-NAG-145,Salbutamol Nebules,DRG-006,Respiratory,3,50,500,ampoules,2026-08-24,2027-06-14
PHC-MH-NAG-145,Doxycycline 100mg,DRG-007,Antibiotic,1,200,2000,tablets,2026-08-24,2027-02-03
PHC-MH-NAG-145,Iron Folic Acid tablets,DRG-008,Supplement,40,500,5000,tablets,2026-09-04,2027-08-31
PHC-MH-NAG-145,Metformin 500mg,DRG-009,Anti-diabetic,43,300,3000,tablets,2026-08-10,2027-02-13
PHC-MH-NAG-145,Amlodipine 5mg,DRG-010,Cardiovascular,38,200,2000,tablets,2026-08-10,2026-11-12
PHC-MH-NAG-146,ORS Sachets,DRG-001,Essential,2625,500,5000,sachets,2026-09-24,2027-01-22
PHC-MH-NAG-146,Zinc Sulfate 20mg,DRG-002,Essential,1491,200,2000,tablets,2026-08-05,2027-05-16
PHC-MH-NAG-146,Paracetamol 500mg,DRG-003,Analgesic,7270,1000,10000,tablets,2026-09-18,2027-06-15
PHC-MH-NAG-146,Amoxicillin 500mg,DRG-004,Antibiotic,1964,300,3000,capsules,2026-09-21,2027-02-15
PHC-MH-NAG-146,Polyvalent Anti-Snake Venom (ASV),DRG-005,Antivenom,33,10,50,vials,2026-08-02,2027-05-24
PHC-MH-NAG-146,Salbutamol Nebules,DRG-006,Respiratory,477,50,500,ampoules,2026-09-21,2027-08-17
PHC-MH-NAG-146,Doxycycline 100mg,DRG-007,Antibiotic,1953,200,2000,tablets,2026-08-02,2027-01-19
PHC-MH-NAG-146,Iron Folic Acid tablets,DRG-008,Supplement,4230,500,5000,tablets,2026-09-03,2027-07-30
PHC-MH-NAG-146,Metformin 500mg,DRG-009,Anti-diabetic,1950,300,3000,tablets,2026-08-06,2027-01-02
PHC-MH-NAG-146,Amlodipine 5mg,DRG-010,Cardiovascular,377,200,2000,tablets,2026-08-10,2027-02-08
PHC-MH-NAG-147,ORS Sachets,DRG-001,Essential,288,500,5000,sachets,2026-09-18,2027-03-29
PHC-MH-NAG-147,Zinc Sulfate 20mg,DRG-002,Essential,12,200,2000,tablets,2026-08-09,2027-04-04
PHC-MH-NAG-147,Paracetamol 500mg,DRG-003,Analgesic,587,1000,10000,tablets,2026-08-21,2027-01-16
PHC-MH-NAG-147,Amoxicillin 500mg,DRG-004,Antibiotic,92,300,3000,capsules,2026-09-23,2026-12-16
PHC-MH-NAG-147,Polyvalent Anti-Snake Venom (ASV),DRG-005,Antivenom,3,10,50,vials,2026-09-16,2027-05-24
PHC-MH-NAG-147,Salbutamol Nebules,DRG-006,Respiratory,50,50,500,ampoules,2026-08-12,2026-11-14
PHC-MH-NAG-147,Doxycycline 100mg,DRG-007,Antibiotic,46,200,2000,tablets,2026-09-10,2027-05-13
PHC-MH-NAG-147,Iron Folic Acid tablets,DRG-008,Supplement,305,500,5000,tablets,2026-08-22,2027-05-26
PHC-MH-NAG-147,Metformin 500mg,DRG-009,Anti-diabetic,68,300,3000,tablets,2026-08-16,2026-11-11
PHC-MH-NAG-147,Amlodipine 5mg,DRG-010,Cardiovascular,133,200,2000,tablets,2026-09-12,2027-03-22
PHC-MH-NAS-148,ORS Sachets,DRG-001,Essential,2659,500,5000,sachets,2026-08-01,2027-09-26
PHC-MH-NAS-148,Zinc Sulfate 20mg,DRG-002,Essential,478,200,2000,tablets,2026-09-08,2027-03-28
PHC-MH-NAS-148,Paracetamol 500mg,DRG-003,Analgesic,8364,1000,10000,tablets,2026-09-21,2027-07-26
PHC-MH-NAS-148,Amoxicillin 500mg,DRG-004,Antibiotic,796,300,3000,capsules,2026-08-15,2026-11-29
PHC-MH-NAS-148,Polyvalent Anti-Snake Venom (ASV),DRG-005,Antivenom,29,10,50,vials,2026-09-17,2027-07-13
PHC-MH-NAS-148,Salbutamol Nebules,DRG-006,Respiratory,480,50,500,ampoules,2026-08-10,2026-11-30
PHC-MH-NAS-148,Doxycycline 100mg,DRG-007,Antibiotic,1404,200,2000,tablets,2026-08-24,2027-04-19
PHC-MH-NAS-148,Iron Folic Acid tablets,DRG-008,Supplement,854,500,5000,tablets,2026-09-20,2027-07-27
PHC-MH-NAS-148,Metformin 500mg,DRG-009,Anti-diabetic,2165,300,3000,tablets,2026-09-03,2027-04-02
PHC-MH-NAS-148,Amlodipine 5mg,DRG-010,Cardiovascular,1479,200,2000,tablets,2026-09-20,2027-08-18
PHC-MH-NAS-149,ORS Sachets,DRG-001,Essential,2525,500,5000,sachets,2026-09-03,2027-04-19
PHC-MH-NAS-149,Zinc Sulfate 20mg,DRG-002,Essential,453,200,2000,tablets,2026-09-22,2027-03-25
PHC-MH-NAS-149,Paracetamol 500mg,DRG-003,Analgesic,7229,1000,10000,tablets,2026-08-23,2027-01-05
PHC-MH-NAS-149,Amoxicillin 500mg,DRG-004,Antibiotic,482,300,3000,capsules,2026-08-25,2027-07-03
PHC-MH-NAS-149,Polyvalent Anti-Snake Venom (ASV),DRG-005,Antivenom,28,10,50,vials,2026-08-19,2027-09-16
PHC-MH-NAS-149,Salbutamol Nebules,DRG-006,Respiratory,312,50,500,ampoules,2026-08-02,2027-07-31
PHC-MH-NAS-149,Doxycycline 100mg,DRG-007,Antibiotic,1358,200,2000,tablets,2026-09-02,2027-05-30
PHC-MH-NAS-149,Iron Folic Acid tablets,DRG-008,Supplement,2194,500,5000,tablets,2026-09-18,2027-04-29
PHC-MH-NAS-149,Metformin 500mg,DRG-009,Anti-diabetic,1349,300,3000,tablets,2026-08-28,2026-12-18
PHC-MH-NAS-149,Amlodipine 5mg,DRG-010,Cardiovascular,546,200,2000,tablets,2026-09-08,2027-08-21
PHC-MH-NAS-150,ORS Sachets,DRG-001,Essential,3421,500,5000,sachets,2026-08-04,2027-08-24
PHC-MH-NAS-150,Zinc Sulfate 20mg,DRG-002,Essential,1886,200,2000,tablets,2026-08-02,2027-04-17
PHC-MH-NAS-150,Paracetamol 500mg,DRG-003,Analgesic,6062,1000,10000,tablets,2026-09-20,2027-03-27
PHC-MH-NAS-150,Amoxicillin 500mg,DRG-004,Antibiotic,1937,300,3000,capsules,2026-08-02,2027-08-20
PHC-MH-NAS-150,Polyvalent Anti-Snake Venom (ASV),DRG-005,Antivenom,31,10,50,vials,2026-08-08,2027-05-26
PHC-MH-NAS-150,Salbutamol Nebules,DRG-006,Respiratory,98,50,500,ampoules,2026-09-01,2027-03-10
PHC-MH-NAS-150,Doxycycline 100mg,DRG-007,Antibiotic,937,200,2000,tablets,2026-08-15,2027-07-31
PHC-MH-NAS-150,Iron Folic Acid tablets,DRG-008,Supplement,4998,500,5000,tablets,2026-09-02,2026-11-28
PHC-MH-NAS-150,Metformin 500mg,DRG-009,Anti-diabetic,2799,300,3000,tablets,2026-08-02,2027-04-20
PHC-MH-NAS-150,Amlodipine 5mg,DRG-010,Cardiovascular,547,200,2000,tablets,2026-09-07,2027-02-09
PHC-MH-NAS-151,ORS Sachets,DRG-001,Essential,1508,500,5000,sachets,2026-09-22,2027-03-01
PHC-MH-NAS-151,Zinc Sulfate 20mg,DRG-002,Essential,1558,200,2000,tablets,2026-08-12,2026-12-26
PHC-MH-NAS-151,Paracetamol 500mg,DRG-003,Analgesic,3146,1000,10000,tablets,2026-08-02,2026-10-29
PHC-MH-NAS-151,Amoxicillin 500mg,DRG-004,Antibiotic,2956,300,3000,capsules,2026-09-15,2027-02-01
PHC-MH-NAS-151,Polyvalent Anti-Snake Venom (ASV),DRG-005,Antivenom,50,10,50,vials,2026-09-21,2027-07-31
PHC-MH-NAS-151,Salbutamol Nebules,DRG-006,Respiratory,107,50,500,ampoules,2026-08-15,2026-11-18
PHC-MH-NAS-151,Doxycycline 100mg,DRG-007,Antibiotic,1712,200,2000,tablets,2026-09-20,2027-07-29
PHC-MH-NAS-151,Iron Folic Acid tablets,DRG-008,Supplement,4729,500,5000,tablets,2026-08-13,2027-05-15
PHC-MH-NAS-151,Metformin 500mg,DRG-009,Anti-diabetic,465,300,3000,tablets,2026-09-13,2027-09-22
PHC-MH-NAS-151,Amlodipine 5mg,DRG-010,Cardiovascular,1393,200,2000,tablets,2026-08-26,2027-02-26
PHC-MH-NAS-152,ORS Sachets,DRG-001,Essential,3879,500,5000,sachets,2026-09-20,2027-08-13
PHC-MH-NAS-152,Zinc Sulfate 20mg,DRG-002,Essential,441,200,2000,tablets,2026-08-08,2027-04-24
PHC-MH-NAS-152,Paracetamol 500mg,DRG-003,Analgesic,2635,1000,10000,tablets,2026-09-03,2027-01-11
PHC-MH-NAS-152,Amoxicillin 500mg,DRG-004,Antibiotic,2003,300,3000,capsules,2026-09-13,2027-04-27
PHC-MH-NAS-152,Polyvalent Anti-Snake Venom (ASV),DRG-005,Antivenom,35,10,50,vials,2026-09-14,2027-05-09
PHC-MH-NAS-152,Salbutamol Nebules,DRG-006,Respiratory,61,50,500,ampoules,2026-08-05,2027-09-12
PHC-MH-NAS-152,Doxycycline 100mg,DRG-007,Antibiotic,424,200,2000,tablets,2026-08-24,2027-09-12
PHC-MH-NAS-152,Iron Folic Acid tablets,DRG-008,Supplement,3980,500,5000,tablets,2026-08-07,2027-03-25
PHC-MH-NAS-152,Metformin 500mg,DRG-009,Anti-diabetic,2215,300,3000,tablets,2026-08-27,2027-02-17
PHC-MH-NAS-152,Amlodipine 5mg,DRG-010,Cardiovascular,416,200,2000,tablets,2026-08-14,2027-04-13
PHC-MH-NAS-153,ORS Sachets,DRG-001,Essential,761,500,5000,sachets,2026-09-03,2026-12-11
PHC-MH-NAS-153,Zinc Sulfate 20mg,DRG-002,Essential,1299,200,2000,tablets,2026-08-21,2026-12-17
PHC-MH-NAS-153,Paracetamol 500mg,DRG-003,Analgesic,5792,1000,10000,tablets,2026-08-11,2027-05-03
PHC-MH-NAS-153,Amoxicillin 500mg,DRG-004,Antibiotic,2360,300,3000,capsules,2026-08-18,2027-01-31
PHC-MH-NAS-153,Polyvalent Anti-Snake Venom (ASV),DRG-005,Antivenom,44,10,50,vials,2026-09-02,2027-04-02
PHC-MH-NAS-153,Salbutamol Nebules,DRG-006,Respiratory,366,50,500,ampoules,2026-08-06,2027-06-17
PHC-MH-NAS-153,Doxycycline 100mg,DRG-007,Antibiotic,1711,200,2000,tablets,2026-09-23,2027-08-07
PHC-MH-NAS-153,Iron Folic Acid tablets,DRG-008,Supplement,4608,500,5000,tablets,2026-09-12,2027-05-13
PHC-MH-NAS-153,Metformin 500mg,DRG-009,Anti-diabetic,536,300,3000,tablets,2026-09-20,2027-01-18
PHC-MH-NAS-153,Amlodipine 5mg,DRG-010,Cardiovascular,1884,200,2000,tablets,2026-08-15,2026-11-23
PHC-MH-NAS-154,ORS Sachets,DRG-001,Essential,6,500,5000,sachets,2026-09-14,2027-05-01
PHC-MH-NAS-154,Zinc Sulfate 20mg,DRG-002,Essential,36,200,2000,tablets,2026-09-01,2026-11-05
PHC-MH-NAS-154,Paracetamol 500mg,DRG-003,Analgesic,70,1000,10000,tablets,2026-08-28,2027-04-05
PHC-MH-NAS-154,Amoxicillin 500mg,DRG-004,Antibiotic,10,300,3000,capsules,2026-08-05,2027-03-10
PHC-MH-NAS-154,Polyvalent Anti-Snake Venom (ASV),DRG-005,Antivenom,2,10,50,vials,2026-08-05,2027-07-27
PHC-MH-NAS-154,Salbutamol Nebules,DRG-006,Respiratory,8,50,500,ampoules,2026-09-19,2027-04-30
PHC-MH-NAS-154,Doxycycline 100mg,DRG-007,Antibiotic,35,200,2000,tablets,2026-08-20,2026-11-11
PHC-MH-NAS-154,Iron Folic Acid tablets,DRG-008,Supplement,92,500,5000,tablets,2026-09-15,2027-08-25
PHC-MH-NAS-154,Metformin 500mg,DRG-009,Anti-diabetic,52,300,3000,tablets,2026-09-01,2027-09-06
PHC-MH-NAS-154,Amlodipine 5mg,DRG-010,Cardiovascular,1,200,2000,tablets,2026-09-17,2027-05-20
PHC-MH-NAS-155,ORS Sachets,DRG-001,Essential,633,500,5000,sachets,2026-08-20,2026-11-13
PHC-MH-NAS-155,Zinc Sulfate 20mg,DRG-002,Essential,668,200,2000,tablets,2026-08-07,2027-08-02
PHC-MH-NAS-155,Paracetamol 500mg,DRG-003,Analgesic,7589,1000,10000,tablets,2026-09-18,2027-06-07
PHC-MH-NAS-155,Amoxicillin 500mg,DRG-004,Antibiotic,1916,300,3000,capsules,2026-08-18,2027-06-15
PHC-MH-NAS-155,Polyvalent Anti-Snake Venom (ASV),DRG-005,Antivenom,27,10,50,vials,2026-08-15,2026-11-20
PHC-MH-NAS-155,Salbutamol Nebules,DRG-006,Respiratory,482,50,500,ampoules,2026-09-22,2027-01-30
PHC-MH-NAS-155,Doxycycline 100mg,DRG-007,Antibiotic,205,200,2000,tablets,2026-08-16,2027-04-16
PHC-MH-NAS-155,Iron Folic Acid tablets,DRG-008,Supplement,1386,500,5000,tablets,2026-09-02,2027-06-17
PHC-MH-NAS-155,Metformin 500mg,DRG-009,Anti-diabetic,506,300,3000,tablets,2026-09-09,2027-01-16
PHC-MH-NAS-155,Amlodipine 5mg,DRG-010,Cardiovascular,995,200,2000,tablets,2026-08-07,2027-06-12
PHC-MH-NAS-156,ORS Sachets,DRG-001,Essential,226,500,5000,sachets,2026-08-05,2027-07-29
PHC-MH-NAS-156,Zinc Sulfate 20mg,DRG-002,Essential,7,200,2000,tablets,2026-08-09,2027-02-10
PHC-MH-NAS-156,Paracetamol 500mg,DRG-003,Analgesic,783,1000,10000,tablets,2026-08-12,2027-05-16
PHC-MH-NAS-156,Amoxicillin 500mg,DRG-004,Antibiotic,1,300,3000,capsules,2026-09-18,2027-07-22
PHC-MH-NAS-156,Polyvalent Anti-Snake Venom (ASV),DRG-005,Antivenom,8,10,50,vials,2026-09-04,2027-07-18
PHC-MH-NAS-156,Salbutamol Nebules,DRG-006,Respiratory,43,50,500,ampoules,2026-09-01,2026-11-02
PHC-MH-NAS-156,Doxycycline 100mg,DRG-007,Antibiotic,175,200,2000,tablets,2026-08-09,2027-03-25
PHC-MH-NAS-156,Iron Folic Acid tablets,DRG-008,Supplement,234,500,5000,tablets,2026-08-02,2027-07-26
PHC-MH-NAS-156,Metformin 500mg,DRG-009,Anti-diabetic,118,300,3000,tablets,2026-09-02,2027-04-21
PHC-MH-NAS-156,Amlodipine 5mg,DRG-010,Cardiovascular,75,200,2000,tablets,2026-09-17,2027-06-07
PHC-MH-NAS-157,ORS Sachets,DRG-001,Essential,3840,500,5000,sachets,2026-08-04,2027-01-20
PHC-MH-NAS-157,Zinc Sulfate 20mg,DRG-002,Essential,1191,200,2000,tablets,2026-09-17,2027-07-07
PHC-MH-NAS-157,Paracetamol 500mg,DRG-003,Analgesic,1368,1000,10000,tablets,2026-08-16,2027-04-20
PHC-MH-NAS-157,Amoxicillin 500mg,DRG-004,Antibiotic,1146,300,3000,capsules,2026-09-02,2026-10-31
PHC-MH-NAS-157,Polyvalent Anti-Snake Venom (ASV),DRG-005,Antivenom,35,10,50,vials,2026-08-27,2027-01-05
PHC-MH-NAS-157,Salbutamol Nebules,DRG-006,Respiratory,175,50,500,ampoules,2026-09-08,2026-12-22
PHC-MH-NAS-157,Doxycycline 100mg,DRG-007,Antibiotic,851,200,2000,tablets,2026-08-22,2027-01-28
PHC-MH-NAS-157,Iron Folic Acid tablets,DRG-008,Supplement,2701,500,5000,tablets,2026-09-18,2027-02-26
PHC-MH-NAS-157,Metformin 500mg,DRG-009,Anti-diabetic,2912,300,3000,tablets,2026-08-22,2027-03-04
PHC-MH-NAS-157,Amlodipine 5mg,DRG-010,Cardiovascular,927,200,2000,tablets,2026-09-13,2027-03-20
PHC-MH-NAS-158,ORS Sachets,DRG-001,Essential,4320,500,5000,sachets,2026-09-07,2027-03-30
PHC-MH-NAS-158,Zinc Sulfate 20mg,DRG-002,Essential,1596,200,2000,tablets,2026-09-04,2026-11-14
PHC-MH-NAS-158,Paracetamol 500mg,DRG-003,Analgesic,8371,1000,10000,tablets,2026-09-22,2027-04-12
PHC-MH-NAS-158,Amoxicillin 500mg,DRG-004,Antibiotic,993,300,3000,capsules,2026-08-26,2027-03-20
PHC-MH-NAS-158,Polyvalent Anti-Snake Venom (ASV),DRG-005,Antivenom,15,10,50,vials,2026-08-20,2027-05-03
PHC-MH-NAS-158,Salbutamol Nebules,DRG-006,Respiratory,181,50,500,ampoules,2026-08-09,2027-09-29
PHC-MH-NAS-158,Doxycycline 100mg,DRG-007,Antibiotic,1449,200,2000,tablets,2026-09-03,2027-03-26
PHC-MH-NAS-158,Iron Folic Acid tablets,DRG-008,Supplement,2004,500,5000,tablets,2026-08-31,2027-02-10
PHC-MH-NAS-158,Metformin 500mg,DRG-009,Anti-diabetic,1928,300,3000,tablets,2026-09-14,2027-01-27
PHC-MH-NAS-158,Amlodipine 5mg,DRG-010,Cardiovascular,1584,200,2000,tablets,2026-09-08,2027-07-21
PHC-MH-NAS-159,ORS Sachets,DRG-001,Essential,3955,500,5000,sachets,2026-09-11,2027-05-19
PHC-MH-NAS-159,Zinc Sulfate 20mg,DRG-002,Essential,1754,200,2000,tablets,2026-08-13,2027-02-18
PHC-MH-NAS-159,Paracetamol 500mg,DRG-003,Analgesic,6186,1000,10000,tablets,2026-08-08,2027-09-10
PHC-MH-NAS-159,Amoxicillin 500mg,DRG-004,Antibiotic,1612,300,3000,capsules,2026-08-01,2027-08-21
PHC-MH-NAS-159,Polyvalent Anti-Snake Venom (ASV),DRG-005,Antivenom,12,10,50,vials,2026-09-02,2026-12-31
PHC-MH-NAS-159,Salbutamol Nebules,DRG-006,Respiratory,254,50,500,ampoules,2026-08-22,2027-03-21
PHC-MH-NAS-159,Doxycycline 100mg,DRG-007,Antibiotic,643,200,2000,tablets,2026-09-06,2026-11-29
PHC-MH-NAS-159,Iron Folic Acid tablets,DRG-008,Supplement,4230,500,5000,tablets,2026-08-28,2026-12-18
PHC-MH-NAS-159,Metformin 500mg,DRG-009,Anti-diabetic,2969,300,3000,tablets,2026-08-01,2026-11-24
PHC-MH-NAS-159,Amlodipine 5mg,DRG-010,Cardiovascular,339,200,2000,tablets,2026-08-28,2027-07-27
PHC-MH-NAS-160,ORS Sachets,DRG-001,Essential,4115,500,5000,sachets,2026-08-06,2027-06-11
PHC-MH-NAS-160,Zinc Sulfate 20mg,DRG-002,Essential,772,200,2000,tablets,2026-08-13,2027-05-06
PHC-MH-NAS-160,Paracetamol 500mg,DRG-003,Analgesic,3528,1000,10000,tablets,2026-08-04,2027-01-28
PHC-MH-NAS-160,Amoxicillin 500mg,DRG-004,Antibiotic,1898,300,3000,capsules,2026-09-06,2027-06-20
PHC-MH-NAS-160,Polyvalent Anti-Snake Venom (ASV),DRG-005,Antivenom,37,10,50,vials,2026-09-16,2027-06-02
PHC-MH-NAS-160,Salbutamol Nebules,DRG-006,Respiratory,157,50,500,ampoules,2026-08-05,2027-09-06
PHC-MH-NAS-160,Doxycycline 100mg,DRG-007,Antibiotic,1608,200,2000,tablets,2026-08-16,2027-03-08
PHC-MH-NAS-160,Iron Folic Acid tablets,DRG-008,Supplement,3123,500,5000,tablets,2026-08-21,2027-07-13
PHC-MH-NAS-160,Metformin 500mg,DRG-009,Anti-diabetic,449,300,3000,tablets,2026-09-12,2027-08-15
PHC-MH-NAS-160,Amlodipine 5mg,DRG-010,Cardiovascular,839,200,2000,tablets,2026-08-26,2026-12-25
PHC-MH-NAS-161,ORS Sachets,DRG-001,Essential,50,500,5000,sachets,2026-08-17,2026-12-15
PHC-MH-NAS-161,Zinc Sulfate 20mg,DRG-002,Essential,14,200,2000,tablets,2026-08-04,2027-05-17
PHC-MH-NAS-161,Paracetamol 500mg,DRG-003,Analgesic,31,1000,10000,tablets,2026-09-11,2027-03-09
PHC-MH-NAS-161,Amoxicillin 500mg,DRG-004,Antibiotic,56,300,3000,capsules,2026-08-05,2027-01-07
PHC-MH-NAS-161,Polyvalent Anti-Snake Venom (ASV),DRG-005,Antivenom,2,10,50,vials,2026-08-27,2027-05-01
PHC-MH-NAS-161,Salbutamol Nebules,DRG-006,Respiratory,8,50,500,ampoules,2026-09-21,2027-05-05
PHC-MH-NAS-161,Doxycycline 100mg,DRG-007,Antibiotic,30,200,2000,tablets,2026-08-15,2027-08-07
PHC-MH-NAS-161,Iron Folic Acid tablets,DRG-008,Supplement,20,500,5000,tablets,2026-09-01,2027-04-17
PHC-MH-NAS-161,Metformin 500mg,DRG-009,Anti-diabetic,5,300,3000,tablets,2026-08-18,2027-08-23
PHC-MH-NAS-161,Amlodipine 5mg,DRG-010,Cardiovascular,36,200,2000,tablets,2026-08-20,2027-01-31
PHC-MH-NAS-162,ORS Sachets,DRG-001,Essential,481,500,5000,sachets,2026-09-10,2027-06-02
PHC-MH-NAS-162,Zinc Sulfate 20mg,DRG-002,Essential,123,200,2000,tablets,2026-09-19,2027-01-31
PHC-MH-NAS-162,Paracetamol 500mg,DRG-003,Analgesic,633,1000,10000,tablets,2026-08-26,2027-05-18
PHC-MH-NAS-162,Amoxicillin 500mg,DRG-004,Antibiotic,275,300,3000,capsules,2026-07-31,2026-11-25
PHC-MH-NAS-162,Polyvalent Anti-Snake Venom (ASV),DRG-005,Antivenom,6,10,50,vials,2026-09-18,2027-02-13
PHC-MH-NAS-162,Salbutamol Nebules,DRG-006,Respiratory,11,50,500,ampoules,2026-08-16,2027-02-23
PHC-MH-NAS-162,Doxycycline 100mg,DRG-007,Antibiotic,145,200,2000,tablets,2026-09-21,2026-11-03
PHC-MH-NAS-162,Iron Folic Acid tablets,DRG-008,Supplement,367,500,5000,tablets,2026-09-10,2027-02-15
PHC-MH-NAS-162,Metformin 500mg,DRG-009,Anti-diabetic,88,300,3000,tablets,2026-08-29,2027-08-29
PHC-MH-NAS-162,Amlodipine 5mg,DRG-010,Cardiovascular,97,200,2000,tablets,2026-09-21,2026-12-25
PHC-MH-NAS-163,ORS Sachets,DRG-001,Essential,4617,500,5000,sachets,2026-09-08,2027-09-20
PHC-MH-NAS-163,Zinc Sulfate 20mg,DRG-002,Essential,1119,200,2000,tablets,2026-09-05,2027-01-04
PHC-MH-NAS-163,Paracetamol 500mg,DRG-003,Analgesic,2521,1000,10000,tablets,2026-08-19,2027-05-05
PHC-MH-NAS-163,Amoxicillin 500mg,DRG-004,Antibiotic,2294,300,3000,capsules,2026-08-21,2027-03-08
PHC-MH-NAS-163,Polyvalent Anti-Snake Venom (ASV),DRG-005,Antivenom,30,10,50,vials,2026-08-23,2026-12-10
PHC-MH-NAS-163,Salbutamol Nebules,DRG-006,Respiratory,232,50,500,ampoules,2026-08-18,2027-09-05
PHC-MH-NAS-163,Doxycycline 100mg,DRG-007,Antibiotic,650,200,2000,tablets,2026-08-05,2027-01-20
PHC-MH-NAS-163,Iron Folic Acid tablets,DRG-008,Supplement,1549,500,5000,tablets,2026-08-11,2027-05-05
PHC-MH-NAS-163,Metformin 500mg,DRG-009,Anti-diabetic,2121,300,3000,tablets,2026-08-17,2027-06-29
PHC-MH-NAS-163,Amlodipine 5mg,DRG-010,Cardiovascular,1799,200,2000,tablets,2026-07-31,2026-11-15
PHC-MH-NAS-164,ORS Sachets,DRG-001,Essential,1596,500,5000,sachets,2026-09-05,2026-12-19
PHC-MH-NAS-164,Zinc Sulfate 20mg,DRG-002,Essential,396,200,2000,tablets,2026-09-03,2027-05-15
PHC-MH-NAS-164,Paracetamol 500mg,DRG-003,Analgesic,4881,1000,10000,tablets,2026-08-27,2027-07-12
PHC-MH-NAS-164,Amoxicillin 500mg,DRG-004,Antibiotic,2177,300,3000,capsules,2026-08-29,2027-09-12
PHC-MH-NAS-164,Polyvalent Anti-Snake Venom (ASV),DRG-005,Antivenom,19,10,50,vials,2026-09-18,2026-11-25
PHC-MH-NAS-164,Salbutamol Nebules,DRG-006,Respiratory,347,50,500,ampoules,2026-09-24,2027-04-18
PHC-MH-NAS-164,Doxycycline 100mg,DRG-007,Antibiotic,756,200,2000,tablets,2026-09-06,2027-01-11
PHC-MH-NAS-164,Iron Folic Acid tablets,DRG-008,Supplement,4042,500,5000,tablets,2026-08-21,2027-01-05
PHC-MH-NAS-164,Metformin 500mg,DRG-009,Anti-diabetic,2972,300,3000,tablets,2026-09-18,2027-07-21
PHC-MH-NAS-164,Amlodipine 5mg,DRG-010,Cardiovascular,283,200,2000,tablets,2026-08-12,2027-03-30
PHC-MH-NAS-165,ORS Sachets,DRG-001,Essential,492,500,5000,sachets,2026-09-19,2027-07-18
PHC-MH-NAS-165,Zinc Sulfate 20mg,DRG-002,Essential,200,200,2000,tablets,2026-08-22,2027-04-28
PHC-MH-NAS-165,Paracetamol 500mg,DRG-003,Analgesic,263,1000,10000,tablets,2026-08-07,2027-05-18
PHC-MH-NAS-165,Amoxicillin 500mg,DRG-004,Antibiotic,159,300,3000,capsules,2026-09-22,2027-03-08
PHC-MH-NAS-165,Polyvalent Anti-Snake Venom (ASV),DRG-005,Antivenom,3,10,50,vials,2026-08-18,2027-01-25
PHC-MH-NAS-165,Salbutamol Nebules,DRG-006,Respiratory,25,50,500,ampoules,2026-09-01,2027-05-08
PHC-MH-NAS-165,Doxycycline 100mg,DRG-007,Antibiotic,48,200,2000,tablets,2026-08-23,2027-08-05
PHC-MH-NAS-165,Iron Folic Acid tablets,DRG-008,Supplement,436,500,5000,tablets,2026-08-10,2027-05-19
PHC-MH-NAS-165,Metformin 500mg,DRG-009,Anti-diabetic,61,300,3000,tablets,2026-08-25,2027-09-27
PHC-MH-NAS-165,Amlodipine 5mg,DRG-010,Cardiovascular,149,200,2000,tablets,2026-09-16,2027-05-11
PHC-MH-NAS-166,ORS Sachets,DRG-001,Essential,2767,500,5000,sachets,2026-08-15,2027-08-20
PHC-MH-NAS-166,Zinc Sulfate 20mg,DRG-002,Essential,1564,200,2000,tablets,2026-09-20,2027-07-30
PHC-MH-NAS-166,Paracetamol 500mg,DRG-003,Analgesic,1540,1000,10000,tablets,2026-09-17,2027-04-05
PHC-MH-NAS-166,Amoxicillin 500mg,DRG-004,Antibiotic,412,300,3000,capsules,2026-09-21,2026-12-30
PHC-MH-NAS-166,Polyvalent Anti-Snake Venom (ASV),DRG-005,Antivenom,28,10,50,vials,2026-08-17,2027-06-22
PHC-MH-NAS-166,Salbutamol Nebules,DRG-006,Respiratory,216,50,500,ampoules,2026-09-14,2027-04-18
PHC-MH-NAS-166,Doxycycline 100mg,DRG-007,Antibiotic,1770,200,2000,tablets,2026-09-10,2027-02-28
PHC-MH-NAS-166,Iron Folic Acid tablets,DRG-008,Supplement,1510,500,5000,tablets,2026-09-16,2026-12-17
PHC-MH-NAS-166,Metformin 500mg,DRG-009,Anti-diabetic,535,300,3000,tablets,2026-09-08,2027-01-16
PHC-MH-NAS-166,Amlodipine 5mg,DRG-010,Cardiovascular,1227,200,2000,tablets,2026-09-05,2027-07-29
PHC-MH-NAS-167,ORS Sachets,DRG-001,Essential,2668,500,5000,sachets,2026-09-05,2026-11-11
PHC-MH-NAS-167,Zinc Sulfate 20mg,DRG-002,Essential,1922,200,2000,tablets,2026-08-19,2027-05-05
PHC-MH-NAS-167,Paracetamol 500mg,DRG-003,Analgesic,1680,1000,10000,tablets,2026-08-16,2027-07-11
PHC-MH-NAS-167,Amoxicillin 500mg,DRG-004,Antibiotic,1416,300,3000,capsules,2026-09-14,2026-12-16
PHC-MH-NAS-167,Polyvalent Anti-Snake Venom (ASV),DRG-005,Antivenom,29,10,50,vials,2026-08-12,2027-05-13
PHC-MH-NAS-167,Salbutamol Nebules,DRG-006,Respiratory,112,50,500,ampoules,2026-09-01,2027-04-10
PHC-MH-NAS-167,Doxycycline 100mg,DRG-007,Antibiotic,1897,200,2000,tablets,2026-08-17,2027-03-07
PHC-MH-NAS-167,Iron Folic Acid tablets,DRG-008,Supplement,1352,500,5000,tablets,2026-09-23,2027-08-06
PHC-MH-NAS-167,Metformin 500mg,DRG-009,Anti-diabetic,2038,300,3000,tablets,2026-09-18,2027-05-15
PHC-MH-NAS-167,Amlodipine 5mg,DRG-010,Cardiovascular,948,200,2000,tablets,2026-08-23,2027-07-07
PHC-MH-NAS-168,ORS Sachets,DRG-001,Essential,31,500,5000,sachets,2026-09-15,2027-07-27
PHC-MH-NAS-168,Zinc Sulfate 20mg,DRG-002,Essential,160,200,2000,tablets,2026-09-09,2027-06-10
PHC-MH-NAS-168,Paracetamol 500mg,DRG-003,Analgesic,864,1000,10000,tablets,2026-09-06,2027-01-24
PHC-MH-NAS-168,Amoxicillin 500mg,DRG-004,Antibiotic,161,300,3000,capsules,2026-09-18,2026-12-10
PHC-MH-NAS-168,Polyvalent Anti-Snake Venom (ASV),DRG-005,Antivenom,3,10,50,vials,2026-09-21,2027-06-28
PHC-MH-NAS-168,Salbutamol Nebules,DRG-006,Respiratory,50,50,500,ampoules,2026-09-01,2027-05-13
PHC-MH-NAS-168,Doxycycline 100mg,DRG-007,Antibiotic,149,200,2000,tablets,2026-09-19,2027-01-14
PHC-MH-NAS-168,Iron Folic Acid tablets,DRG-008,Supplement,430,500,5000,tablets,2026-08-31,2027-06-08
PHC-MH-NAS-168,Metformin 500mg,DRG-009,Anti-diabetic,18,300,3000,tablets,2026-08-20,2027-02-11
PHC-MH-NAS-168,Amlodipine 5mg,DRG-010,Cardiovascular,53,200,2000,tablets,2026-09-01,2027-01-24
PHC-MH-AUR-169,ORS Sachets,DRG-001,Essential,489,500,5000,sachets,2026-09-22,2027-09-02
PHC-MH-AUR-169,Zinc Sulfate 20mg,DRG-002,Essential,187,200,2000,tablets,2026-08-19,2027-02-05
PHC-MH-AUR-169,Paracetamol 500mg,DRG-003,Analgesic,816,1000,10000,tablets,2026-09-02,2027-07-30
PHC-MH-AUR-169,Amoxicillin 500mg,DRG-004,Antibiotic,194,300,3000,capsules,2026-08-09,2027-09-11
PHC-MH-AUR-169,Polyvalent Anti-Snake Venom (ASV),DRG-005,Antivenom,10,10,50,vials,2026-08-23,2026-11-29
PHC-MH-AUR-169,Salbutamol Nebules,DRG-006,Respiratory,9,50,500,ampoules,2026-09-16,2027-03-13
PHC-MH-AUR-169,Doxycycline 100mg,DRG-007,Antibiotic,146,200,2000,tablets,2026-09-18,2027-04-11
PHC-MH-AUR-169,Iron Folic Acid tablets,DRG-008,Supplement,178,500,5000,tablets,2026-08-19,2027-08-24
PHC-MH-AUR-169,Metformin 500mg,DRG-009,Anti-diabetic,100,300,3000,tablets,2026-08-10,2027-01-10
PHC-MH-AUR-169,Amlodipine 5mg,DRG-010,Cardiovascular,25,200,2000,tablets,2026-09-07,2027-07-23
PHC-MH-AUR-170,ORS Sachets,DRG-001,Essential,2767,500,5000,sachets,2026-07-31,2027-09-14
PHC-MH-AUR-170,Zinc Sulfate 20mg,DRG-002,Essential,920,200,2000,tablets,2026-08-28,2026-11-12
PHC-MH-AUR-170,Paracetamol 500mg,DRG-003,Analgesic,9017,1000,10000,tablets,2026-08-29,2026-12-11
PHC-MH-AUR-170,Amoxicillin 500mg,DRG-004,Antibiotic,969,300,3000,capsules,2026-07-31,2027-07-09
PHC-MH-AUR-170,Polyvalent Anti-Snake Venom (ASV),DRG-005,Antivenom,28,10,50,vials,2026-08-08,2027-02-16
PHC-MH-AUR-170,Salbutamol Nebules,DRG-006,Respiratory,154,50,500,ampoules,2026-08-10,2026-11-13
PHC-MH-AUR-170,Doxycycline 100mg,DRG-007,Antibiotic,658,200,2000,tablets,2026-09-09,2027-01-01
PHC-MH-AUR-170,Iron Folic Acid tablets,DRG-008,Supplement,1766,500,5000,tablets,2026-08-15,2027-01-29
PHC-MH-AUR-170,Metformin 500mg,DRG-009,Anti-diabetic,1262,300,3000,tablets,2026-08-27,2027-06-13
PHC-MH-AUR-170,Amlodipine 5mg,DRG-010,Cardiovascular,826,200,2000,tablets,2026-08-31,2026-12-30
PHC-MH-AUR-171,ORS Sachets,DRG-001,Essential,209,500,5000,sachets,2026-09-01,2027-09-23
PHC-MH-AUR-171,Zinc Sulfate 20mg,DRG-002,Essential,131,200,2000,tablets,2026-09-08,2027-03-26
PHC-MH-AUR-171,Paracetamol 500mg,DRG-003,Analgesic,192,1000,10000,tablets,2026-09-03,2027-06-29
PHC-MH-AUR-171,Amoxicillin 500mg,DRG-004,Antibiotic,261,300,3000,capsules,2026-09-09,2027-01-07
PHC-MH-AUR-171,Polyvalent Anti-Snake Venom (ASV),DRG-005,Antivenom,10,10,50,vials,2026-09-12,2027-05-05
PHC-MH-AUR-171,Salbutamol Nebules,DRG-006,Respiratory,40,50,500,ampoules,2026-08-14,2027-04-30
PHC-MH-AUR-171,Doxycycline 100mg,DRG-007,Antibiotic,110,200,2000,tablets,2026-08-26,2027-09-22
PHC-MH-AUR-171,Iron Folic Acid tablets,DRG-008,Supplement,71,500,5000,tablets,2026-07-31,2026-11-27
PHC-MH-AUR-171,Metformin 500mg,DRG-009,Anti-diabetic,81,300,3000,tablets,2026-08-16,2027-07-12
PHC-MH-AUR-171,Amlodipine 5mg,DRG-010,Cardiovascular,151,200,2000,tablets,2026-08-08,2027-09-12
PHC-MH-AUR-172,ORS Sachets,DRG-001,Essential,1068,500,5000,sachets,2026-08-30,2027-08-22
PHC-MH-AUR-172,Zinc Sulfate 20mg,DRG-002,Essential,820,200,2000,tablets,2026-09-14,2027-06-09
PHC-MH-AUR-172,Paracetamol 500mg,DRG-003,Analgesic,9640,1000,10000,tablets,2026-09-13,2027-01-28
PHC-MH-AUR-172,Amoxicillin 500mg,DRG-004,Antibiotic,2695,300,3000,capsules,2026-09-09,2026-12-16
PHC-MH-AUR-172,Polyvalent Anti-Snake Venom (ASV),DRG-005,Antivenom,21,10,50,vials,2026-09-12,2027-08-04
PHC-MH-AUR-172,Salbutamol Nebules,DRG-006,Respiratory,488,50,500,ampoules,2026-09-01,2027-04-02
PHC-MH-AUR-172,Doxycycline 100mg,DRG-007,Antibiotic,991,200,2000,tablets,2026-08-24,2026-11-27
PHC-MH-AUR-172,Iron Folic Acid tablets,DRG-008,Supplement,2658,500,5000,tablets,2026-08-31,2027-06-01
PHC-MH-AUR-172,Metformin 500mg,DRG-009,Anti-diabetic,2595,300,3000,tablets,2026-08-06,2027-01-08
PHC-MH-AUR-172,Amlodipine 5mg,DRG-010,Cardiovascular,1665,200,2000,tablets,2026-09-03,2027-02-09
PHC-MH-AUR-173,ORS Sachets,DRG-001,Essential,1514,500,5000,sachets,2026-09-23,2027-05-20
PHC-MH-AUR-173,Zinc Sulfate 20mg,DRG-002,Essential,735,200,2000,tablets,2026-08-07,2027-02-05
PHC-MH-AUR-173,Paracetamol 500mg,DRG-003,Analgesic,4721,1000,10000,tablets,2026-08-07,2026-11-10
PHC-MH-AUR-173,Amoxicillin 500mg,DRG-004,Antibiotic,621,300,3000,capsules,2026-08-19,2027-04-28
PHC-MH-AUR-173,Polyvalent Anti-Snake Venom (ASV),DRG-005,Antivenom,34,10,50,vials,2026-09-08,2027-03-05
PHC-MH-AUR-173,Salbutamol Nebules,DRG-006,Respiratory,381,50,500,ampoules,2026-09-03,2027-05-07
PHC-MH-AUR-173,Doxycycline 100mg,DRG-007,Antibiotic,1948,200,2000,tablets,2026-08-01,2026-12-11
PHC-MH-AUR-173,Iron Folic Acid tablets,DRG-008,Supplement,4664,500,5000,tablets,2026-09-05,2026-11-16
PHC-MH-AUR-173,Metformin 500mg,DRG-009,Anti-diabetic,1278,300,3000,tablets,2026-09-09,2027-08-10
PHC-MH-AUR-173,Amlodipine 5mg,DRG-010,Cardiovascular,1297,200,2000,tablets,2026-08-17,2026-12-26
PHC-MH-AUR-174,ORS Sachets,DRG-001,Essential,21,500,5000,sachets,2026-09-17,2027-02-12
PHC-MH-AUR-174,Zinc Sulfate 20mg,DRG-002,Essential,144,200,2000,tablets,2026-08-29,2027-07-09
PHC-MH-AUR-174,Paracetamol 500mg,DRG-003,Analgesic,867,1000,10000,tablets,2026-08-19,2027-09-29
PHC-MH-AUR-174,Amoxicillin 500mg,DRG-004,Antibiotic,69,300,3000,capsules,2026-09-06,2026-12-17
PHC-MH-AUR-174,Polyvalent Anti-Snake Venom (ASV),DRG-005,Antivenom,10,10,50,vials,2026-09-22,2027-06-26
PHC-MH-AUR-174,Salbutamol Nebules,DRG-006,Respiratory,34,50,500,ampoules,2026-09-07,2027-07-14
PHC-MH-AUR-174,Doxycycline 100mg,DRG-007,Antibiotic,199,200,2000,tablets,2026-09-03,2027-03-04
PHC-MH-AUR-174,Iron Folic Acid tablets,DRG-008,Supplement,274,500,5000,tablets,2026-09-12,2027-04-28
PHC-MH-AUR-174,Metformin 500mg,DRG-009,Anti-diabetic,118,300,3000,tablets,2026-09-08,2026-12-31
PHC-MH-AUR-174,Amlodipine 5mg,DRG-010,Cardiovascular,146,200,2000,tablets,2026-09-23,2027-06-11
PHC-MH-AUR-175,ORS Sachets,DRG-001,Essential,4117,500,5000,sachets,2026-09-01,2027-08-29
PHC-MH-AUR-175,Zinc Sulfate 20mg,DRG-002,Essential,1533,200,2000,tablets,2026-09-15,2027-04-29
PHC-MH-AUR-175,Paracetamol 500mg,DRG-003,Analgesic,6289,1000,10000,tablets,2026-08-08,2027-07-07
PHC-MH-AUR-175,Amoxicillin 500mg,DRG-004,Antibiotic,2461,300,3000,capsules,2026-08-17,2027-02-25
PHC-MH-AUR-175,Polyvalent Anti-Snake Venom (ASV),DRG-005,Antivenom,42,10,50,vials,2026-08-16,2026-12-30
PHC-MH-AUR-175,Salbutamol Nebules,DRG-006,Respiratory,363,50,500,ampoules,2026-08-26,2026-11-28
PHC-MH-AUR-175,Doxycycline 100mg,DRG-007,Antibiotic,1033,200,2000,tablets,2026-09-23,2027-05-24
PHC-MH-AUR-175,Iron Folic Acid tablets,DRG-008,Supplement,1055,500,5000,tablets,2026-08-09,2027-04-02
PHC-MH-AUR-175,Metformin 500mg,DRG-009,Anti-diabetic,1928,300,3000,tablets,2026-08-02,2026-11-19
PHC-MH-AUR-175,Amlodipine 5mg,DRG-010,Cardiovascular,1220,200,2000,tablets,2026-09-23,2027-01-30
PHC-MH-AUR-176,ORS Sachets,DRG-001,Essential,3801,500,5000,sachets,2026-08-22,2027-07-28
PHC-MH-AUR-176,Zinc Sulfate 20mg,DRG-002,Essential,1266,200,2000,tablets,2026-08-09,2027-08-04
PHC-MH-AUR-176,Paracetamol 500mg,DRG-003,Analgesic,6746,1000,10000,tablets,2026-09-15,2027-01-08
PHC-MH-AUR-176,Amoxicillin 500mg,DRG-004,Antibiotic,527,300,3000,capsules,2026-08-26,2026-11-19
PHC-MH-AUR-176,Polyvalent Anti-Snake Venom (ASV),DRG-005,Antivenom,21,10,50,vials,2026-09-22,2027-07-31
PHC-MH-AUR-176,Salbutamol Nebules,DRG-006,Respiratory,265,50,500,ampoules,2026-09-22,2027-01-14
PHC-MH-AUR-176,Doxycycline 100mg,DRG-007,Antibiotic,1765,200,2000,tablets,2026-08-10,2027-01-29
PHC-MH-AUR-176,Iron Folic Acid tablets,DRG-008,Supplement,3139,500,5000,tablets,2026-08-18,2027-06-07
PHC-MH-AUR-176,Metformin 500mg,DRG-009,Anti-diabetic,1389,300,3000,tablets,2026-09-08,2027-03-12
PHC-MH-AUR-176,Amlodipine 5mg,DRG-010,Cardiovascular,1457,200,2000,tablets,2026-09-11,2027-03-12
PHC-MH-AUR-177,ORS Sachets,DRG-001,Essential,3056,500,5000,sachets,2026-08-26,2027-03-18
PHC-MH-AUR-177,Zinc Sulfate 20mg,DRG-002,Essential,1250,200,2000,tablets,2026-09-12,2027-06-11
PHC-MH-AUR-177,Paracetamol 500mg,DRG-003,Analgesic,2237,1000,10000,tablets,2026-09-05,2027-02-06
PHC-MH-AUR-177,Amoxicillin 500mg,DRG-004,Antibiotic,2280,300,3000,capsules,2026-09-21,2027-04-17
PHC-MH-AUR-177,Polyvalent Anti-Snake Venom (ASV),DRG-005,Antivenom,24,10,50,vials,2026-08-21,2027-07-15
PHC-MH-AUR-177,Salbutamol Nebules,DRG-006,Respiratory,404,50,500,ampoules,2026-08-09,2027-04-17
PHC-MH-AUR-177,Doxycycline 100mg,DRG-007,Antibiotic,1852,200,2000,tablets,2026-09-12,2027-06-16
PHC-MH-AUR-177,Iron Folic Acid tablets,DRG-008,Supplement,828,500,5000,tablets,2026-08-01,2027-04-17
PHC-MH-AUR-177,Metformin 500mg,DRG-009,Anti-diabetic,2813,300,3000,tablets,2026-07-31,2027-09-08
PHC-MH-AUR-177,Amlodipine 5mg,DRG-010,Cardiovascular,1486,200,2000,tablets,2026-09-02,2027-09-10
PHC-MH-AUR-178,ORS Sachets,DRG-001,Essential,713,500,5000,sachets,2026-08-05,2026-12-27
PHC-MH-AUR-178,Zinc Sulfate 20mg,DRG-002,Essential,630,200,2000,tablets,2026-08-23,2027-01-17
PHC-MH-AUR-178,Paracetamol 500mg,DRG-003,Analgesic,4110,1000,10000,tablets,2026-08-13,2027-02-06
PHC-MH-AUR-178,Amoxicillin 500mg,DRG-004,Antibiotic,806,300,3000,capsules,2026-09-05,2027-04-23
PHC-MH-AUR-178,Polyvalent Anti-Snake Venom (ASV),DRG-005,Antivenom,21,10,50,vials,2026-09-05,2026-11-15
PHC-MH-AUR-178,Salbutamol Nebules,DRG-006,Respiratory,486,50,500,ampoules,2026-09-24,2027-03-04
PHC-MH-AUR-178,Doxycycline 100mg,DRG-007,Antibiotic,1821,200,2000,tablets,2026-09-12,2027-03-24
PHC-MH-AUR-178,Iron Folic Acid tablets,DRG-008,Supplement,725,500,5000,tablets,2026-09-15,2027-02-11
PHC-MH-AUR-178,Metformin 500mg,DRG-009,Anti-diabetic,454,300,3000,tablets,2026-08-01,2027-01-13
PHC-MH-AUR-178,Amlodipine 5mg,DRG-010,Cardiovascular,436,200,2000,tablets,2026-08-05,2027-01-11
PHC-MH-AUR-179,ORS Sachets,DRG-001,Essential,4919,500,5000,sachets,2026-08-26,2027-09-22
PHC-MH-AUR-179,Zinc Sulfate 20mg,DRG-002,Essential,1559,200,2000,tablets,2026-09-15,2026-11-01
PHC-MH-AUR-179,Paracetamol 500mg,DRG-003,Analgesic,3819,1000,10000,tablets,2026-09-12,2026-12-24
PHC-MH-AUR-179,Amoxicillin 500mg,DRG-004,Antibiotic,879,300,3000,capsules,2026-09-12,2027-06-18
PHC-MH-AUR-179,Polyvalent Anti-Snake Venom (ASV),DRG-005,Antivenom,25,10,50,vials,2026-09-19,2027-08-26
PHC-MH-AUR-179,Salbutamol Nebules,DRG-006,Respiratory,197,50,500,ampoules,2026-08-20,2027-01-27
PHC-MH-AUR-179,Doxycycline 100mg,DRG-007,Antibiotic,623,200,2000,tablets,2026-08-05,2026-12-25
PHC-MH-AUR-179,Iron Folic Acid tablets,DRG-008,Supplement,4615,500,5000,tablets,2026-08-22,2027-09-07
PHC-MH-AUR-179,Metformin 500mg,DRG-009,Anti-diabetic,805,300,3000,tablets,2026-09-13,2027-06-29
PHC-MH-AUR-179,Amlodipine 5mg,DRG-010,Cardiovascular,1726,200,2000,tablets,2026-09-17,2027-08-19
PHC-MH-AUR-180,ORS Sachets,DRG-001,Essential,2824,500,5000,sachets,2026-08-21,2027-08-10
PHC-MH-AUR-180,Zinc Sulfate 20mg,DRG-002,Essential,471,200,2000,tablets,2026-08-09,2027-05-23
PHC-MH-AUR-180,Paracetamol 500mg,DRG-003,Analgesic,4338,1000,10000,tablets,2026-08-07,2027-08-31
PHC-MH-AUR-180,Amoxicillin 500mg,DRG-004,Antibiotic,1901,300,3000,capsules,2026-08-12,2027-02-16
PHC-MH-AUR-180,Polyvalent Anti-Snake Venom (ASV),DRG-005,Antivenom,24,10,50,vials,2026-09-02,2027-01-24
PHC-MH-AUR-180,Salbutamol Nebules,DRG-006,Respiratory,353,50,500,ampoules,2026-09-20,2027-02-24
PHC-MH-AUR-180,Doxycycline 100mg,DRG-007,Antibiotic,1312,200,2000,tablets,2026-09-19,2027-05-30
PHC-MH-AUR-180,Iron Folic Acid tablets,DRG-008,Supplement,531,500,5000,tablets,2026-08-12,2027-05-21
PHC-MH-AUR-180,Metformin 500mg,DRG-009,Anti-diabetic,1770,300,3000,tablets,2026-08-02,2027-02-18
PHC-MH-AUR-180,Amlodipine 5mg,DRG-010,Cardiovascular,1634,200,2000,tablets,2026-08-02,2026-10-31
PHC-MH-AUR-181,ORS Sachets,DRG-001,Essential,22,500,5000,sachets,2026-08-31,2026-11-02
PHC-MH-AUR-181,Zinc Sulfate 20mg,DRG-002,Essential,1,200,2000,tablets,2026-08-11,2027-04-16
PHC-MH-AUR-181,Paracetamol 500mg,DRG-003,Analgesic,7,1000,10000,tablets,2026-09-08,2026-11-15
PHC-MH-AUR-181,Amoxicillin 500mg,DRG-004,Antibiotic,16,300,3000,capsules,2026-09-05,2027-04-26
PHC-MH-AUR-181,Polyvalent Anti-Snake Venom (ASV),DRG-005,Antivenom,1,10,50,vials,2026-08-27,2027-05-11
PHC-MH-AUR-181,Salbutamol Nebules,DRG-006,Respiratory,0,50,500,ampoules,2026-09-19,2027-05-21
PHC-MH-AUR-181,Doxycycline 100mg,DRG-007,Antibiotic,28,200,2000,tablets,2026-09-22,2026-12-11
PHC-MH-AUR-181,Iron Folic Acid tablets,DRG-008,Supplement,51,500,5000,tablets,2026-09-13,2027-06-11
PHC-MH-AUR-181,Metformin 500mg,DRG-009,Anti-diabetic,48,300,3000,tablets,2026-09-13,2027-09-21
PHC-MH-AUR-181,Amlodipine 5mg,DRG-010,Cardiovascular,20,200,2000,tablets,2026-09-19,2027-02-26
PHC-MH-AUR-182,ORS Sachets,DRG-001,Essential,3234,500,5000,sachets,2026-09-22,2027-08-30
PHC-MH-AUR-182,Zinc Sulfate 20mg,DRG-002,Essential,1523,200,2000,tablets,2026-09-02,2027-05-17
PHC-MH-AUR-182,Paracetamol 500mg,DRG-003,Analgesic,2623,1000,10000,tablets,2026-09-03,2027-02-19
PHC-MH-AUR-182,Amoxicillin 500mg,DRG-004,Antibiotic,2036,300,3000,capsules,2026-08-01,2027-04-26
PHC-MH-AUR-182,Polyvalent Anti-Snake Venom (ASV),DRG-005,Antivenom,43,10,50,vials,2026-08-13,2027-07-17
PHC-MH-AUR-182,Salbutamol Nebules,DRG-006,Respiratory,190,50,500,ampoules,2026-07-31,2026-11-21
PHC-MH-AUR-182,Doxycycline 100mg,DRG-007,Antibiotic,580,200,2000,tablets,2026-08-05,2026-10-31
PHC-MH-AUR-182,Iron Folic Acid tablets,DRG-008,Supplement,3081,500,5000,tablets,2026-08-13,2026-11-08
PHC-MH-AUR-182,Metformin 500mg,DRG-009,Anti-diabetic,2951,300,3000,tablets,2026-08-07,2027-02-23
PHC-MH-AUR-182,Amlodipine 5mg,DRG-010,Cardiovascular,1062,200,2000,tablets,2026-08-13,2027-05-14
PHC-MH-AUR-183,ORS Sachets,DRG-001,Essential,2370,500,5000,sachets,2026-09-01,2027-09-05
PHC-MH-AUR-183,Zinc Sulfate 20mg,DRG-002,Essential,669,200,2000,tablets,2026-09-05,2027-07-23
PHC-MH-AUR-183,Paracetamol 500mg,DRG-003,Analgesic,2646,1000,10000,tablets,2026-08-08,2027-02-22
PHC-MH-AUR-183,Amoxicillin 500mg,DRG-004,Antibiotic,1915,300,3000,capsules,2026-09-20,2026-12-13
PHC-MH-AUR-183,Polyvalent Anti-Snake Venom (ASV),DRG-005,Antivenom,30,10,50,vials,2026-08-09,2027-09-17
PHC-MH-AUR-183,Salbutamol Nebules,DRG-006,Respiratory,317,50,500,ampoules,2026-08-20,2026-12-12
PHC-MH-AUR-183,Doxycycline 100mg,DRG-007,Antibiotic,1273,200,2000,tablets,2026-09-20,2027-03-12
PHC-MH-AUR-183,Iron Folic Acid tablets,DRG-008,Supplement,2856,500,5000,tablets,2026-08-21,2027-05-02
PHC-MH-AUR-183,Metformin 500mg,DRG-009,Anti-diabetic,2181,300,3000,tablets,2026-08-21,2027-05-26
PHC-MH-AUR-183,Amlodipine 5mg,DRG-010,Cardiovascular,422,200,2000,tablets,2026-09-03,2027-03-13
PHC-MH-AUR-184,ORS Sachets,DRG-001,Essential,623,500,5000,sachets,2026-09-03,2027-04-08
PHC-MH-AUR-184,Zinc Sulfate 20mg,DRG-002,Essential,983,200,2000,tablets,2026-09-22,2027-07-18
PHC-MH-AUR-184,Paracetamol 500mg,DRG-003,Analgesic,3684,1000,10000,tablets,2026-09-24,2026-12-13
PHC-MH-AUR-184,Amoxicillin 500mg,DRG-004,Antibiotic,2816,300,3000,capsules,2026-08-10,2027-02-01
PHC-MH-AUR-184,Polyvalent Anti-Snake Venom (ASV),DRG-005,Antivenom,31,10,50,vials,2026-08-18,2027-01-29
PHC-MH-AUR-184,Salbutamol Nebules,DRG-006,Respiratory,256,50,500,ampoules,2026-09-03,2027-05-23
PHC-MH-AUR-184,Doxycycline 100mg,DRG-007,Antibiotic,323,200,2000,tablets,2026-08-22,2026-12-04
PHC-MH-AUR-184,Iron Folic Acid tablets,DRG-008,Supplement,1483,500,5000,tablets,2026-08-22,2027-09-25
PHC-MH-AUR-184,Metformin 500mg,DRG-009,Anti-diabetic,1109,300,3000,tablets,2026-08-24,2027-05-23
PHC-MH-AUR-184,Amlodipine 5mg,DRG-010,Cardiovascular,228,200,2000,tablets,2026-08-01,2027-07-23
PHC-MH-AUR-185,ORS Sachets,DRG-001,Essential,281,500,5000,sachets,2026-09-24,2026-11-20
PHC-MH-AUR-185,Zinc Sulfate 20mg,DRG-002,Essential,154,200,2000,tablets,2026-08-07,2027-08-28
PHC-MH-AUR-185,Paracetamol 500mg,DRG-003,Analgesic,554,1000,10000,tablets,2026-09-20,2026-12-19
PHC-MH-AUR-185,Amoxicillin 500mg,DRG-004,Antibiotic,200,300,3000,capsules,2026-08-01,2027-05-19
PHC-MH-AUR-185,Polyvalent Anti-Snake Venom (ASV),DRG-005,Antivenom,7,10,50,vials,2026-08-01,2027-02-27
PHC-MH-AUR-185,Salbutamol Nebules,DRG-006,Respiratory,3,50,500,ampoules,2026-08-19,2026-10-30
PHC-MH-AUR-185,Doxycycline 100mg,DRG-007,Antibiotic,142,200,2000,tablets,2026-08-07,2027-06-21
PHC-MH-AUR-185,Iron Folic Acid tablets,DRG-008,Supplement,303,500,5000,tablets,2026-09-18,2027-09-20
PHC-MH-AUR-185,Metformin 500mg,DRG-009,Anti-diabetic,44,300,3000,tablets,2026-08-11,2027-06-03
PHC-MH-AUR-185,Amlodipine 5mg,DRG-010,Cardiovascular,196,200,2000,tablets,2026-08-01,2027-08-16
PHC-MH-AUR-186,ORS Sachets,DRG-001,Essential,1799,500,5000,sachets,2026-08-25,2026-11-24
PHC-MH-AUR-186,Zinc Sulfate 20mg,DRG-002,Essential,815,200,2000,tablets,2026-09-09,2027-08-27
PHC-MH-AUR-186,Paracetamol 500mg,DRG-003,Analgesic,1730,1000,10000,tablets,2026-08-06,2027-06-04
PHC-MH-AUR-186,Amoxicillin 500mg,DRG-004,Antibiotic,1097,300,3000,capsules,2026-08-07,2027-05-30
PHC-MH-AUR-186,Polyvalent Anti-Snake Venom (ASV),DRG-005,Antivenom,23,10,50,vials,2026-08-11,2027-06-16
PHC-MH-AUR-186,Salbutamol Nebules,DRG-006,Respiratory,146,50,500,ampoules,2026-09-12,2027-04-08
PHC-MH-AUR-186,Doxycycline 100mg,DRG-007,Antibiotic,1096,200,2000,tablets,2026-08-31,2027-07-15
PHC-MH-AUR-186,Iron Folic Acid tablets,DRG-008,Supplement,2709,500,5000,tablets,2026-08-30,2027-03-17
PHC-MH-AUR-186,Metformin 500mg,DRG-009,Anti-diabetic,1575,300,3000,tablets,2026-08-05,2026-12-01
PHC-MH-AUR-186,Amlodipine 5mg,DRG-010,Cardiovascular,1133,200,2000,tablets,2026-09-02,2027-09-15
PHC-MH-AUR-187,ORS Sachets,DRG-001,Essential,670,500,5000,sachets,2026-09-23,2027-07-14
PHC-MH-AUR-187,Zinc Sulfate 20mg,DRG-002,Essential,540,200,2000,tablets,2026-09-10,2026-12-06
PHC-MH-AUR-187,Paracetamol 500mg,DRG-003,Analgesic,9755,1000,10000,tablets,2026-09-22,2027-01-18
PHC-MH-AUR-187,Amoxicillin 500mg,DRG-004,Antibiotic,2206,300,3000,capsules,2026-08-02,2027-05-25
PHC-MH-AUR-187,Polyvalent Anti-Snake Venom (ASV),DRG-005,Antivenom,20,10,50,vials,2026-09-04,2027-02-23
PHC-MH-AUR-187,Salbutamol Nebules,DRG-006,Respiratory,327,50,500,ampoules,2026-09-01,2027-07-03
PHC-MH-AUR-187,Doxycycline 100mg,DRG-007,Antibiotic,1498,200,2000,tablets,2026-09-09,2027-08-11
PHC-MH-AUR-187,Iron Folic Acid tablets,DRG-008,Supplement,2660,500,5000,tablets,2026-08-23,2026-11-01
PHC-MH-AUR-187,Metformin 500mg,DRG-009,Anti-diabetic,1347,300,3000,tablets,2026-09-01,2027-06-13
PHC-MH-AUR-187,Amlodipine 5mg,DRG-010,Cardiovascular,659,200,2000,tablets,2026-08-27,2027-07-29
PHC-MH-AUR-188,ORS Sachets,DRG-001,Essential,4200,500,5000,sachets,2026-09-14,2027-03-28
PHC-MH-AUR-188,Zinc Sulfate 20mg,DRG-002,Essential,360,200,2000,tablets,2026-08-28,2027-02-27
PHC-MH-AUR-188,Paracetamol 500mg,DRG-003,Analgesic,8093,1000,10000,tablets,2026-09-20,2027-08-12
PHC-MH-AUR-188,Amoxicillin 500mg,DRG-004,Antibiotic,2820,300,3000,capsules,2026-09-02,2027-03-16
PHC-MH-AUR-188,Polyvalent Anti-Snake Venom (ASV),DRG-005,Antivenom,36,10,50,vials,2026-09-12,2027-09-22
PHC-MH-AUR-188,Salbutamol Nebules,DRG-006,Respiratory,84,50,500,ampoules,2026-09-19,2027-01-21
PHC-MH-AUR-188,Doxycycline 100mg,DRG-007,Antibiotic,1812,200,2000,tablets,2026-08-08,2027-02-02
PHC-MH-AUR-188,Iron Folic Acid tablets,DRG-008,Supplement,2054,500,5000,tablets,2026-08-06,2027-07-08
PHC-MH-AUR-188,Metformin 500mg,DRG-009,Anti-diabetic,1905,300,3000,tablets,2026-08-01,2027-09-12
PHC-MH-AUR-188,Amlodipine 5mg,DRG-010,Cardiovascular,202,200,2000,tablets,2026-09-07,2027-06-06
PHC-MH-AUR-189,ORS Sachets,DRG-001,Essential,1813,500,5000,sachets,2026-08-07,2027-06-09
PHC-MH-AUR-189,Zinc Sulfate 20mg,DRG-002,Essential,1415,200,2000,tablets,2026-09-13,2026-11-14
PHC-MH-AUR-189,Paracetamol 500mg,DRG-003,Analgesic,8480,1000,10000,tablets,2026-08-26,2027-05-14
PHC-MH-AUR-189,Amoxicillin 500mg,DRG-004,Antibiotic,1722,300,3000,capsules,2026-09-04,2027-09-20
PHC-MH-AUR-189,Polyvalent Anti-Snake Venom (ASV),DRG-005,Antivenom,40,10,50,vials,2026-09-17,2027-07-26
PHC-MH-AUR-189,Salbutamol Nebules,DRG-006,Respiratory,141,50,500,ampoules,2026-09-02,2027-08-24
PHC-MH-AUR-189,Doxycycline 100mg,DRG-007,Antibiotic,1331,200,2000,tablets,2026-08-03,2027-06-13
PHC-MH-AUR-189,Iron Folic Acid tablets,DRG-008,Supplement,2564,500,5000,tablets,2026-08-06,2027-01-28
PHC-MH-AUR-189,Metformin 500mg,DRG-009,Anti-diabetic,955,300,3000,tablets,2026-09-03,2026-11-22
PHC-MH-AUR-189,Amlodipine 5mg,DRG-010,Cardiovascular,1892,200,2000,tablets,2026-09-22,2027-05-18
PHC-MH-THA-190,ORS Sachets,DRG-001,Essential,173,500,5000,sachets,2026-08-23,2027-04-20
PHC-MH-THA-190,Zinc Sulfate 20mg,DRG-002,Essential,198,200,2000,tablets,2026-09-18,2026-12-28
PHC-MH-THA-190,Paracetamol 500mg,DRG-003,Analgesic,354,1000,10000,tablets,2026-08-14,2027-02-08
PHC-MH-THA-190,Amoxicillin 500mg,DRG-004,Antibiotic,242,300,3000,capsules,2026-08-01,2027-07-23
PHC-MH-THA-190,Polyvalent Anti-Snake Venom (ASV),DRG-005,Antivenom,1,10,50,vials,2026-08-28,2027-05-10
PHC-MH-THA-190,Salbutamol Nebules,DRG-006,Respiratory,11,50,500,ampoules,2026-09-01,2027-04-02
PHC-MH-THA-190,Doxycycline 100mg,DRG-007,Antibiotic,154,200,2000,tablets,2026-08-02,2027-03-14
PHC-MH-THA-190,Iron Folic Acid tablets,DRG-008,Supplement,260,500,5000,tablets,2026-09-13,2027-08-08
PHC-MH-THA-190,Metformin 500mg,DRG-009,Anti-diabetic,236,300,3000,tablets,2026-08-23,2027-07-29
PHC-MH-THA-190,Amlodipine 5mg,DRG-010,Cardiovascular,155,200,2000,tablets,2026-09-10,2027-06-05
PHC-MH-THA-191,ORS Sachets,DRG-001,Essential,157,500,5000,sachets,2026-08-30,2027-08-10
PHC-MH-THA-191,Zinc Sulfate 20mg,DRG-002,Essential,69,200,2000,tablets,2026-08-22,2026-12-01
PHC-MH-THA-191,Paracetamol 500mg,DRG-003,Analgesic,494,1000,10000,tablets,2026-08-09,2026-11-12
PHC-MH-THA-191,Amoxicillin 500mg,DRG-004,Antibiotic,248,300,3000,capsules,2026-08-10,2026-12-25
PHC-MH-THA-191,Polyvalent Anti-Snake Venom (ASV),DRG-005,Antivenom,9,10,50,vials,2026-08-14,2027-07-02
PHC-MH-THA-191,Salbutamol Nebules,DRG-006,Respiratory,11,50,500,ampoules,2026-09-22,2027-05-30
PHC-MH-THA-191,Doxycycline 100mg,DRG-007,Antibiotic,123,200,2000,tablets,2026-08-30,2027-06-10
PHC-MH-THA-191,Iron Folic Acid tablets,DRG-008,Supplement,63,500,5000,tablets,2026-09-11,2026-12-26
PHC-MH-THA-191,Metformin 500mg,DRG-009,Anti-diabetic,239,300,3000,tablets,2026-09-24,2027-04-24
PHC-MH-THA-191,Amlodipine 5mg,DRG-010,Cardiovascular,63,200,2000,tablets,2026-08-03,2026-12-09
PHC-MH-THA-192,ORS Sachets,DRG-001,Essential,296,500,5000,sachets,2026-09-11,2026-11-06
PHC-MH-THA-192,Zinc Sulfate 20mg,DRG-002,Essential,59,200,2000,tablets,2026-09-24,2027-07-22
PHC-MH-THA-192,Paracetamol 500mg,DRG-003,Analgesic,555,1000,10000,tablets,2026-09-24,2027-04-23
PHC-MH-THA-192,Amoxicillin 500mg,DRG-004,Antibiotic,125,300,3000,capsules,2026-08-25,2027-06-12
PHC-MH-THA-192,Polyvalent Anti-Snake Venom (ASV),DRG-005,Antivenom,5,10,50,vials,2026-08-13,2027-07-23
PHC-MH-THA-192,Salbutamol Nebules,DRG-006,Respiratory,8,50,500,ampoules,2026-09-06,2027-01-18
PHC-MH-THA-192,Doxycycline 100mg,DRG-007,Antibiotic,38,200,2000,tablets,2026-08-30,2026-12-30
PHC-MH-THA-192,Iron Folic Acid tablets,DRG-008,Supplement,76,500,5000,tablets,2026-08-30,2027-08-07
PHC-MH-THA-192,Metformin 500mg,DRG-009,Anti-diabetic,276,300,3000,tablets,2026-09-05,2027-01-04
PHC-MH-THA-192,Amlodipine 5mg,DRG-010,Cardiovascular,175,200,2000,tablets,2026-09-03,2026-12-24
PHC-MH-THA-193,ORS Sachets,DRG-001,Essential,2097,500,5000,sachets,2026-08-16,2027-03-31
PHC-MH-THA-193,Zinc Sulfate 20mg,DRG-002,Essential,1500,200,2000,tablets,2026-08-13,2027-05-31
PHC-MH-THA-193,Paracetamol 500mg,DRG-003,Analgesic,6848,1000,10000,tablets,2026-09-08,2027-09-10
PHC-MH-THA-193,Amoxicillin 500mg,DRG-004,Antibiotic,2679,300,3000,capsules,2026-09-11,2027-07-17
PHC-MH-THA-193,Polyvalent Anti-Snake Venom (ASV),DRG-005,Antivenom,11,10,50,vials,2026-09-15,2026-12-13
PHC-MH-THA-193,Salbutamol Nebules,DRG-006,Respiratory,388,50,500,ampoules,2026-09-13,2026-12-17
PHC-MH-THA-193,Doxycycline 100mg,DRG-007,Antibiotic,1992,200,2000,tablets,2026-08-07,2027-05-22
PHC-MH-THA-193,Iron Folic Acid tablets,DRG-008,Supplement,1380,500,5000,tablets,2026-08-01,2027-07-12
PHC-MH-THA-193,Metformin 500mg,DRG-009,Anti-diabetic,1194,300,3000,tablets,2026-08-02,2027-05-19
PHC-MH-THA-193,Amlodipine 5mg,DRG-010,Cardiovascular,1670,200,2000,tablets,2026-08-07,2027-04-27
PHC-MH-THA-194,ORS Sachets,DRG-001,Essential,2051,500,5000,sachets,2026-09-09,2027-03-26
PHC-MH-THA-194,Zinc Sulfate 20mg,DRG-002,Essential,1336,200,2000,tablets,2026-08-03,2027-02-11
PHC-MH-THA-194,Paracetamol 500mg,DRG-003,Analgesic,3228,1000,10000,tablets,2026-09-06,2027-03-10
PHC-MH-THA-194,Amoxicillin 500mg,DRG-004,Antibiotic,2481,300,3000,capsules,2026-08-05,2027-01-24
PHC-MH-THA-194,Polyvalent Anti-Snake Venom (ASV),DRG-005,Antivenom,49,10,50,vials,2026-09-22,2027-02-26
PHC-MH-THA-194,Salbutamol Nebules,DRG-006,Respiratory,241,50,500,ampoules,2026-07-31,2027-07-30
PHC-MH-THA-194,Doxycycline 100mg,DRG-007,Antibiotic,636,200,2000,tablets,2026-09-14,2027-05-06
PHC-MH-THA-194,Iron Folic Acid tablets,DRG-008,Supplement,4046,500,5000,tablets,2026-09-12,2027-06-07
PHC-MH-THA-194,Metformin 500mg,DRG-009,Anti-diabetic,2887,300,3000,tablets,2026-08-02,2027-01-31
PHC-MH-THA-194,Amlodipine 5mg,DRG-010,Cardiovascular,1200,200,2000,tablets,2026-09-20,2026-12-31
PHC-MH-THA-195,ORS Sachets,DRG-001,Essential,3891,500,5000,sachets,2026-08-09,2027-09-29
PHC-MH-THA-195,Zinc Sulfate 20mg,DRG-002,Essential,1279,200,2000,tablets,2026-08-06,2027-07-15
PHC-MH-THA-195,Paracetamol 500mg,DRG-003,Analgesic,4260,1000,10000,tablets,2026-08-26,2027-03-25
PHC-MH-THA-195,Amoxicillin 500mg,DRG-004,Antibiotic,2667,300,3000,capsules,2026-09-12,2027-07-26
PHC-MH-THA-195,Polyvalent Anti-Snake Venom (ASV),DRG-005,Antivenom,19,10,50,vials,2026-08-09,2026-10-29
PHC-MH-THA-195,Salbutamol Nebules,DRG-006,Respiratory,477,50,500,ampoules,2026-09-22,2027-08-12
PHC-MH-THA-195,Doxycycline 100mg,DRG-007,Antibiotic,1757,200,2000,tablets,2026-08-11,2026-11-27
PHC-MH-THA-195,Iron Folic Acid tablets,DRG-008,Supplement,3280,500,5000,tablets,2026-08-04,2027-06-30
PHC-MH-THA-195,Metformin 500mg,DRG-009,Anti-diabetic,1164,300,3000,tablets,2026-08-29,2027-03-09
PHC-MH-THA-195,Amlodipine 5mg,DRG-010,Cardiovascular,598,200,2000,tablets,2026-08-28,2027-07-16
PHC-MH-THA-196,ORS Sachets,DRG-001,Essential,4800,500,5000,sachets,2026-09-14,2026-12-28
PHC-MH-THA-196,Zinc Sulfate 20mg,DRG-002,Essential,1885,200,2000,tablets,2026-08-08,2027-01-05
PHC-MH-THA-196,Paracetamol 500mg,DRG-003,Analgesic,5129,1000,10000,tablets,2026-08-05,2027-03-15
PHC-MH-THA-196,Amoxicillin 500mg,DRG-004,Antibiotic,2256,300,3000,capsules,2026-09-06,2026-12-11
PHC-MH-THA-196,Polyvalent Anti-Snake Venom (ASV),DRG-005,Antivenom,12,10,50,vials,2026-09-18,2027-01-26
PHC-MH-THA-196,Salbutamol Nebules,DRG-006,Respiratory,485,50,500,ampoules,2026-08-08,2027-09-04
PHC-MH-THA-196,Doxycycline 100mg,DRG-007,Antibiotic,455,200,2000,tablets,2026-09-11,2026-12-24
PHC-MH-THA-196,Iron Folic Acid tablets,DRG-008,Supplement,1132,500,5000,tablets,2026-08-06,2027-05-07
PHC-MH-THA-196,Metformin 500mg,DRG-009,Anti-diabetic,789,300,3000,tablets,2026-08-23,2026-12-06
PHC-MH-THA-196,Amlodipine 5mg,DRG-010,Cardiovascular,1008,200,2000,tablets,2026-09-15,2026-11-24
PHC-MH-THA-197,ORS Sachets,DRG-001,Essential,4371,500,5000,sachets,2026-08-31,2027-05-06
PHC-MH-THA-197,Zinc Sulfate 20mg,DRG-002,Essential,1878,200,2000,tablets,2026-08-25,2027-04-28
PHC-MH-THA-197,Paracetamol 500mg,DRG-003,Analgesic,4320,1000,10000,tablets,2026-08-05,2027-07-09
PHC-MH-THA-197,Amoxicillin 500mg,DRG-004,Antibiotic,2319,300,3000,capsules,2026-08-26,2027-05-03
PHC-MH-THA-197,Polyvalent Anti-Snake Venom (ASV),DRG-005,Antivenom,45,10,50,vials,2026-08-21,2027-08-11
PHC-MH-THA-197,Salbutamol Nebules,DRG-006,Respiratory,142,50,500,ampoules,2026-08-17,2026-12-05
PHC-MH-THA-197,Doxycycline 100mg,DRG-007,Antibiotic,532,200,2000,tablets,2026-09-18,2027-02-08
PHC-MH-THA-197,Iron Folic Acid tablets,DRG-008,Supplement,2991,500,5000,tablets,2026-09-15,2027-02-28
PHC-MH-THA-197,Metformin 500mg,DRG-009,Anti-diabetic,2491,300,3000,tablets,2026-08-26,2027-03-28
PHC-MH-THA-197,Amlodipine 5mg,DRG-010,Cardiovascular,755,200,2000,tablets,2026-09-05,2027-08-27
PHC-MH-THA-198,ORS Sachets,DRG-001,Essential,2097,500,5000,sachets,2026-09-10,2027-01-19
PHC-MH-THA-198,Zinc Sulfate 20mg,DRG-002,Essential,1975,200,2000,tablets,2026-09-18,2027-08-10
PHC-MH-THA-198,Paracetamol 500mg,DRG-003,Analgesic,3525,1000,10000,tablets,2026-09-05,2026-11-09
PHC-MH-THA-198,Amoxicillin 500mg,DRG-004,Antibiotic,1275,300,3000,capsules,2026-08-12,2027-03-12
PHC-MH-THA-198,Polyvalent Anti-Snake Venom (ASV),DRG-005,Antivenom,11,10,50,vials,2026-08-06,2027-06-09
PHC-MH-THA-198,Salbutamol Nebules,DRG-006,Respiratory,140,50,500,ampoules,2026-08-17,2027-05-28
PHC-MH-THA-198,Doxycycline 100mg,DRG-007,Antibiotic,619,200,2000,tablets,2026-09-01,2027-07-30
PHC-MH-THA-198,Iron Folic Acid tablets,DRG-008,Supplement,3310,500,5000,tablets,2026-08-17,2027-01-11
PHC-MH-THA-198,Metformin 500mg,DRG-009,Anti-diabetic,2295,300,3000,tablets,2026-09-04,2026-11-21
PHC-MH-THA-198,Amlodipine 5mg,DRG-010,Cardiovascular,521,200,2000,tablets,2026-09-09,2027-08-13
PHC-MH-THA-199,ORS Sachets,DRG-001,Essential,4259,500,5000,sachets,2026-08-03,2027-01-31
PHC-MH-THA-199,Zinc Sulfate 20mg,DRG-002,Essential,520,200,2000,tablets,2026-09-19,2026-12-04
PHC-MH-THA-199,Paracetamol 500mg,DRG-003,Analgesic,7398,1000,10000,tablets,2026-08-14,2026-12-03
PHC-MH-THA-199,Amoxicillin 500mg,DRG-004,Antibiotic,1951,300,3000,capsules,2026-09-06,2027-01-30
PHC-MH-THA-199,Polyvalent Anti-Snake Venom (ASV),DRG-005,Antivenom,39,10,50,vials,2026-09-02,2027-06-11
PHC-MH-THA-199,Salbutamol Nebules,DRG-006,Respiratory,241,50,500,ampoules,2026-08-13,2027-09-08
PHC-MH-THA-199,Doxycycline 100mg,DRG-007,Antibiotic,252,200,2000,tablets,2026-08-30,2027-01-20
PHC-MH-THA-199,Iron Folic Acid tablets,DRG-008,Supplement,3139,500,5000,tablets,2026-08-20,2027-02-12
PHC-MH-THA-199,Metformin 500mg,DRG-009,Anti-diabetic,1563,300,3000,tablets,2026-09-10,2027-09-21
PHC-MH-THA-199,Amlodipine 5mg,DRG-010,Cardiovascular,1987,200,2000,tablets,2026-09-08,2027-05-20
PHC-MH-THA-200,ORS Sachets,DRG-001,Essential,3922,500,5000,sachets,2026-08-05,2026-11-29
PHC-MH-THA-200,Zinc Sulfate 20mg,DRG-002,Essential,322,200,2000,tablets,2026-09-04,2027-03-09
PHC-MH-THA-200,Paracetamol 500mg,DRG-003,Analgesic,9971,1000,10000,tablets,2026-08-19,2027-07-07
PHC-MH-THA-200,Amoxicillin 500mg,DRG-004,Antibiotic,2187,300,3000,capsules,2026-09-10,2027-08-23
PHC-MH-THA-200,Polyvalent Anti-Snake Venom (ASV),DRG-005,Antivenom,35,10,50,vials,2026-08-27,2027-05-08
PHC-MH-THA-200,Salbutamol Nebules,DRG-006,Respiratory,439,50,500,ampoules,2026-08-10,2027-02-17
PHC-MH-THA-200,Doxycycline 100mg,DRG-007,Antibiotic,1187,200,2000,tablets,2026-08-14,2027-08-30
PHC-MH-THA-200,Iron Folic Acid tablets,DRG-008,Supplement,1046,500,5000,tablets,2026-09-08,2027-06-22
PHC-MH-THA-200,Metformin 500mg,DRG-009,Anti-diabetic,1892,300,3000,tablets,2026-08-30,2027-01-08
PHC-MH-THA-200,Amlodipine 5mg,DRG-010,Cardiovascular,798,200,2000,tablets,2026-09-15,2026-11-20
PHC-MH-THA-201,ORS Sachets,DRG-001,Essential,4314,500,5000,sachets,2026-09-06,2026-12-02
PHC-MH-THA-201,Zinc Sulfate 20mg,DRG-002,Essential,1911,200,2000,tablets,2026-08-31,2027-06-15
PHC-MH-THA-201,Paracetamol 500mg,DRG-003,Analgesic,2662,1000,10000,tablets,2026-08-11,2027-08-08
PHC-MH-THA-201,Amoxicillin 500mg,DRG-004,Antibiotic,455,300,3000,capsules,2026-08-18,2027-06-19
PHC-MH-THA-201,Polyvalent Anti-Snake Venom (ASV),DRG-005,Antivenom,28,10,50,vials,2026-09-10,2026-11-03
PHC-MH-THA-201,Salbutamol Nebules,DRG-006,Respiratory,421,50,500,ampoules,2026-08-07,2027-09-12
PHC-MH-THA-201,Doxycycline 100mg,DRG-007,Antibiotic,1975,200,2000,tablets,2026-09-08,2027-06-29
PHC-MH-THA-201,Iron Folic Acid tablets,DRG-008,Supplement,3567,500,5000,tablets,2026-08-19,2026-10-29
PHC-MH-THA-201,Metformin 500mg,DRG-009,Anti-diabetic,1059,300,3000,tablets,2026-08-12,2027-07-07
PHC-MH-THA-201,Amlodipine 5mg,DRG-010,Cardiovascular,1806,200,2000,tablets,2026-08-20,2026-11-10
PHC-MH-THA-202,ORS Sachets,DRG-001,Essential,1516,500,5000,sachets,2026-09-03,2027-05-24
PHC-MH-THA-202,Zinc Sulfate 20mg,DRG-002,Essential,931,200,2000,tablets,2026-08-26,2026-11-29
PHC-MH-THA-202,Paracetamol 500mg,DRG-003,Analgesic,9441,1000,10000,tablets,2026-08-04,2027-06-17
PHC-MH-THA-202,Amoxicillin 500mg,DRG-004,Antibiotic,2494,300,3000,capsules,2026-08-15,2027-05-20
PHC-MH-THA-202,Polyvalent Anti-Snake Venom (ASV),DRG-005,Antivenom,24,10,50,vials,2026-08-02,2026-11-22
PHC-MH-THA-202,Salbutamol Nebules,DRG-006,Respiratory,183,50,500,ampoules,2026-08-19,2027-02-08
PHC-MH-THA-202,Doxycycline 100mg,DRG-007,Antibiotic,538,200,2000,tablets,2026-09-24,2027-09-14
PHC-MH-THA-202,Iron Folic Acid tablets,DRG-008,Supplement,4283,500,5000,tablets,2026-08-31,2027-02-05
PHC-MH-THA-202,Metformin 500mg,DRG-009,Anti-diabetic,2090,300,3000,tablets,2026-09-13,2027-03-21
PHC-MH-THA-202,Amlodipine 5mg,DRG-010,Cardiovascular,966,200,2000,tablets,2026-08-05,2027-02-24
PHC-MH-THA-203,ORS Sachets,DRG-001,Essential,3751,500,5000,sachets,2026-08-16,2027-04-04
PHC-MH-THA-203,Zinc Sulfate 20mg,DRG-002,Essential,369,200,2000,tablets,2026-08-30,2027-07-01
PHC-MH-THA-203,Paracetamol 500mg,DRG-003,Analgesic,9904,1000,10000,tablets,2026-09-01,2027-01-18
PHC-MH-THA-203,Amoxicillin 500mg,DRG-004,Antibiotic,2546,300,3000,capsules,2026-08-17,2027-03-06
PHC-MH-THA-203,Polyvalent Anti-Snake Venom (ASV),DRG-005,Antivenom,15,10,50,vials,2026-08-02,2027-06-06
PHC-MH-THA-203,Salbutamol Nebules,DRG-006,Respiratory,366,50,500,ampoules,2026-08-05,2027-04-09
PHC-MH-THA-203,Doxycycline 100mg,DRG-007,Antibiotic,422,200,2000,tablets,2026-08-04,2027-08-30
PHC-MH-THA-203,Iron Folic Acid tablets,DRG-008,Supplement,3253,500,5000,tablets,2026-09-05,2027-02-03
PHC-MH-THA-203,Metformin 500mg,DRG-009,Anti-diabetic,1323,300,3000,tablets,2026-09-10,2027-03-19
PHC-MH-THA-203,Amlodipine 5mg,DRG-010,Cardiovascular,256,200,2000,tablets,2026-09-11,2027-01-14
PHC-MH-THA-204,ORS Sachets,DRG-001,Essential,734,500,5000,sachets,2026-08-18,2027-03-14
PHC-MH-THA-204,Zinc Sulfate 20mg,DRG-002,Essential,955,200,2000,tablets,2026-08-20,2027-09-02
PHC-MH-THA-204,Paracetamol 500mg,DRG-003,Analgesic,7822,1000,10000,tablets,2026-08-28,2027-09-08
PHC-MH-THA-204,Amoxicillin 500mg,DRG-004,Antibiotic,413,300,3000,capsules,2026-08-11,2027-03-31
PHC-MH-THA-204,Polyvalent Anti-Snake Venom (ASV),DRG-005,Antivenom,26,10,50,vials,2026-09-03,2026-12-25
PHC-MH-THA-204,Salbutamol Nebules,DRG-006,Respiratory,253,50,500,ampoules,2026-08-19,2027-09-20
PHC-MH-THA-204,Doxycycline 100mg,DRG-007,Antibiotic,1783,200,2000,tablets,2026-08-31,2027-01-07
PHC-MH-THA-204,Iron Folic Acid tablets,DRG-008,Supplement,2780,500,5000,tablets,2026-09-24,2027-09-25
PHC-MH-THA-204,Metformin 500mg,DRG-009,Anti-diabetic,2350,300,3000,tablets,2026-08-02,2027-05-31
PHC-MH-THA-204,Amlodipine 5mg,DRG-010,Cardiovascular,1892,200,2000,tablets,2026-09-04,2027-03-21
PHC-MH-THA-205,ORS Sachets,DRG-001,Essential,305,500,5000,sachets,2026-09-15,2027-01-31
PHC-MH-THA-205,Zinc Sulfate 20mg,DRG-002,Essential,28,200,2000,tablets,2026-08-26,2027-08-30
PHC-MH-THA-205,Paracetamol 500mg,DRG-003,Analgesic,536,1000,10000,tablets,2026-09-18,2026-12-15
PHC-MH-THA-205,Amoxicillin 500mg,DRG-004,Antibiotic,56,300,3000,capsules,2026-08-25,2027-08-30
PHC-MH-THA-205,Polyvalent Anti-Snake Venom (ASV),DRG-005,Antivenom,3,10,50,vials,2026-08-04,2027-05-31
PHC-MH-THA-205,Salbutamol Nebules,DRG-006,Respiratory,39,50,500,ampoules,2026-08-12,2027-09-22
PHC-MH-THA-205,Doxycycline 100mg,DRG-007,Antibiotic,166,200,2000,tablets,2026-08-30,2027-04-18
PHC-MH-THA-205,Iron Folic Acid tablets,DRG-008,Supplement,141,500,5000,tablets,2026-09-13,2027-09-16
PHC-MH-THA-205,Metformin 500mg,DRG-009,Anti-diabetic,218,300,3000,tablets,2026-09-09,2027-07-02
PHC-MH-THA-205,Amlodipine 5mg,DRG-010,Cardiovascular,50,200,2000,tablets,2026-08-05,2026-12-20
PHC-MH-THA-206,ORS Sachets,DRG-001,Essential,1290,500,5000,sachets,2026-09-20,2027-07-04
PHC-MH-THA-206,Zinc Sulfate 20mg,DRG-002,Essential,683,200,2000,tablets,2026-08-23,2027-08-21
PHC-MH-THA-206,Paracetamol 500mg,DRG-003,Analgesic,2318,1000,10000,tablets,2026-09-04,2027-01-15
PHC-MH-THA-206,Amoxicillin 500mg,DRG-004,Antibiotic,2062,300,3000,capsules,2026-09-10,2027-01-15
PHC-MH-THA-206,Polyvalent Anti-Snake Venom (ASV),DRG-005,Antivenom,42,10,50,vials,2026-08-12,2026-12-25
PHC-MH-THA-206,Salbutamol Nebules,DRG-006,Respiratory,398,50,500,ampoules,2026-08-16,2027-01-16
PHC-MH-THA-206,Doxycycline 100mg,DRG-007,Antibiotic,1374,200,2000,tablets,2026-08-29,2027-07-19
PHC-MH-THA-206,Iron Folic Acid tablets,DRG-008,Supplement,4637,500,5000,tablets,2026-08-10,2027-04-25
PHC-MH-THA-206,Metformin 500mg,DRG-009,Anti-diabetic,775,300,3000,tablets,2026-09-06,2027-01-14
PHC-MH-THA-206,Amlodipine 5mg,DRG-010,Cardiovascular,827,200,2000,tablets,2026-09-01,2027-06-25
PHC-MH-THA-207,ORS Sachets,DRG-001,Essential,3587,500,5000,sachets,2026-09-04,2027-03-25
PHC-MH-THA-207,Zinc Sulfate 20mg,DRG-002,Essential,1288,200,2000,tablets,2026-08-16,2027-05-05
PHC-MH-THA-207,Paracetamol 500mg,DRG-003,Analgesic,3179,1000,10000,tablets,2026-09-15,2027-01-02
PHC-MH-THA-207,Amoxicillin 500mg,DRG-004,Antibiotic,1687,300,3000,capsules,2026-08-23,2026-11-22
PHC-MH-THA-207,Polyvalent Anti-Snake Venom (ASV),DRG-005,Antivenom,12,10,50,vials,2026-09-22,2026-11-20
PHC-MH-THA-207,Salbutamol Nebules,DRG-006,Respiratory,248,50,500,ampoules,2026-09-17,2027-03-18
PHC-MH-THA-207,Doxycycline 100mg,DRG-007,Antibiotic,1321,200,2000,tablets,2026-07-31,2027-01-29
PHC-MH-THA-207,Iron Folic Acid tablets,DRG-008,Supplement,4791,500,5000,tablets,2026-09-18,2027-07-15
PHC-MH-THA-207,Metformin 500mg,DRG-009,Anti-diabetic,2133,300,3000,tablets,2026-08-01,2026-11-21
PHC-MH-THA-207,Amlodipine 5mg,DRG-010,Cardiovascular,644,200,2000,tablets,2026-08-09,2027-03-22
PHC-MH-THA-208,ORS Sachets,DRG-001,Essential,27,500,5000,sachets,2026-09-19,2027-08-12
PHC-MH-THA-208,Zinc Sulfate 20mg,DRG-002,Essential,159,200,2000,tablets,2026-09-12,2027-05-29
PHC-MH-THA-208,Paracetamol 500mg,DRG-003,Analgesic,742,1000,10000,tablets,2026-09-14,2027-06-08
PHC-MH-THA-208,Amoxicillin 500mg,DRG-004,Antibiotic,36,300,3000,capsules,2026-08-27,2027-09-07
PHC-MH-THA-208,Polyvalent Anti-Snake Venom (ASV),DRG-005,Antivenom,3,10,50,vials,2026-08-12,2027-05-15
PHC-MH-THA-208,Salbutamol Nebules,DRG-006,Respiratory,21,50,500,ampoules,2026-09-06,2027-06-15
PHC-MH-THA-208,Doxycycline 100mg,DRG-007,Antibiotic,150,200,2000,tablets,2026-08-28,2027-01-30
PHC-MH-THA-208,Iron Folic Acid tablets,DRG-008,Supplement,324,500,5000,tablets,2026-08-28,2027-09-12
PHC-MH-THA-208,Metformin 500mg,DRG-009,Anti-diabetic,166,300,3000,tablets,2026-08-02,2026-11-15
PHC-MH-THA-208,Amlodipine 5mg,DRG-010,Cardiovascular,55,200,2000,tablets,2026-09-24,2027-07-02
PHC-MH-THA-209,ORS Sachets,DRG-001,Essential,4540,500,5000,sachets,2026-08-13,2027-04-08
PHC-MH-THA-209,Zinc Sulfate 20mg,DRG-002,Essential,980,200,2000,tablets,2026-08-13,2027-01-22
PHC-MH-THA-209,Paracetamol 500mg,DRG-003,Analgesic,9367,1000,10000,tablets,2026-08-12,2027-03-03
PHC-MH-THA-209,Amoxicillin 500mg,DRG-004,Antibiotic,2684,300,3000,capsules,2026-09-07,2027-05-07
PHC-MH-THA-209,Polyvalent Anti-Snake Venom (ASV),DRG-005,Antivenom,28,10,50,vials,2026-08-25,2027-01-23
PHC-MH-THA-209,Salbutamol Nebules,DRG-006,Respiratory,184,50,500,ampoules,2026-08-19,2026-11-30
PHC-MH-THA-209,Doxycycline 100mg,DRG-007,Antibiotic,1609,200,2000,tablets,2026-08-19,2027-01-15
PHC-MH-THA-209,Iron Folic Acid tablets,DRG-008,Supplement,2800,500,5000,tablets,2026-08-08,2026-12-03
PHC-MH-THA-209,Metformin 500mg,DRG-009,Anti-diabetic,725,300,3000,tablets,2026-09-01,2026-12-26
PHC-MH-THA-209,Amlodipine 5mg,DRG-010,Cardiovascular,1212,200,2000,tablets,2026-09-23,2027-03-29
PHC-MH-THA-210,ORS Sachets,DRG-001,Essential,1091,500,5000,sachets,2026-08-26,2027-07-27
PHC-MH-THA-210,Zinc Sulfate 20mg,DRG-002,Essential,698,200,2000,tablets,2026-09-04,2027-07-09
PHC-MH-THA-210,Paracetamol 500mg,DRG-003,Analgesic,8243,1000,10000,tablets,2026-08-25,2027-02-11
PHC-MH-THA-210,Amoxicillin 500mg,DRG-004,Antibiotic,1381,300,3000,capsules,2026-08-03,2027-04-22
PHC-MH-THA-210,Polyvalent Anti-Snake Venom (ASV),DRG-005,Antivenom,18,10,50,vials,2026-08-19,2027-02-08
PHC-MH-THA-210,Salbutamol Nebules,DRG-006,Respiratory,301,50,500,ampoules,2026-08-26,2027-04-11
PHC-MH-THA-210,Doxycycline 100mg,DRG-007,Antibiotic,530,200,2000,tablets,2026-08-14,2027-09-13
PHC-MH-THA-210,Iron Folic Acid tablets,DRG-008,Supplement,4033,500,5000,tablets,2026-08-27,2027-09-05
PHC-MH-THA-210,Metformin 500mg,DRG-009,Anti-diabetic,653,300,3000,tablets,2026-08-04,2027-03-10
PHC-MH-THA-210,Amlodipine 5mg,DRG-010,Cardiovascular,670,200,2000,tablets,2026-09-10,2026-12-17
PHC-KL-THI-211,ORS Sachets,DRG-001,Essential,3816,500,5000,sachets,2026-08-17,2027-04-13
PHC-KL-THI-211,Zinc Sulfate 20mg,DRG-002,Essential,1509,200,2000,tablets,2026-08-05,2027-02-02
PHC-KL-THI-211,Paracetamol 500mg,DRG-003,Analgesic,4442,1000,10000,tablets,2026-09-09,2027-08-03
PHC-KL-THI-211,Amoxicillin 500mg,DRG-004,Antibiotic,2735,300,3000,capsules,2026-09-18,2027-03-13
PHC-KL-THI-211,Polyvalent Anti-Snake Venom (ASV),DRG-005,Antivenom,50,10,50,vials,2026-08-01,2026-12-07
PHC-KL-THI-211,Salbutamol Nebules,DRG-006,Respiratory,54,50,500,ampoules,2026-09-19,2027-06-29
PHC-KL-THI-211,Doxycycline 100mg,DRG-007,Antibiotic,1378,200,2000,tablets,2026-08-13,2027-03-07
PHC-KL-THI-211,Iron Folic Acid tablets,DRG-008,Supplement,1638,500,5000,tablets,2026-09-14,2027-02-02
PHC-KL-THI-211,Metformin 500mg,DRG-009,Anti-diabetic,1896,300,3000,tablets,2026-09-03,2027-08-17
PHC-KL-THI-211,Amlodipine 5mg,DRG-010,Cardiovascular,1292,200,2000,tablets,2026-08-26,2027-08-24
PHC-KL-THI-212,ORS Sachets,DRG-001,Essential,4338,500,5000,sachets,2026-08-23,2026-11-01
PHC-KL-THI-212,Zinc Sulfate 20mg,DRG-002,Essential,1573,200,2000,tablets,2026-08-14,2027-06-07
PHC-KL-THI-212,Paracetamol 500mg,DRG-003,Analgesic,1781,1000,10000,tablets,2026-09-03,2027-04-25
PHC-KL-THI-212,Amoxicillin 500mg,DRG-004,Antibiotic,1146,300,3000,capsules,2026-09-03,2027-06-24
PHC-KL-THI-212,Polyvalent Anti-Snake Venom (ASV),DRG-005,Antivenom,26,10,50,vials,2026-09-11,2027-05-09
PHC-KL-THI-212,Salbutamol Nebules,DRG-006,Respiratory,163,50,500,ampoules,2026-09-18,2027-09-20
PHC-KL-THI-212,Doxycycline 100mg,DRG-007,Antibiotic,1230,200,2000,tablets,2026-08-15,2027-07-13
PHC-KL-THI-212,Iron Folic Acid tablets,DRG-008,Supplement,4797,500,5000,tablets,2026-08-05,2027-08-27
PHC-KL-THI-212,Metformin 500mg,DRG-009,Anti-diabetic,1907,300,3000,tablets,2026-08-11,2027-06-09
PHC-KL-THI-212,Amlodipine 5mg,DRG-010,Cardiovascular,822,200,2000,tablets,2026-07-31,2026-11-22
PHC-KL-THI-213,ORS Sachets,DRG-001,Essential,786,500,5000,sachets,2026-09-12,2027-08-29
PHC-KL-THI-213,Zinc Sulfate 20mg,DRG-002,Essential,510,200,2000,tablets,2026-08-15,2027-06-06
PHC-KL-THI-213,Paracetamol 500mg,DRG-003,Analgesic,6726,1000,10000,tablets,2026-08-22,2026-12-09
PHC-KL-THI-213,Amoxicillin 500mg,DRG-004,Antibiotic,2992,300,3000,capsules,2026-08-14,2027-03-13
PHC-KL-THI-213,Polyvalent Anti-Snake Venom (ASV),DRG-005,Antivenom,25,10,50,vials,2026-08-04,2027-08-20
PHC-KL-THI-213,Salbutamol Nebules,DRG-006,Respiratory,298,50,500,ampoules,2026-07-31,2027-03-08
PHC-KL-THI-213,Doxycycline 100mg,DRG-007,Antibiotic,510,200,2000,tablets,2026-08-02,2027-08-24
PHC-KL-THI-213,Iron Folic Acid tablets,DRG-008,Supplement,2404,500,5000,tablets,2026-09-09,2027-02-04
PHC-KL-THI-213,Metformin 500mg,DRG-009,Anti-diabetic,2847,300,3000,tablets,2026-08-27,2026-12-30
PHC-KL-THI-213,Amlodipine 5mg,DRG-010,Cardiovascular,236,200,2000,tablets,2026-08-24,2027-04-10
PHC-KL-THI-214,ORS Sachets,DRG-001,Essential,4098,500,5000,sachets,2026-08-12,2027-06-04
PHC-KL-THI-214,Zinc Sulfate 20mg,DRG-002,Essential,1275,200,2000,tablets,2026-09-07,2027-05-29
PHC-KL-THI-214,Paracetamol 500mg,DRG-003,Analgesic,4084,1000,10000,tablets,2026-08-22,2027-03-19
PHC-KL-THI-214,Amoxicillin 500mg,DRG-004,Antibiotic,1926,300,3000,capsules,2026-09-22,2027-09-08
PHC-KL-THI-214,Polyvalent Anti-Snake Venom (ASV),DRG-005,Antivenom,12,10,50,vials,2026-09-05,2027-02-15
PHC-KL-THI-214,Salbutamol Nebules,DRG-006,Respiratory,357,50,500,ampoules,2026-08-06,2026-11-07
PHC-KL-THI-214,Doxycycline 100mg,DRG-007,Antibiotic,1613,200,2000,tablets,2026-08-06,2027-05-03
PHC-KL-THI-214,Iron Folic Acid tablets,DRG-008,Supplement,510,500,5000,tablets,2026-09-08,2026-11-03
PHC-KL-THI-214,Metformin 500mg,DRG-009,Anti-diabetic,839,300,3000,tablets,2026-09-04,2026-11-20
PHC-KL-THI-214,Amlodipine 5mg,DRG-010,Cardiovascular,784,200,2000,tablets,2026-09-05,2026-12-18
PHC-KL-THI-215,ORS Sachets,DRG-001,Essential,336,500,5000,sachets,2026-09-04,2026-11-13
PHC-KL-THI-215,Zinc Sulfate 20mg,DRG-002,Essential,23,200,2000,tablets,2026-08-19,2027-07-11
PHC-KL-THI-215,Paracetamol 500mg,DRG-003,Analgesic,37,1000,10000,tablets,2026-08-07,2027-03-16
PHC-KL-THI-215,Amoxicillin 500mg,DRG-004,Antibiotic,42,300,3000,capsules,2026-09-16,2027-03-16
PHC-KL-THI-215,Polyvalent Anti-Snake Venom (ASV),DRG-005,Antivenom,7,10,50,vials,2026-08-08,2027-08-23
PHC-KL-THI-215,Salbutamol Nebules,DRG-006,Respiratory,27,50,500,ampoules,2026-08-02,2027-08-20
PHC-KL-THI-215,Doxycycline 100mg,DRG-007,Antibiotic,100,200,2000,tablets,2026-08-23,2027-08-22
PHC-KL-THI-215,Iron Folic Acid tablets,DRG-008,Supplement,37,500,5000,tablets,2026-08-20,2027-07-11
PHC-KL-THI-215,Metformin 500mg,DRG-009,Anti-diabetic,69,300,3000,tablets,2026-09-13,2027-01-21
PHC-KL-THI-215,Amlodipine 5mg,DRG-010,Cardiovascular,166,200,2000,tablets,2026-08-05,2027-04-03
PHC-KL-THI-216,ORS Sachets,DRG-001,Essential,2262,500,5000,sachets,2026-09-18,2027-02-06
PHC-KL-THI-216,Zinc Sulfate 20mg,DRG-002,Essential,1123,200,2000,tablets,2026-09-05,2027-02-16
PHC-KL-THI-216,Paracetamol 500mg,DRG-003,Analgesic,3058,1000,10000,tablets,2026-09-24,2027-03-08
PHC-KL-THI-216,Amoxicillin 500mg,DRG-004,Antibiotic,2127,300,3000,capsules,2026-09-13,2027-04-17
PHC-KL-THI-216,Polyvalent Anti-Snake Venom (ASV),DRG-005,Antivenom,22,10,50,vials,2026-09-21,2027-09-06
PHC-KL-THI-216,Salbutamol Nebules,DRG-006,Respiratory,440,50,500,ampoules,2026-08-17,2027-06-10
PHC-KL-THI-216,Doxycycline 100mg,DRG-007,Antibiotic,1717,200,2000,tablets,2026-09-07,2026-12-25
PHC-KL-THI-216,Iron Folic Acid tablets,DRG-008,Supplement,4648,500,5000,tablets,2026-09-03,2027-04-16
PHC-KL-THI-216,Metformin 500mg,DRG-009,Anti-diabetic,1908,300,3000,tablets,2026-08-14,2027-08-21
PHC-KL-THI-216,Amlodipine 5mg,DRG-010,Cardiovascular,488,200,2000,tablets,2026-08-19,2027-09-11
PHC-KL-THI-217,ORS Sachets,DRG-001,Essential,4758,500,5000,sachets,2026-09-08,2027-04-10
PHC-KL-THI-217,Zinc Sulfate 20mg,DRG-002,Essential,1471,200,2000,tablets,2026-09-14,2027-09-14
PHC-KL-THI-217,Paracetamol 500mg,DRG-003,Analgesic,3358,1000,10000,tablets,2026-09-14,2027-04-25
PHC-KL-THI-217,Amoxicillin 500mg,DRG-004,Antibiotic,1531,300,3000,capsules,2026-09-03,2027-08-21
PHC-KL-THI-217,Polyvalent Anti-Snake Venom (ASV),DRG-005,Antivenom,16,10,50,vials,2026-08-02,2027-07-15
PHC-KL-THI-217,Salbutamol Nebules,DRG-006,Respiratory,310,50,500,ampoules,2026-08-23,2027-07-16
PHC-KL-THI-217,Doxycycline 100mg,DRG-007,Antibiotic,1631,200,2000,tablets,2026-08-02,2027-04-06
PHC-KL-THI-217,Iron Folic Acid tablets,DRG-008,Supplement,3708,500,5000,tablets,2026-09-09,2027-03-25
PHC-KL-THI-217,Metformin 500mg,DRG-009,Anti-diabetic,1132,300,3000,tablets,2026-09-16,2027-01-11
PHC-KL-THI-217,Amlodipine 5mg,DRG-010,Cardiovascular,1336,200,2000,tablets,2026-08-04,2026-11-08
PHC-KL-THI-218,ORS Sachets,DRG-001,Essential,986,500,5000,sachets,2026-08-29,2027-03-12
PHC-KL-THI-218,Zinc Sulfate 20mg,DRG-002,Essential,1363,200,2000,tablets,2026-09-05,2026-11-07
PHC-KL-THI-218,Paracetamol 500mg,DRG-003,Analgesic,9124,1000,10000,tablets,2026-09-06,2027-03-16
PHC-KL-THI-218,Amoxicillin 500mg,DRG-004,Antibiotic,1391,300,3000,capsules,2026-08-10,2026-11-18
PHC-KL-THI-218,Polyvalent Anti-Snake Venom (ASV),DRG-005,Antivenom,34,10,50,vials,2026-08-28,2026-12-13
PHC-KL-THI-218,Salbutamol Nebules,DRG-006,Respiratory,205,50,500,ampoules,2026-09-13,2027-03-14
PHC-KL-THI-218,Doxycycline 100mg,DRG-007,Antibiotic,929,200,2000,tablets,2026-08-24,2027-01-29
PHC-KL-THI-218,Iron Folic Acid tablets,DRG-008,Supplement,1845,500,5000,tablets,2026-09-22,2027-01-27
PHC-KL-THI-218,Metformin 500mg,DRG-009,Anti-diabetic,2533,300,3000,tablets,2026-08-18,2026-12-09
PHC-KL-THI-218,Amlodipine 5mg,DRG-010,Cardiovascular,1729,200,2000,tablets,2026-09-15,2026-12-12
PHC-KL-THI-219,ORS Sachets,DRG-001,Essential,3750,500,5000,sachets,2026-08-30,2026-11-23
PHC-KL-THI-219,Zinc Sulfate 20mg,DRG-002,Essential,254,200,2000,tablets,2026-09-13,2027-09-25
PHC-KL-THI-219,Paracetamol 500mg,DRG-003,Analgesic,2213,1000,10000,tablets,2026-08-26,2027-07-20
PHC-KL-THI-219,Amoxicillin 500mg,DRG-004,Antibiotic,2814,300,3000,capsules,2026-08-10,2027-05-15
PHC-KL-THI-219,Polyvalent Anti-Snake Venom (ASV),DRG-005,Antivenom,40,10,50,vials,2026-08-25,2026-12-19
PHC-KL-THI-219,Salbutamol Nebules,DRG-006,Respiratory,294,50,500,ampoules,2026-08-24,2027-02-20
PHC-KL-THI-219,Doxycycline 100mg,DRG-007,Antibiotic,413,200,2000,tablets,2026-09-21,2027-05-25
PHC-KL-THI-219,Iron Folic Acid tablets,DRG-008,Supplement,3942,500,5000,tablets,2026-09-10,2026-12-13
PHC-KL-THI-219,Metformin 500mg,DRG-009,Anti-diabetic,605,300,3000,tablets,2026-08-01,2027-06-19
PHC-KL-THI-219,Amlodipine 5mg,DRG-010,Cardiovascular,1467,200,2000,tablets,2026-09-05,2027-04-17
PHC-KL-THI-220,ORS Sachets,DRG-001,Essential,1351,500,5000,sachets,2026-09-16,2027-08-04
PHC-KL-THI-220,Zinc Sulfate 20mg,DRG-002,Essential,1549,200,2000,tablets,2026-09-24,2027-07-06
PHC-KL-THI-220,Paracetamol 500mg,DRG-003,Analgesic,8491,1000,10000,tablets,2026-08-05,2027-09-15
PHC-KL-THI-220,Amoxicillin 500mg,DRG-004,Antibiotic,2355,300,3000,capsules,2026-08-30,2026-12-15
PHC-KL-THI-220,Polyvalent Anti-Snake Venom (ASV),DRG-005,Antivenom,17,10,50,vials,2026-09-04,2027-04-26
PHC-KL-THI-220,Salbutamol Nebules,DRG-006,Respiratory,345,50,500,ampoules,2026-08-07,2027-09-21
PHC-KL-THI-220,Doxycycline 100mg,DRG-007,Antibiotic,433,200,2000,tablets,2026-07-31,2027-02-21
PHC-KL-THI-220,Iron Folic Acid tablets,DRG-008,Supplement,3466,500,5000,tablets,2026-09-11,2027-04-12
PHC-KL-THI-220,Metformin 500mg,DRG-009,Anti-diabetic,2547,300,3000,tablets,2026-08-08,2027-07-22
PHC-KL-THI-220,Amlodipine 5mg,DRG-010,Cardiovascular,1534,200,2000,tablets,2026-08-06,2027-04-30
PHC-KL-THI-221,ORS Sachets,DRG-001,Essential,3422,500,5000,sachets,2026-09-22,2027-02-25
PHC-KL-THI-221,Zinc Sulfate 20mg,DRG-002,Essential,649,200,2000,tablets,2026-08-30,2027-03-11
PHC-KL-THI-221,Paracetamol 500mg,DRG-003,Analgesic,4913,1000,10000,tablets,2026-09-09,2027-03-09
PHC-KL-THI-221,Amoxicillin 500mg,DRG-004,Antibiotic,1046,300,3000,capsules,2026-09-19,2026-12-03
PHC-KL-THI-221,Polyvalent Anti-Snake Venom (ASV),DRG-005,Antivenom,34,10,50,vials,2026-09-24,2027-07-21
PHC-KL-THI-221,Salbutamol Nebules,DRG-006,Respiratory,357,50,500,ampoules,2026-08-23,2027-02-25
PHC-KL-THI-221,Doxycycline 100mg,DRG-007,Antibiotic,1269,200,2000,tablets,2026-08-31,2027-06-20
PHC-KL-THI-221,Iron Folic Acid tablets,DRG-008,Supplement,2679,500,5000,tablets,2026-09-06,2027-06-27
PHC-KL-THI-221,Metformin 500mg,DRG-009,Anti-diabetic,1804,300,3000,tablets,2026-08-24,2027-06-04
PHC-KL-THI-221,Amlodipine 5mg,DRG-010,Cardiovascular,972,200,2000,tablets,2026-09-11,2027-08-25
PHC-KL-THI-222,ORS Sachets,DRG-001,Essential,319,500,5000,sachets,2026-09-11,2026-12-14
PHC-KL-THI-222,Zinc Sulfate 20mg,DRG-002,Essential,115,200,2000,tablets,2026-08-08,2027-08-14
PHC-KL-THI-222,Paracetamol 500mg,DRG-003,Analgesic,431,1000,10000,tablets,2026-08-18,2027-09-01
PHC-KL-THI-222,Amoxicillin 500mg,DRG-004,Antibiotic,248,300,3000,capsules,2026-08-26,2027-01-19
PHC-KL-THI-222,Polyvalent Anti-Snake Venom (ASV),DRG-005,Antivenom,5,10,50,vials,2026-08-08,2027-03-28
PHC-KL-THI-222,Salbutamol Nebules,DRG-006,Respiratory,43,50,500,ampoules,2026-09-16,2027-02-26
PHC-KL-THI-222,Doxycycline 100mg,DRG-007,Antibiotic,108,200,2000,tablets,2026-08-24,2027-08-08
PHC-KL-THI-222,Iron Folic Acid tablets,DRG-008,Supplement,118,500,5000,tablets,2026-09-16,2027-03-22
PHC-KL-THI-222,Metformin 500mg,DRG-009,Anti-diabetic,48,300,3000,tablets,2026-07-31,2027-08-15
PHC-KL-THI-222,Amlodipine 5mg,DRG-010,Cardiovascular,180,200,2000,tablets,2026-09-20,2027-06-29
PHC-KL-THI-223,ORS Sachets,DRG-001,Essential,4481,500,5000,sachets,2026-09-01,2026-11-05
PHC-KL-THI-223,Zinc Sulfate 20mg,DRG-002,Essential,1977,200,2000,tablets,2026-08-08,2027-07-10
PHC-KL-THI-223,Paracetamol 500mg,DRG-003,Analgesic,6209,1000,10000,tablets,2026-07-31,2027-09-27
PHC-KL-THI-223,Amoxicillin 500mg,DRG-004,Antibiotic,2864,300,3000,capsules,2026-08-21,2026-12-05
PHC-KL-THI-223,Polyvalent Anti-Snake Venom (ASV),DRG-005,Antivenom,27,10,50,vials,2026-08-05,2027-08-22
PHC-KL-THI-223,Salbutamol Nebules,DRG-006,Respiratory,280,50,500,ampoules,2026-09-05,2027-07-06
PHC-KL-THI-223,Doxycycline 100mg,DRG-007,Antibiotic,840,200,2000,tablets,2026-08-12,2027-09-22
PHC-KL-THI-223,Iron Folic Acid tablets,DRG-008,Supplement,3025,500,5000,tablets,2026-09-10,2027-01-23
PHC-KL-THI-223,Metformin 500mg,DRG-009,Anti-diabetic,2281,300,3000,tablets,2026-09-15,2027-06-30
PHC-KL-THI-223,Amlodipine 5mg,DRG-010,Cardiovascular,1120,200,2000,tablets,2026-09-18,2027-08-17
PHC-KL-THI-224,ORS Sachets,DRG-001,Essential,2918,500,5000,sachets,2026-07-31,2027-05-25
PHC-KL-THI-224,Zinc Sulfate 20mg,DRG-002,Essential,1396,200,2000,tablets,2026-09-06,2027-01-04
PHC-KL-THI-224,Paracetamol 500mg,DRG-003,Analgesic,3207,1000,10000,tablets,2026-08-19,2027-01-13
PHC-KL-THI-224,Amoxicillin 500mg,DRG-004,Antibiotic,2165,300,3000,capsules,2026-08-22,2027-01-06
PHC-KL-THI-224,Polyvalent Anti-Snake Venom (ASV),DRG-005,Antivenom,32,10,50,vials,2026-08-10,2027-08-12
PHC-KL-THI-224,Salbutamol Nebules,DRG-006,Respiratory,498,50,500,ampoules,2026-08-08,2027-01-30
PHC-KL-THI-224,Doxycycline 100mg,DRG-007,Antibiotic,277,200,2000,tablets,2026-08-07,2026-11-15
PHC-KL-THI-224,Iron Folic Acid tablets,DRG-008,Supplement,4213,500,5000,tablets,2026-09-09,2027-09-04
PHC-KL-THI-224,Metformin 500mg,DRG-009,Anti-diabetic,720,300,3000,tablets,2026-09-12,2027-03-21
PHC-KL-THI-224,Amlodipine 5mg,DRG-010,Cardiovascular,1020,200,2000,tablets,2026-09-01,2027-05-25
PHC-KL-THI-225,ORS Sachets,DRG-001,Essential,1334,500,5000,sachets,2026-08-29,2027-05-11
PHC-KL-THI-225,Zinc Sulfate 20mg,DRG-002,Essential,310,200,2000,tablets,2026-08-17,2027-03-20
PHC-KL-THI-225,Paracetamol 500mg,DRG-003,Analgesic,3189,1000,10000,tablets,2026-08-14,2026-12-01
PHC-KL-THI-225,Amoxicillin 500mg,DRG-004,Antibiotic,2524,300,3000,capsules,2026-09-02,2026-12-13
PHC-KL-THI-225,Polyvalent Anti-Snake Venom (ASV),DRG-005,Antivenom,47,10,50,vials,2026-07-31,2027-05-16
PHC-KL-THI-225,Salbutamol Nebules,DRG-006,Respiratory,345,50,500,ampoules,2026-09-03,2027-02-04
PHC-KL-THI-225,Doxycycline 100mg,DRG-007,Antibiotic,1161,200,2000,tablets,2026-09-13,2027-05-28
PHC-KL-THI-225,Iron Folic Acid tablets,DRG-008,Supplement,4543,500,5000,tablets,2026-08-01,2027-09-04
PHC-KL-THI-225,Metformin 500mg,DRG-009,Anti-diabetic,1172,300,3000,tablets,2026-08-20,2027-09-23
PHC-KL-THI-225,Amlodipine 5mg,DRG-010,Cardiovascular,1518,200,2000,tablets,2026-08-25,2027-09-14
PHC-KL-THI-226,ORS Sachets,DRG-001,Essential,3280,500,5000,sachets,2026-07-31,2027-04-07
PHC-KL-THI-226,Zinc Sulfate 20mg,DRG-002,Essential,1374,200,2000,tablets,2026-08-17,2027-04-12
PHC-KL-THI-226,Paracetamol 500mg,DRG-003,Analgesic,7912,1000,10000,tablets,2026-08-16,2027-07-28
PHC-KL-THI-226,Amoxicillin 500mg,DRG-004,Antibiotic,523,300,3000,capsules,2026-08-23,2027-07-19
PHC-KL-THI-226,Polyvalent Anti-Snake Venom (ASV),DRG-005,Antivenom,34,10,50,vials,2026-09-11,2027-03-29
PHC-KL-THI-226,Salbutamol Nebules,DRG-006,Respiratory,458,50,500,ampoules,2026-08-10,2027-09-14
PHC-KL-THI-226,Doxycycline 100mg,DRG-007,Antibiotic,1717,200,2000,tablets,2026-09-18,2027-02-08
PHC-KL-THI-226,Iron Folic Acid tablets,DRG-008,Supplement,3781,500,5000,tablets,2026-08-22,2027-08-06
PHC-KL-THI-226,Metformin 500mg,DRG-009,Anti-diabetic,779,300,3000,tablets,2026-09-23,2026-12-19
PHC-KL-THI-226,Amlodipine 5mg,DRG-010,Cardiovascular,1358,200,2000,tablets,2026-09-01,2027-06-08
PHC-KL-THI-227,ORS Sachets,DRG-001,Essential,948,500,5000,sachets,2026-08-01,2027-04-03
PHC-KL-THI-227,Zinc Sulfate 20mg,DRG-002,Essential,1511,200,2000,tablets,2026-08-12,2027-05-20
PHC-KL-THI-227,Paracetamol 500mg,DRG-003,Analgesic,1782,1000,10000,tablets,2026-09-19,2027-02-07
PHC-KL-THI-227,Amoxicillin 500mg,DRG-004,Antibiotic,2040,300,3000,capsules,2026-08-06,2027-04-05
PHC-KL-THI-227,Polyvalent Anti-Snake Venom (ASV),DRG-005,Antivenom,15,10,50,vials,2026-08-15,2026-11-01
PHC-KL-THI-227,Salbutamol Nebules,DRG-006,Respiratory,212,50,500,ampoules,2026-08-12,2027-08-24
PHC-KL-THI-227,Doxycycline 100mg,DRG-007,Antibiotic,1911,200,2000,tablets,2026-08-18,2027-02-15
PHC-KL-THI-227,Iron Folic Acid tablets,DRG-008,Supplement,3679,500,5000,tablets,2026-09-22,2027-04-10
PHC-KL-THI-227,Metformin 500mg,DRG-009,Anti-diabetic,604,300,3000,tablets,2026-09-20,2026-11-16
PHC-KL-THI-227,Amlodipine 5mg,DRG-010,Cardiovascular,1620,200,2000,tablets,2026-09-19,2027-04-22
PHC-KL-THI-228,ORS Sachets,DRG-001,Essential,4897,500,5000,sachets,2026-08-17,2027-01-01
PHC-KL-THI-228,Zinc Sulfate 20mg,DRG-002,Essential,1809,200,2000,tablets,2026-09-15,2027-01-28
PHC-KL-THI-228,Paracetamol 500mg,DRG-003,Analgesic,8058,1000,10000,tablets,2026-09-21,2026-12-16
PHC-KL-THI-228,Amoxicillin 500mg,DRG-004,Antibiotic,1890,300,3000,capsules,2026-09-09,2027-04-17
PHC-KL-THI-228,Polyvalent Anti-Snake Venom (ASV),DRG-005,Antivenom,13,10,50,vials,2026-08-26,2027-02-12
PHC-KL-THI-228,Salbutamol Nebules,DRG-006,Respiratory,54,50,500,ampoules,2026-08-17,2027-07-09
PHC-KL-THI-228,Doxycycline 100mg,DRG-007,Antibiotic,1113,200,2000,tablets,2026-09-02,2027-08-05
PHC-KL-THI-228,Iron Folic Acid tablets,DRG-008,Supplement,1335,500,5000,tablets,2026-08-20,2027-01-18
PHC-KL-THI-228,Metformin 500mg,DRG-009,Anti-diabetic,2508,300,3000,tablets,2026-09-06,2027-04-17
PHC-KL-THI-228,Amlodipine 5mg,DRG-010,Cardiovascular,1570,200,2000,tablets,2026-09-15,2027-02-10
PHC-KL-THI-229,ORS Sachets,DRG-001,Essential,3184,500,5000,sachets,2026-09-15,2027-03-11
PHC-KL-THI-229,Zinc Sulfate 20mg,DRG-002,Essential,1232,200,2000,tablets,2026-09-01,2027-05-17
PHC-KL-THI-229,Paracetamol 500mg,DRG-003,Analgesic,2665,1000,10000,tablets,2026-08-27,2027-02-06
PHC-KL-THI-229,Amoxicillin 500mg,DRG-004,Antibiotic,328,300,3000,capsules,2026-09-17,2027-02-03
PHC-KL-THI-229,Polyvalent Anti-Snake Venom (ASV),DRG-005,Antivenom,36,10,50,vials,2026-08-26,2027-06-25
PHC-KL-THI-229,Salbutamol Nebules,DRG-006,Respiratory,499,50,500,ampoules,2026-09-14,2027-07-10
PHC-KL-THI-229,Doxycycline 100mg,DRG-007,Antibiotic,1352,200,2000,tablets,2026-09-14,2026-11-17
PHC-KL-THI-229,Iron Folic Acid tablets,DRG-008,Supplement,1882,500,5000,tablets,2026-08-30,2027-07-19
PHC-KL-THI-229,Metformin 500mg,DRG-009,Anti-diabetic,918,300,3000,tablets,2026-08-05,2027-05-24
PHC-KL-THI-229,Amlodipine 5mg,DRG-010,Cardiovascular,854,200,2000,tablets,2026-09-07,2027-05-23
PHC-KL-THI-230,ORS Sachets,DRG-001,Essential,227,500,5000,sachets,2026-09-14,2026-12-25
PHC-KL-THI-230,Zinc Sulfate 20mg,DRG-002,Essential,130,200,2000,tablets,2026-08-29,2027-01-01
PHC-KL-THI-230,Paracetamol 500mg,DRG-003,Analgesic,471,1000,10000,tablets,2026-09-09,2027-05-07
PHC-KL-THI-230,Amoxicillin 500mg,DRG-004,Antibiotic,113,300,3000,capsules,2026-09-08,2027-06-07
PHC-KL-THI-230,Polyvalent Anti-Snake Venom (ASV),DRG-005,Antivenom,10,10,50,vials,2026-08-19,2027-04-06
PHC-KL-THI-230,Salbutamol Nebules,DRG-006,Respiratory,34,50,500,ampoules,2026-08-05,2027-07-16
PHC-KL-THI-230,Doxycycline 100mg,DRG-007,Antibiotic,166,200,2000,tablets,2026-09-03,2026-11-18
PHC-KL-THI-230,Iron Folic Acid tablets,DRG-008,Supplement,495,500,5000,tablets,2026-08-01,2026-12-02
PHC-KL-THI-230,Metformin 500mg,DRG-009,Anti-diabetic,189,300,3000,tablets,2026-09-01,2027-07-11
PHC-KL-THI-230,Amlodipine 5mg,DRG-010,Cardiovascular,132,200,2000,tablets,2026-08-13,2027-07-21
PHC-KL-THI-231,ORS Sachets,DRG-001,Essential,3808,500,5000,sachets,2026-09-03,2027-06-10
PHC-KL-THI-231,Zinc Sulfate 20mg,DRG-002,Essential,1087,200,2000,tablets,2026-09-17,2027-03-09
PHC-KL-THI-231,Paracetamol 500mg,DRG-003,Analgesic,7590,1000,10000,tablets,2026-08-26,2027-04-09
PHC-KL-THI-231,Amoxicillin 500mg,DRG-004,Antibiotic,2487,300,3000,capsules,2026-09-05,2026-11-01
PHC-KL-THI-231,Polyvalent Anti-Snake Venom (ASV),DRG-005,Antivenom,33,10,50,vials,2026-09-24,2026-12-22
PHC-KL-THI-231,Salbutamol Nebules,DRG-006,Respiratory,367,50,500,ampoules,2026-07-31,2027-03-08
PHC-KL-THI-231,Doxycycline 100mg,DRG-007,Antibiotic,1349,200,2000,tablets,2026-09-24,2026-12-09
PHC-KL-THI-231,Iron Folic Acid tablets,DRG-008,Supplement,4251,500,5000,tablets,2026-08-15,2027-03-11
PHC-KL-THI-231,Metformin 500mg,DRG-009,Anti-diabetic,1891,300,3000,tablets,2026-08-25,2027-03-03
PHC-KL-THI-231,Amlodipine 5mg,DRG-010,Cardiovascular,497,200,2000,tablets,2026-09-09,2026-10-29
PHC-KL-ERN-232,ORS Sachets,DRG-001,Essential,25,500,5000,sachets,2026-09-02,2026-11-26
PHC-KL-ERN-232,Zinc Sulfate 20mg,DRG-002,Essential,19,200,2000,tablets,2026-09-12,2026-12-24
PHC-KL-ERN-232,Paracetamol 500mg,DRG-003,Analgesic,91,1000,10000,tablets,2026-08-03,2027-05-26
PHC-KL-ERN-232,Amoxicillin 500mg,DRG-004,Antibiotic,22,300,3000,capsules,2026-09-03,2027-08-12
PHC-KL-ERN-232,Polyvalent Anti-Snake Venom (ASV),DRG-005,Antivenom,2,10,50,vials,2026-08-03,2027-01-11
PHC-KL-ERN-232,Salbutamol Nebules,DRG-006,Respiratory,5,50,500,ampoules,2026-08-23,2027-09-10
PHC-KL-ERN-232,Doxycycline 100mg,DRG-007,Antibiotic,40,200,2000,tablets,2026-09-15,2027-03-03
PHC-KL-ERN-232,Iron Folic Acid tablets,DRG-008,Supplement,23,500,5000,tablets,2026-08-25,2027-02-22
PHC-KL-ERN-232,Metformin 500mg,DRG-009,Anti-diabetic,22,300,3000,tablets,2026-08-03,2027-09-23
PHC-KL-ERN-232,Amlodipine 5mg,DRG-010,Cardiovascular,17,200,2000,tablets,2026-09-23,2027-09-28
PHC-KL-ERN-233,ORS Sachets,DRG-001,Essential,3839,500,5000,sachets,2026-08-03,2027-08-06
PHC-KL-ERN-233,Zinc Sulfate 20mg,DRG-002,Essential,1690,200,2000,tablets,2026-08-16,2027-05-07
PHC-KL-ERN-233,Paracetamol 500mg,DRG-003,Analgesic,4389,1000,10000,tablets,2026-08-11,2027-01-04
PHC-KL-ERN-233,Amoxicillin 500mg,DRG-004,Antibiotic,779,300,3000,capsules,2026-08-31,2027-03-04
PHC-KL-ERN-233,Polyvalent Anti-Snake Venom (ASV),DRG-005,Antivenom,17,10,50,vials,2026-08-16,2027-02-27
PHC-KL-ERN-233,Salbutamol Nebules,DRG-006,Respiratory,175,50,500,ampoules,2026-08-11,2027-01-21
PHC-KL-ERN-233,Doxycycline 100mg,DRG-007,Antibiotic,1332,200,2000,tablets,2026-08-18,2027-07-15
PHC-KL-ERN-233,Iron Folic Acid tablets,DRG-008,Supplement,3385,500,5000,tablets,2026-09-17,2027-05-20
PHC-KL-ERN-233,Metformin 500mg,DRG-009,Anti-diabetic,2192,300,3000,tablets,2026-09-11,2027-03-08
PHC-KL-ERN-233,Amlodipine 5mg,DRG-010,Cardiovascular,396,200,2000,tablets,2026-08-06,2026-10-29
PHC-KL-ERN-234,ORS Sachets,DRG-001,Essential,586,500,5000,sachets,2026-08-19,2027-05-23
PHC-KL-ERN-234,Zinc Sulfate 20mg,DRG-002,Essential,1422,200,2000,tablets,2026-08-14,2027-04-01
PHC-KL-ERN-234,Paracetamol 500mg,DRG-003,Analgesic,5033,1000,10000,tablets,2026-08-30,2027-02-11
PHC-KL-ERN-234,Amoxicillin 500mg,DRG-004,Antibiotic,2677,300,3000,capsules,2026-08-17,2027-06-27
PHC-KL-ERN-234,Polyvalent Anti-Snake Venom (ASV),DRG-005,Antivenom,30,10,50,vials,2026-08-07,2027-01-18
PHC-KL-ERN-234,Salbutamol Nebules,DRG-006,Respiratory,243,50,500,ampoules,2026-08-14,2027-05-20
PHC-KL-ERN-234,Doxycycline 100mg,DRG-007,Antibiotic,739,200,2000,tablets,2026-09-07,2027-04-02
PHC-KL-ERN-234,Iron Folic Acid tablets,DRG-008,Supplement,3463,500,5000,tablets,2026-09-24,2027-08-18
PHC-KL-ERN-234,Metformin 500mg,DRG-009,Anti-diabetic,2873,300,3000,tablets,2026-08-21,2027-02-05
PHC-KL-ERN-234,Amlodipine 5mg,DRG-010,Cardiovascular,785,200,2000,tablets,2026-08-22,2027-05-24
PHC-KL-ERN-235,ORS Sachets,DRG-001,Essential,1237,500,5000,sachets,2026-09-12,2027-07-20
PHC-KL-ERN-235,Zinc Sulfate 20mg,DRG-002,Essential,1668,200,2000,tablets,2026-09-12,2027-07-04
PHC-KL-ERN-235,Paracetamol 500mg,DRG-003,Analgesic,5852,1000,10000,tablets,2026-08-20,2027-05-31
PHC-KL-ERN-235,Amoxicillin 500mg,DRG-004,Antibiotic,2706,300,3000,capsules,2026-09-23,2027-04-08
PHC-KL-ERN-235,Polyvalent Anti-Snake Venom (ASV),DRG-005,Antivenom,43,10,50,vials,2026-09-06,2027-07-24
PHC-KL-ERN-235,Salbutamol Nebules,DRG-006,Respiratory,118,50,500,ampoules,2026-08-28,2027-08-06
PHC-KL-ERN-235,Doxycycline 100mg,DRG-007,Antibiotic,1157,200,2000,tablets,2026-09-19,2027-09-16
PHC-KL-ERN-235,Iron Folic Acid tablets,DRG-008,Supplement,4812,500,5000,tablets,2026-07-31,2026-12-11
PHC-KL-ERN-235,Metformin 500mg,DRG-009,Anti-diabetic,2126,300,3000,tablets,2026-09-06,2027-01-05
PHC-KL-ERN-235,Amlodipine 5mg,DRG-010,Cardiovascular,952,200,2000,tablets,2026-08-20,2026-12-22
PHC-KL-ERN-236,ORS Sachets,DRG-001,Essential,1556,500,5000,sachets,2026-08-12,2027-08-05
PHC-KL-ERN-236,Zinc Sulfate 20mg,DRG-002,Essential,1290,200,2000,tablets,2026-09-16,2027-05-07
PHC-KL-ERN-236,Paracetamol 500mg,DRG-003,Analgesic,9678,1000,10000,tablets,2026-08-05,2027-04-19
PHC-KL-ERN-236,Amoxicillin 500mg,DRG-004,Antibiotic,1699,300,3000,capsules,2026-09-09,2026-12-07
PHC-KL-ERN-236,Polyvalent Anti-Snake Venom (ASV),DRG-005,Antivenom,50,10,50,vials,2026-09-07,2027-07-08
PHC-KL-ERN-236,Salbutamol Nebules,DRG-006,Respiratory,152,50,500,ampoules,2026-08-17,2027-01-08
PHC-KL-ERN-236,Doxycycline 100mg,DRG-007,Antibiotic,278,200,2000,tablets,2026-09-22,2027-09-04
PHC-KL-ERN-236,Iron Folic Acid tablets,DRG-008,Supplement,4164,500,5000,tablets,2026-08-27,2027-02-22
PHC-KL-ERN-236,Metformin 500mg,DRG-009,Anti-diabetic,2673,300,3000,tablets,2026-08-03,2027-08-22
PHC-KL-ERN-236,Amlodipine 5mg,DRG-010,Cardiovascular,1871,200,2000,tablets,2026-08-13,2027-07-16
PHC-KL-ERN-237,ORS Sachets,DRG-001,Essential,231,500,5000,sachets,2026-08-26,2027-05-16
PHC-KL-ERN-237,Zinc Sulfate 20mg,DRG-002,Essential,32,200,2000,tablets,2026-07-31,2027-05-05
PHC-KL-ERN-237,Paracetamol 500mg,DRG-003,Analgesic,178,1000,10000,tablets,2026-08-17,2027-09-15
PHC-KL-ERN-237,Amoxicillin 500mg,DRG-004,Antibiotic,293,300,3000,capsules,2026-08-25,2026-12-22
PHC-KL-ERN-237,Polyvalent Anti-Snake Venom (ASV),DRG-005,Antivenom,6,10,50,vials,2026-08-23,2027-07-29
PHC-KL-ERN-237,Salbutamol Nebules,DRG-006,Respiratory,9,50,500,ampoules,2026-08-16,2027-07-21
PHC-KL-ERN-237,Doxycycline 100mg,DRG-007,Antibiotic,38,200,2000,tablets,2026-08-20,2027-08-01
PHC-KL-ERN-237,Iron Folic Acid tablets,DRG-008,Supplement,11,500,5000,tablets,2026-09-20,2027-05-21
PHC-KL-ERN-237,Metformin 500mg,DRG-009,Anti-diabetic,284,300,3000,tablets,2026-08-09,2027-07-17
PHC-KL-ERN-237,Amlodipine 5mg,DRG-010,Cardiovascular,101,200,2000,tablets,2026-09-13,2027-09-07
PHC-KL-ERN-238,ORS Sachets,DRG-001,Essential,2852,500,5000,sachets,2026-08-28,2027-03-25
PHC-KL-ERN-238,Zinc Sulfate 20mg,DRG-002,Essential,263,200,2000,tablets,2026-08-22,2027-05-07
PHC-KL-ERN-238,Paracetamol 500mg,DRG-003,Analgesic,1035,1000,10000,tablets,2026-09-03,2026-11-07
PHC-KL-ERN-238,Amoxicillin 500mg,DRG-004,Antibiotic,1704,300,3000,capsules,2026-08-07,2027-05-02
PHC-KL-ERN-238,Polyvalent Anti-Snake Venom (ASV),DRG-005,Antivenom,47,10,50,vials,2026-08-29,2027-06-30
PHC-KL-ERN-238,Salbutamol Nebules,DRG-006,Respiratory,490,50,500,ampoules,2026-09-08,2027-05-12
PHC-KL-ERN-238,Doxycycline 100mg,DRG-007,Antibiotic,1927,200,2000,tablets,2026-08-30,2026-12-17
PHC-KL-ERN-238,Iron Folic Acid tablets,DRG-008,Supplement,1598,500,5000,tablets,2026-09-20,2026-11-28
PHC-KL-ERN-238,Metformin 500mg,DRG-009,Anti-diabetic,2763,300,3000,tablets,2026-09-04,2027-04-30
PHC-KL-ERN-238,Amlodipine 5mg,DRG-010,Cardiovascular,783,200,2000,tablets,2026-09-04,2027-07-15
PHC-KL-ERN-239,ORS Sachets,DRG-001,Essential,1221,500,5000,sachets,2026-08-17,2027-01-24
PHC-KL-ERN-239,Zinc Sulfate 20mg,DRG-002,Essential,1561,200,2000,tablets,2026-08-31,2026-10-30
PHC-KL-ERN-239,Paracetamol 500mg,DRG-003,Analgesic,9613,1000,10000,tablets,2026-08-31,2026-12-26
PHC-KL-ERN-239,Amoxicillin 500mg,DRG-004,Antibiotic,439,300,3000,capsules,2026-09-09,2027-01-06
PHC-KL-ERN-239,Polyvalent Anti-Snake Venom (ASV),DRG-005,Antivenom,43,10,50,vials,2026-08-15,2026-12-10
PHC-KL-ERN-239,Salbutamol Nebules,DRG-006,Respiratory,321,50,500,ampoules,2026-09-19,2027-07-26
PHC-KL-ERN-239,Doxycycline 100mg,DRG-007,Antibiotic,1424,200,2000,tablets,2026-08-03,2026-11-24
PHC-KL-ERN-239,Iron Folic Acid tablets,DRG-008,Supplement,758,500,5000,tablets,2026-07-31,2027-06-24
PHC-KL-ERN-239,Metformin 500mg,DRG-009,Anti-diabetic,1645,300,3000,tablets,2026-09-09,2027-04-09
PHC-KL-ERN-239,Amlodipine 5mg,DRG-010,Cardiovascular,1587,200,2000,tablets,2026-08-05,2027-03-23
PHC-KL-ERN-240,ORS Sachets,DRG-001,Essential,4769,500,5000,sachets,2026-07-31,2026-11-08
PHC-KL-ERN-240,Zinc Sulfate 20mg,DRG-002,Essential,1437,200,2000,tablets,2026-09-15,2027-09-28
PHC-KL-ERN-240,Paracetamol 500mg,DRG-003,Analgesic,7793,1000,10000,tablets,2026-09-10,2027-09-10
PHC-KL-ERN-240,Amoxicillin 500mg,DRG-004,Antibiotic,2228,300,3000,capsules,2026-08-12,2027-01-23
PHC-KL-ERN-240,Polyvalent Anti-Snake Venom (ASV),DRG-005,Antivenom,12,10,50,vials,2026-09-13,2027-01-26
PHC-KL-ERN-240,Salbutamol Nebules,DRG-006,Respiratory,391,50,500,ampoules,2026-08-07,2027-07-21
PHC-KL-ERN-240,Doxycycline 100mg,DRG-007,Antibiotic,1256,200,2000,tablets,2026-09-20,2026-12-09
PHC-KL-ERN-240,Iron Folic Acid tablets,DRG-008,Supplement,3773,500,5000,tablets,2026-08-17,2027-07-01
PHC-KL-ERN-240,Metformin 500mg,DRG-009,Anti-diabetic,605,300,3000,tablets,2026-09-02,2027-06-20
PHC-KL-ERN-240,Amlodipine 5mg,DRG-010,Cardiovascular,1476,200,2000,tablets,2026-09-05,2027-06-27
PHC-KL-ERN-241,ORS Sachets,DRG-001,Essential,2455,500,5000,sachets,2026-08-16,2027-05-07
PHC-KL-ERN-241,Zinc Sulfate 20mg,DRG-002,Essential,1681,200,2000,tablets,2026-08-15,2027-04-16
PHC-KL-ERN-241,Paracetamol 500mg,DRG-003,Analgesic,3447,1000,10000,tablets,2026-09-23,2027-03-09
PHC-KL-ERN-241,Amoxicillin 500mg,DRG-004,Antibiotic,1222,300,3000,capsules,2026-08-20,2027-03-15
PHC-KL-ERN-241,Polyvalent Anti-Snake Venom (ASV),DRG-005,Antivenom,12,10,50,vials,2026-08-19,2027-02-27
PHC-KL-ERN-241,Salbutamol Nebules,DRG-006,Respiratory,194,50,500,ampoules,2026-09-20,2027-01-31
PHC-KL-ERN-241,Doxycycline 100mg,DRG-007,Antibiotic,1904,200,2000,tablets,2026-08-12,2026-11-14
PHC-KL-ERN-241,Iron Folic Acid tablets,DRG-008,Supplement,2578,500,5000,tablets,2026-09-20,2026-11-03
PHC-KL-ERN-241,Metformin 500mg,DRG-009,Anti-diabetic,958,300,3000,tablets,2026-09-08,2027-05-17
PHC-KL-ERN-241,Amlodipine 5mg,DRG-010,Cardiovascular,601,200,2000,tablets,2026-09-07,2027-08-24
PHC-KL-ERN-242,ORS Sachets,DRG-001,Essential,21,500,5000,sachets,2026-08-05,2027-01-28
PHC-KL-ERN-242,Zinc Sulfate 20mg,DRG-002,Essential,42,200,2000,tablets,2026-09-18,2027-09-17
PHC-KL-ERN-242,Paracetamol 500mg,DRG-003,Analgesic,754,1000,10000,tablets,2026-08-15,2027-07-20
PHC-KL-ERN-242,Amoxicillin 500mg,DRG-004,Antibiotic,278,300,3000,capsules,2026-08-14,2027-05-02
PHC-KL-ERN-242,Polyvalent Anti-Snake Venom (ASV),DRG-005,Antivenom,4,10,50,vials,2026-09-14,2027-07-06
PHC-KL-ERN-242,Salbutamol Nebules,DRG-006,Respiratory,14,50,500,ampoules,2026-07-31,2027-01-13
PHC-KL-ERN-242,Doxycycline 100mg,DRG-007,Antibiotic,10,200,2000,tablets,2026-09-16,2027-03-30
PHC-KL-ERN-242,Iron Folic Acid tablets,DRG-008,Supplement,233,500,5000,tablets,2026-09-08,2027-06-09
PHC-KL-ERN-242,Metformin 500mg,DRG-009,Anti-diabetic,166,300,3000,tablets,2026-08-07,2026-11-04
PHC-KL-ERN-242,Amlodipine 5mg,DRG-010,Cardiovascular,24,200,2000,tablets,2026-09-17,2027-06-11
PHC-KL-ERN-243,ORS Sachets,DRG-001,Essential,284,500,5000,sachets,2026-09-05,2027-04-07
PHC-KL-ERN-243,Zinc Sulfate 20mg,DRG-002,Essential,33,200,2000,tablets,2026-09-08,2027-09-21
PHC-KL-ERN-243,Paracetamol 500mg,DRG-003,Analgesic,569,1000,10000,tablets,2026-09-08,2027-07-18
PHC-KL-ERN-243,Amoxicillin 500mg,DRG-004,Antibiotic,286,300,3000,capsules,2026-08-04,2027-06-10
PHC-KL-ERN-243,Polyvalent Anti-Snake Venom (ASV),DRG-005,Antivenom,9,10,50,vials,2026-08-13,2027-07-01
PHC-KL-ERN-243,Salbutamol Nebules,DRG-006,Respiratory,19,50,500,ampoules,2026-07-31,2027-06-21
PHC-KL-ERN-243,Doxycycline 100mg,DRG-007,Antibiotic,194,200,2000,tablets,2026-09-12,2027-01-05
PHC-KL-ERN-243,Iron Folic Acid tablets,DRG-008,Supplement,90,500,5000,tablets,2026-09-16,2027-07-08
PHC-KL-ERN-243,Metformin 500mg,DRG-009,Anti-diabetic,295,300,3000,tablets,2026-08-05,2027-03-16
PHC-KL-ERN-243,Amlodipine 5mg,DRG-010,Cardiovascular,148,200,2000,tablets,2026-07-31,2026-11-04
PHC-KL-ERN-244,ORS Sachets,DRG-001,Essential,2930,500,5000,sachets,2026-08-25,2027-09-06
PHC-KL-ERN-244,Zinc Sulfate 20mg,DRG-002,Essential,256,200,2000,tablets,2026-08-31,2027-08-27
PHC-KL-ERN-244,Paracetamol 500mg,DRG-003,Analgesic,4337,1000,10000,tablets,2026-08-16,2027-08-06
PHC-KL-ERN-244,Amoxicillin 500mg,DRG-004,Antibiotic,1824,300,3000,capsules,2026-09-12,2027-05-04
PHC-KL-ERN-244,Polyvalent Anti-Snake Venom (ASV),DRG-005,Antivenom,34,10,50,vials,2026-09-07,2027-01-31
PHC-KL-ERN-244,Salbutamol Nebules,DRG-006,Respiratory,192,50,500,ampoules,2026-08-07,2027-06-02
PHC-KL-ERN-244,Doxycycline 100mg,DRG-007,Antibiotic,384,200,2000,tablets,2026-09-11,2027-08-03
PHC-KL-ERN-244,Iron Folic Acid tablets,DRG-008,Supplement,2165,500,5000,tablets,2026-08-20,2027-08-02
PHC-KL-ERN-244,Metformin 500mg,DRG-009,Anti-diabetic,2030,300,3000,tablets,2026-08-28,2027-07-16
PHC-KL-ERN-244,Amlodipine 5mg,DRG-010,Cardiovascular,1688,200,2000,tablets,2026-08-19,2027-01-23
PHC-KL-ERN-245,ORS Sachets,DRG-001,Essential,4452,500,5000,sachets,2026-08-31,2027-02-09
PHC-KL-ERN-245,Zinc Sulfate 20mg,DRG-002,Essential,1320,200,2000,tablets,2026-09-17,2026-12-13
PHC-KL-ERN-245,Paracetamol 500mg,DRG-003,Analgesic,7778,1000,10000,tablets,2026-08-11,2027-07-10
PHC-KL-ERN-245,Amoxicillin 500mg,DRG-004,Antibiotic,2731,300,3000,capsules,2026-09-03,2026-12-31
PHC-KL-ERN-245,Polyvalent Anti-Snake Venom (ASV),DRG-005,Antivenom,33,10,50,vials,2026-09-06,2027-08-01
PHC-KL-ERN-245,Salbutamol Nebules,DRG-006,Respiratory,284,50,500,ampoules,2026-08-24,2026-11-23
PHC-KL-ERN-245,Doxycycline 100mg,DRG-007,Antibiotic,464,200,2000,tablets,2026-09-12,2026-12-22
PHC-KL-ERN-245,Iron Folic Acid tablets,DRG-008,Supplement,3567,500,5000,tablets,2026-08-25,2027-01-29
PHC-KL-ERN-245,Metformin 500mg,DRG-009,Anti-diabetic,679,300,3000,tablets,2026-08-05,2026-11-29
PHC-KL-ERN-245,Amlodipine 5mg,DRG-010,Cardiovascular,1737,200,2000,tablets,2026-09-01,2027-05-19
PHC-KL-ERN-246,ORS Sachets,DRG-001,Essential,4754,500,5000,sachets,2026-09-09,2027-09-25
PHC-KL-ERN-246,Zinc Sulfate 20mg,DRG-002,Essential,1177,200,2000,tablets,2026-08-10,2027-01-03
PHC-KL-ERN-246,Paracetamol 500mg,DRG-003,Analgesic,7249,1000,10000,tablets,2026-09-18,2027-09-17
PHC-KL-ERN-246,Amoxicillin 500mg,DRG-004,Antibiotic,2873,300,3000,capsules,2026-08-03,2027-01-06
PHC-KL-ERN-246,Polyvalent Anti-Snake Venom (ASV),DRG-005,Antivenom,47,10,50,vials,2026-08-16,2027-09-05
PHC-KL-ERN-246,Salbutamol Nebules,DRG-006,Respiratory,474,50,500,ampoules,2026-09-16,2027-05-28
PHC-KL-ERN-246,Doxycycline 100mg,DRG-007,Antibiotic,346,200,2000,tablets,2026-09-05,2027-09-25
PHC-KL-ERN-246,Iron Folic Acid tablets,DRG-008,Supplement,3264,500,5000,tablets,2026-08-10,2027-09-25
PHC-KL-ERN-246,Metformin 500mg,DRG-009,Anti-diabetic,678,300,3000,tablets,2026-09-15,2027-09-11
PHC-KL-ERN-246,Amlodipine 5mg,DRG-010,Cardiovascular,1222,200,2000,tablets,2026-09-10,2027-05-25
PHC-KL-ERN-247,ORS Sachets,DRG-001,Essential,3741,500,5000,sachets,2026-09-12,2027-01-09
PHC-KL-ERN-247,Zinc Sulfate 20mg,DRG-002,Essential,272,200,2000,tablets,2026-08-05,2027-08-29
PHC-KL-ERN-247,Paracetamol 500mg,DRG-003,Analgesic,3953,1000,10000,tablets,2026-08-19,2027-03-09
PHC-KL-ERN-247,Amoxicillin 500mg,DRG-004,Antibiotic,1810,300,3000,capsules,2026-09-11,2027-04-11
PHC-KL-ERN-247,Polyvalent Anti-Snake Venom (ASV),DRG-005,Antivenom,38,10,50,vials,2026-09-07,2027-03-16
PHC-KL-ERN-247,Salbutamol Nebules,DRG-006,Respiratory,320,50,500,ampoules,2026-08-29,2027-05-15
PHC-KL-ERN-247,Doxycycline 100mg,DRG-007,Antibiotic,1405,200,2000,tablets,2026-09-05,2026-12-15
PHC-KL-ERN-247,Iron Folic Acid tablets,DRG-008,Supplement,3831,500,5000,tablets,2026-08-01,2027-07-31
PHC-KL-ERN-247,Metformin 500mg,DRG-009,Anti-diabetic,2125,300,3000,tablets,2026-08-08,2027-01-10
PHC-KL-ERN-247,Amlodipine 5mg,DRG-010,Cardiovascular,1649,200,2000,tablets,2026-09-10,2027-04-24
PHC-KL-ERN-248,ORS Sachets,DRG-001,Essential,2470,500,5000,sachets,2026-09-19,2027-03-12
PHC-KL-ERN-248,Zinc Sulfate 20mg,DRG-002,Essential,901,200,2000,tablets,2026-09-23,2026-11-09
PHC-KL-ERN-248,Paracetamol 500mg,DRG-003,Analgesic,9760,1000,10000,tablets,2026-09-08,2027-07-06
PHC-KL-ERN-248,Amoxicillin 500mg,DRG-004,Antibiotic,1251,300,3000,capsules,2026-09-24,2027-06-05
PHC-KL-ERN-248,Polyvalent Anti-Snake Venom (ASV),DRG-005,Antivenom,42,10,50,vials,2026-08-04,2027-07-23
PHC-KL-ERN-248,Salbutamol Nebules,DRG-006,Respiratory,170,50,500,ampoules,2026-08-01,2027-08-03
PHC-KL-ERN-248,Doxycycline 100mg,DRG-007,Antibiotic,499,200,2000,tablets,2026-08-02,2027-07-20
PHC-KL-ERN-248,Iron Folic Acid tablets,DRG-008,Supplement,1198,500,5000,tablets,2026-09-04,2027-04-16
PHC-KL-ERN-248,Metformin 500mg,DRG-009,Anti-diabetic,372,300,3000,tablets,2026-08-09,2027-07-21
PHC-KL-ERN-248,Amlodipine 5mg,DRG-010,Cardiovascular,1149,200,2000,tablets,2026-08-26,2027-01-09
PHC-KL-ERN-249,ORS Sachets,DRG-001,Essential,4705,500,5000,sachets,2026-09-20,2027-06-21
PHC-KL-ERN-249,Zinc Sulfate 20mg,DRG-002,Essential,1669,200,2000,tablets,2026-08-06,2027-03-10
PHC-KL-ERN-249,Paracetamol 500mg,DRG-003,Analgesic,6219,1000,10000,tablets,2026-09-08,2027-03-17
PHC-KL-ERN-249,Amoxicillin 500mg,DRG-004,Antibiotic,2066,300,3000,capsules,2026-08-18,2027-05-27
PHC-KL-ERN-249,Polyvalent Anti-Snake Venom (ASV),DRG-005,Antivenom,17,10,50,vials,2026-08-25,2027-09-20
PHC-KL-ERN-249,Salbutamol Nebules,DRG-006,Respiratory,112,50,500,ampoules,2026-08-13,2027-09-29
PHC-KL-ERN-249,Doxycycline 100mg,DRG-007,Antibiotic,1822,200,2000,tablets,2026-09-09,2027-07-29
PHC-KL-ERN-249,Iron Folic Acid tablets,DRG-008,Supplement,3558,500,5000,tablets,2026-08-23,2027-07-29
PHC-KL-ERN-249,Metformin 500mg,DRG-009,Anti-diabetic,1030,300,3000,tablets,2026-08-15,2027-07-16
PHC-KL-ERN-249,Amlodipine 5mg,DRG-010,Cardiovascular,1499,200,2000,tablets,2026-09-12,2027-03-15
PHC-KL-ERN-250,ORS Sachets,DRG-001,Essential,2620,500,5000,sachets,2026-09-13,2027-06-30
PHC-KL-ERN-250,Zinc Sulfate 20mg,DRG-002,Essential,1574,200,2000,tablets,2026-08-21,2027-09-27
PHC-KL-ERN-250,Paracetamol 500mg,DRG-003,Analgesic,5957,1000,10000,tablets,2026-08-18,2026-12-10
PHC-KL-ERN-250,Amoxicillin 500mg,DRG-004,Antibiotic,1034,300,3000,capsules,2026-09-13,2027-08-21
PHC-KL-ERN-250,Polyvalent Anti-Snake Venom (ASV),DRG-005,Antivenom,45,10,50,vials,2026-08-27,2027-04-09
PHC-KL-ERN-250,Salbutamol Nebules,DRG-006,Respiratory,272,50,500,ampoules,2026-08-18,2027-03-31
PHC-KL-ERN-250,Doxycycline 100mg,DRG-007,Antibiotic,1880,200,2000,tablets,2026-09-09,2027-08-16
PHC-KL-ERN-250,Iron Folic Acid tablets,DRG-008,Supplement,2504,500,5000,tablets,2026-09-19,2026-12-22
PHC-KL-ERN-250,Metformin 500mg,DRG-009,Anti-diabetic,1994,300,3000,tablets,2026-09-11,2027-07-05
PHC-KL-ERN-250,Amlodipine 5mg,DRG-010,Cardiovascular,1212,200,2000,tablets,2026-08-12,2026-12-28
PHC-KL-ERN-251,ORS Sachets,DRG-001,Essential,656,500,5000,sachets,2026-09-17,2027-02-15
PHC-KL-ERN-251,Zinc Sulfate 20mg,DRG-002,Essential,1289,200,2000,tablets,2026-09-09,2027-03-03
PHC-KL-ERN-251,Paracetamol 500mg,DRG-003,Analgesic,2530,1000,10000,tablets,2026-08-16,2026-12-22
PHC-KL-ERN-251,Amoxicillin 500mg,DRG-004,Antibiotic,988,300,3000,capsules,2026-09-13,2027-07-31
PHC-KL-ERN-251,Polyvalent Anti-Snake Venom (ASV),DRG-005,Antivenom,17,10,50,vials,2026-08-22,2027-02-13
PHC-KL-ERN-251,Salbutamol Nebules,DRG-006,Respiratory,140,50,500,ampoules,2026-09-16,2027-06-11
PHC-KL-ERN-251,Doxycycline 100mg,DRG-007,Antibiotic,1404,200,2000,tablets,2026-08-29,2027-09-10
PHC-KL-ERN-251,Iron Folic Acid tablets,DRG-008,Supplement,517,500,5000,tablets,2026-08-19,2027-07-01
PHC-KL-ERN-251,Metformin 500mg,DRG-009,Anti-diabetic,1847,300,3000,tablets,2026-09-11,2027-04-01
PHC-KL-ERN-251,Amlodipine 5mg,DRG-010,Cardiovascular,1882,200,2000,tablets,2026-09-08,2027-05-06
PHC-KL-ERN-252,ORS Sachets,DRG-001,Essential,2753,500,5000,sachets,2026-09-23,2026-12-04
PHC-KL-ERN-252,Zinc Sulfate 20mg,DRG-002,Essential,1424,200,2000,tablets,2026-09-01,2027-03-06
PHC-KL-ERN-252,Paracetamol 500mg,DRG-003,Analgesic,4318,1000,10000,tablets,2026-09-15,2027-06-15
PHC-KL-ERN-252,Amoxicillin 500mg,DRG-004,Antibiotic,2265,300,3000,capsules,2026-08-14,2027-05-06
PHC-KL-ERN-252,Polyvalent Anti-Snake Venom (ASV),DRG-005,Antivenom,16,10,50,vials,2026-08-30,2027-01-25
PHC-KL-ERN-252,Salbutamol Nebules,DRG-006,Respiratory,421,50,500,ampoules,2026-08-05,2027-09-27
PHC-KL-ERN-252,Doxycycline 100mg,DRG-007,Antibiotic,581,200,2000,tablets,2026-09-16,2027-07-06
PHC-KL-ERN-252,Iron Folic Acid tablets,DRG-008,Supplement,1879,500,5000,tablets,2026-08-19,2027-07-02
PHC-KL-ERN-252,Metformin 500mg,DRG-009,Anti-diabetic,2492,300,3000,tablets,2026-08-19,2027-04-06
PHC-KL-ERN-252,Amlodipine 5mg,DRG-010,Cardiovascular,1866,200,2000,tablets,2026-08-31,2027-03-12
PHC-KL-KOZ-253,ORS Sachets,DRG-001,Essential,422,500,5000,sachets,2026-08-26,2027-03-07
PHC-KL-KOZ-253,Zinc Sulfate 20mg,DRG-002,Essential,160,200,2000,tablets,2026-08-23,2027-03-25
PHC-KL-KOZ-253,Paracetamol 500mg,DRG-003,Analgesic,482,1000,10000,tablets,2026-08-22,2027-04-08
PHC-KL-KOZ-253,Amoxicillin 500mg,DRG-004,Antibiotic,93,300,3000,capsules,2026-09-18,2026-12-05
PHC-KL-KOZ-253,Polyvalent Anti-Snake Venom (ASV),DRG-005,Antivenom,3,10,50,vials,2026-09-08,2026-11-24
PHC-KL-KOZ-253,Salbutamol Nebules,DRG-006,Respiratory,1,50,500,ampoules,2026-09-21,2027-04-28
PHC-KL-KOZ-253,Doxycycline 100mg,DRG-007,Antibiotic,155,200,2000,tablets,2026-09-14,2027-06-19
PHC-KL-KOZ-253,Iron Folic Acid tablets,DRG-008,Supplement,496,500,5000,tablets,2026-08-08,2026-11-16
PHC-KL-KOZ-253,Metformin 500mg,DRG-009,Anti-diabetic,209,300,3000,tablets,2026-09-14,2027-09-19
PHC-KL-KOZ-253,Amlodipine 5mg,DRG-010,Cardiovascular,8,200,2000,tablets,2026-09-10,2027-01-21
PHC-KL-KOZ-254,ORS Sachets,DRG-001,Essential,266,500,5000,sachets,2026-08-13,2027-05-15
PHC-KL-KOZ-254,Zinc Sulfate 20mg,DRG-002,Essential,116,200,2000,tablets,2026-08-15,2027-04-07
PHC-KL-KOZ-254,Paracetamol 500mg,DRG-003,Analgesic,873,1000,10000,tablets,2026-08-17,2026-12-22
PHC-KL-KOZ-254,Amoxicillin 500mg,DRG-004,Antibiotic,235,300,3000,capsules,2026-09-23,2027-02-02
PHC-KL-KOZ-254,Polyvalent Anti-Snake Venom (ASV),DRG-005,Antivenom,3,10,50,vials,2026-08-15,2027-04-18
PHC-KL-KOZ-254,Salbutamol Nebules,DRG-006,Respiratory,9,50,500,ampoules,2026-09-17,2027-05-23
PHC-KL-KOZ-254,Doxycycline 100mg,DRG-007,Antibiotic,68,200,2000,tablets,2026-09-14,2027-06-04
PHC-KL-KOZ-254,Iron Folic Acid tablets,DRG-008,Supplement,242,500,5000,tablets,2026-09-12,2027-02-07
PHC-KL-KOZ-254,Metformin 500mg,DRG-009,Anti-diabetic,108,300,3000,tablets,2026-08-22,2027-09-09
PHC-KL-KOZ-254,Amlodipine 5mg,DRG-010,Cardiovascular,178,200,2000,tablets,2026-09-24,2027-02-04
PHC-KL-KOZ-255,ORS Sachets,DRG-001,Essential,4352,500,5000,sachets,2026-08-31,2027-01-02
PHC-KL-KOZ-255,Zinc Sulfate 20mg,DRG-002,Essential,1807,200,2000,tablets,2026-07-31,2027-08-16
PHC-KL-KOZ-255,Paracetamol 500mg,DRG-003,Analgesic,1564,1000,10000,tablets,2026-09-10,2027-03-19
PHC-KL-KOZ-255,Amoxicillin 500mg,DRG-004,Antibiotic,1011,300,3000,capsules,2026-09-05,2027-01-17
PHC-KL-KOZ-255,Polyvalent Anti-Snake Venom (ASV),DRG-005,Antivenom,16,10,50,vials,2026-09-21,2026-10-31
PHC-KL-KOZ-255,Salbutamol Nebules,DRG-006,Respiratory,61,50,500,ampoules,2026-08-28,2027-06-11
PHC-KL-KOZ-255,Doxycycline 100mg,DRG-007,Antibiotic,1132,200,2000,tablets,2026-08-03,2027-07-07
PHC-KL-KOZ-255,Iron Folic Acid tablets,DRG-008,Supplement,4448,500,5000,tablets,2026-09-15,2027-02-02
PHC-KL-KOZ-255,Metformin 500mg,DRG-009,Anti-diabetic,991,300,3000,tablets,2026-08-25,2027-05-18
PHC-KL-KOZ-255,Amlodipine 5mg,DRG-010,Cardiovascular,315,200,2000,tablets,2026-08-27,2027-02-17
PHC-KL-KOZ-256,ORS Sachets,DRG-001,Essential,1646,500,5000,sachets,2026-08-23,2027-03-11
PHC-KL-KOZ-256,Zinc Sulfate 20mg,DRG-002,Essential,598,200,2000,tablets,2026-08-03,2027-07-01
PHC-KL-KOZ-256,Paracetamol 500mg,DRG-003,Analgesic,5128,1000,10000,tablets,2026-09-22,2027-06-18
PHC-KL-KOZ-256,Amoxicillin 500mg,DRG-004,Antibiotic,2293,300,3000,capsules,2026-08-05,2027-06-27
PHC-KL-KOZ-256,Polyvalent Anti-Snake Venom (ASV),DRG-005,Antivenom,23,10,50,vials,2026-09-13,2026-12-30
PHC-KL-KOZ-256,Salbutamol Nebules,DRG-006,Respiratory,185,50,500,ampoules,2026-08-29,2027-08-17
PHC-KL-KOZ-256,Doxycycline 100mg,DRG-007,Antibiotic,270,200,2000,tablets,2026-08-31,2027-02-13
PHC-KL-KOZ-256,Iron Folic Acid tablets,DRG-008,Supplement,4105,500,5000,tablets,2026-08-06,2027-08-20
PHC-KL-KOZ-256,Metformin 500mg,DRG-009,Anti-diabetic,431,300,3000,tablets,2026-09-12,2027-01-26
PHC-KL-KOZ-256,Amlodipine 5mg,DRG-010,Cardiovascular,342,200,2000,tablets,2026-08-18,2027-07-22
PHC-KL-KOZ-257,ORS Sachets,DRG-001,Essential,2005,500,5000,sachets,2026-07-31,2027-05-07
PHC-KL-KOZ-257,Zinc Sulfate 20mg,DRG-002,Essential,927,200,2000,tablets,2026-08-15,2027-06-25
PHC-KL-KOZ-257,Paracetamol 500mg,DRG-003,Analgesic,3513,1000,10000,tablets,2026-08-11,2027-07-11
PHC-KL-KOZ-257,Amoxicillin 500mg,DRG-004,Antibiotic,2313,300,3000,capsules,2026-09-21,2027-03-22
PHC-KL-KOZ-257,Polyvalent Anti-Snake Venom (ASV),DRG-005,Antivenom,49,10,50,vials,2026-08-08,2027-02-20
PHC-KL-KOZ-257,Salbutamol Nebules,DRG-006,Respiratory,111,50,500,ampoules,2026-09-03,2027-04-26
PHC-KL-KOZ-257,Doxycycline 100mg,DRG-007,Antibiotic,1032,200,2000,tablets,2026-08-10,2027-06-19
PHC-KL-KOZ-257,Iron Folic Acid tablets,DRG-008,Supplement,4473,500,5000,tablets,2026-08-30,2027-01-01
PHC-KL-KOZ-257,Metformin 500mg,DRG-009,Anti-diabetic,2709,300,3000,tablets,2026-09-16,2027-03-02
PHC-KL-KOZ-257,Amlodipine 5mg,DRG-010,Cardiovascular,578,200,2000,tablets,2026-09-19,2027-03-06
PHC-KL-KOZ-258,ORS Sachets,DRG-001,Essential,2852,500,5000,sachets,2026-09-08,2027-01-24
PHC-KL-KOZ-258,Zinc Sulfate 20mg,DRG-002,Essential,1757,200,2000,tablets,2026-09-19,2027-03-20
PHC-KL-KOZ-258,Paracetamol 500mg,DRG-003,Analgesic,1676,1000,10000,tablets,2026-08-20,2027-07-05
PHC-KL-KOZ-258,Amoxicillin 500mg,DRG-004,Antibiotic,543,300,3000,capsules,2026-09-01,2027-06-22
PHC-KL-KOZ-258,Polyvalent Anti-Snake Venom (ASV),DRG-005,Antivenom,50,10,50,vials,2026-09-03,2027-06-27
PHC-KL-KOZ-258,Salbutamol Nebules,DRG-006,Respiratory,220,50,500,ampoules,2026-09-05,2027-06-21
PHC-KL-KOZ-258,Doxycycline 100mg,DRG-007,Antibiotic,1999,200,2000,tablets,2026-09-22,2026-12-05
PHC-KL-KOZ-258,Iron Folic Acid tablets,DRG-008,Supplement,1407,500,5000,tablets,2026-09-21,2027-03-14
PHC-KL-KOZ-258,Metformin 500mg,DRG-009,Anti-diabetic,2173,300,3000,tablets,2026-08-10,2026-11-19
PHC-KL-KOZ-258,Amlodipine 5mg,DRG-010,Cardiovascular,1190,200,2000,tablets,2026-08-14,2027-03-18
PHC-KL-KOZ-259,ORS Sachets,DRG-001,Essential,3553,500,5000,sachets,2026-09-24,2027-05-22
PHC-KL-KOZ-259,Zinc Sulfate 20mg,DRG-002,Essential,1445,200,2000,tablets,2026-08-04,2027-07-14
PHC-KL-KOZ-259,Paracetamol 500mg,DRG-003,Analgesic,9466,1000,10000,tablets,2026-09-11,2027-08-10
PHC-KL-KOZ-259,Amoxicillin 500mg,DRG-004,Antibiotic,2861,300,3000,capsules,2026-08-05,2027-01-18
PHC-KL-KOZ-259,Polyvalent Anti-Snake Venom (ASV),DRG-005,Antivenom,21,10,50,vials,2026-08-21,2027-08-14
PHC-KL-KOZ-259,Salbutamol Nebules,DRG-006,Respiratory,118,50,500,ampoules,2026-09-22,2027-08-06
PHC-KL-KOZ-259,Doxycycline 100mg,DRG-007,Antibiotic,1745,200,2000,tablets,2026-08-14,2026-11-17
PHC-KL-KOZ-259,Iron Folic Acid tablets,DRG-008,Supplement,4799,500,5000,tablets,2026-09-03,2027-04-30
PHC-KL-KOZ-259,Metformin 500mg,DRG-009,Anti-diabetic,1049,300,3000,tablets,2026-09-22,2027-07-12
PHC-KL-KOZ-259,Amlodipine 5mg,DRG-010,Cardiovascular,459,200,2000,tablets,2026-08-25,2026-12-04
PHC-KL-KOZ-260,ORS Sachets,DRG-001,Essential,342,500,5000,sachets,2026-08-06,2027-06-05
PHC-KL-KOZ-260,Zinc Sulfate 20mg,DRG-002,Essential,90,200,2000,tablets,2026-09-10,2027-04-18
PHC-KL-KOZ-260,Paracetamol 500mg,DRG-003,Analgesic,859,1000,10000,tablets,2026-08-08,2027-08-18
PHC-KL-KOZ-260,Amoxicillin 500mg,DRG-004,Antibiotic,166,300,3000,capsules,2026-08-24,2027-05-08
PHC-KL-KOZ-260,Polyvalent Anti-Snake Venom (ASV),DRG-005,Antivenom,5,10,50,vials,2026-08-17,2027-09-09
PHC-KL-KOZ-260,Salbutamol Nebules,DRG-006,Respiratory,39,50,500,ampoules,2026-09-02,2027-09-20
PHC-KL-KOZ-260,Doxycycline 100mg,DRG-007,Antibiotic,156,200,2000,tablets,2026-09-19,2026-11-20
PHC-KL-KOZ-260,Iron Folic Acid tablets,DRG-008,Supplement,394,500,5000,tablets,2026-09-11,2027-03-08
PHC-KL-KOZ-260,Metformin 500mg,DRG-009,Anti-diabetic,58,300,3000,tablets,2026-08-29,2027-02-21
PHC-KL-KOZ-260,Amlodipine 5mg,DRG-010,Cardiovascular,40,200,2000,tablets,2026-08-24,2027-02-16
PHC-KL-KOZ-261,ORS Sachets,DRG-001,Essential,1968,500,5000,sachets,2026-09-15,2027-01-21
PHC-KL-KOZ-261,Zinc Sulfate 20mg,DRG-002,Essential,1229,200,2000,tablets,2026-09-08,2027-01-05
PHC-KL-KOZ-261,Paracetamol 500mg,DRG-003,Analgesic,2727,1000,10000,tablets,2026-08-06,2027-08-13
PHC-KL-KOZ-261,Amoxicillin 500mg,DRG-004,Antibiotic,1257,300,3000,capsules,2026-09-12,2027-08-20
PHC-KL-KOZ-261,Polyvalent Anti-Snake Venom (ASV),DRG-005,Antivenom,15,10,50,vials,2026-08-13,2027-05-10
PHC-KL-KOZ-261,Salbutamol Nebules,DRG-006,Respiratory,407,50,500,ampoules,2026-08-01,2027-07-09
PHC-KL-KOZ-261,Doxycycline 100mg,DRG-007,Antibiotic,977,200,2000,tablets,2026-08-15,2027-09-01
PHC-KL-KOZ-261,Iron Folic Acid tablets,DRG-008,Supplement,1934,500,5000,tablets,2026-08-19,2027-09-07
PHC-KL-KOZ-261,Metformin 500mg,DRG-009,Anti-diabetic,485,300,3000,tablets,2026-09-14,2027-09-25
PHC-KL-KOZ-261,Amlodipine 5mg,DRG-010,Cardiovascular,550,200,2000,tablets,2026-08-11,2026-11-08
PHC-KL-KOZ-262,ORS Sachets,DRG-001,Essential,215,500,5000,sachets,2026-08-03,2027-08-18
PHC-KL-KOZ-262,Zinc Sulfate 20mg,DRG-002,Essential,12,200,2000,tablets,2026-08-28,2027-01-19
PHC-KL-KOZ-262,Paracetamol 500mg,DRG-003,Analgesic,267,1000,10000,tablets,2026-08-02,2027-09-28
PHC-KL-KOZ-262,Amoxicillin 500mg,DRG-004,Antibiotic,119,300,3000,capsules,2026-08-24,2027-08-09
PHC-KL-KOZ-262,Polyvalent Anti-Snake Venom (ASV),DRG-005,Antivenom,4,10,50,vials,2026-08-29,2027-08-20
PHC-KL-KOZ-262,Salbutamol Nebules,DRG-006,Respiratory,8,50,500,ampoules,2026-09-15,2027-05-29
PHC-KL-KOZ-262,Doxycycline 100mg,DRG-007,Antibiotic,22,200,2000,tablets,2026-08-13,2026-11-21
PHC-KL-KOZ-262,Iron Folic Acid tablets,DRG-008,Supplement,55,500,5000,tablets,2026-08-19,2026-11-22
PHC-KL-KOZ-262,Metformin 500mg,DRG-009,Anti-diabetic,38,300,3000,tablets,2026-08-09,2027-02-10
PHC-KL-KOZ-262,Amlodipine 5mg,DRG-010,Cardiovascular,144,200,2000,tablets,2026-09-06,2026-10-30
PHC-KL-KOZ-263,ORS Sachets,DRG-001,Essential,23,500,5000,sachets,2026-08-19,2027-06-09
PHC-KL-KOZ-263,Zinc Sulfate 20mg,DRG-002,Essential,37,200,2000,tablets,2026-09-09,2027-05-03
PHC-KL-KOZ-263,Paracetamol 500mg,DRG-003,Analgesic,156,1000,10000,tablets,2026-08-07,2027-01-23
PHC-KL-KOZ-263,Amoxicillin 500mg,DRG-004,Antibiotic,22,300,3000,capsules,2026-09-11,2026-12-19
PHC-KL-KOZ-263,Polyvalent Anti-Snake Venom (ASV),DRG-005,Antivenom,2,10,50,vials,2026-08-18,2026-11-16
PHC-KL-KOZ-263,Salbutamol Nebules,DRG-006,Respiratory,1,50,500,ampoules,2026-08-21,2027-02-25
PHC-KL-KOZ-263,Doxycycline 100mg,DRG-007,Antibiotic,40,200,2000,tablets,2026-09-20,2026-11-27
PHC-KL-KOZ-263,Iron Folic Acid tablets,DRG-008,Supplement,88,500,5000,tablets,2026-09-14,2027-09-02
PHC-KL-KOZ-263,Metformin 500mg,DRG-009,Anti-diabetic,55,300,3000,tablets,2026-08-14,2027-06-20
PHC-KL-KOZ-263,Amlodipine 5mg,DRG-010,Cardiovascular,36,200,2000,tablets,2026-08-23,2027-02-18
PHC-KL-KOZ-264,ORS Sachets,DRG-001,Essential,3742,500,5000,sachets,2026-08-07,2027-05-20
PHC-KL-KOZ-264,Zinc Sulfate 20mg,DRG-002,Essential,1014,200,2000,tablets,2026-09-17,2027-06-15
PHC-KL-KOZ-264,Paracetamol 500mg,DRG-003,Analgesic,2615,1000,10000,tablets,2026-09-21,2027-07-10
PHC-KL-KOZ-264,Amoxicillin 500mg,DRG-004,Antibiotic,2696,300,3000,capsules,2026-08-23,2027-04-05
PHC-KL-KOZ-264,Polyvalent Anti-Snake Venom (ASV),DRG-005,Antivenom,26,10,50,vials,2026-09-10,2027-03-13
PHC-KL-KOZ-264,Salbutamol Nebules,DRG-006,Respiratory,164,50,500,ampoules,2026-08-05,2027-05-24
PHC-KL-KOZ-264,Doxycycline 100mg,DRG-007,Antibiotic,1089,200,2000,tablets,2026-08-27,2026-10-29
PHC-KL-KOZ-264,Iron Folic Acid tablets,DRG-008,Supplement,2700,500,5000,tablets,2026-08-30,2027-05-15
PHC-KL-KOZ-264,Metformin 500mg,DRG-009,Anti-diabetic,1263,300,3000,tablets,2026-08-04,2026-11-28
PHC-KL-KOZ-264,Amlodipine 5mg,DRG-010,Cardiovascular,1756,200,2000,tablets,2026-08-05,2026-12-18
PHC-KL-KOZ-265,ORS Sachets,DRG-001,Essential,950,500,5000,sachets,2026-08-11,2027-05-12
PHC-KL-KOZ-265,Zinc Sulfate 20mg,DRG-002,Essential,1516,200,2000,tablets,2026-09-01,2027-08-14
PHC-KL-KOZ-265,Paracetamol 500mg,DRG-003,Analgesic,1969,1000,10000,tablets,2026-09-12,2027-01-05
PHC-KL-KOZ-265,Amoxicillin 500mg,DRG-004,Antibiotic,2991,300,3000,capsules,2026-09-21,2027-06-23
PHC-KL-KOZ-265,Polyvalent Anti-Snake Venom (ASV),DRG-005,Antivenom,12,10,50,vials,2026-09-02,2026-12-14
PHC-KL-KOZ-265,Salbutamol Nebules,DRG-006,Respiratory,279,50,500,ampoules,2026-09-13,2027-07-01
PHC-KL-KOZ-265,Doxycycline 100mg,DRG-007,Antibiotic,1177,200,2000,tablets,2026-08-18,2026-12-24
PHC-KL-KOZ-265,Iron Folic Acid tablets,DRG-008,Supplement,3472,500,5000,tablets,2026-08-15,2027-03-08
PHC-KL-KOZ-265,Metformin 500mg,DRG-009,Anti-diabetic,676,300,3000,tablets,2026-09-18,2027-09-10
PHC-KL-KOZ-265,Amlodipine 5mg,DRG-010,Cardiovascular,819,200,2000,tablets,2026-08-29,2027-07-23
PHC-KL-KOZ-266,ORS Sachets,DRG-001,Essential,3218,500,5000,sachets,2026-08-17,2027-03-14
PHC-KL-KOZ-266,Zinc Sulfate 20mg,DRG-002,Essential,1130,200,2000,tablets,2026-09-01,2027-03-29
PHC-KL-KOZ-266,Paracetamol 500mg,DRG-003,Analgesic,8814,1000,10000,tablets,2026-08-25,2027-07-17
PHC-KL-KOZ-266,Amoxicillin 500mg,DRG-004,Antibiotic,2553,300,3000,capsules,2026-08-21,2027-02-18
PHC-KL-KOZ-266,Polyvalent Anti-Snake Venom (ASV),DRG-005,Antivenom,41,10,50,vials,2026-08-01,2027-05-26
PHC-KL-KOZ-266,Salbutamol Nebules,DRG-006,Respiratory,498,50,500,ampoules,2026-08-28,2027-06-23
PHC-KL-KOZ-266,Doxycycline 100mg,DRG-007,Antibiotic,739,200,2000,tablets,2026-08-04,2027-01-03
PHC-KL-KOZ-266,Iron Folic Acid tablets,DRG-008,Supplement,1833,500,5000,tablets,2026-08-02,2027-02-05
PHC-KL-KOZ-266,Metformin 500mg,DRG-009,Anti-diabetic,305,300,3000,tablets,2026-08-30,2027-04-10
PHC-KL-KOZ-266,Amlodipine 5mg,DRG-010,Cardiovascular,648,200,2000,tablets,2026-08-31,2026-11-16
PHC-KL-KOZ-267,ORS Sachets,DRG-001,Essential,2106,500,5000,sachets,2026-08-11,2027-01-09
PHC-KL-KOZ-267,Zinc Sulfate 20mg,DRG-002,Essential,358,200,2000,tablets,2026-08-13,2027-01-02
PHC-KL-KOZ-267,Paracetamol 500mg,DRG-003,Analgesic,3647,1000,10000,tablets,2026-08-28,2027-02-22
PHC-KL-KOZ-267,Amoxicillin 500mg,DRG-004,Antibiotic,827,300,3000,capsules,2026-08-02,2026-12-20
PHC-KL-KOZ-267,Polyvalent Anti-Snake Venom (ASV),DRG-005,Antivenom,37,10,50,vials,2026-08-18,2026-12-28
PHC-KL-KOZ-267,Salbutamol Nebules,DRG-006,Respiratory,460,50,500,ampoules,2026-08-17,2027-05-17
PHC-KL-KOZ-267,Doxycycline 100mg,DRG-007,Antibiotic,1696,200,2000,tablets,2026-08-31,2027-01-09
PHC-KL-KOZ-267,Iron Folic Acid tablets,DRG-008,Supplement,649,500,5000,tablets,2026-09-11,2027-09-03
PHC-KL-KOZ-267,Metformin 500mg,DRG-009,Anti-diabetic,892,300,3000,tablets,2026-08-04,2027-04-29
PHC-KL-KOZ-267,Amlodipine 5mg,DRG-010,Cardiovascular,434,200,2000,tablets,2026-07-31,2027-04-20
PHC-KL-KOZ-268,ORS Sachets,DRG-001,Essential,4885,500,5000,sachets,2026-09-21,2027-01-08
PHC-KL-KOZ-268,Zinc Sulfate 20mg,DRG-002,Essential,224,200,2000,tablets,2026-09-03,2027-06-01
PHC-KL-KOZ-268,Paracetamol 500mg,DRG-003,Analgesic,2579,1000,10000,tablets,2026-09-20,2027-06-30
PHC-KL-KOZ-268,Amoxicillin 500mg,DRG-004,Antibiotic,687,300,3000,capsules,2026-08-30,2027-01-18
PHC-KL-KOZ-268,Polyvalent Anti-Snake Venom (ASV),DRG-005,Antivenom,19,10,50,vials,2026-09-21,2027-06-15
PHC-KL-KOZ-268,Salbutamol Nebules,DRG-006,Respiratory,405,50,500,ampoules,2026-09-01,2027-03-27
PHC-KL-KOZ-268,Doxycycline 100mg,DRG-007,Antibiotic,1179,200,2000,tablets,2026-08-26,2027-07-30
PHC-KL-KOZ-268,Iron Folic Acid tablets,DRG-008,Supplement,2337,500,5000,tablets,2026-09-23,2027-03-26
PHC-KL-KOZ-268,Metformin 500mg,DRG-009,Anti-diabetic,568,300,3000,tablets,2026-09-22,2027-08-05
PHC-KL-KOZ-268,Amlodipine 5mg,DRG-010,Cardiovascular,523,200,2000,tablets,2026-08-09,2026-11-16
PHC-KL-KOZ-269,ORS Sachets,DRG-001,Essential,1356,500,5000,sachets,2026-09-20,2027-02-17
PHC-KL-KOZ-269,Zinc Sulfate 20mg,DRG-002,Essential,860,200,2000,tablets,2026-08-05,2026-12-08
PHC-KL-KOZ-269,Paracetamol 500mg,DRG-003,Analgesic,3761,1000,10000,tablets,2026-08-01,2027-01-23
PHC-KL-KOZ-269,Amoxicillin 500mg,DRG-004,Antibiotic,489,300,3000,capsules,2026-08-29,2027-04-07
PHC-KL-KOZ-269,Polyvalent Anti-Snake Venom (ASV),DRG-005,Antivenom,47,10,50,vials,2026-08-26,2027-08-21
PHC-KL-KOZ-269,Salbutamol Nebules,DRG-006,Respiratory,144,50,500,ampoules,2026-09-16,2026-12-13
PHC-KL-KOZ-269,Doxycycline 100mg,DRG-007,Antibiotic,1341,200,2000,tablets,2026-08-15,2027-07-27
PHC-KL-KOZ-269,Iron Folic Acid tablets,DRG-008,Supplement,593,500,5000,tablets,2026-08-12,2026-12-01
PHC-KL-KOZ-269,Metformin 500mg,DRG-009,Anti-diabetic,352,300,3000,tablets,2026-08-07,2027-02-10
PHC-KL-KOZ-269,Amlodipine 5mg,DRG-010,Cardiovascular,992,200,2000,tablets,2026-08-02,2027-01-18
PHC-KL-KOZ-270,ORS Sachets,DRG-001,Essential,273,500,5000,sachets,2026-08-05,2027-04-16
PHC-KL-KOZ-270,Zinc Sulfate 20mg,DRG-002,Essential,75,200,2000,tablets,2026-08-30,2027-01-28
PHC-KL-KOZ-270,Paracetamol 500mg,DRG-003,Analgesic,869,1000,10000,tablets,2026-09-15,2027-06-04
PHC-KL-KOZ-270,Amoxicillin 500mg,DRG-004,Antibiotic,192,300,3000,capsules,2026-08-20,2027-07-17
PHC-KL-KOZ-270,Polyvalent Anti-Snake Venom (ASV),DRG-005,Antivenom,2,10,50,vials,2026-08-18,2027-01-24
PHC-KL-KOZ-270,Salbutamol Nebules,DRG-006,Respiratory,32,50,500,ampoules,2026-08-14,2026-11-01
PHC-KL-KOZ-270,Doxycycline 100mg,DRG-007,Antibiotic,72,200,2000,tablets,2026-09-22,2027-07-30
PHC-KL-KOZ-270,Iron Folic Acid tablets,DRG-008,Supplement,158,500,5000,tablets,2026-09-15,2027-04-03
PHC-KL-KOZ-270,Metformin 500mg,DRG-009,Anti-diabetic,239,300,3000,tablets,2026-08-10,2027-05-17
PHC-KL-KOZ-270,Amlodipine 5mg,DRG-010,Cardiovascular,134,200,2000,tablets,2026-09-03,2027-09-10
PHC-KL-KOZ-271,ORS Sachets,DRG-001,Essential,2578,500,5000,sachets,2026-08-15,2027-09-21
PHC-KL-KOZ-271,Zinc Sulfate 20mg,DRG-002,Essential,1677,200,2000,tablets,2026-08-06,2027-04-15
PHC-KL-KOZ-271,Paracetamol 500mg,DRG-003,Analgesic,9585,1000,10000,tablets,2026-09-01,2027-04-12
PHC-KL-KOZ-271,Amoxicillin 500mg,DRG-004,Antibiotic,1508,300,3000,capsules,2026-08-06,2027-07-19
PHC-KL-KOZ-271,Polyvalent Anti-Snake Venom (ASV),DRG-005,Antivenom,37,10,50,vials,2026-08-06,2027-01-15
PHC-KL-KOZ-271,Salbutamol Nebules,DRG-006,Respiratory,187,50,500,ampoules,2026-08-27,2027-08-28
PHC-KL-KOZ-271,Doxycycline 100mg,DRG-007,Antibiotic,1236,200,2000,tablets,2026-09-11,2027-04-14
PHC-KL-KOZ-271,Iron Folic Acid tablets,DRG-008,Supplement,1465,500,5000,tablets,2026-08-31,2027-04-13
PHC-KL-KOZ-271,Metformin 500mg,DRG-009,Anti-diabetic,2588,300,3000,tablets,2026-08-29,2027-01-11
PHC-KL-KOZ-271,Amlodipine 5mg,DRG-010,Cardiovascular,1487,200,2000,tablets,2026-09-16,2027-07-30
PHC-KL-KOZ-272,ORS Sachets,DRG-001,Essential,2603,500,5000,sachets,2026-08-16,2027-03-26
PHC-KL-KOZ-272,Zinc Sulfate 20mg,DRG-002,Essential,1112,200,2000,tablets,2026-08-14,2027-08-25
PHC-KL-KOZ-272,Paracetamol 500mg,DRG-003,Analgesic,5527,1000,10000,tablets,2026-08-05,2026-11-05
PHC-KL-KOZ-272,Amoxicillin 500mg,DRG-004,Antibiotic,1093,300,3000,capsules,2026-08-24,2027-02-21
PHC-KL-KOZ-272,Polyvalent Anti-Snake Venom (ASV),DRG-005,Antivenom,38,10,50,vials,2026-08-20,2026-11-01
PHC-KL-KOZ-272,Salbutamol Nebules,DRG-006,Respiratory,317,50,500,ampoules,2026-08-22,2027-01-22
PHC-KL-KOZ-272,Doxycycline 100mg,DRG-007,Antibiotic,479,200,2000,tablets,2026-09-07,2027-08-02
PHC-KL-KOZ-272,Iron Folic Acid tablets,DRG-008,Supplement,4731,500,5000,tablets,2026-08-14,2026-11-07
PHC-KL-KOZ-272,Metformin 500mg,DRG-009,Anti-diabetic,491,300,3000,tablets,2026-09-04,2027-01-30
PHC-KL-KOZ-272,Amlodipine 5mg,DRG-010,Cardiovascular,1444,200,2000,tablets,2026-08-23,2027-02-18
PHC-KL-KOZ-273,ORS Sachets,DRG-001,Essential,23,500,5000,sachets,2026-09-06,2027-01-13
PHC-KL-KOZ-273,Zinc Sulfate 20mg,DRG-002,Essential,28,200,2000,tablets,2026-08-31,2026-11-11
PHC-KL-KOZ-273,Paracetamol 500mg,DRG-003,Analgesic,92,1000,10000,tablets,2026-08-14,2027-03-15
PHC-KL-KOZ-273,Amoxicillin 500mg,DRG-004,Antibiotic,5,300,3000,capsules,2026-09-03,2027-06-28
PHC-KL-KOZ-273,Polyvalent Anti-Snake Venom (ASV),DRG-005,Antivenom,1,10,50,vials,2026-09-12,2026-11-01
PHC-KL-KOZ-273,Salbutamol Nebules,DRG-006,Respiratory,3,50,500,ampoules,2026-08-26,2027-03-19
PHC-KL-KOZ-273,Doxycycline 100mg,DRG-007,Antibiotic,7,200,2000,tablets,2026-09-15,2027-05-17
PHC-KL-KOZ-273,Iron Folic Acid tablets,DRG-008,Supplement,99,500,5000,tablets,2026-08-23,2027-07-06
PHC-KL-KOZ-273,Metformin 500mg,DRG-009,Anti-diabetic,35,300,3000,tablets,2026-08-20,2027-02-21
PHC-KL-KOZ-273,Amlodipine 5mg,DRG-010,Cardiovascular,4,200,2000,tablets,2026-08-31,2027-01-06
PHC-KL-THR-274,ORS Sachets,DRG-001,Essential,4802,500,5000,sachets,2026-09-05,2027-07-07
PHC-KL-THR-274,Zinc Sulfate 20mg,DRG-002,Essential,539,200,2000,tablets,2026-09-05,2027-09-19
PHC-KL-THR-274,Paracetamol 500mg,DRG-003,Analgesic,3041,1000,10000,tablets,2026-08-14,2027-06-04
PHC-KL-THR-274,Amoxicillin 500mg,DRG-004,Antibiotic,2592,300,3000,capsules,2026-09-02,2026-11-30
PHC-KL-THR-274,Polyvalent Anti-Snake Venom (ASV),DRG-005,Antivenom,12,10,50,vials,2026-09-03,2027-02-09
PHC-KL-THR-274,Salbutamol Nebules,DRG-006,Respiratory,489,50,500,ampoules,2026-08-22,2026-11-22
PHC-KL-THR-274,Doxycycline 100mg,DRG-007,Antibiotic,1717,200,2000,tablets,2026-08-19,2026-11-01
PHC-KL-THR-274,Iron Folic Acid tablets,DRG-008,Supplement,3097,500,5000,tablets,2026-08-05,2027-09-18
PHC-KL-THR-274,Metformin 500mg,DRG-009,Anti-diabetic,1890,300,3000,tablets,2026-08-12,2027-01-10
PHC-KL-THR-274,Amlodipine 5mg,DRG-010,Cardiovascular,1294,200,2000,tablets,2026-08-14,2027-02-19
PHC-KL-THR-275,ORS Sachets,DRG-001,Essential,399,500,5000,sachets,2026-09-02,2027-02-28
PHC-KL-THR-275,Zinc Sulfate 20mg,DRG-002,Essential,185,200,2000,tablets,2026-09-15,2027-08-27
PHC-KL-THR-275,Paracetamol 500mg,DRG-003,Analgesic,677,1000,10000,tablets,2026-08-10,2027-08-09
PHC-KL-THR-275,Amoxicillin 500mg,DRG-004,Antibiotic,127,300,3000,capsules,2026-07-31,2027-09-27
PHC-KL-THR-275,Polyvalent Anti-Snake Venom (ASV),DRG-005,Antivenom,4,10,50,vials,2026-09-10,2027-07-30
PHC-KL-THR-275,Salbutamol Nebules,DRG-006,Respiratory,29,50,500,ampoules,2026-08-14,2027-03-02
PHC-KL-THR-275,Doxycycline 100mg,DRG-007,Antibiotic,146,200,2000,tablets,2026-08-07,2026-11-10
PHC-KL-THR-275,Iron Folic Acid tablets,DRG-008,Supplement,59,500,5000,tablets,2026-09-03,2027-02-04
PHC-KL-THR-275,Metformin 500mg,DRG-009,Anti-diabetic,88,300,3000,tablets,2026-08-24,2026-11-06
PHC-KL-THR-275,Amlodipine 5mg,DRG-010,Cardiovascular,98,200,2000,tablets,2026-09-16,2027-05-12
PHC-KL-THR-276,ORS Sachets,DRG-001,Essential,1746,500,5000,sachets,2026-09-15,2027-04-26
PHC-KL-THR-276,Zinc Sulfate 20mg,DRG-002,Essential,203,200,2000,tablets,2026-09-08,2026-10-30
PHC-KL-THR-276,Paracetamol 500mg,DRG-003,Analgesic,9709,1000,10000,tablets,2026-09-18,2027-05-08
PHC-KL-THR-276,Amoxicillin 500mg,DRG-004,Antibiotic,695,300,3000,capsules,2026-08-27,2027-01-10
PHC-KL-THR-276,Polyvalent Anti-Snake Venom (ASV),DRG-005,Antivenom,24,10,50,vials,2026-09-01,2027-07-30
PHC-KL-THR-276,Salbutamol Nebules,DRG-006,Respiratory,478,50,500,ampoules,2026-09-13,2027-06-02
PHC-KL-THR-276,Doxycycline 100mg,DRG-007,Antibiotic,1103,200,2000,tablets,2026-09-09,2027-01-30
PHC-KL-THR-276,Iron Folic Acid tablets,DRG-008,Supplement,1388,500,5000,tablets,2026-08-15,2027-09-13
PHC-KL-THR-276,Metformin 500mg,DRG-009,Anti-diabetic,1192,300,3000,tablets,2026-08-05,2027-01-08
PHC-KL-THR-276,Amlodipine 5mg,DRG-010,Cardiovascular,1694,200,2000,tablets,2026-09-02,2027-02-06
PHC-KL-THR-277,ORS Sachets,DRG-001,Essential,4836,500,5000,sachets,2026-09-06,2027-01-30
PHC-KL-THR-277,Zinc Sulfate 20mg,DRG-002,Essential,1561,200,2000,tablets,2026-08-30,2027-09-21
PHC-KL-THR-277,Paracetamol 500mg,DRG-003,Analgesic,3910,1000,10000,tablets,2026-09-08,2027-06-19
PHC-KL-THR-277,Amoxicillin 500mg,DRG-004,Antibiotic,2008,300,3000,capsules,2026-09-05,2026-11-20
PHC-KL-THR-277,Polyvalent Anti-Snake Venom (ASV),DRG-005,Antivenom,31,10,50,vials,2026-08-02,2027-04-17
PHC-KL-THR-277,Salbutamol Nebules,DRG-006,Respiratory,189,50,500,ampoules,2026-08-23,2027-08-08
PHC-KL-THR-277,Doxycycline 100mg,DRG-007,Antibiotic,811,200,2000,tablets,2026-08-23,2027-08-04
PHC-KL-THR-277,Iron Folic Acid tablets,DRG-008,Supplement,3378,500,5000,tablets,2026-08-28,2026-12-11
PHC-KL-THR-277,Metformin 500mg,DRG-009,Anti-diabetic,1225,300,3000,tablets,2026-09-18,2027-08-27
PHC-KL-THR-277,Amlodipine 5mg,DRG-010,Cardiovascular,1107,200,2000,tablets,2026-09-23,2026-12-28
PHC-KL-THR-278,ORS Sachets,DRG-001,Essential,1339,500,5000,sachets,2026-08-21,2027-05-25
PHC-KL-THR-278,Zinc Sulfate 20mg,DRG-002,Essential,1818,200,2000,tablets,2026-09-24,2027-08-29
PHC-KL-THR-278,Paracetamol 500mg,DRG-003,Analgesic,3668,1000,10000,tablets,2026-09-07,2027-08-07
PHC-KL-THR-278,Amoxicillin 500mg,DRG-004,Antibiotic,1387,300,3000,capsules,2026-09-23,2027-04-02
PHC-KL-THR-278,Polyvalent Anti-Snake Venom (ASV),DRG-005,Antivenom,18,10,50,vials,2026-09-05,2027-06-07
PHC-KL-THR-278,Salbutamol Nebules,DRG-006,Respiratory,188,50,500,ampoules,2026-09-14,2027-09-19
PHC-KL-THR-278,Doxycycline 100mg,DRG-007,Antibiotic,1071,200,2000,tablets,2026-09-02,2027-04-07
PHC-KL-THR-278,Iron Folic Acid tablets,DRG-008,Supplement,3659,500,5000,tablets,2026-08-10,2027-02-16
PHC-KL-THR-278,Metformin 500mg,DRG-009,Anti-diabetic,2772,300,3000,tablets,2026-09-24,2026-11-18
PHC-KL-THR-278,Amlodipine 5mg,DRG-010,Cardiovascular,1049,200,2000,tablets,2026-08-05,2027-06-30
PHC-KL-THR-279,ORS Sachets,DRG-001,Essential,3479,500,5000,sachets,2026-08-07,2026-12-07
PHC-KL-THR-279,Zinc Sulfate 20mg,DRG-002,Essential,1410,200,2000,tablets,2026-08-02,2027-02-15
PHC-KL-THR-279,Paracetamol 500mg,DRG-003,Analgesic,7097,1000,10000,tablets,2026-09-01,2027-09-26
PHC-KL-THR-279,Amoxicillin 500mg,DRG-004,Antibiotic,1050,300,3000,capsules,2026-09-21,2027-08-05
PHC-KL-THR-279,Polyvalent Anti-Snake Venom (ASV),DRG-005,Antivenom,19,10,50,vials,2026-09-22,2027-06-08
PHC-KL-THR-279,Salbutamol Nebules,DRG-006,Respiratory,447,50,500,ampoules,2026-09-09,2027-07-12
PHC-KL-THR-279,Doxycycline 100mg,DRG-007,Antibiotic,1120,200,2000,tablets,2026-08-08,2027-06-05
PHC-KL-THR-279,Iron Folic Acid tablets,DRG-008,Supplement,951,500,5000,tablets,2026-09-17,2027-08-22
PHC-KL-THR-279,Metformin 500mg,DRG-009,Anti-diabetic,1360,300,3000,tablets,2026-09-23,2026-12-15
PHC-KL-THR-279,Amlodipine 5mg,DRG-010,Cardiovascular,1883,200,2000,tablets,2026-08-14,2026-12-10
PHC-KL-THR-280,ORS Sachets,DRG-001,Essential,521,500,5000,sachets,2026-09-18,2027-02-22
PHC-KL-THR-280,Zinc Sulfate 20mg,DRG-002,Essential,1901,200,2000,tablets,2026-09-14,2027-01-22
PHC-KL-THR-280,Paracetamol 500mg,DRG-003,Analgesic,5039,1000,10000,tablets,2026-09-18,2027-02-20
PHC-KL-THR-280,Amoxicillin 500mg,DRG-004,Antibiotic,1698,300,3000,capsules,2026-08-13,2027-07-11
PHC-KL-THR-280,Polyvalent Anti-Snake Venom (ASV),DRG-005,Antivenom,48,10,50,vials,2026-08-02,2027-06-01
PHC-KL-THR-280,Salbutamol Nebules,DRG-006,Respiratory,406,50,500,ampoules,2026-08-02,2027-05-01
PHC-KL-THR-280,Doxycycline 100mg,DRG-007,Antibiotic,943,200,2000,tablets,2026-08-27,2027-02-06
PHC-KL-THR-280,Iron Folic Acid tablets,DRG-008,Supplement,662,500,5000,tablets,2026-08-06,2026-11-13
PHC-KL-THR-280,Metformin 500mg,DRG-009,Anti-diabetic,2658,300,3000,tablets,2026-09-02,2026-11-29
PHC-KL-THR-280,Amlodipine 5mg,DRG-010,Cardiovascular,1151,200,2000,tablets,2026-08-14,2026-11-04
PHC-KL-THR-281,ORS Sachets,DRG-001,Essential,896,500,5000,sachets,2026-08-04,2027-03-29
PHC-KL-THR-281,Zinc Sulfate 20mg,DRG-002,Essential,697,200,2000,tablets,2026-09-06,2027-09-02
PHC-KL-THR-281,Paracetamol 500mg,DRG-003,Analgesic,2331,1000,10000,tablets,2026-09-10,2027-08-18
PHC-KL-THR-281,Amoxicillin 500mg,DRG-004,Antibiotic,1060,300,3000,capsules,2026-09-04,2027-02-13
PHC-KL-THR-281,Polyvalent Anti-Snake Venom (ASV),DRG-005,Antivenom,37,10,50,vials,2026-09-10,2027-08-15
PHC-KL-THR-281,Salbutamol Nebules,DRG-006,Respiratory,254,50,500,ampoules,2026-08-06,2026-11-16
PHC-KL-THR-281,Doxycycline 100mg,DRG-007,Antibiotic,888,200,2000,tablets,2026-08-03,2027-03-10
PHC-KL-THR-281,Iron Folic Acid tablets,DRG-008,Supplement,900,500,5000,tablets,2026-09-14,2026-12-31
PHC-KL-THR-281,Metformin 500mg,DRG-009,Anti-diabetic,1680,300,3000,tablets,2026-08-16,2027-06-04
PHC-KL-THR-281,Amlodipine 5mg,DRG-010,Cardiovascular,309,200,2000,tablets,2026-09-15,2026-11-04
PHC-KL-THR-282,ORS Sachets,DRG-001,Essential,2035,500,5000,sachets,2026-08-03,2027-01-11
PHC-KL-THR-282,Zinc Sulfate 20mg,DRG-002,Essential,1113,200,2000,tablets,2026-09-12,2027-08-29
PHC-KL-THR-282,Paracetamol 500mg,DRG-003,Analgesic,4896,1000,10000,tablets,2026-09-07,2027-06-19
PHC-KL-THR-282,Amoxicillin 500mg,DRG-004,Antibiotic,1914,300,3000,capsules,2026-09-07,2027-05-14
PHC-KL-THR-282,Polyvalent Anti-Snake Venom (ASV),DRG-005,Antivenom,23,10,50,vials,2026-09-14,2027-02-25
PHC-KL-THR-282,Salbutamol Nebules,DRG-006,Respiratory,205,50,500,ampoules,2026-08-12,2027-08-08
PHC-KL-THR-282,Doxycycline 100mg,DRG-007,Antibiotic,781,200,2000,tablets,2026-09-18,2026-11-03
PHC-KL-THR-282,Iron Folic Acid tablets,DRG-008,Supplement,2780,500,5000,tablets,2026-09-07,2027-03-17
PHC-KL-THR-282,Metformin 500mg,DRG-009,Anti-diabetic,2319,300,3000,tablets,2026-08-05,2027-03-24
PHC-KL-THR-282,Amlodipine 5mg,DRG-010,Cardiovascular,1510,200,2000,tablets,2026-09-12,2027-03-17
PHC-KL-THR-283,ORS Sachets,DRG-001,Essential,190,500,5000,sachets,2026-09-24,2027-05-10
PHC-KL-THR-283,Zinc Sulfate 20mg,DRG-002,Essential,162,200,2000,tablets,2026-09-18,2027-05-19
PHC-KL-THR-283,Paracetamol 500mg,DRG-003,Analgesic,157,1000,10000,tablets,2026-08-22,2027-06-15
PHC-KL-THR-283,Amoxicillin 500mg,DRG-004,Antibiotic,295,300,3000,capsules,2026-08-29,2027-08-19
PHC-KL-THR-283,Polyvalent Anti-Snake Venom (ASV),DRG-005,Antivenom,1,10,50,vials,2026-08-30,2027-05-11
PHC-KL-THR-283,Salbutamol Nebules,DRG-006,Respiratory,37,50,500,ampoules,2026-07-31,2027-08-28
PHC-KL-THR-283,Doxycycline 100mg,DRG-007,Antibiotic,9,200,2000,tablets,2026-09-01,2027-07-01
PHC-KL-THR-283,Iron Folic Acid tablets,DRG-008,Supplement,287,500,5000,tablets,2026-08-04,2026-12-30
PHC-KL-THR-283,Metformin 500mg,DRG-009,Anti-diabetic,265,300,3000,tablets,2026-09-10,2027-08-14
PHC-KL-THR-283,Amlodipine 5mg,DRG-010,Cardiovascular,37,200,2000,tablets,2026-09-15,2027-05-12
PHC-KL-THR-284,ORS Sachets,DRG-001,Essential,4086,500,5000,sachets,2026-07-31,2027-02-06
PHC-KL-THR-284,Zinc Sulfate 20mg,DRG-002,Essential,1092,200,2000,tablets,2026-09-16,2027-07-05
PHC-KL-THR-284,Paracetamol 500mg,DRG-003,Analgesic,5609,1000,10000,tablets,2026-09-23,2026-12-19
PHC-KL-THR-284,Amoxicillin 500mg,DRG-004,Antibiotic,1074,300,3000,capsules,2026-09-09,2027-03-20
PHC-KL-THR-284,Polyvalent Anti-Snake Venom (ASV),DRG-005,Antivenom,21,10,50,vials,2026-09-01,2027-07-23
PHC-KL-THR-284,Salbutamol Nebules,DRG-006,Respiratory,159,50,500,ampoules,2026-08-25,2027-07-24
PHC-KL-THR-284,Doxycycline 100mg,DRG-007,Antibiotic,1424,200,2000,tablets,2026-08-02,2027-08-30
PHC-KL-THR-284,Iron Folic Acid tablets,DRG-008,Supplement,675,500,5000,tablets,2026-08-22,2027-09-03
PHC-KL-THR-284,Metformin 500mg,DRG-009,Anti-diabetic,2139,300,3000,tablets,2026-08-24,2027-05-05
PHC-KL-THR-284,Amlodipine 5mg,DRG-010,Cardiovascular,1164,200,2000,tablets,2026-09-12,2027-02-22
PHC-KL-THR-285,ORS Sachets,DRG-001,Essential,3223,500,5000,sachets,2026-09-16,2026-11-09
PHC-KL-THR-285,Zinc Sulfate 20mg,DRG-002,Essential,975,200,2000,tablets,2026-09-11,2026-12-01
PHC-KL-THR-285,Paracetamol 500mg,DRG-003,Analgesic,1895,1000,10000,tablets,2026-08-16,2027-04-05
PHC-KL-THR-285,Amoxicillin 500mg,DRG-004,Antibiotic,2427,300,3000,capsules,2026-08-03,2027-04-06
PHC-KL-THR-285,Polyvalent Anti-Snake Venom (ASV),DRG-005,Antivenom,24,10,50,vials,2026-08-16,2027-05-26
PHC-KL-THR-285,Salbutamol Nebules,DRG-006,Respiratory,158,50,500,ampoules,2026-09-12,2027-04-23
PHC-KL-THR-285,Doxycycline 100mg,DRG-007,Antibiotic,270,200,2000,tablets,2026-09-08,2027-03-03
PHC-KL-THR-285,Iron Folic Acid tablets,DRG-008,Supplement,2722,500,5000,tablets,2026-09-04,2027-05-14
PHC-KL-THR-285,Metformin 500mg,DRG-009,Anti-diabetic,982,300,3000,tablets,2026-08-10,2027-09-29
PHC-KL-THR-285,Amlodipine 5mg,DRG-010,Cardiovascular,1162,200,2000,tablets,2026-08-23,2026-12-13
PHC-KL-THR-286,ORS Sachets,DRG-001,Essential,3709,500,5000,sachets,2026-08-14,2027-02-12
PHC-KL-THR-286,Zinc Sulfate 20mg,DRG-002,Essential,517,200,2000,tablets,2026-08-15,2026-11-12
PHC-KL-THR-286,Paracetamol 500mg,DRG-003,Analgesic,9327,1000,10000,tablets,2026-09-22,2026-11-14
PHC-KL-THR-286,Amoxicillin 500mg,DRG-004,Antibiotic,2923,300,3000,capsules,2026-07-31,2027-05-23
PHC-KL-THR-286,Polyvalent Anti-Snake Venom (ASV),DRG-005,Antivenom,40,10,50,vials,2026-07-31,2027-07-31
PHC-KL-THR-286,Salbutamol Nebules,DRG-006,Respiratory,93,50,500,ampoules,2026-08-14,2026-12-25
PHC-KL-THR-286,Doxycycline 100mg,DRG-007,Antibiotic,696,200,2000,tablets,2026-08-28,2027-06-11
PHC-KL-THR-286,Iron Folic Acid tablets,DRG-008,Supplement,2886,500,5000,tablets,2026-08-19,2027-01-21
PHC-KL-THR-286,Metformin 500mg,DRG-009,Anti-diabetic,2779,300,3000,tablets,2026-09-17,2027-06-05
PHC-KL-THR-286,Amlodipine 5mg,DRG-010,Cardiovascular,1774,200,2000,tablets,2026-08-22,2027-07-03
PHC-KL-THR-287,ORS Sachets,DRG-001,Essential,1266,500,5000,sachets,2026-08-22,2027-02-06
PHC-KL-THR-287,Zinc Sulfate 20mg,DRG-002,Essential,1274,200,2000,tablets,2026-08-19,2027-03-03
PHC-KL-THR-287,Paracetamol 500mg,DRG-003,Analgesic,8898,1000,10000,tablets,2026-09-08,2026-12-06
PHC-KL-THR-287,Amoxicillin 500mg,DRG-004,Antibiotic,749,300,3000,capsules,2026-09-13,2027-02-15
PHC-KL-THR-287,Polyvalent Anti-Snake Venom (ASV),DRG-005,Antivenom,37,10,50,vials,2026-09-13,2027-03-26
PHC-KL-THR-287,Salbutamol Nebules,DRG-006,Respiratory,454,50,500,ampoules,2026-09-08,2027-07-08
PHC-KL-THR-287,Doxycycline 100mg,DRG-007,Antibiotic,1466,200,2000,tablets,2026-08-16,2027-01-23
PHC-KL-THR-287,Iron Folic Acid tablets,DRG-008,Supplement,4426,500,5000,tablets,2026-09-08,2027-05-02
PHC-KL-THR-287,Metformin 500mg,DRG-009,Anti-diabetic,1309,300,3000,tablets,2026-08-27,2026-11-08
PHC-KL-THR-287,Amlodipine 5mg,DRG-010,Cardiovascular,1902,200,2000,tablets,2026-08-12,2027-03-10
PHC-KL-THR-288,ORS Sachets,DRG-001,Essential,4071,500,5000,sachets,2026-08-01,2027-05-13
PHC-KL-THR-288,Zinc Sulfate 20mg,DRG-002,Essential,1505,200,2000,tablets,2026-08-11,2026-12-20
PHC-KL-THR-288,Paracetamol 500mg,DRG-003,Analgesic,9605,1000,10000,tablets,2026-09-19,2027-06-17
PHC-KL-THR-288,Amoxicillin 500mg,DRG-004,Antibiotic,1386,300,3000,capsules,2026-08-24,2026-10-30
PHC-KL-THR-288,Polyvalent Anti-Snake Venom (ASV),DRG-005,Antivenom,27,10,50,vials,2026-08-02,2027-05-06
PHC-KL-THR-288,Salbutamol Nebules,DRG-006,Respiratory,117,50,500,ampoules,2026-08-14,2027-05-01
PHC-KL-THR-288,Doxycycline 100mg,DRG-007,Antibiotic,456,200,2000,tablets,2026-09-16,2027-02-01
PHC-KL-THR-288,Iron Folic Acid tablets,DRG-008,Supplement,1164,500,5000,tablets,2026-09-24,2026-11-30
PHC-KL-THR-288,Metformin 500mg,DRG-009,Anti-diabetic,1305,300,3000,tablets,2026-07-31,2027-06-28
PHC-KL-THR-288,Amlodipine 5mg,DRG-010,Cardiovascular,1832,200,2000,tablets,2026-08-08,2027-09-02
PHC-KL-THR-289,ORS Sachets,DRG-001,Essential,1615,500,5000,sachets,2026-09-06,2027-08-03
PHC-KL-THR-289,Zinc Sulfate 20mg,DRG-002,Essential,1233,200,2000,tablets,2026-08-28,2027-02-17
PHC-KL-THR-289,Paracetamol 500mg,DRG-003,Analgesic,7050,1000,10000,tablets,2026-09-21,2027-09-21
PHC-KL-THR-289,Amoxicillin 500mg,DRG-004,Antibiotic,1992,300,3000,capsules,2026-09-14,2026-12-24
PHC-KL-THR-289,Polyvalent Anti-Snake Venom (ASV),DRG-005,Antivenom,30,10,50,vials,2026-08-09,2027-01-11
PHC-KL-THR-289,Salbutamol Nebules,DRG-006,Respiratory,121,50,500,ampoules,2026-09-14,2026-12-29
PHC-KL-THR-289,Doxycycline 100mg,DRG-007,Antibiotic,351,200,2000,tablets,2026-07-31,2027-04-28
PHC-KL-THR-289,Iron Folic Acid tablets,DRG-008,Supplement,1403,500,5000,tablets,2026-08-31,2026-11-12
PHC-KL-THR-289,Metformin 500mg,DRG-009,Anti-diabetic,455,300,3000,tablets,2026-09-24,2026-12-02
PHC-KL-THR-289,Amlodipine 5mg,DRG-010,Cardiovascular,1341,200,2000,tablets,2026-08-20,2026-12-18
PHC-KL-THR-290,ORS Sachets,DRG-001,Essential,347,500,5000,sachets,2026-09-01,2027-09-21
PHC-KL-THR-290,Zinc Sulfate 20mg,DRG-002,Essential,77,200,2000,tablets,2026-08-12,2026-12-05
PHC-KL-THR-290,Paracetamol 500mg,DRG-003,Analgesic,516,1000,10000,tablets,2026-08-19,2027-01-27
PHC-KL-THR-290,Amoxicillin 500mg,DRG-004,Antibiotic,144,300,3000,capsules,2026-09-13,2026-12-22
PHC-KL-THR-290,Polyvalent Anti-Snake Venom (ASV),DRG-005,Antivenom,4,10,50,vials,2026-09-06,2026-11-29
PHC-KL-THR-290,Salbutamol Nebules,DRG-006,Respiratory,34,50,500,ampoules,2026-09-09,2027-09-18
PHC-KL-THR-290,Doxycycline 100mg,DRG-007,Antibiotic,95,200,2000,tablets,2026-08-23,2027-01-26
PHC-KL-THR-290,Iron Folic Acid tablets,DRG-008,Supplement,109,500,5000,tablets,2026-08-03,2027-07-10
PHC-KL-THR-290,Metformin 500mg,DRG-009,Anti-diabetic,6,300,3000,tablets,2026-08-25,2027-05-15
PHC-KL-THR-290,Amlodipine 5mg,DRG-010,Cardiovascular,197,200,2000,tablets,2026-09-08,2027-03-17
PHC-KL-THR-291,ORS Sachets,DRG-001,Essential,4099,500,5000,sachets,2026-09-08,2027-03-09
PHC-KL-THR-291,Zinc Sulfate 20mg,DRG-002,Essential,1793,200,2000,tablets,2026-09-07,2027-09-18
PHC-KL-THR-291,Paracetamol 500mg,DRG-003,Analgesic,3241,1000,10000,tablets,2026-09-07,2027-07-23
PHC-KL-THR-291,Amoxicillin 500mg,DRG-004,Antibiotic,444,300,3000,capsules,2026-08-26,2027-04-28
PHC-KL-THR-291,Polyvalent Anti-Snake Venom (ASV),DRG-005,Antivenom,16,10,50,vials,2026-09-21,2026-11-10
PHC-KL-THR-291,Salbutamol Nebules,DRG-006,Respiratory,393,50,500,ampoules,2026-09-13,2027-04-18
PHC-KL-THR-291,Doxycycline 100mg,DRG-007,Antibiotic,1212,200,2000,tablets,2026-09-20,2027-09-27
PHC-KL-THR-291,Iron Folic Acid tablets,DRG-008,Supplement,4648,500,5000,tablets,2026-08-04,2027-06-25
PHC-KL-THR-291,Metformin 500mg,DRG-009,Anti-diabetic,2577,300,3000,tablets,2026-08-02,2027-08-15
PHC-KL-THR-291,Amlodipine 5mg,DRG-010,Cardiovascular,1833,200,2000,tablets,2026-09-05,2027-06-07
PHC-KL-THR-292,ORS Sachets,DRG-001,Essential,3375,500,5000,sachets,2026-09-15,2026-11-21
PHC-KL-THR-292,Zinc Sulfate 20mg,DRG-002,Essential,963,200,2000,tablets,2026-08-19,2027-04-13
PHC-KL-THR-292,Paracetamol 500mg,DRG-003,Analgesic,4778,1000,10000,tablets,2026-08-25,2027-09-18
PHC-KL-THR-292,Amoxicillin 500mg,DRG-004,Antibiotic,744,300,3000,capsules,2026-08-13,2027-06-02
PHC-KL-THR-292,Polyvalent Anti-Snake Venom (ASV),DRG-005,Antivenom,12,10,50,vials,2026-08-02,2027-08-03
PHC-KL-THR-292,Salbutamol Nebules,DRG-006,Respiratory,89,50,500,ampoules,2026-09-12,2027-05-08
PHC-KL-THR-292,Doxycycline 100mg,DRG-007,Antibiotic,618,200,2000,tablets,2026-09-18,2027-06-07
PHC-KL-THR-292,Iron Folic Acid tablets,DRG-008,Supplement,3324,500,5000,tablets,2026-09-10,2027-03-02
PHC-KL-THR-292,Metformin 500mg,DRG-009,Anti-diabetic,2515,300,3000,tablets,2026-09-18,2027-03-19
PHC-KL-THR-292,Amlodipine 5mg,DRG-010,Cardiovascular,489,200,2000,tablets,2026-08-29,2027-02-01
PHC-KL-THR-293,ORS Sachets,DRG-001,Essential,2800,500,5000,sachets,2026-08-15,2027-06-10
PHC-KL-THR-293,Zinc Sulfate 20mg,DRG-002,Essential,1910,200,2000,tablets,2026-08-01,2027-02-01
PHC-KL-THR-293,Paracetamol 500mg,DRG-003,Analgesic,6888,1000,10000,tablets,2026-09-22,2027-07-05
PHC-KL-THR-293,Amoxicillin 500mg,DRG-004,Antibiotic,520,300,3000,capsules,2026-08-14,2027-04-28
PHC-KL-THR-293,Polyvalent Anti-Snake Venom (ASV),DRG-005,Antivenom,40,10,50,vials,2026-09-08,2027-03-11
PHC-KL-THR-293,Salbutamol Nebules,DRG-006,Respiratory,462,50,500,ampoules,2026-08-03,2026-12-27
PHC-KL-THR-293,Doxycycline 100mg,DRG-007,Antibiotic,1830,200,2000,tablets,2026-09-07,2027-07-26
PHC-KL-THR-293,Iron Folic Acid tablets,DRG-008,Supplement,4730,500,5000,tablets,2026-08-21,2027-03-09
PHC-KL-THR-293,Metformin 500mg,DRG-009,Anti-diabetic,345,300,3000,tablets,2026-08-04,2027-07-18
PHC-KL-THR-293,Amlodipine 5mg,DRG-010,Cardiovascular,768,200,2000,tablets,2026-08-15,2027-03-31
PHC-KL-THR-294,ORS Sachets,DRG-001,Essential,364,500,5000,sachets,2026-09-17,2027-05-31
PHC-KL-THR-294,Zinc Sulfate 20mg,DRG-002,Essential,66,200,2000,tablets,2026-08-28,2026-11-21
PHC-KL-THR-294,Paracetamol 500mg,DRG-003,Analgesic,862,1000,10000,tablets,2026-09-09,2027-08-19
PHC-KL-THR-294,Amoxicillin 500mg,DRG-004,Antibiotic,290,300,3000,capsules,2026-09-14,2027-05-17
PHC-KL-THR-294,Polyvalent Anti-Snake Venom (ASV),DRG-005,Antivenom,7,10,50,vials,2026-08-14,2027-09-09
PHC-KL-THR-294,Salbutamol Nebules,DRG-006,Respiratory,50,50,500,ampoules,2026-09-10,2027-01-15
PHC-KL-THR-294,Doxycycline 100mg,DRG-007,Antibiotic,124,200,2000,tablets,2026-08-03,2026-12-07
PHC-KL-THR-294,Iron Folic Acid tablets,DRG-008,Supplement,217,500,5000,tablets,2026-08-05,2027-08-08
PHC-KL-THR-294,Metformin 500mg,DRG-009,Anti-diabetic,121,300,3000,tablets,2026-08-19,2026-11-23
PHC-KL-THR-294,Amlodipine 5mg,DRG-010,Cardiovascular,108,200,2000,tablets,2026-08-28,2027-08-05
PHC-TN-CHE-295,ORS Sachets,DRG-001,Essential,18,500,5000,sachets,2026-08-30,2027-01-17
PHC-TN-CHE-295,Zinc Sulfate 20mg,DRG-002,Essential,30,200,2000,tablets,2026-09-21,2027-08-14
PHC-TN-CHE-295,Paracetamol 500mg,DRG-003,Analgesic,176,1000,10000,tablets,2026-08-14,2027-02-16
PHC-TN-CHE-295,Amoxicillin 500mg,DRG-004,Antibiotic,13,300,3000,capsules,2026-09-03,2026-11-27
PHC-TN-CHE-295,Polyvalent Anti-Snake Venom (ASV),DRG-005,Antivenom,1,10,50,vials,2026-08-14,2027-01-13
PHC-TN-CHE-295,Salbutamol Nebules,DRG-006,Respiratory,6,50,500,ampoules,2026-09-14,2027-05-27
PHC-TN-CHE-295,Doxycycline 100mg,DRG-007,Antibiotic,14,200,2000,tablets,2026-09-06,2026-12-23
PHC-TN-CHE-295,Iron Folic Acid tablets,DRG-008,Supplement,94,500,5000,tablets,2026-09-05,2027-05-24
PHC-TN-CHE-295,Metformin 500mg,DRG-009,Anti-diabetic,4,300,3000,tablets,2026-08-17,2027-09-21
PHC-TN-CHE-295,Amlodipine 5mg,DRG-010,Cardiovascular,32,200,2000,tablets,2026-08-16,2027-06-06
PHC-TN-CHE-296,ORS Sachets,DRG-001,Essential,3598,500,5000,sachets,2026-09-20,2027-05-21
PHC-TN-CHE-296,Zinc Sulfate 20mg,DRG-002,Essential,1831,200,2000,tablets,2026-09-21,2027-09-03
PHC-TN-CHE-296,Paracetamol 500mg,DRG-003,Analgesic,3715,1000,10000,tablets,2026-08-30,2026-12-18
PHC-TN-CHE-296,Amoxicillin 500mg,DRG-004,Antibiotic,2053,300,3000,capsules,2026-09-15,2026-12-01
PHC-TN-CHE-296,Polyvalent Anti-Snake Venom (ASV),DRG-005,Antivenom,22,10,50,vials,2026-09-02,2027-03-05
PHC-TN-CHE-296,Salbutamol Nebules,DRG-006,Respiratory,340,50,500,ampoules,2026-09-03,2026-12-09
PHC-TN-CHE-296,Doxycycline 100mg,DRG-007,Antibiotic,1011,200,2000,tablets,2026-08-07,2027-02-12
PHC-TN-CHE-296,Iron Folic Acid tablets,DRG-008,Supplement,4104,500,5000,tablets,2026-08-07,2027-01-05
PHC-TN-CHE-296,Metformin 500mg,DRG-009,Anti-diabetic,2195,300,3000,tablets,2026-08-12,2026-11-07
PHC-TN-CHE-296,Amlodipine 5mg,DRG-010,Cardiovascular,1264,200,2000,tablets,2026-09-20,2027-03-04
PHC-TN-CHE-297,ORS Sachets,DRG-001,Essential,4901,500,5000,sachets,2026-08-15,2027-02-14
PHC-TN-CHE-297,Zinc Sulfate 20mg,DRG-002,Essential,519,200,2000,tablets,2026-07-31,2027-07-12
PHC-TN-CHE-297,Paracetamol 500mg,DRG-003,Analgesic,4153,1000,10000,tablets,2026-08-19,2027-05-25
PHC-TN-CHE-297,Amoxicillin 500mg,DRG-004,Antibiotic,1297,300,3000,capsules,2026-08-22,2026-11-09
PHC-TN-CHE-297,Polyvalent Anti-Snake Venom (ASV),DRG-005,Antivenom,40,10,50,vials,2026-09-21,2027-05-08
PHC-TN-CHE-297,Salbutamol Nebules,DRG-006,Respiratory,421,50,500,ampoules,2026-09-01,2026-11-22
PHC-TN-CHE-297,Doxycycline 100mg,DRG-007,Antibiotic,342,200,2000,tablets,2026-08-13,2027-01-01
PHC-TN-CHE-297,Iron Folic Acid tablets,DRG-008,Supplement,2905,500,5000,tablets,2026-08-30,2027-09-27
PHC-TN-CHE-297,Metformin 500mg,DRG-009,Anti-diabetic,1721,300,3000,tablets,2026-08-26,2027-04-04
PHC-TN-CHE-297,Amlodipine 5mg,DRG-010,Cardiovascular,1720,200,2000,tablets,2026-09-02,2027-03-16
PHC-TN-CHE-298,ORS Sachets,DRG-001,Essential,4838,500,5000,sachets,2026-08-30,2027-03-01
PHC-TN-CHE-298,Zinc Sulfate 20mg,DRG-002,Essential,1171,200,2000,tablets,2026-08-27,2026-12-31
PHC-TN-CHE-298,Paracetamol 500mg,DRG-003,Analgesic,2406,1000,10000,tablets,2026-09-21,2026-11-27
PHC-TN-CHE-298,Amoxicillin 500mg,DRG-004,Antibiotic,303,300,3000,capsules,2026-09-11,2027-06-14
PHC-TN-CHE-298,Polyvalent Anti-Snake Venom (ASV),DRG-005,Antivenom,36,10,50,vials,2026-09-14,2027-07-30
PHC-TN-CHE-298,Salbutamol Nebules,DRG-006,Respiratory,132,50,500,ampoules,2026-08-20,2026-10-31
PHC-TN-CHE-298,Doxycycline 100mg,DRG-007,Antibiotic,1695,200,2000,tablets,2026-09-16,2026-12-23
PHC-TN-CHE-298,Iron Folic Acid tablets,DRG-008,Supplement,3377,500,5000,tablets,2026-08-23,2027-04-14
PHC-TN-CHE-298,Metformin 500mg,DRG-009,Anti-diabetic,826,300,3000,tablets,2026-08-07,2027-09-11
PHC-TN-CHE-298,Amlodipine 5mg,DRG-010,Cardiovascular,600,200,2000,tablets,2026-09-08,2026-12-05
PHC-TN-CHE-299,ORS Sachets,DRG-001,Essential,936,500,5000,sachets,2026-08-09,2026-12-22
PHC-TN-CHE-299,Zinc Sulfate 20mg,DRG-002,Essential,970,200,2000,tablets,2026-08-15,2026-11-28
PHC-TN-CHE-299,Paracetamol 500mg,DRG-003,Analgesic,5259,1000,10000,tablets,2026-08-19,2027-02-03
PHC-TN-CHE-299,Amoxicillin 500mg,DRG-004,Antibiotic,2569,300,3000,capsules,2026-09-09,2026-11-29
PHC-TN-CHE-299,Polyvalent Anti-Snake Venom (ASV),DRG-005,Antivenom,39,10,50,vials,2026-08-10,2027-04-17
PHC-TN-CHE-299,Salbutamol Nebules,DRG-006,Respiratory,461,50,500,ampoules,2026-08-29,2027-08-31
PHC-TN-CHE-299,Doxycycline 100mg,DRG-007,Antibiotic,1368,200,2000,tablets,2026-09-11,2026-12-05
PHC-TN-CHE-299,Iron Folic Acid tablets,DRG-008,Supplement,1704,500,5000,tablets,2026-08-04,2027-06-05
PHC-TN-CHE-299,Metformin 500mg,DRG-009,Anti-diabetic,681,300,3000,tablets,2026-08-25,2026-11-02
PHC-TN-CHE-299,Amlodipine 5mg,DRG-010,Cardiovascular,354,200,2000,tablets,2026-09-04,2027-04-04
PHC-TN-CHE-300,ORS Sachets,DRG-001,Essential,960,500,5000,sachets,2026-09-24,2027-01-19
PHC-TN-CHE-300,Zinc Sulfate 20mg,DRG-002,Essential,349,200,2000,tablets,2026-08-19,2027-06-25
PHC-TN-CHE-300,Paracetamol 500mg,DRG-003,Analgesic,3354,1000,10000,tablets,2026-09-21,2027-08-23
PHC-TN-CHE-300,Amoxicillin 500mg,DRG-004,Antibiotic,2812,300,3000,capsules,2026-08-04,2027-01-10
PHC-TN-CHE-300,Polyvalent Anti-Snake Venom (ASV),DRG-005,Antivenom,27,10,50,vials,2026-08-20,2027-04-12
PHC-TN-CHE-300,Salbutamol Nebules,DRG-006,Respiratory,276,50,500,ampoules,2026-08-18,2027-04-13
PHC-TN-CHE-300,Doxycycline 100mg,DRG-007,Antibiotic,284,200,2000,tablets,2026-08-02,2027-07-21
PHC-TN-CHE-300,Iron Folic Acid tablets,DRG-008,Supplement,3516,500,5000,tablets,2026-09-22,2027-03-08
PHC-TN-CHE-300,Metformin 500mg,DRG-009,Anti-diabetic,350,300,3000,tablets,2026-08-23,2027-02-17
PHC-TN-CHE-300,Amlodipine 5mg,DRG-010,Cardiovascular,396,200,2000,tablets,2026-08-09,2027-08-16
PHC-TN-CHE-301,ORS Sachets,DRG-001,Essential,12,500,5000,sachets,2026-07-31,2027-06-12
PHC-TN-CHE-301,Zinc Sulfate 20mg,DRG-002,Essential,24,200,2000,tablets,2026-09-14,2026-12-31
PHC-TN-CHE-301,Paracetamol 500mg,DRG-003,Analgesic,155,1000,10000,tablets,2026-09-10,2027-04-22
PHC-TN-CHE-301,Amoxicillin 500mg,DRG-004,Antibiotic,57,300,3000,capsules,2026-08-26,2027-09-06
PHC-TN-CHE-301,Polyvalent Anti-Snake Venom (ASV),DRG-005,Antivenom,1,10,50,vials,2026-09-23,2027-06-20
PHC-TN-CHE-301,Salbutamol Nebules,DRG-006,Respiratory,10,50,500,ampoules,2026-09-16,2027-05-18
PHC-TN-CHE-301,Doxycycline 100mg,DRG-007,Antibiotic,17,200,2000,tablets,2026-08-12,2027-04-05
PHC-TN-CHE-301,Iron Folic Acid tablets,DRG-008,Supplement,78,500,5000,tablets,2026-09-16,2027-02-27
PHC-TN-CHE-301,Metformin 500mg,DRG-009,Anti-diabetic,58,300,3000,tablets,2026-09-22,2026-11-10
PHC-TN-CHE-301,Amlodipine 5mg,DRG-010,Cardiovascular,27,200,2000,tablets,2026-09-14,2027-07-02
PHC-TN-CHE-302,ORS Sachets,DRG-001,Essential,115,500,5000,sachets,2026-09-16,2027-01-06
PHC-TN-CHE-302,Zinc Sulfate 20mg,DRG-002,Essential,20,200,2000,tablets,2026-08-01,2027-03-03
PHC-TN-CHE-302,Paracetamol 500mg,DRG-003,Analgesic,697,1000,10000,tablets,2026-09-05,2027-04-10
PHC-TN-CHE-302,Amoxicillin 500mg,DRG-004,Antibiotic,284,300,3000,capsules,2026-08-13,2026-11-22
PHC-TN-CHE-302,Polyvalent Anti-Snake Venom (ASV),DRG-005,Antivenom,3,10,50,vials,2026-08-21,2027-04-10
PHC-TN-CHE-302,Salbutamol Nebules,DRG-006,Respiratory,7,50,500,ampoules,2026-08-20,2026-12-10
PHC-TN-CHE-302,Doxycycline 100mg,DRG-007,Antibiotic,190,200,2000,tablets,2026-08-31,2027-05-04
PHC-TN-CHE-302,Iron Folic Acid tablets,DRG-008,Supplement,74,500,5000,tablets,2026-09-18,2027-06-22
PHC-TN-CHE-302,Metformin 500mg,DRG-009,Anti-diabetic,61,300,3000,tablets,2026-09-23,2027-05-17
PHC-TN-CHE-302,Amlodipine 5mg,DRG-010,Cardiovascular,174,200,2000,tablets,2026-08-16,2027-06-14
PHC-TN-CHE-303,ORS Sachets,DRG-001,Essential,4774,500,5000,sachets,2026-08-29,2027-01-03
PHC-TN-CHE-303,Zinc Sulfate 20mg,DRG-002,Essential,915,200,2000,tablets,2026-09-22,2026-12-17
PHC-TN-CHE-303,Paracetamol 500mg,DRG-003,Analgesic,5955,1000,10000,tablets,2026-08-07,2026-12-29
PHC-TN-CHE-303,Amoxicillin 500mg,DRG-004,Antibiotic,964,300,3000,capsules,2026-07-31,2026-12-17
PHC-TN-CHE-303,Polyvalent Anti-Snake Venom (ASV),DRG-005,Antivenom,13,10,50,vials,2026-08-21,2027-02-14
PHC-TN-CHE-303,Salbutamol Nebules,DRG-006,Respiratory,477,50,500,ampoules,2026-08-30,2027-03-04
PHC-TN-CHE-303,Doxycycline 100mg,DRG-007,Antibiotic,1077,200,2000,tablets,2026-09-12,2026-11-10
PHC-TN-CHE-303,Iron Folic Acid tablets,DRG-008,Supplement,904,500,5000,tablets,2026-09-03,2027-03-06
PHC-TN-CHE-303,Metformin 500mg,DRG-009,Anti-diabetic,2419,300,3000,tablets,2026-08-17,2027-04-29
PHC-TN-CHE-303,Amlodipine 5mg,DRG-010,Cardiovascular,1397,200,2000,tablets,2026-08-06,2027-02-01
PHC-TN-CHE-304,ORS Sachets,DRG-001,Essential,1321,500,5000,sachets,2026-09-01,2026-12-30
PHC-TN-CHE-304,Zinc Sulfate 20mg,DRG-002,Essential,217,200,2000,tablets,2026-08-26,2027-03-13
PHC-TN-CHE-304,Paracetamol 500mg,DRG-003,Analgesic,2654,1000,10000,tablets,2026-08-09,2027-03-06
PHC-TN-CHE-304,Amoxicillin 500mg,DRG-004,Antibiotic,1194,300,3000,capsules,2026-09-13,2027-03-03
PHC-TN-CHE-304,Polyvalent Anti-Snake Venom (ASV),DRG-005,Antivenom,49,10,50,vials,2026-09-22,2026-12-06
PHC-TN-CHE-304,Salbutamol Nebules,DRG-006,Respiratory,295,50,500,ampoules,2026-08-14,2027-06-17
PHC-TN-CHE-304,Doxycycline 100mg,DRG-007,Antibiotic,1281,200,2000,tablets,2026-08-15,2027-03-05
PHC-TN-CHE-304,Iron Folic Acid tablets,DRG-008,Supplement,3597,500,5000,tablets,2026-08-24,2027-09-18
PHC-TN-CHE-304,Metformin 500mg,DRG-009,Anti-diabetic,2920,300,3000,tablets,2026-08-16,2027-05-02
PHC-TN-CHE-304,Amlodipine 5mg,DRG-010,Cardiovascular,1680,200,2000,tablets,2026-08-10,2027-03-12
PHC-TN-CHE-305,ORS Sachets,DRG-001,Essential,3594,500,5000,sachets,2026-09-22,2027-08-04
PHC-TN-CHE-305,Zinc Sulfate 20mg,DRG-002,Essential,313,200,2000,tablets,2026-09-13,2027-02-28
PHC-TN-CHE-305,Paracetamol 500mg,DRG-003,Analgesic,8799,1000,10000,tablets,2026-09-23,2027-03-17
PHC-TN-CHE-305,Amoxicillin 500mg,DRG-004,Antibiotic,2359,300,3000,capsules,2026-08-19,2027-03-11
PHC-TN-CHE-305,Polyvalent Anti-Snake Venom (ASV),DRG-005,Antivenom,13,10,50,vials,2026-08-15,2027-05-14
PHC-TN-CHE-305,Salbutamol Nebules,DRG-006,Respiratory,389,50,500,ampoules,2026-09-13,2027-04-07
PHC-TN-CHE-305,Doxycycline 100mg,DRG-007,Antibiotic,1931,200,2000,tablets,2026-08-06,2027-02-04
PHC-TN-CHE-305,Iron Folic Acid tablets,DRG-008,Supplement,2818,500,5000,tablets,2026-09-02,2027-04-29
PHC-TN-CHE-305,Metformin 500mg,DRG-009,Anti-diabetic,920,300,3000,tablets,2026-07-31,2027-01-20
PHC-TN-CHE-305,Amlodipine 5mg,DRG-010,Cardiovascular,1406,200,2000,tablets,2026-08-12,2027-06-07
PHC-TN-CHE-306,ORS Sachets,DRG-001,Essential,355,500,5000,sachets,2026-08-26,2027-04-21
PHC-TN-CHE-306,Zinc Sulfate 20mg,DRG-002,Essential,109,200,2000,tablets,2026-08-17,2027-08-30
PHC-TN-CHE-306,Paracetamol 500mg,DRG-003,Analgesic,821,1000,10000,tablets,2026-08-24,2027-05-03
PHC-TN-CHE-306,Amoxicillin 500mg,DRG-004,Antibiotic,181,300,3000,capsules,2026-08-29,2027-02-11
PHC-TN-CHE-306,Polyvalent Anti-Snake Venom (ASV),DRG-005,Antivenom,1,10,50,vials,2026-09-08,2027-06-06
PHC-TN-CHE-306,Salbutamol Nebules,DRG-006,Respiratory,15,50,500,ampoules,2026-09-20,2027-06-05
PHC-TN-CHE-306,Doxycycline 100mg,DRG-007,Antibiotic,81,200,2000,tablets,2026-09-15,2027-03-16
PHC-TN-CHE-306,Iron Folic Acid tablets,DRG-008,Supplement,2,500,5000,tablets,2026-09-09,2026-11-18
PHC-TN-CHE-306,Metformin 500mg,DRG-009,Anti-diabetic,217,300,3000,tablets,2026-08-27,2027-06-03
PHC-TN-CHE-306,Amlodipine 5mg,DRG-010,Cardiovascular,137,200,2000,tablets,2026-09-09,2027-06-25
PHC-TN-CHE-307,ORS Sachets,DRG-001,Essential,3092,500,5000,sachets,2026-08-05,2027-01-23
PHC-TN-CHE-307,Zinc Sulfate 20mg,DRG-002,Essential,1343,200,2000,tablets,2026-08-31,2027-01-09
PHC-TN-CHE-307,Paracetamol 500mg,DRG-003,Analgesic,1889,1000,10000,tablets,2026-08-13,2027-08-12
PHC-TN-CHE-307,Amoxicillin 500mg,DRG-004,Antibiotic,2271,300,3000,capsules,2026-09-14,2027-02-10
PHC-TN-CHE-307,Polyvalent Anti-Snake Venom (ASV),DRG-005,Antivenom,11,10,50,vials,2026-09-18,2027-06-24
PHC-TN-CHE-307,Salbutamol Nebules,DRG-006,Respiratory,498,50,500,ampoules,2026-08-30,2026-11-27
PHC-TN-CHE-307,Doxycycline 100mg,DRG-007,Antibiotic,1527,200,2000,tablets,2026-08-07,2027-08-19
PHC-TN-CHE-307,Iron Folic Acid tablets,DRG-008,Supplement,1809,500,5000,tablets,2026-09-20,2027-09-28
PHC-TN-CHE-307,Metformin 500mg,DRG-009,Anti-diabetic,2412,300,3000,tablets,2026-08-24,2027-04-09
PHC-TN-CHE-307,Amlodipine 5mg,DRG-010,Cardiovascular,1835,200,2000,tablets,2026-08-04,2027-01-05
PHC-TN-CHE-308,ORS Sachets,DRG-001,Essential,117,500,5000,sachets,2026-09-15,2027-09-27
PHC-TN-CHE-308,Zinc Sulfate 20mg,DRG-002,Essential,155,200,2000,tablets,2026-08-07,2027-07-25
PHC-TN-CHE-308,Paracetamol 500mg,DRG-003,Analgesic,418,1000,10000,tablets,2026-09-07,2027-05-13
PHC-TN-CHE-308,Amoxicillin 500mg,DRG-004,Antibiotic,95,300,3000,capsules,2026-09-02,2026-11-01
PHC-TN-CHE-308,Polyvalent Anti-Snake Venom (ASV),DRG-005,Antivenom,5,10,50,vials,2026-07-31,2027-09-06
PHC-TN-CHE-308,Salbutamol Nebules,DRG-006,Respiratory,15,50,500,ampoules,2026-08-30,2026-12-13
PHC-TN-CHE-308,Doxycycline 100mg,DRG-007,Antibiotic,157,200,2000,tablets,2026-09-22,2026-12-11
PHC-TN-CHE-308,Iron Folic Acid tablets,DRG-008,Supplement,4,500,5000,tablets,2026-08-07,2027-05-07
PHC-TN-CHE-308,Metformin 500mg,DRG-009,Anti-diabetic,75,300,3000,tablets,2026-08-11,2027-06-17
PHC-TN-CHE-308,Amlodipine 5mg,DRG-010,Cardiovascular,30,200,2000,tablets,2026-09-18,2027-05-30
PHC-TN-CHE-309,ORS Sachets,DRG-001,Essential,340,500,5000,sachets,2026-08-08,2027-09-17
PHC-TN-CHE-309,Zinc Sulfate 20mg,DRG-002,Essential,108,200,2000,tablets,2026-09-06,2027-09-26
PHC-TN-CHE-309,Paracetamol 500mg,DRG-003,Analgesic,896,1000,10000,tablets,2026-09-01,2027-03-20
PHC-TN-CHE-309,Amoxicillin 500mg,DRG-004,Antibiotic,223,300,3000,capsules,2026-09-22,2027-09-26
PHC-TN-CHE-309,Polyvalent Anti-Snake Venom (ASV),DRG-005,Antivenom,4,10,50,vials,2026-08-23,2027-01-29
PHC-TN-CHE-309,Salbutamol Nebules,DRG-006,Respiratory,24,50,500,ampoules,2026-08-16,2027-02-09
PHC-TN-CHE-309,Doxycycline 100mg,DRG-007,Antibiotic,57,200,2000,tablets,2026-08-22,2026-11-11
PHC-TN-CHE-309,Iron Folic Acid tablets,DRG-008,Supplement,482,500,5000,tablets,2026-08-05,2026-11-21
PHC-TN-CHE-309,Metformin 500mg,DRG-009,Anti-diabetic,299,300,3000,tablets,2026-09-07,2027-08-26
PHC-TN-CHE-309,Amlodipine 5mg,DRG-010,Cardiovascular,160,200,2000,tablets,2026-09-16,2026-12-30
PHC-TN-CHE-310,ORS Sachets,DRG-001,Essential,78,500,5000,sachets,2026-09-07,2027-01-03
PHC-TN-CHE-310,Zinc Sulfate 20mg,DRG-002,Essential,34,200,2000,tablets,2026-09-11,2027-09-14
PHC-TN-CHE-310,Paracetamol 500mg,DRG-003,Analgesic,124,1000,10000,tablets,2026-07-31,2026-12-14
PHC-TN-CHE-310,Amoxicillin 500mg,DRG-004,Antibiotic,13,300,3000,capsules,2026-09-17,2027-04-14
PHC-TN-CHE-310,Polyvalent Anti-Snake Venom (ASV),DRG-005,Antivenom,0,10,50,vials,2026-08-28,2027-08-30
PHC-TN-CHE-310,Salbutamol Nebules,DRG-006,Respiratory,2,50,500,ampoules,2026-08-10,2027-04-12
PHC-TN-CHE-310,Doxycycline 100mg,DRG-007,Antibiotic,14,200,2000,tablets,2026-09-24,2026-11-16
PHC-TN-CHE-310,Iron Folic Acid tablets,DRG-008,Supplement,14,500,5000,tablets,2026-08-05,2026-11-16
PHC-TN-CHE-310,Metformin 500mg,DRG-009,Anti-diabetic,25,300,3000,tablets,2026-08-01,2026-12-22
PHC-TN-CHE-310,Amlodipine 5mg,DRG-010,Cardiovascular,28,200,2000,tablets,2026-08-05,2027-04-27
PHC-TN-CHE-311,ORS Sachets,DRG-001,Essential,247,500,5000,sachets,2026-09-13,2027-02-12
PHC-TN-CHE-311,Zinc Sulfate 20mg,DRG-002,Essential,58,200,2000,tablets,2026-09-16,2027-06-29
PHC-TN-CHE-311,Paracetamol 500mg,DRG-003,Analgesic,528,1000,10000,tablets,2026-09-15,2026-12-22
PHC-TN-CHE-311,Amoxicillin 500mg,DRG-004,Antibiotic,170,300,3000,capsules,2026-08-23,2027-07-22
PHC-TN-CHE-311,Polyvalent Anti-Snake Venom (ASV),DRG-005,Antivenom,9,10,50,vials,2026-08-22,2027-09-05
PHC-TN-CHE-311,Salbutamol Nebules,DRG-006,Respiratory,9,50,500,ampoules,2026-08-02,2027-01-16
PHC-TN-CHE-311,Doxycycline 100mg,DRG-007,Antibiotic,112,200,2000,tablets,2026-09-14,2027-07-02
PHC-TN-CHE-311,Iron Folic Acid tablets,DRG-008,Supplement,226,500,5000,tablets,2026-08-14,2027-03-19
PHC-TN-CHE-311,Metformin 500mg,DRG-009,Anti-diabetic,14,300,3000,tablets,2026-08-07,2027-04-25
PHC-TN-CHE-311,Amlodipine 5mg,DRG-010,Cardiovascular,107,200,2000,tablets,2026-08-10,2027-03-05
PHC-TN-CHE-312,ORS Sachets,DRG-001,Essential,87,500,5000,sachets,2026-08-23,2026-11-22
PHC-TN-CHE-312,Zinc Sulfate 20mg,DRG-002,Essential,185,200,2000,tablets,2026-09-05,2027-09-14
PHC-TN-CHE-312,Paracetamol 500mg,DRG-003,Analgesic,456,1000,10000,tablets,2026-08-09,2027-08-17
PHC-TN-CHE-312,Amoxicillin 500mg,DRG-004,Antibiotic,148,300,3000,capsules,2026-08-08,2027-03-25
PHC-TN-CHE-312,Polyvalent Anti-Snake Venom (ASV),DRG-005,Antivenom,4,10,50,vials,2026-08-18,2027-08-24
PHC-TN-CHE-312,Salbutamol Nebules,DRG-006,Respiratory,49,50,500,ampoules,2026-08-15,2027-08-13
PHC-TN-CHE-312,Doxycycline 100mg,DRG-007,Antibiotic,155,200,2000,tablets,2026-08-23,2027-08-13
PHC-TN-CHE-312,Iron Folic Acid tablets,DRG-008,Supplement,35,500,5000,tablets,2026-09-06,2027-09-09
PHC-TN-CHE-312,Metformin 500mg,DRG-009,Anti-diabetic,22,300,3000,tablets,2026-08-23,2026-11-24
PHC-TN-CHE-312,Amlodipine 5mg,DRG-010,Cardiovascular,42,200,2000,tablets,2026-08-20,2027-01-03
PHC-TN-CHE-313,ORS Sachets,DRG-001,Essential,1117,500,5000,sachets,2026-09-05,2027-06-01
PHC-TN-CHE-313,Zinc Sulfate 20mg,DRG-002,Essential,1191,200,2000,tablets,2026-09-23,2027-04-15
PHC-TN-CHE-313,Paracetamol 500mg,DRG-003,Analgesic,9575,1000,10000,tablets,2026-08-07,2027-03-10
PHC-TN-CHE-313,Amoxicillin 500mg,DRG-004,Antibiotic,979,300,3000,capsules,2026-08-31,2026-12-22
PHC-TN-CHE-313,Polyvalent Anti-Snake Venom (ASV),DRG-005,Antivenom,21,10,50,vials,2026-09-17,2026-12-29
PHC-TN-CHE-313,Salbutamol Nebules,DRG-006,Respiratory,453,50,500,ampoules,2026-09-10,2026-12-29
PHC-TN-CHE-313,Doxycycline 100mg,DRG-007,Antibiotic,416,200,2000,tablets,2026-09-13,2026-11-29
PHC-TN-CHE-313,Iron Folic Acid tablets,DRG-008,Supplement,4604,500,5000,tablets,2026-09-22,2027-06-12
PHC-TN-CHE-313,Metformin 500mg,DRG-009,Anti-diabetic,2395,300,3000,tablets,2026-08-28,2027-04-07
PHC-TN-CHE-313,Amlodipine 5mg,DRG-010,Cardiovascular,1194,200,2000,tablets,2026-08-05,2026-11-18
PHC-TN-CHE-314,ORS Sachets,DRG-001,Essential,815,500,5000,sachets,2026-08-29,2027-03-15
PHC-TN-CHE-314,Zinc Sulfate 20mg,DRG-002,Essential,1009,200,2000,tablets,2026-09-14,2027-08-12
PHC-TN-CHE-314,Paracetamol 500mg,DRG-003,Analgesic,7115,1000,10000,tablets,2026-08-11,2027-07-08
PHC-TN-CHE-314,Amoxicillin 500mg,DRG-004,Antibiotic,1189,300,3000,capsules,2026-08-02,2027-07-22
PHC-TN-CHE-314,Polyvalent Anti-Snake Venom (ASV),DRG-005,Antivenom,24,10,50,vials,2026-08-12,2027-09-22
PHC-TN-CHE-314,Salbutamol Nebules,DRG-006,Respiratory,88,50,500,ampoules,2026-09-10,2027-08-21
PHC-TN-CHE-314,Doxycycline 100mg,DRG-007,Antibiotic,1365,200,2000,tablets,2026-08-06,2027-06-24
PHC-TN-CHE-314,Iron Folic Acid tablets,DRG-008,Supplement,1951,500,5000,tablets,2026-08-13,2026-12-09
PHC-TN-CHE-314,Metformin 500mg,DRG-009,Anti-diabetic,1981,300,3000,tablets,2026-08-26,2026-10-31
PHC-TN-CHE-314,Amlodipine 5mg,DRG-010,Cardiovascular,891,200,2000,tablets,2026-08-13,2027-03-12
PHC-TN-CHE-315,ORS Sachets,DRG-001,Essential,99,500,5000,sachets,2026-09-07,2027-06-28
PHC-TN-CHE-315,Zinc Sulfate 20mg,DRG-002,Essential,71,200,2000,tablets,2026-08-01,2027-05-07
PHC-TN-CHE-315,Paracetamol 500mg,DRG-003,Analgesic,538,1000,10000,tablets,2026-09-24,2026-11-27
PHC-TN-CHE-315,Amoxicillin 500mg,DRG-004,Antibiotic,2,300,3000,capsules,2026-08-30,2027-04-07
PHC-TN-CHE-315,Polyvalent Anti-Snake Venom (ASV),DRG-005,Antivenom,6,10,50,vials,2026-09-16,2027-05-28
PHC-TN-CHE-315,Salbutamol Nebules,DRG-006,Respiratory,10,50,500,ampoules,2026-09-01,2027-07-06
PHC-TN-CHE-315,Doxycycline 100mg,DRG-007,Antibiotic,22,200,2000,tablets,2026-09-01,2027-03-24
PHC-TN-CHE-315,Iron Folic Acid tablets,DRG-008,Supplement,285,500,5000,tablets,2026-08-22,2026-12-23
PHC-TN-CHE-315,Metformin 500mg,DRG-009,Anti-diabetic,34,300,3000,tablets,2026-09-09,2027-04-25
PHC-TN-CHE-315,Amlodipine 5mg,DRG-010,Cardiovascular,131,200,2000,tablets,2026-09-02,2026-12-21
PHC-TN-COI-316,ORS Sachets,DRG-001,Essential,943,500,5000,sachets,2026-08-27,2026-11-15
PHC-TN-COI-316,Zinc Sulfate 20mg,DRG-002,Essential,1257,200,2000,tablets,2026-09-08,2027-07-08
PHC-TN-COI-316,Paracetamol 500mg,DRG-003,Analgesic,2750,1000,10000,tablets,2026-08-17,2027-09-15
PHC-TN-COI-316,Amoxicillin 500mg,DRG-004,Antibiotic,1784,300,3000,capsules,2026-08-22,2026-12-02
PHC-TN-COI-316,Polyvalent Anti-Snake Venom (ASV),DRG-005,Antivenom,44,10,50,vials,2026-09-18,2027-02-02
PHC-TN-COI-316,Salbutamol Nebules,DRG-006,Respiratory,180,50,500,ampoules,2026-08-31,2027-03-04
PHC-TN-COI-316,Doxycycline 100mg,DRG-007,Antibiotic,1856,200,2000,tablets,2026-08-20,2027-02-19
PHC-TN-COI-316,Iron Folic Acid tablets,DRG-008,Supplement,2424,500,5000,tablets,2026-09-18,2027-06-27
PHC-TN-COI-316,Metformin 500mg,DRG-009,Anti-diabetic,2574,300,3000,tablets,2026-08-05,2027-08-21
PHC-TN-COI-316,Amlodipine 5mg,DRG-010,Cardiovascular,1372,200,2000,tablets,2026-09-08,2027-04-14
PHC-TN-COI-317,ORS Sachets,DRG-001,Essential,1405,500,5000,sachets,2026-09-24,2027-06-17
PHC-TN-COI-317,Zinc Sulfate 20mg,DRG-002,Essential,976,200,2000,tablets,2026-08-17,2027-06-03
PHC-TN-COI-317,Paracetamol 500mg,DRG-003,Analgesic,6369,1000,10000,tablets,2026-08-01,2027-09-04
PHC-TN-COI-317,Amoxicillin 500mg,DRG-004,Antibiotic,2310,300,3000,capsules,2026-08-20,2026-11-07
PHC-TN-COI-317,Polyvalent Anti-Snake Venom (ASV),DRG-005,Antivenom,19,10,50,vials,2026-09-12,2027-08-13
PHC-TN-COI-317,Salbutamol Nebules,DRG-006,Respiratory,474,50,500,ampoules,2026-09-20,2026-12-14
PHC-TN-COI-317,Doxycycline 100mg,DRG-007,Antibiotic,1224,200,2000,tablets,2026-09-24,2027-06-03
PHC-TN-COI-317,Iron Folic Acid tablets,DRG-008,Supplement,4501,500,5000,tablets,2026-08-08,2027-03-23
PHC-TN-COI-317,Metformin 500mg,DRG-009,Anti-diabetic,572,300,3000,tablets,2026-09-23,2027-06-01
PHC-TN-COI-317,Amlodipine 5mg,DRG-010,Cardiovascular,749,200,2000,tablets,2026-08-04,2027-02-18
PHC-TN-COI-318,ORS Sachets,DRG-001,Essential,3455,500,5000,sachets,2026-09-19,2027-04-30
PHC-TN-COI-318,Zinc Sulfate 20mg,DRG-002,Essential,718,200,2000,tablets,2026-08-09,2027-06-30
PHC-TN-COI-318,Paracetamol 500mg,DRG-003,Analgesic,1199,1000,10000,tablets,2026-08-05,2027-06-17
PHC-TN-COI-318,Amoxicillin 500mg,DRG-004,Antibiotic,461,300,3000,capsules,2026-09-21,2027-01-09
PHC-TN-COI-318,Polyvalent Anti-Snake Venom (ASV),DRG-005,Antivenom,32,10,50,vials,2026-08-17,2027-05-04
PHC-TN-COI-318,Salbutamol Nebules,DRG-006,Respiratory,349,50,500,ampoules,2026-09-03,2027-05-18
PHC-TN-COI-318,Doxycycline 100mg,DRG-007,Antibiotic,616,200,2000,tablets,2026-09-11,2027-07-23
PHC-TN-COI-318,Iron Folic Acid tablets,DRG-008,Supplement,1895,500,5000,tablets,2026-09-16,2027-06-05
PHC-TN-COI-318,Metformin 500mg,DRG-009,Anti-diabetic,639,300,3000,tablets,2026-09-18,2026-11-19
PHC-TN-COI-318,Amlodipine 5mg,DRG-010,Cardiovascular,298,200,2000,tablets,2026-09-12,2026-11-05
PHC-TN-COI-319,ORS Sachets,DRG-001,Essential,4283,500,5000,sachets,2026-08-04,2027-06-16
PHC-TN-COI-319,Zinc Sulfate 20mg,DRG-002,Essential,1901,200,2000,tablets,2026-08-22,2027-07-01
PHC-TN-COI-319,Paracetamol 500mg,DRG-003,Analgesic,8052,1000,10000,tablets,2026-08-24,2027-04-04
PHC-TN-COI-319,Amoxicillin 500mg,DRG-004,Antibiotic,629,300,3000,capsules,2026-09-02,2027-03-20
PHC-TN-COI-319,Polyvalent Anti-Snake Venom (ASV),DRG-005,Antivenom,50,10,50,vials,2026-09-15,2027-02-15
PHC-TN-COI-319,Salbutamol Nebules,DRG-006,Respiratory,195,50,500,ampoules,2026-09-15,2027-06-18
PHC-TN-COI-319,Doxycycline 100mg,DRG-007,Antibiotic,1445,200,2000,tablets,2026-09-21,2027-07-28
PHC-TN-COI-319,Iron Folic Acid tablets,DRG-008,Supplement,4920,500,5000,tablets,2026-08-19,2027-06-05
PHC-TN-COI-319,Metformin 500mg,DRG-009,Anti-diabetic,2449,300,3000,tablets,2026-08-19,2026-12-14
PHC-TN-COI-319,Amlodipine 5mg,DRG-010,Cardiovascular,1511,200,2000,tablets,2026-09-18,2026-12-21
PHC-TN-COI-320,ORS Sachets,DRG-001,Essential,2624,500,5000,sachets,2026-09-16,2027-07-14
PHC-TN-COI-320,Zinc Sulfate 20mg,DRG-002,Essential,1287,200,2000,tablets,2026-09-18,2027-07-21
PHC-TN-COI-320,Paracetamol 500mg,DRG-003,Analgesic,2908,1000,10000,tablets,2026-08-13,2027-02-07
PHC-TN-COI-320,Amoxicillin 500mg,DRG-004,Antibiotic,1351,300,3000,capsules,2026-08-30,2027-07-06
PHC-TN-COI-320,Polyvalent Anti-Snake Venom (ASV),DRG-005,Antivenom,25,10,50,vials,2026-09-17,2026-12-23
PHC-TN-COI-320,Salbutamol Nebules,DRG-006,Respiratory,315,50,500,ampoules,2026-08-15,2026-11-15
PHC-TN-COI-320,Doxycycline 100mg,DRG-007,Antibiotic,1961,200,2000,tablets,2026-08-20,2027-07-24
PHC-TN-COI-320,Iron Folic Acid tablets,DRG-008,Supplement,2709,500,5000,tablets,2026-08-23,2026-11-09
PHC-TN-COI-320,Metformin 500mg,DRG-009,Anti-diabetic,526,300,3000,tablets,2026-09-18,2027-06-10
PHC-TN-COI-320,Amlodipine 5mg,DRG-010,Cardiovascular,1050,200,2000,tablets,2026-08-02,2026-12-24
PHC-TN-COI-321,ORS Sachets,DRG-001,Essential,158,500,5000,sachets,2026-09-04,2026-11-07
PHC-TN-COI-321,Zinc Sulfate 20mg,DRG-002,Essential,144,200,2000,tablets,2026-08-10,2026-10-29
PHC-TN-COI-321,Paracetamol 500mg,DRG-003,Analgesic,16,1000,10000,tablets,2026-08-16,2027-09-05
PHC-TN-COI-321,Amoxicillin 500mg,DRG-004,Antibiotic,276,300,3000,capsules,2026-08-04,2027-08-18
PHC-TN-COI-321,Polyvalent Anti-Snake Venom (ASV),DRG-005,Antivenom,6,10,50,vials,2026-08-29,2027-05-19
PHC-TN-COI-321,Salbutamol Nebules,DRG-006,Respiratory,48,50,500,ampoules,2026-09-24,2026-11-03
PHC-TN-COI-321,Doxycycline 100mg,DRG-007,Antibiotic,82,200,2000,tablets,2026-08-18,2027-09-28
PHC-TN-COI-321,Iron Folic Acid tablets,DRG-008,Supplement,47,500,5000,tablets,2026-08-30,2027-09-29
PHC-TN-COI-321,Metformin 500mg,DRG-009,Anti-diabetic,34,300,3000,tablets,2026-08-20,2026-11-09
PHC-TN-COI-321,Amlodipine 5mg,DRG-010,Cardiovascular,97,200,2000,tablets,2026-08-02,2027-06-16
PHC-TN-COI-322,ORS Sachets,DRG-001,Essential,1461,500,5000,sachets,2026-09-06,2027-02-05
PHC-TN-COI-322,Zinc Sulfate 20mg,DRG-002,Essential,502,200,2000,tablets,2026-09-16,2027-05-08
PHC-TN-COI-322,Paracetamol 500mg,DRG-003,Analgesic,8073,1000,10000,tablets,2026-09-20,2026-12-14
PHC-TN-COI-322,Amoxicillin 500mg,DRG-004,Antibiotic,2199,300,3000,capsules,2026-08-29,2027-02-07
PHC-TN-COI-322,Polyvalent Anti-Snake Venom (ASV),DRG-005,Antivenom,24,10,50,vials,2026-09-21,2027-09-22
PHC-TN-COI-322,Salbutamol Nebules,DRG-006,Respiratory,386,50,500,ampoules,2026-08-30,2027-03-18
PHC-TN-COI-322,Doxycycline 100mg,DRG-007,Antibiotic,1086,200,2000,tablets,2026-09-02,2027-03-25
PHC-TN-COI-322,Iron Folic Acid tablets,DRG-008,Supplement,3433,500,5000,tablets,2026-09-02,2027-05-19
PHC-TN-COI-322,Metformin 500mg,DRG-009,Anti-diabetic,1106,300,3000,tablets,2026-08-19,2026-10-31
PHC-TN-COI-322,Amlodipine 5mg,DRG-010,Cardiovascular,1756,200,2000,tablets,2026-08-05,2027-07-01
PHC-TN-COI-323,ORS Sachets,DRG-001,Essential,3176,500,5000,sachets,2026-09-04,2027-02-15
PHC-TN-COI-323,Zinc Sulfate 20mg,DRG-002,Essential,1392,200,2000,tablets,2026-09-23,2027-04-04
PHC-TN-COI-323,Paracetamol 500mg,DRG-003,Analgesic,9226,1000,10000,tablets,2026-08-23,2026-12-15
PHC-TN-COI-323,Amoxicillin 500mg,DRG-004,Antibiotic,940,300,3000,capsules,2026-08-01,2027-04-09
PHC-TN-COI-323,Polyvalent Anti-Snake Venom (ASV),DRG-005,Antivenom,30,10,50,vials,2026-08-27,2027-01-19
PHC-TN-COI-323,Salbutamol Nebules,DRG-006,Respiratory,291,50,500,ampoules,2026-09-19,2026-12-06
PHC-TN-COI-323,Doxycycline 100mg,DRG-007,Antibiotic,1779,200,2000,tablets,2026-09-16,2027-06-19
PHC-TN-COI-323,Iron Folic Acid tablets,DRG-008,Supplement,1077,500,5000,tablets,2026-08-23,2027-08-28
PHC-TN-COI-323,Metformin 500mg,DRG-009,Anti-diabetic,2064,300,3000,tablets,2026-09-08,2027-07-10
PHC-TN-COI-323,Amlodipine 5mg,DRG-010,Cardiovascular,400,200,2000,tablets,2026-08-02,2027-08-05
PHC-TN-COI-324,ORS Sachets,DRG-001,Essential,1358,500,5000,sachets,2026-09-04,2027-08-19
PHC-TN-COI-324,Zinc Sulfate 20mg,DRG-002,Essential,1866,200,2000,tablets,2026-09-21,2026-11-06
PHC-TN-COI-324,Paracetamol 500mg,DRG-003,Analgesic,6067,1000,10000,tablets,2026-08-31,2027-03-15
PHC-TN-COI-324,Amoxicillin 500mg,DRG-004,Antibiotic,2437,300,3000,capsules,2026-09-21,2027-04-01
PHC-TN-COI-324,Polyvalent Anti-Snake Venom (ASV),DRG-005,Antivenom,40,10,50,vials,2026-09-07,2027-01-10
PHC-TN-COI-324,Salbutamol Nebules,DRG-006,Respiratory,177,50,500,ampoules,2026-09-15,2027-03-08
PHC-TN-COI-324,Doxycycline 100mg,DRG-007,Antibiotic,1179,200,2000,tablets,2026-09-03,2027-06-02
PHC-TN-COI-324,Iron Folic Acid tablets,DRG-008,Supplement,2580,500,5000,tablets,2026-09-12,2026-12-01
PHC-TN-COI-324,Metformin 500mg,DRG-009,Anti-diabetic,498,300,3000,tablets,2026-08-22,2027-03-31
PHC-TN-COI-324,Amlodipine 5mg,DRG-010,Cardiovascular,291,200,2000,tablets,2026-08-28,2027-03-02
PHC-TN-COI-325,ORS Sachets,DRG-001,Essential,1212,500,5000,sachets,2026-09-16,2027-03-23
PHC-TN-COI-325,Zinc Sulfate 20mg,DRG-002,Essential,654,200,2000,tablets,2026-09-15,2027-06-11
PHC-TN-COI-325,Paracetamol 500mg,DRG-003,Analgesic,2325,1000,10000,tablets,2026-08-15,2027-01-24
PHC-TN-COI-325,Amoxicillin 500mg,DRG-004,Antibiotic,2785,300,3000,capsules,2026-08-06,2026-12-26
PHC-TN-COI-325,Polyvalent Anti-Snake Venom (ASV),DRG-005,Antivenom,13,10,50,vials,2026-08-11,2027-07-18
PHC-TN-COI-325,Salbutamol Nebules,DRG-006,Respiratory,178,50,500,ampoules,2026-08-17,2027-06-21
PHC-TN-COI-325,Doxycycline 100mg,DRG-007,Antibiotic,1384,200,2000,tablets,2026-08-07,2027-04-24
PHC-TN-COI-325,Iron Folic Acid tablets,DRG-008,Supplement,3580,500,5000,tablets,2026-08-23,2027-09-16
PHC-TN-COI-325,Metformin 500mg,DRG-009,Anti-diabetic,700,300,3000,tablets,2026-09-19,2027-06-03
PHC-TN-COI-325,Amlodipine 5mg,DRG-010,Cardiovascular,1105,200,2000,tablets,2026-08-22,2027-05-14
PHC-TN-COI-326,ORS Sachets,DRG-001,Essential,3940,500,5000,sachets,2026-08-28,2027-01-19
PHC-TN-COI-326,Zinc Sulfate 20mg,DRG-002,Essential,665,200,2000,tablets,2026-08-28,2027-09-28
PHC-TN-COI-326,Paracetamol 500mg,DRG-003,Analgesic,1138,1000,10000,tablets,2026-09-11,2027-05-08
PHC-TN-COI-326,Amoxicillin 500mg,DRG-004,Antibiotic,1929,300,3000,capsules,2026-08-16,2027-02-06
PHC-TN-COI-326,Polyvalent Anti-Snake Venom (ASV),DRG-005,Antivenom,14,10,50,vials,2026-08-28,2027-02-02
PHC-TN-COI-326,Salbutamol Nebules,DRG-006,Respiratory,477,50,500,ampoules,2026-08-12,2027-03-21
PHC-TN-COI-326,Doxycycline 100mg,DRG-007,Antibiotic,1956,200,2000,tablets,2026-08-25,2026-12-09
PHC-TN-COI-326,Iron Folic Acid tablets,DRG-008,Supplement,1300,500,5000,tablets,2026-08-24,2027-03-15
PHC-TN-COI-326,Metformin 500mg,DRG-009,Anti-diabetic,1070,300,3000,tablets,2026-08-09,2027-04-26
PHC-TN-COI-326,Amlodipine 5mg,DRG-010,Cardiovascular,364,200,2000,tablets,2026-09-24,2027-07-09
PHC-TN-COI-327,ORS Sachets,DRG-001,Essential,39,500,5000,sachets,2026-09-22,2027-07-16
PHC-TN-COI-327,Zinc Sulfate 20mg,DRG-002,Essential,9,200,2000,tablets,2026-09-11,2026-12-02
PHC-TN-COI-327,Paracetamol 500mg,DRG-003,Analgesic,2,1000,10000,tablets,2026-09-07,2027-09-20
PHC-TN-COI-327,Amoxicillin 500mg,DRG-004,Antibiotic,17,300,3000,capsules,2026-08-21,2027-03-17
PHC-TN-COI-327,Polyvalent Anti-Snake Venom (ASV),DRG-005,Antivenom,0,10,50,vials,2026-09-08,2027-06-16
PHC-TN-COI-327,Salbutamol Nebules,DRG-006,Respiratory,10,50,500,ampoules,2026-09-11,2027-03-06
PHC-TN-COI-327,Doxycycline 100mg,DRG-007,Antibiotic,33,200,2000,tablets,2026-09-08,2027-04-02
PHC-TN-COI-327,Iron Folic Acid tablets,DRG-008,Supplement,67,500,5000,tablets,2026-09-11,2027-07-23
PHC-TN-COI-327,Metformin 500mg,DRG-009,Anti-diabetic,19,300,3000,tablets,2026-09-04,2027-03-16
PHC-TN-COI-327,Amlodipine 5mg,DRG-010,Cardiovascular,8,200,2000,tablets,2026-09-12,2026-12-21
PHC-TN-COI-328,ORS Sachets,DRG-001,Essential,4440,500,5000,sachets,2026-08-30,2027-03-28
PHC-TN-COI-328,Zinc Sulfate 20mg,DRG-002,Essential,1052,200,2000,tablets,2026-08-07,2027-01-16
PHC-TN-COI-328,Paracetamol 500mg,DRG-003,Analgesic,9403,1000,10000,tablets,2026-09-04,2026-11-14
PHC-TN-COI-328,Amoxicillin 500mg,DRG-004,Antibiotic,1511,300,3000,capsules,2026-07-31,2027-08-15
PHC-TN-COI-328,Polyvalent Anti-Snake Venom (ASV),DRG-005,Antivenom,45,10,50,vials,2026-08-05,2027-07-25
PHC-TN-COI-328,Salbutamol Nebules,DRG-006,Respiratory,292,50,500,ampoules,2026-08-26,2027-07-24
PHC-TN-COI-328,Doxycycline 100mg,DRG-007,Antibiotic,1261,200,2000,tablets,2026-08-08,2027-06-04
PHC-TN-COI-328,Iron Folic Acid tablets,DRG-008,Supplement,4014,500,5000,tablets,2026-08-10,2027-09-29
PHC-TN-COI-328,Metformin 500mg,DRG-009,Anti-diabetic,734,300,3000,tablets,2026-09-20,2027-09-18
PHC-TN-COI-328,Amlodipine 5mg,DRG-010,Cardiovascular,987,200,2000,tablets,2026-09-07,2027-06-29
PHC-TN-COI-329,ORS Sachets,DRG-001,Essential,58,500,5000,sachets,2026-08-03,2027-03-07
PHC-TN-COI-329,Zinc Sulfate 20mg,DRG-002,Essential,9,200,2000,tablets,2026-09-05,2027-04-15
PHC-TN-COI-329,Paracetamol 500mg,DRG-003,Analgesic,70,1000,10000,tablets,2026-08-20,2027-03-23
PHC-TN-COI-329,Amoxicillin 500mg,DRG-004,Antibiotic,17,300,3000,capsules,2026-09-22,2027-06-17
PHC-TN-COI-329,Polyvalent Anti-Snake Venom (ASV),DRG-005,Antivenom,1,10,50,vials,2026-08-07,2027-06-09
PHC-TN-COI-329,Salbutamol Nebules,DRG-006,Respiratory,8,50,500,ampoules,2026-08-11,2026-11-30
PHC-TN-COI-329,Doxycycline 100mg,DRG-007,Antibiotic,38,200,2000,tablets,2026-08-31,2027-02-20
PHC-TN-COI-329,Iron Folic Acid tablets,DRG-008,Supplement,41,500,5000,tablets,2026-09-23,2027-08-07
PHC-TN-COI-329,Metformin 500mg,DRG-009,Anti-diabetic,30,300,3000,tablets,2026-08-29,2027-06-23
PHC-TN-COI-329,Amlodipine 5mg,DRG-010,Cardiovascular,10,200,2000,tablets,2026-09-04,2027-04-23
PHC-TN-COI-330,ORS Sachets,DRG-001,Essential,4639,500,5000,sachets,2026-08-30,2026-12-08
PHC-TN-COI-330,Zinc Sulfate 20mg,DRG-002,Essential,1018,200,2000,tablets,2026-08-23,2027-08-30
PHC-TN-COI-330,Paracetamol 500mg,DRG-003,Analgesic,9819,1000,10000,tablets,2026-08-22,2027-02-27
PHC-TN-COI-330,Amoxicillin 500mg,DRG-004,Antibiotic,838,300,3000,capsules,2026-08-21,2027-09-03
PHC-TN-COI-330,Polyvalent Anti-Snake Venom (ASV),DRG-005,Antivenom,23,10,50,vials,2026-08-21,2027-08-26
PHC-TN-COI-330,Salbutamol Nebules,DRG-006,Respiratory,438,50,500,ampoules,2026-09-10,2027-05-27
PHC-TN-COI-330,Doxycycline 100mg,DRG-007,Antibiotic,938,200,2000,tablets,2026-08-09,2027-06-23
PHC-TN-COI-330,Iron Folic Acid tablets,DRG-008,Supplement,1367,500,5000,tablets,2026-08-31,2027-05-08
PHC-TN-COI-330,Metformin 500mg,DRG-009,Anti-diabetic,2605,300,3000,tablets,2026-08-05,2027-08-16
PHC-TN-COI-330,Amlodipine 5mg,DRG-010,Cardiovascular,1345,200,2000,tablets,2026-08-31,2027-08-27
PHC-TN-COI-331,ORS Sachets,DRG-001,Essential,4211,500,5000,sachets,2026-08-29,2026-12-21
PHC-TN-COI-331,Zinc Sulfate 20mg,DRG-002,Essential,1661,200,2000,tablets,2026-08-01,2026-11-14
PHC-TN-COI-331,Paracetamol 500mg,DRG-003,Analgesic,1400,1000,10000,tablets,2026-08-23,2027-09-29
PHC-TN-COI-331,Amoxicillin 500mg,DRG-004,Antibiotic,1998,300,3000,capsules,2026-09-21,2026-12-20
PHC-TN-COI-331,Polyvalent Anti-Snake Venom (ASV),DRG-005,Antivenom,17,10,50,vials,2026-08-09,2027-04-09
PHC-TN-COI-331,Salbutamol Nebules,DRG-006,Respiratory,52,50,500,ampoules,2026-09-21,2027-01-08
PHC-TN-COI-331,Doxycycline 100mg,DRG-007,Antibiotic,202,200,2000,tablets,2026-08-11,2027-06-24
PHC-TN-COI-331,Iron Folic Acid tablets,DRG-008,Supplement,3969,500,5000,tablets,2026-08-15,2027-07-07
PHC-TN-COI-331,Metformin 500mg,DRG-009,Anti-diabetic,2602,300,3000,tablets,2026-08-01,2027-03-15
PHC-TN-COI-331,Amlodipine 5mg,DRG-010,Cardiovascular,1182,200,2000,tablets,2026-08-24,2027-07-20
PHC-TN-COI-332,ORS Sachets,DRG-001,Essential,1764,500,5000,sachets,2026-08-16,2026-11-07
PHC-TN-COI-332,Zinc Sulfate 20mg,DRG-002,Essential,520,200,2000,tablets,2026-08-01,2027-06-25
PHC-TN-COI-332,Paracetamol 500mg,DRG-003,Analgesic,2989,1000,10000,tablets,2026-08-26,2026-12-18
PHC-TN-COI-332,Amoxicillin 500mg,DRG-004,Antibiotic,866,300,3000,capsules,2026-09-12,2027-03-20
PHC-TN-COI-332,Polyvalent Anti-Snake Venom (ASV),DRG-005,Antivenom,27,10,50,vials,2026-09-19,2027-03-13
PHC-TN-COI-332,Salbutamol Nebules,DRG-006,Respiratory,234,50,500,ampoules,2026-09-13,2027-01-14
PHC-TN-COI-332,Doxycycline 100mg,DRG-007,Antibiotic,1773,200,2000,tablets,2026-09-17,2027-01-11
PHC-TN-COI-332,Iron Folic Acid tablets,DRG-008,Supplement,3298,500,5000,tablets,2026-09-12,2027-08-08
PHC-TN-COI-332,Metformin 500mg,DRG-009,Anti-diabetic,1875,300,3000,tablets,2026-09-21,2027-09-23
PHC-TN-COI-332,Amlodipine 5mg,DRG-010,Cardiovascular,463,200,2000,tablets,2026-09-17,2027-09-24
PHC-TN-COI-333,ORS Sachets,DRG-001,Essential,3292,500,5000,sachets,2026-09-01,2027-02-12
PHC-TN-COI-333,Zinc Sulfate 20mg,DRG-002,Essential,1456,200,2000,tablets,2026-07-31,2027-02-26
PHC-TN-COI-333,Paracetamol 500mg,DRG-003,Analgesic,2751,1000,10000,tablets,2026-08-31,2027-09-04
PHC-TN-COI-333,Amoxicillin 500mg,DRG-004,Antibiotic,1168,300,3000,capsules,2026-08-14,2027-03-03
PHC-TN-COI-333,Polyvalent Anti-Snake Venom (ASV),DRG-005,Antivenom,31,10,50,vials,2026-08-30,2027-03-24
PHC-TN-COI-333,Salbutamol Nebules,DRG-006,Respiratory,489,50,500,ampoules,2026-08-18,2027-02-25
PHC-TN-COI-333,Doxycycline 100mg,DRG-007,Antibiotic,805,200,2000,tablets,2026-08-01,2027-09-03
PHC-TN-COI-333,Iron Folic Acid tablets,DRG-008,Supplement,513,500,5000,tablets,2026-08-30,2027-09-18
PHC-TN-COI-333,Metformin 500mg,DRG-009,Anti-diabetic,464,300,3000,tablets,2026-08-31,2027-06-02
PHC-TN-COI-333,Amlodipine 5mg,DRG-010,Cardiovascular,724,200,2000,tablets,2026-08-16,2027-04-11
PHC-TN-COI-334,ORS Sachets,DRG-001,Essential,1874,500,5000,sachets,2026-08-19,2027-08-09
PHC-TN-COI-334,Zinc Sulfate 20mg,DRG-002,Essential,572,200,2000,tablets,2026-08-10,2026-11-23
PHC-TN-COI-334,Paracetamol 500mg,DRG-003,Analgesic,3295,1000,10000,tablets,2026-08-16,2027-09-19
PHC-TN-COI-334,Amoxicillin 500mg,DRG-004,Antibiotic,2421,300,3000,capsules,2026-09-19,2027-05-31
PHC-TN-COI-334,Polyvalent Anti-Snake Venom (ASV),DRG-005,Antivenom,30,10,50,vials,2026-08-06,2026-12-08
PHC-TN-COI-334,Salbutamol Nebules,DRG-006,Respiratory,328,50,500,ampoules,2026-09-11,2027-08-21
PHC-TN-COI-334,Doxycycline 100mg,DRG-007,Antibiotic,616,200,2000,tablets,2026-09-05,2026-12-14
PHC-TN-COI-334,Iron Folic Acid tablets,DRG-008,Supplement,3270,500,5000,tablets,2026-08-10,2027-07-08
PHC-TN-COI-334,Metformin 500mg,DRG-009,Anti-diabetic,1673,300,3000,tablets,2026-08-30,2027-08-19
PHC-TN-COI-334,Amlodipine 5mg,DRG-010,Cardiovascular,757,200,2000,tablets,2026-09-06,2027-03-13
PHC-TN-COI-335,ORS Sachets,DRG-001,Essential,52,500,5000,sachets,2026-08-10,2027-03-20
PHC-TN-COI-335,Zinc Sulfate 20mg,DRG-002,Essential,85,200,2000,tablets,2026-09-03,2027-02-26
PHC-TN-COI-335,Paracetamol 500mg,DRG-003,Analgesic,435,1000,10000,tablets,2026-08-04,2027-09-02
PHC-TN-COI-335,Amoxicillin 500mg,DRG-004,Antibiotic,113,300,3000,capsules,2026-08-26,2027-07-21
PHC-TN-COI-335,Polyvalent Anti-Snake Venom (ASV),DRG-005,Antivenom,2,10,50,vials,2026-09-10,2027-01-25
PHC-TN-COI-335,Salbutamol Nebules,DRG-006,Respiratory,13,50,500,ampoules,2026-08-17,2026-12-24
PHC-TN-COI-335,Doxycycline 100mg,DRG-007,Antibiotic,87,200,2000,tablets,2026-08-17,2027-02-25
PHC-TN-COI-335,Iron Folic Acid tablets,DRG-008,Supplement,410,500,5000,tablets,2026-08-21,2027-04-17
PHC-TN-COI-335,Metformin 500mg,DRG-009,Anti-diabetic,51,300,3000,tablets,2026-09-13,2026-12-10
PHC-TN-COI-335,Amlodipine 5mg,DRG-010,Cardiovascular,90,200,2000,tablets,2026-08-28,2027-05-14
PHC-TN-COI-336,ORS Sachets,DRG-001,Essential,451,500,5000,sachets,2026-09-15,2027-09-24
PHC-TN-COI-336,Zinc Sulfate 20mg,DRG-002,Essential,131,200,2000,tablets,2026-09-10,2027-07-28
PHC-TN-COI-336,Paracetamol 500mg,DRG-003,Analgesic,494,1000,10000,tablets,2026-09-01,2027-08-29
PHC-TN-COI-336,Amoxicillin 500mg,DRG-004,Antibiotic,126,300,3000,capsules,2026-08-27,2027-03-25
PHC-TN-COI-336,Polyvalent Anti-Snake Venom (ASV),DRG-005,Antivenom,3,10,50,vials,2026-08-17,2027-03-23
PHC-TN-COI-336,Salbutamol Nebules,DRG-006,Respiratory,1,50,500,ampoules,2026-09-07,2027-01-24
PHC-TN-COI-336,Doxycycline 100mg,DRG-007,Antibiotic,68,200,2000,tablets,2026-09-02,2026-11-24
PHC-TN-COI-336,Iron Folic Acid tablets,DRG-008,Supplement,297,500,5000,tablets,2026-08-31,2027-07-07
PHC-TN-COI-336,Metformin 500mg,DRG-009,Anti-diabetic,229,300,3000,tablets,2026-08-04,2027-04-28
PHC-TN-COI-336,Amlodipine 5mg,DRG-010,Cardiovascular,124,200,2000,tablets,2026-08-22,2027-03-18
PHC-TN-MAD-337,ORS Sachets,DRG-001,Essential,72,500,5000,sachets,2026-08-05,2027-07-15
PHC-TN-MAD-337,Zinc Sulfate 20mg,DRG-002,Essential,19,200,2000,tablets,2026-09-17,2027-06-04
PHC-TN-MAD-337,Paracetamol 500mg,DRG-003,Analgesic,64,1000,10000,tablets,2026-09-22,2027-06-30
PHC-TN-MAD-337,Amoxicillin 500mg,DRG-004,Antibiotic,24,300,3000,capsules,2026-08-03,2027-09-02
PHC-TN-MAD-337,Polyvalent Anti-Snake Venom (ASV),DRG-005,Antivenom,2,10,50,vials,2026-08-12,2027-04-26
PHC-TN-MAD-337,Salbutamol Nebules,DRG-006,Respiratory,4,50,500,ampoules,2026-09-04,2026-11-05
PHC-TN-MAD-337,Doxycycline 100mg,DRG-007,Antibiotic,9,200,2000,tablets,2026-08-07,2027-02-18
PHC-TN-MAD-337,Iron Folic Acid tablets,DRG-008,Supplement,29,500,5000,tablets,2026-08-19,2027-06-09
PHC-TN-MAD-337,Metformin 500mg,DRG-009,Anti-diabetic,15,300,3000,tablets,2026-09-07,2027-05-07
PHC-TN-MAD-337,Amlodipine 5mg,DRG-010,Cardiovascular,30,200,2000,tablets,2026-08-06,2027-07-13
PHC-TN-MAD-338,ORS Sachets,DRG-001,Essential,1183,500,5000,sachets,2026-08-31,2027-06-20
PHC-TN-MAD-338,Zinc Sulfate 20mg,DRG-002,Essential,1301,200,2000,tablets,2026-08-29,2027-01-23
PHC-TN-MAD-338,Paracetamol 500mg,DRG-003,Analgesic,6876,1000,10000,tablets,2026-08-07,2027-02-16
PHC-TN-MAD-338,Amoxicillin 500mg,DRG-004,Antibiotic,2012,300,3000,capsules,2026-09-09,2027-02-04
PHC-TN-MAD-338,Polyvalent Anti-Snake Venom (ASV),DRG-005,Antivenom,38,10,50,vials,2026-09-03,2026-11-10
PHC-TN-MAD-338,Salbutamol Nebules,DRG-006,Respiratory,125,50,500,ampoules,2026-08-17,2027-08-11
PHC-TN-MAD-338,Doxycycline 100mg,DRG-007,Antibiotic,436,200,2000,tablets,2026-08-14,2026-10-30
PHC-TN-MAD-338,Iron Folic Acid tablets,DRG-008,Supplement,4796,500,5000,tablets,2026-09-23,2027-08-03
PHC-TN-MAD-338,Metformin 500mg,DRG-009,Anti-diabetic,2600,300,3000,tablets,2026-08-01,2027-01-14
PHC-TN-MAD-338,Amlodipine 5mg,DRG-010,Cardiovascular,1416,200,2000,tablets,2026-09-02,2027-06-16
PHC-TN-MAD-339,ORS Sachets,DRG-001,Essential,43,500,5000,sachets,2026-09-07,2027-09-29
PHC-TN-MAD-339,Zinc Sulfate 20mg,DRG-002,Essential,9,200,2000,tablets,2026-08-09,2027-05-02
PHC-TN-MAD-339,Paracetamol 500mg,DRG-003,Analgesic,151,1000,10000,tablets,2026-08-06,2027-02-11
PHC-TN-MAD-339,Amoxicillin 500mg,DRG-004,Antibiotic,19,300,3000,capsules,2026-08-11,2027-02-08
PHC-TN-MAD-339,Polyvalent Anti-Snake Venom (ASV),DRG-005,Antivenom,1,10,50,vials,2026-08-20,2027-02-18
PHC-TN-MAD-339,Salbutamol Nebules,DRG-006,Respiratory,9,50,500,ampoules,2026-09-03,2026-12-11
PHC-TN-MAD-339,Doxycycline 100mg,DRG-007,Antibiotic,29,200,2000,tablets,2026-09-22,2027-04-25
PHC-TN-MAD-339,Iron Folic Acid tablets,DRG-008,Supplement,92,500,5000,tablets,2026-09-16,2027-01-02
PHC-TN-MAD-339,Metformin 500mg,DRG-009,Anti-diabetic,47,300,3000,tablets,2026-08-29,2027-08-12
PHC-TN-MAD-339,Amlodipine 5mg,DRG-010,Cardiovascular,37,200,2000,tablets,2026-08-05,2027-07-11
PHC-TN-MAD-340,ORS Sachets,DRG-001,Essential,2780,500,5000,sachets,2026-09-04,2027-04-15
PHC-TN-MAD-340,Zinc Sulfate 20mg,DRG-002,Essential,541,200,2000,tablets,2026-08-27,2026-11-05
PHC-TN-MAD-340,Paracetamol 500mg,DRG-003,Analgesic,5619,1000,10000,tablets,2026-07-31,2027-02-03
PHC-TN-MAD-340,Amoxicillin 500mg,DRG-004,Antibiotic,1206,300,3000,capsules,2026-08-01,2027-03-29
PHC-TN-MAD-340,Polyvalent Anti-Snake Venom (ASV),DRG-005,Antivenom,37,10,50,vials,2026-08-02,2026-12-11
PHC-TN-MAD-340,Salbutamol Nebules,DRG-006,Respiratory,103,50,500,ampoules,2026-09-15,2027-09-16
PHC-TN-MAD-340,Doxycycline 100mg,DRG-007,Antibiotic,528,200,2000,tablets,2026-09-08,2026-11-17
PHC-TN-MAD-340,Iron Folic Acid tablets,DRG-008,Supplement,2189,500,5000,tablets,2026-07-31,2027-01-20
PHC-TN-MAD-340,Metformin 500mg,DRG-009,Anti-diabetic,1740,300,3000,tablets,2026-09-23,2027-06-13
PHC-TN-MAD-340,Amlodipine 5mg,DRG-010,Cardiovascular,982,200,2000,tablets,2026-09-10,2027-06-27
PHC-TN-MAD-341,ORS Sachets,DRG-001,Essential,87,500,5000,sachets,2026-09-17,2027-09-01
PHC-TN-MAD-341,Zinc Sulfate 20mg,DRG-002,Essential,23,200,2000,tablets,2026-09-24,2027-04-09
PHC-TN-MAD-341,Paracetamol 500mg,DRG-003,Analgesic,150,1000,10000,tablets,2026-08-21,2027-05-21
PHC-TN-MAD-341,Amoxicillin 500mg,DRG-004,Antibiotic,25,300,3000,capsules,2026-09-08,2027-09-06
PHC-TN-MAD-341,Polyvalent Anti-Snake Venom (ASV),DRG-005,Antivenom,0,10,50,vials,2026-09-18,2027-08-18
PHC-TN-MAD-341,Salbutamol Nebules,DRG-006,Respiratory,7,50,500,ampoules,2026-09-09,2027-01-02
PHC-TN-MAD-341,Doxycycline 100mg,DRG-007,Antibiotic,7,200,2000,tablets,2026-08-28,2027-08-14
PHC-TN-MAD-341,Iron Folic Acid tablets,DRG-008,Supplement,17,500,5000,tablets,2026-07-31,2027-09-28
PHC-TN-MAD-341,Metformin 500mg,DRG-009,Anti-diabetic,21,300,3000,tablets,2026-08-13,2027-04-15
PHC-TN-MAD-341,Amlodipine 5mg,DRG-010,Cardiovascular,21,200,2000,tablets,2026-08-30,2026-12-27
PHC-TN-MAD-342,ORS Sachets,DRG-001,Essential,2286,500,5000,sachets,2026-09-09,2026-12-21
PHC-TN-MAD-342,Zinc Sulfate 20mg,DRG-002,Essential,1996,200,2000,tablets,2026-09-23,2027-08-19
PHC-TN-MAD-342,Paracetamol 500mg,DRG-003,Analgesic,3314,1000,10000,tablets,2026-08-07,2027-02-24
PHC-TN-MAD-342,Amoxicillin 500mg,DRG-004,Antibiotic,1108,300,3000,capsules,2026-09-24,2027-01-27
PHC-TN-MAD-342,Polyvalent Anti-Snake Venom (ASV),DRG-005,Antivenom,28,10,50,vials,2026-08-04,2027-09-23
PHC-TN-MAD-342,Salbutamol Nebules,DRG-006,Respiratory,488,50,500,ampoules,2026-09-23,2026-12-17
PHC-TN-MAD-342,Doxycycline 100mg,DRG-007,Antibiotic,582,200,2000,tablets,2026-08-18,2027-06-04
PHC-TN-MAD-342,Iron Folic Acid tablets,DRG-008,Supplement,2692,500,5000,tablets,2026-08-07,2027-03-31
PHC-TN-MAD-342,Metformin 500mg,DRG-009,Anti-diabetic,1314,300,3000,tablets,2026-08-06,2027-06-22
PHC-TN-MAD-342,Amlodipine 5mg,DRG-010,Cardiovascular,459,200,2000,tablets,2026-09-09,2026-11-12
PHC-TN-MAD-343,ORS Sachets,DRG-001,Essential,1934,500,5000,sachets,2026-08-01,2027-03-31
PHC-TN-MAD-343,Zinc Sulfate 20mg,DRG-002,Essential,1816,200,2000,tablets,2026-08-06,2027-09-14
PHC-TN-MAD-343,Paracetamol 500mg,DRG-003,Analgesic,5434,1000,10000,tablets,2026-09-10,2027-01-16
PHC-TN-MAD-343,Amoxicillin 500mg,DRG-004,Antibiotic,2674,300,3000,capsules,2026-08-04,2027-01-03
PHC-TN-MAD-343,Polyvalent Anti-Snake Venom (ASV),DRG-005,Antivenom,50,10,50,vials,2026-08-02,2027-05-12
PHC-TN-MAD-343,Salbutamol Nebules,DRG-006,Respiratory,129,50,500,ampoules,2026-08-17,2027-05-15
PHC-TN-MAD-343,Doxycycline 100mg,DRG-007,Antibiotic,594,200,2000,tablets,2026-09-15,2027-09-27
PHC-TN-MAD-343,Iron Folic Acid tablets,DRG-008,Supplement,4238,500,5000,tablets,2026-08-02,2027-09-03
PHC-TN-MAD-343,Metformin 500mg,DRG-009,Anti-diabetic,1078,300,3000,tablets,2026-08-20,2027-04-22
PHC-TN-MAD-343,Amlodipine 5mg,DRG-010,Cardiovascular,998,200,2000,tablets,2026-08-30,2026-12-03
PHC-TN-MAD-344,ORS Sachets,DRG-001,Essential,1246,500,5000,sachets,2026-09-21,2026-12-09
PHC-TN-MAD-344,Zinc Sulfate 20mg,DRG-002,Essential,1532,200,2000,tablets,2026-08-01,2027-09-16
PHC-TN-MAD-344,Paracetamol 500mg,DRG-003,Analgesic,9192,1000,10000,tablets,2026-09-15,2027-06-21
PHC-TN-MAD-344,Amoxicillin 500mg,DRG-004,Antibiotic,2926,300,3000,capsules,2026-08-01,2027-06-07
PHC-TN-MAD-344,Polyvalent Anti-Snake Venom (ASV),DRG-005,Antivenom,27,10,50,vials,2026-09-01,2027-09-29
PHC-TN-MAD-344,Salbutamol Nebules,DRG-006,Respiratory,466,50,500,ampoules,2026-08-10,2026-12-31
PHC-TN-MAD-344,Doxycycline 100mg,DRG-007,Antibiotic,1467,200,2000,tablets,2026-08-24,2027-04-02
PHC-TN-MAD-344,Iron Folic Acid tablets,DRG-008,Supplement,4978,500,5000,tablets,2026-09-09,2027-04-28
PHC-TN-MAD-344,Metformin 500mg,DRG-009,Anti-diabetic,2219,300,3000,tablets,2026-09-19,2026-11-20
PHC-TN-MAD-344,Amlodipine 5mg,DRG-010,Cardiovascular,1194,200,2000,tablets,2026-09-05,2026-11-29
PHC-TN-MAD-345,ORS Sachets,DRG-001,Essential,3814,500,5000,sachets,2026-08-31,2027-07-15
PHC-TN-MAD-345,Zinc Sulfate 20mg,DRG-002,Essential,868,200,2000,tablets,2026-09-15,2027-06-29
PHC-TN-MAD-345,Paracetamol 500mg,DRG-003,Analgesic,2480,1000,10000,tablets,2026-08-20,2026-10-30
PHC-TN-MAD-345,Amoxicillin 500mg,DRG-004,Antibiotic,2998,300,3000,capsules,2026-08-14,2027-05-24
PHC-TN-MAD-345,Polyvalent Anti-Snake Venom (ASV),DRG-005,Antivenom,16,10,50,vials,2026-08-11,2026-11-09
PHC-TN-MAD-345,Salbutamol Nebules,DRG-006,Respiratory,303,50,500,ampoules,2026-08-22,2027-04-29
PHC-TN-MAD-345,Doxycycline 100mg,DRG-007,Antibiotic,1132,200,2000,tablets,2026-08-10,2027-07-03
PHC-TN-MAD-345,Iron Folic Acid tablets,DRG-008,Supplement,2707,500,5000,tablets,2026-08-28,2027-07-22
PHC-TN-MAD-345,Metformin 500mg,DRG-009,Anti-diabetic,1698,300,3000,tablets,2026-09-05,2027-03-26
PHC-TN-MAD-345,Amlodipine 5mg,DRG-010,Cardiovascular,1576,200,2000,tablets,2026-08-24,2026-12-25
PHC-TN-MAD-346,ORS Sachets,DRG-001,Essential,354,500,5000,sachets,2026-08-19,2027-06-18
PHC-TN-MAD-346,Zinc Sulfate 20mg,DRG-002,Essential,110,200,2000,tablets,2026-08-03,2027-02-02
PHC-TN-MAD-346,Paracetamol 500mg,DRG-003,Analgesic,195,1000,10000,tablets,2026-07-31,2027-09-17
PHC-TN-MAD-346,Amoxicillin 500mg,DRG-004,Antibiotic,123,300,3000,capsules,2026-08-06,2027-01-14
PHC-TN-MAD-346,Polyvalent Anti-Snake Venom (ASV),DRG-005,Antivenom,5,10,50,vials,2026-08-30,2027-02-23
PHC-TN-MAD-346,Salbutamol Nebules,DRG-006,Respiratory,19,50,500,ampoules,2026-08-09,2027-09-08
PHC-TN-MAD-346,Doxycycline 100mg,DRG-007,Antibiotic,52,200,2000,tablets,2026-09-08,2027-07-30
PHC-TN-MAD-346,Iron Folic Acid tablets,DRG-008,Supplement,11,500,5000,tablets,2026-08-21,2027-03-07
PHC-TN-MAD-346,Metformin 500mg,DRG-009,Anti-diabetic,52,300,3000,tablets,2026-08-10,2027-09-20
PHC-TN-MAD-346,Amlodipine 5mg,DRG-010,Cardiovascular,129,200,2000,tablets,2026-08-17,2027-02-12
PHC-TN-MAD-347,ORS Sachets,DRG-001,Essential,103,500,5000,sachets,2026-09-01,2027-07-18
PHC-TN-MAD-347,Zinc Sulfate 20mg,DRG-002,Essential,151,200,2000,tablets,2026-08-01,2026-11-02
PHC-TN-MAD-347,Paracetamol 500mg,DRG-003,Analgesic,982,1000,10000,tablets,2026-08-02,2027-05-01
PHC-TN-MAD-347,Amoxicillin 500mg,DRG-004,Antibiotic,46,300,3000,capsules,2026-08-13,2027-02-21
PHC-TN-MAD-347,Polyvalent Anti-Snake Venom (ASV),DRG-005,Antivenom,10,10,50,vials,2026-08-26,2027-05-13
PHC-TN-MAD-347,Salbutamol Nebules,DRG-006,Respiratory,4,50,500,ampoules,2026-08-14,2027-08-02
PHC-TN-MAD-347,Doxycycline 100mg,DRG-007,Antibiotic,162,200,2000,tablets,2026-09-03,2027-01-25
PHC-TN-MAD-347,Iron Folic Acid tablets,DRG-008,Supplement,403,500,5000,tablets,2026-09-05,2027-03-09
PHC-TN-MAD-347,Metformin 500mg,DRG-009,Anti-diabetic,192,300,3000,tablets,2026-09-18,2026-11-29
PHC-TN-MAD-347,Amlodipine 5mg,DRG-010,Cardiovascular,138,200,2000,tablets,2026-08-09,2027-03-22
PHC-TN-MAD-348,ORS Sachets,DRG-001,Essential,3656,500,5000,sachets,2026-09-19,2027-02-13
PHC-TN-MAD-348,Zinc Sulfate 20mg,DRG-002,Essential,1486,200,2000,tablets,2026-08-22,2027-07-05
PHC-TN-MAD-348,Paracetamol 500mg,DRG-003,Analgesic,5419,1000,10000,tablets,2026-09-17,2027-09-25
PHC-TN-MAD-348,Amoxicillin 500mg,DRG-004,Antibiotic,2992,300,3000,capsules,2026-09-02,2027-09-16
PHC-TN-MAD-348,Polyvalent Anti-Snake Venom (ASV),DRG-005,Antivenom,28,10,50,vials,2026-09-21,2026-12-12
PHC-TN-MAD-348,Salbutamol Nebules,DRG-006,Respiratory,345,50,500,ampoules,2026-08-05,2027-06-23
PHC-TN-MAD-348,Doxycycline 100mg,DRG-007,Antibiotic,1634,200,2000,tablets,2026-09-11,2027-05-29
PHC-TN-MAD-348,Iron Folic Acid tablets,DRG-008,Supplement,749,500,5000,tablets,2026-09-21,2027-08-11
PHC-TN-MAD-348,Metformin 500mg,DRG-009,Anti-diabetic,2218,300,3000,tablets,2026-09-21,2027-05-05
PHC-TN-MAD-348,Amlodipine 5mg,DRG-010,Cardiovascular,1245,200,2000,tablets,2026-08-16,2027-03-20
PHC-TN-MAD-349,ORS Sachets,DRG-001,Essential,126,500,5000,sachets,2026-09-05,2027-02-23
PHC-TN-MAD-349,Zinc Sulfate 20mg,DRG-002,Essential,94,200,2000,tablets,2026-09-11,2026-11-14
PHC-TN-MAD-349,Paracetamol 500mg,DRG-003,Analgesic,553,1000,10000,tablets,2026-09-10,2027-08-25
PHC-TN-MAD-349,Amoxicillin 500mg,DRG-004,Antibiotic,194,300,3000,capsules,2026-09-16,2027-08-15
PHC-TN-MAD-349,Polyvalent Anti-Snake Venom (ASV),DRG-005,Antivenom,5,10,50,vials,2026-08-15,2027-05-08
PHC-TN-MAD-349,Salbutamol Nebules,DRG-006,Respiratory,3,50,500,ampoules,2026-08-01,2027-02-24
PHC-TN-MAD-349,Doxycycline 100mg,DRG-007,Antibiotic,80,200,2000,tablets,2026-08-17,2027-02-08
PHC-TN-MAD-349,Iron Folic Acid tablets,DRG-008,Supplement,326,500,5000,tablets,2026-08-17,2027-09-07
PHC-TN-MAD-349,Metformin 500mg,DRG-009,Anti-diabetic,60,300,3000,tablets,2026-08-25,2027-09-05
PHC-TN-MAD-349,Amlodipine 5mg,DRG-010,Cardiovascular,58,200,2000,tablets,2026-09-05,2027-08-18
PHC-TN-MAD-350,ORS Sachets,DRG-001,Essential,2463,500,5000,sachets,2026-08-05,2027-06-14
PHC-TN-MAD-350,Zinc Sulfate 20mg,DRG-002,Essential,575,200,2000,tablets,2026-09-01,2027-09-04
PHC-TN-MAD-350,Paracetamol 500mg,DRG-003,Analgesic,6884,1000,10000,tablets,2026-08-22,2027-08-28
PHC-TN-MAD-350,Amoxicillin 500mg,DRG-004,Antibiotic,1103,300,3000,capsules,2026-08-19,2027-02-09
PHC-TN-MAD-350,Polyvalent Anti-Snake Venom (ASV),DRG-005,Antivenom,17,10,50,vials,2026-09-22,2027-04-11
PHC-TN-MAD-350,Salbutamol Nebules,DRG-006,Respiratory,194,50,500,ampoules,2026-08-04,2027-05-20
PHC-TN-MAD-350,Doxycycline 100mg,DRG-007,Antibiotic,1693,200,2000,tablets,2026-08-10,2027-02-22
PHC-TN-MAD-350,Iron Folic Acid tablets,DRG-008,Supplement,866,500,5000,tablets,2026-08-31,2027-04-07
PHC-TN-MAD-350,Metformin 500mg,DRG-009,Anti-diabetic,1603,300,3000,tablets,2026-09-04,2027-09-28
PHC-TN-MAD-350,Amlodipine 5mg,DRG-010,Cardiovascular,1223,200,2000,tablets,2026-09-17,2027-03-30
PHC-TN-MAD-351,ORS Sachets,DRG-001,Essential,3908,500,5000,sachets,2026-08-05,2026-11-20
PHC-TN-MAD-351,Zinc Sulfate 20mg,DRG-002,Essential,1457,200,2000,tablets,2026-07-31,2027-02-22
PHC-TN-MAD-351,Paracetamol 500mg,DRG-003,Analgesic,3329,1000,10000,tablets,2026-08-30,2027-07-04
PHC-TN-MAD-351,Amoxicillin 500mg,DRG-004,Antibiotic,982,300,3000,capsules,2026-08-13,2026-12-11
PHC-TN-MAD-351,Polyvalent Anti-Snake Venom (ASV),DRG-005,Antivenom,28,10,50,vials,2026-09-16,2026-10-31
PHC-TN-MAD-351,Salbutamol Nebules,DRG-006,Respiratory,313,50,500,ampoules,2026-09-22,2027-01-08
PHC-TN-MAD-351,Doxycycline 100mg,DRG-007,Antibiotic,801,200,2000,tablets,2026-08-22,2027-03-22
PHC-TN-MAD-351,Iron Folic Acid tablets,DRG-008,Supplement,1801,500,5000,tablets,2026-07-31,2027-02-05
PHC-TN-MAD-351,Metformin 500mg,DRG-009,Anti-diabetic,1392,300,3000,tablets,2026-07-31,2027-02-17
PHC-TN-MAD-351,Amlodipine 5mg,DRG-010,Cardiovascular,703,200,2000,tablets,2026-08-13,2027-08-05
PHC-TN-MAD-352,ORS Sachets,DRG-001,Essential,4465,500,5000,sachets,2026-08-22,2027-07-06
PHC-TN-MAD-352,Zinc Sulfate 20mg,DRG-002,Essential,1840,200,2000,tablets,2026-08-07,2027-02-16
PHC-TN-MAD-352,Paracetamol 500mg,DRG-003,Analgesic,9698,1000,10000,tablets,2026-08-17,2026-12-13
PHC-TN-MAD-352,Amoxicillin 500mg,DRG-004,Antibiotic,1308,300,3000,capsules,2026-08-15,2027-01-02
PHC-TN-MAD-352,Polyvalent Anti-Snake Venom (ASV),DRG-005,Antivenom,33,10,50,vials,2026-09-17,2026-11-13
PHC-TN-MAD-352,Salbutamol Nebules,DRG-006,Respiratory,366,50,500,ampoules,2026-08-29,2027-09-25
PHC-TN-MAD-352,Doxycycline 100mg,DRG-007,Antibiotic,1573,200,2000,tablets,2026-08-27,2027-06-22
PHC-TN-MAD-352,Iron Folic Acid tablets,DRG-008,Supplement,816,500,5000,tablets,2026-09-16,2027-01-01
PHC-TN-MAD-352,Metformin 500mg,DRG-009,Anti-diabetic,2970,300,3000,tablets,2026-08-18,2027-03-08
PHC-TN-MAD-352,Amlodipine 5mg,DRG-010,Cardiovascular,1736,200,2000,tablets,2026-09-24,2027-07-07
PHC-TN-MAD-353,ORS Sachets,DRG-001,Essential,11,500,5000,sachets,2026-09-11,2027-04-24
PHC-TN-MAD-353,Zinc Sulfate 20mg,DRG-002,Essential,1,200,2000,tablets,2026-09-07,2027-05-20
PHC-TN-MAD-353,Paracetamol 500mg,DRG-003,Analgesic,107,1000,10000,tablets,2026-08-13,2027-06-12
PHC-TN-MAD-353,Amoxicillin 500mg,DRG-004,Antibiotic,54,300,3000,capsules,2026-09-18,2027-07-14
PHC-TN-MAD-353,Polyvalent Anti-Snake Venom (ASV),DRG-005,Antivenom,0,10,50,vials,2026-09-14,2027-06-24
PHC-TN-MAD-353,Salbutamol Nebules,DRG-006,Respiratory,4,50,500,ampoules,2026-09-04,2027-01-01
PHC-TN-MAD-353,Doxycycline 100mg,DRG-007,Antibiotic,10,200,2000,tablets,2026-08-20,2027-01-15
PHC-TN-MAD-353,Iron Folic Acid tablets,DRG-008,Supplement,60,500,5000,tablets,2026-09-08,2026-12-01
PHC-TN-MAD-353,Metformin 500mg,DRG-009,Anti-diabetic,8,300,3000,tablets,2026-08-30,2026-11-09
PHC-TN-MAD-353,Amlodipine 5mg,DRG-010,Cardiovascular,1,200,2000,tablets,2026-08-08,2027-08-10
PHC-TN-MAD-354,ORS Sachets,DRG-001,Essential,813,500,5000,sachets,2026-08-02,2027-04-16
PHC-TN-MAD-354,Zinc Sulfate 20mg,DRG-002,Essential,1353,200,2000,tablets,2026-09-24,2027-05-24
PHC-TN-MAD-354,Paracetamol 500mg,DRG-003,Analgesic,3022,1000,10000,tablets,2026-08-03,2026-12-05
PHC-TN-MAD-354,Amoxicillin 500mg,DRG-004,Antibiotic,2812,300,3000,capsules,2026-08-15,2027-09-15
PHC-TN-MAD-354,Polyvalent Anti-Snake Venom (ASV),DRG-005,Antivenom,48,10,50,vials,2026-08-12,2027-03-01
PHC-TN-MAD-354,Salbutamol Nebules,DRG-006,Respiratory,64,50,500,ampoules,2026-08-17,2027-02-03
PHC-TN-MAD-354,Doxycycline 100mg,DRG-007,Antibiotic,1410,200,2000,tablets,2026-09-07,2027-01-19
PHC-TN-MAD-354,Iron Folic Acid tablets,DRG-008,Supplement,702,500,5000,tablets,2026-08-30,2027-06-02
PHC-TN-MAD-354,Metformin 500mg,DRG-009,Anti-diabetic,2190,300,3000,tablets,2026-08-16,2027-03-24
PHC-TN-MAD-354,Amlodipine 5mg,DRG-010,Cardiovascular,1300,200,2000,tablets,2026-07-31,2027-03-30
PHC-TN-MAD-355,ORS Sachets,DRG-001,Essential,537,500,5000,sachets,2026-09-19,2027-04-10
PHC-TN-MAD-355,Zinc Sulfate 20mg,DRG-002,Essential,243,200,2000,tablets,2026-08-06,2027-09-21
PHC-TN-MAD-355,Paracetamol 500mg,DRG-003,Analgesic,9373,1000,10000,tablets,2026-09-14,2026-11-06
PHC-TN-MAD-355,Amoxicillin 500mg,DRG-004,Antibiotic,1961,300,3000,capsules,2026-08-24,2026-12-16
PHC-TN-MAD-355,Polyvalent Anti-Snake Venom (ASV),DRG-005,Antivenom,27,10,50,vials,2026-08-21,2027-05-23
PHC-TN-MAD-355,Salbutamol Nebules,DRG-006,Respiratory,284,50,500,ampoules,2026-09-15,2026-11-21
PHC-TN-MAD-355,Doxycycline 100mg,DRG-007,Antibiotic,2000,200,2000,tablets,2026-09-01,2027-07-18
PHC-TN-MAD-355,Iron Folic Acid tablets,DRG-008,Supplement,2364,500,5000,tablets,2026-09-23,2027-08-27
PHC-TN-MAD-355,Metformin 500mg,DRG-009,Anti-diabetic,685,300,3000,tablets,2026-09-20,2027-04-22
PHC-TN-MAD-355,Amlodipine 5mg,DRG-010,Cardiovascular,700,200,2000,tablets,2026-09-09,2027-09-03
PHC-TN-MAD-356,ORS Sachets,DRG-001,Essential,2370,500,5000,sachets,2026-08-20,2026-11-14
PHC-TN-MAD-356,Zinc Sulfate 20mg,DRG-002,Essential,764,200,2000,tablets,2026-08-02,2027-07-30
PHC-TN-MAD-356,Paracetamol 500mg,DRG-003,Analgesic,2540,1000,10000,tablets,2026-08-16,2027-02-05
PHC-TN-MAD-356,Amoxicillin 500mg,DRG-004,Antibiotic,642,300,3000,capsules,2026-09-10,2027-06-27
PHC-TN-MAD-356,Polyvalent Anti-Snake Venom (ASV),DRG-005,Antivenom,26,10,50,vials,2026-08-22,2027-08-27
PHC-TN-MAD-356,Salbutamol Nebules,DRG-006,Respiratory,488,50,500,ampoules,2026-08-22,2027-03-24
PHC-TN-MAD-356,Doxycycline 100mg,DRG-007,Antibiotic,656,200,2000,tablets,2026-08-12,2026-11-16
PHC-TN-MAD-356,Iron Folic Acid tablets,DRG-008,Supplement,587,500,5000,tablets,2026-08-02,2027-07-24
PHC-TN-MAD-356,Metformin 500mg,DRG-009,Anti-diabetic,2346,300,3000,tablets,2026-08-12,2026-12-23
PHC-TN-MAD-356,Amlodipine 5mg,DRG-010,Cardiovascular,206,200,2000,tablets,2026-08-17,2027-07-25
PHC-TN-MAD-357,ORS Sachets,DRG-001,Essential,2096,500,5000,sachets,2026-08-13,2027-01-15
PHC-TN-MAD-357,Zinc Sulfate 20mg,DRG-002,Essential,531,200,2000,tablets,2026-08-03,2027-01-18
PHC-TN-MAD-357,Paracetamol 500mg,DRG-003,Analgesic,3234,1000,10000,tablets,2026-09-14,2027-02-04
PHC-TN-MAD-357,Amoxicillin 500mg,DRG-004,Antibiotic,868,300,3000,capsules,2026-08-23,2027-07-27
PHC-TN-MAD-357,Polyvalent Anti-Snake Venom (ASV),DRG-005,Antivenom,24,10,50,vials,2026-08-13,2027-08-08
PHC-TN-MAD-357,Salbutamol Nebules,DRG-006,Respiratory,426,50,500,ampoules,2026-08-17,2027-04-10
PHC-TN-MAD-357,Doxycycline 100mg,DRG-007,Antibiotic,650,200,2000,tablets,2026-08-18,2027-06-22
PHC-TN-MAD-357,Iron Folic Acid tablets,DRG-008,Supplement,3272,500,5000,tablets,2026-08-31,2027-07-10
PHC-TN-MAD-357,Metformin 500mg,DRG-009,Anti-diabetic,1284,300,3000,tablets,2026-08-01,2027-09-29
PHC-TN-MAD-357,Amlodipine 5mg,DRG-010,Cardiovascular,1185,200,2000,tablets,2026-08-21,2027-07-09
PHC-TN-SAL-358,ORS Sachets,DRG-001,Essential,872,500,5000,sachets,2026-08-18,2026-12-22
PHC-TN-SAL-358,Zinc Sulfate 20mg,DRG-002,Essential,531,200,2000,tablets,2026-08-06,2027-05-04
PHC-TN-SAL-358,Paracetamol 500mg,DRG-003,Analgesic,7704,1000,10000,tablets,2026-09-01,2026-12-28
PHC-TN-SAL-358,Amoxicillin 500mg,DRG-004,Antibiotic,488,300,3000,capsules,2026-08-20,2027-08-07
PHC-TN-SAL-358,Polyvalent Anti-Snake Venom (ASV),DRG-005,Antivenom,33,10,50,vials,2026-08-20,2027-06-20
PHC-TN-SAL-358,Salbutamol Nebules,DRG-006,Respiratory,461,50,500,ampoules,2026-08-26,2027-09-16
PHC-TN-SAL-358,Doxycycline 100mg,DRG-007,Antibiotic,676,200,2000,tablets,2026-08-26,2027-02-23
PHC-TN-SAL-358,Iron Folic Acid tablets,DRG-008,Supplement,3463,500,5000,tablets,2026-08-23,2027-05-26
PHC-TN-SAL-358,Metformin 500mg,DRG-009,Anti-diabetic,665,300,3000,tablets,2026-08-10,2027-03-04
PHC-TN-SAL-358,Amlodipine 5mg,DRG-010,Cardiovascular,751,200,2000,tablets,2026-08-28,2027-03-04
PHC-TN-SAL-359,ORS Sachets,DRG-001,Essential,3649,500,5000,sachets,2026-09-13,2026-12-29
PHC-TN-SAL-359,Zinc Sulfate 20mg,DRG-002,Essential,569,200,2000,tablets,2026-08-31,2027-07-01
PHC-TN-SAL-359,Paracetamol 500mg,DRG-003,Analgesic,6468,1000,10000,tablets,2026-08-21,2026-11-06
PHC-TN-SAL-359,Amoxicillin 500mg,DRG-004,Antibiotic,2254,300,3000,capsules,2026-09-11,2026-12-21
PHC-TN-SAL-359,Polyvalent Anti-Snake Venom (ASV),DRG-005,Antivenom,19,10,50,vials,2026-08-11,2027-03-11
PHC-TN-SAL-359,Salbutamol Nebules,DRG-006,Respiratory,414,50,500,ampoules,2026-09-03,2027-05-03
PHC-TN-SAL-359,Doxycycline 100mg,DRG-007,Antibiotic,1538,200,2000,tablets,2026-08-17,2027-04-09
PHC-TN-SAL-359,Iron Folic Acid tablets,DRG-008,Supplement,4516,500,5000,tablets,2026-08-02,2027-05-06
PHC-TN-SAL-359,Metformin 500mg,DRG-009,Anti-diabetic,1585,300,3000,tablets,2026-08-08,2027-07-04
PHC-TN-SAL-359,Amlodipine 5mg,DRG-010,Cardiovascular,436,200,2000,tablets,2026-08-09,2027-02-28
PHC-TN-SAL-360,ORS Sachets,DRG-001,Essential,3692,500,5000,sachets,2026-08-10,2026-11-10
PHC-TN-SAL-360,Zinc Sulfate 20mg,DRG-002,Essential,1781,200,2000,tablets,2026-08-09,2027-05-15
PHC-TN-SAL-360,Paracetamol 500mg,DRG-003,Analgesic,1717,1000,10000,tablets,2026-09-10,2026-11-13
PHC-TN-SAL-360,Amoxicillin 500mg,DRG-004,Antibiotic,1639,300,3000,capsules,2026-09-10,2027-06-11
PHC-TN-SAL-360,Polyvalent Anti-Snake Venom (ASV),DRG-005,Antivenom,49,10,50,vials,2026-08-25,2027-06-03
PHC-TN-SAL-360,Salbutamol Nebules,DRG-006,Respiratory,419,50,500,ampoules,2026-09-13,2027-09-21
PHC-TN-SAL-360,Doxycycline 100mg,DRG-007,Antibiotic,425,200,2000,tablets,2026-08-07,2027-06-14
PHC-TN-SAL-360,Iron Folic Acid tablets,DRG-008,Supplement,2474,500,5000,tablets,2026-09-11,2026-11-20
PHC-TN-SAL-360,Metformin 500mg,DRG-009,Anti-diabetic,2037,300,3000,tablets,2026-08-23,2026-11-10
PHC-TN-SAL-360,Amlodipine 5mg,DRG-010,Cardiovascular,853,200,2000,tablets,2026-08-05,2027-01-18
PHC-TN-SAL-361,ORS Sachets,DRG-001,Essential,4767,500,5000,sachets,2026-08-20,2027-08-22
PHC-TN-SAL-361,Zinc Sulfate 20mg,DRG-002,Essential,1192,200,2000,tablets,2026-09-20,2027-05-23
PHC-TN-SAL-361,Paracetamol 500mg,DRG-003,Analgesic,8480,1000,10000,tablets,2026-08-04,2027-09-19
PHC-TN-SAL-361,Amoxicillin 500mg,DRG-004,Antibiotic,459,300,3000,capsules,2026-08-03,2027-07-07
PHC-TN-SAL-361,Polyvalent Anti-Snake Venom (ASV),DRG-005,Antivenom,31,10,50,vials,2026-09-16,2027-09-21
PHC-TN-SAL-361,Salbutamol Nebules,DRG-006,Respiratory,133,50,500,ampoules,2026-09-08,2027-08-28
PHC-TN-SAL-361,Doxycycline 100mg,DRG-007,Antibiotic,725,200,2000,tablets,2026-09-01,2027-05-30
PHC-TN-SAL-361,Iron Folic Acid tablets,DRG-008,Supplement,1514,500,5000,tablets,2026-09-15,2027-06-17
PHC-TN-SAL-361,Metformin 500mg,DRG-009,Anti-diabetic,365,300,3000,tablets,2026-09-08,2026-12-06
PHC-TN-SAL-361,Amlodipine 5mg,DRG-010,Cardiovascular,1316,200,2000,tablets,2026-09-22,2027-09-16
PHC-TN-SAL-362,ORS Sachets,DRG-001,Essential,615,500,5000,sachets,2026-08-26,2027-06-23
PHC-TN-SAL-362,Zinc Sulfate 20mg,DRG-002,Essential,793,200,2000,tablets,2026-08-07,2027-07-26
PHC-TN-SAL-362,Paracetamol 500mg,DRG-003,Analgesic,8232,1000,10000,tablets,2026-08-09,2027-02-08
PHC-TN-SAL-362,Amoxicillin 500mg,DRG-004,Antibiotic,2824,300,3000,capsules,2026-09-23,2027-02-05
PHC-TN-SAL-362,Polyvalent Anti-Snake Venom (ASV),DRG-005,Antivenom,19,10,50,vials,2026-09-19,2027-02-13
PHC-TN-SAL-362,Salbutamol Nebules,DRG-006,Respiratory,246,50,500,ampoules,2026-08-09,2026-12-15
PHC-TN-SAL-362,Doxycycline 100mg,DRG-007,Antibiotic,471,200,2000,tablets,2026-08-26,2027-07-26
PHC-TN-SAL-362,Iron Folic Acid tablets,DRG-008,Supplement,1203,500,5000,tablets,2026-08-13,2027-06-13
PHC-TN-SAL-362,Metformin 500mg,DRG-009,Anti-diabetic,672,300,3000,tablets,2026-08-27,2027-08-13
PHC-TN-SAL-362,Amlodipine 5mg,DRG-010,Cardiovascular,1292,200,2000,tablets,2026-08-30,2027-03-02
PHC-TN-SAL-363,ORS Sachets,DRG-001,Essential,4181,500,5000,sachets,2026-08-04,2027-02-23
PHC-TN-SAL-363,Zinc Sulfate 20mg,DRG-002,Essential,1867,200,2000,tablets,2026-09-03,2027-03-05
PHC-TN-SAL-363,Paracetamol 500mg,DRG-003,Analgesic,8095,1000,10000,tablets,2026-07-31,2027-06-09
PHC-TN-SAL-363,Amoxicillin 500mg,DRG-004,Antibiotic,2206,300,3000,capsules,2026-08-02,2027-08-29
PHC-TN-SAL-363,Polyvalent Anti-Snake Venom (ASV),DRG-005,Antivenom,49,10,50,vials,2026-08-30,2026-11-21
PHC-TN-SAL-363,Salbutamol Nebules,DRG-006,Respiratory,217,50,500,ampoules,2026-09-13,2027-04-12
PHC-TN-SAL-363,Doxycycline 100mg,DRG-007,Antibiotic,888,200,2000,tablets,2026-09-12,2027-05-29
PHC-TN-SAL-363,Iron Folic Acid tablets,DRG-008,Supplement,3662,500,5000,tablets,2026-09-23,2027-06-25
PHC-TN-SAL-363,Metformin 500mg,DRG-009,Anti-diabetic,2821,300,3000,tablets,2026-08-30,2027-03-26
PHC-TN-SAL-363,Amlodipine 5mg,DRG-010,Cardiovascular,1146,200,2000,tablets,2026-08-24,2026-10-29
PHC-TN-SAL-364,ORS Sachets,DRG-001,Essential,250,500,5000,sachets,2026-09-24,2027-04-02
PHC-TN-SAL-364,Zinc Sulfate 20mg,DRG-002,Essential,191,200,2000,tablets,2026-07-31,2027-06-02
PHC-TN-SAL-364,Paracetamol 500mg,DRG-003,Analgesic,737,1000,10000,tablets,2026-09-23,2027-04-03
PHC-TN-SAL-364,Amoxicillin 500mg,DRG-004,Antibiotic,209,300,3000,capsules,2026-08-20,2027-06-08
PHC-TN-SAL-364,Polyvalent Anti-Snake Venom (ASV),DRG-005,Antivenom,2,10,50,vials,2026-09-19,2027-02-19
PHC-TN-SAL-364,Salbutamol Nebules,DRG-006,Respiratory,9,50,500,ampoules,2026-08-21,2027-04-27
PHC-TN-SAL-364,Doxycycline 100mg,DRG-007,Antibiotic,40,200,2000,tablets,2026-09-22,2027-01-18
PHC-TN-SAL-364,Iron Folic Acid tablets,DRG-008,Supplement,330,500,5000,tablets,2026-08-25,2027-05-21
PHC-TN-SAL-364,Metformin 500mg,DRG-009,Anti-diabetic,181,300,3000,tablets,2026-08-19,2027-04-23
PHC-TN-SAL-364,Amlodipine 5mg,DRG-010,Cardiovascular,92,200,2000,tablets,2026-09-07,2027-05-31
PHC-TN-SAL-365,ORS Sachets,DRG-001,Essential,4298,500,5000,sachets,2026-09-19,2027-05-01
PHC-TN-SAL-365,Zinc Sulfate 20mg,DRG-002,Essential,809,200,2000,tablets,2026-09-04,2026-11-19
PHC-TN-SAL-365,Paracetamol 500mg,DRG-003,Analgesic,6498,1000,10000,tablets,2026-09-20,2027-09-27
PHC-TN-SAL-365,Amoxicillin 500mg,DRG-004,Antibiotic,1345,300,3000,capsules,2026-08-28,2027-08-02
PHC-TN-SAL-365,Polyvalent Anti-Snake Venom (ASV),DRG-005,Antivenom,12,10,50,vials,2026-09-11,2027-02-15
PHC-TN-SAL-365,Salbutamol Nebules,DRG-006,Respiratory,149,50,500,ampoules,2026-09-15,2027-02-27
PHC-TN-SAL-365,Doxycycline 100mg,DRG-007,Antibiotic,325,200,2000,tablets,2026-09-01,2027-06-20
PHC-TN-SAL-365,Iron Folic Acid tablets,DRG-008,Supplement,4327,500,5000,tablets,2026-09-15,2027-09-24
PHC-TN-SAL-365,Metformin 500mg,DRG-009,Anti-diabetic,824,300,3000,tablets,2026-08-17,2027-05-26
PHC-TN-SAL-365,Amlodipine 5mg,DRG-010,Cardiovascular,1328,200,2000,tablets,2026-08-18,2026-11-03
PHC-TN-SAL-366,ORS Sachets,DRG-001,Essential,1151,500,5000,sachets,2026-09-19,2027-01-07
PHC-TN-SAL-366,Zinc Sulfate 20mg,DRG-002,Essential,930,200,2000,tablets,2026-08-06,2027-08-18
PHC-TN-SAL-366,Paracetamol 500mg,DRG-003,Analgesic,2429,1000,10000,tablets,2026-09-19,2027-08-17
PHC-TN-SAL-366,Amoxicillin 500mg,DRG-004,Antibiotic,949,300,3000,capsules,2026-09-07,2027-02-18
PHC-TN-SAL-366,Polyvalent Anti-Snake Venom (ASV),DRG-005,Antivenom,21,10,50,vials,2026-08-14,2027-08-04
PHC-TN-SAL-366,Salbutamol Nebules,DRG-006,Respiratory,361,50,500,ampoules,2026-08-03,2026-11-17
PHC-TN-SAL-366,Doxycycline 100mg,DRG-007,Antibiotic,691,200,2000,tablets,2026-08-29,2027-01-12
PHC-TN-SAL-366,Iron Folic Acid tablets,DRG-008,Supplement,4085,500,5000,tablets,2026-08-28,2027-08-09
PHC-TN-SAL-366,Metformin 500mg,DRG-009,Anti-diabetic,943,300,3000,tablets,2026-08-11,2026-11-02
PHC-TN-SAL-366,Amlodipine 5mg,DRG-010,Cardiovascular,1237,200,2000,tablets,2026-08-12,2027-05-06
PHC-TN-SAL-367,ORS Sachets,DRG-001,Essential,4831,500,5000,sachets,2026-08-06,2027-04-13
PHC-TN-SAL-367,Zinc Sulfate 20mg,DRG-002,Essential,369,200,2000,tablets,2026-09-11,2027-05-16
PHC-TN-SAL-367,Paracetamol 500mg,DRG-003,Analgesic,3858,1000,10000,tablets,2026-08-25,2027-05-26
PHC-TN-SAL-367,Amoxicillin 500mg,DRG-004,Antibiotic,2583,300,3000,capsules,2026-08-10,2027-07-12
PHC-TN-SAL-367,Polyvalent Anti-Snake Venom (ASV),DRG-005,Antivenom,40,10,50,vials,2026-09-16,2027-06-21
PHC-TN-SAL-367,Salbutamol Nebules,DRG-006,Respiratory,427,50,500,ampoules,2026-08-22,2026-11-09
PHC-TN-SAL-367,Doxycycline 100mg,DRG-007,Antibiotic,1154,200,2000,tablets,2026-09-22,2026-11-18
PHC-TN-SAL-367,Iron Folic Acid tablets,DRG-008,Supplement,3485,500,5000,tablets,2026-08-13,2027-07-08
PHC-TN-SAL-367,Metformin 500mg,DRG-009,Anti-diabetic,367,300,3000,tablets,2026-09-01,2026-12-09
PHC-TN-SAL-367,Amlodipine 5mg,DRG-010,Cardiovascular,1014,200,2000,tablets,2026-09-05,2027-05-09
PHC-TN-SAL-368,ORS Sachets,DRG-001,Essential,582,500,5000,sachets,2026-09-22,2027-07-27
PHC-TN-SAL-368,Zinc Sulfate 20mg,DRG-002,Essential,708,200,2000,tablets,2026-09-09,2027-01-05
PHC-TN-SAL-368,Paracetamol 500mg,DRG-003,Analgesic,3128,1000,10000,tablets,2026-09-07,2027-07-09
PHC-TN-SAL-368,Amoxicillin 500mg,DRG-004,Antibiotic,882,300,3000,capsules,2026-09-13,2026-12-14
PHC-TN-SAL-368,Polyvalent Anti-Snake Venom (ASV),DRG-005,Antivenom,13,10,50,vials,2026-09-16,2027-09-29
PHC-TN-SAL-368,Salbutamol Nebules,DRG-006,Respiratory,264,50,500,ampoules,2026-08-14,2027-07-03
PHC-TN-SAL-368,Doxycycline 100mg,DRG-007,Antibiotic,548,200,2000,tablets,2026-08-16,2027-08-19
PHC-TN-SAL-368,Iron Folic Acid tablets,DRG-008,Supplement,4106,500,5000,tablets,2026-09-08,2027-06-12
PHC-TN-SAL-368,Metformin 500mg,DRG-009,Anti-diabetic,2918,300,3000,tablets,2026-09-07,2027-01-01
PHC-TN-SAL-368,Amlodipine 5mg,DRG-010,Cardiovascular,1746,200,2000,tablets,2026-08-31,2027-03-14
PHC-TN-SAL-369,ORS Sachets,DRG-001,Essential,1511,500,5000,sachets,2026-09-15,2027-01-12
PHC-TN-SAL-369,Zinc Sulfate 20mg,DRG-002,Essential,542,200,2000,tablets,2026-09-16,2026-12-04
PHC-TN-SAL-369,Paracetamol 500mg,DRG-003,Analgesic,2043,1000,10000,tablets,2026-08-01,2027-08-15
PHC-TN-SAL-369,Amoxicillin 500mg,DRG-004,Antibiotic,534,300,3000,capsules,2026-08-05,2026-11-22
PHC-TN-SAL-369,Polyvalent Anti-Snake Venom (ASV),DRG-005,Antivenom,31,10,50,vials,2026-09-07,2027-02-19
PHC-TN-SAL-369,Salbutamol Nebules,DRG-006,Respiratory,296,50,500,ampoules,2026-09-02,2027-06-09
PHC-TN-SAL-369,Doxycycline 100mg,DRG-007,Antibiotic,582,200,2000,tablets,2026-09-12,2027-08-18
PHC-TN-SAL-369,Iron Folic Acid tablets,DRG-008,Supplement,1683,500,5000,tablets,2026-08-05,2027-01-13
PHC-TN-SAL-369,Metformin 500mg,DRG-009,Anti-diabetic,1406,300,3000,tablets,2026-08-22,2026-12-19
PHC-TN-SAL-369,Amlodipine 5mg,DRG-010,Cardiovascular,293,200,2000,tablets,2026-09-11,2027-04-27
PHC-TN-SAL-370,ORS Sachets,DRG-001,Essential,379,500,5000,sachets,2026-09-13,2027-03-24
PHC-TN-SAL-370,Zinc Sulfate 20mg,DRG-002,Essential,130,200,2000,tablets,2026-08-31,2026-12-19
PHC-TN-SAL-370,Paracetamol 500mg,DRG-003,Analgesic,586,1000,10000,tablets,2026-08-24,2027-04-10
PHC-TN-SAL-370,Amoxicillin 500mg,DRG-004,Antibiotic,275,300,3000,capsules,2026-08-02,2026-11-08
PHC-TN-SAL-370,Polyvalent Anti-Snake Venom (ASV),DRG-005,Antivenom,7,10,50,vials,2026-09-05,2027-06-26
PHC-TN-SAL-370,Salbutamol Nebules,DRG-006,Respiratory,10,50,500,ampoules,2026-08-12,2026-11-19
PHC-TN-SAL-370,Doxycycline 100mg,DRG-007,Antibiotic,147,200,2000,tablets,2026-09-22,2027-09-26
PHC-TN-SAL-370,Iron Folic Acid tablets,DRG-008,Supplement,309,500,5000,tablets,2026-08-23,2027-01-07
PHC-TN-SAL-370,Metformin 500mg,DRG-009,Anti-diabetic,294,300,3000,tablets,2026-09-04,2027-02-02
PHC-TN-SAL-370,Amlodipine 5mg,DRG-010,Cardiovascular,78,200,2000,tablets,2026-08-27,2027-04-07
PHC-TN-SAL-371,ORS Sachets,DRG-001,Essential,4132,500,5000,sachets,2026-08-30,2027-05-03
PHC-TN-SAL-371,Zinc Sulfate 20mg,DRG-002,Essential,1286,200,2000,tablets,2026-09-18,2027-07-10
PHC-TN-SAL-371,Paracetamol 500mg,DRG-003,Analgesic,3849,1000,10000,tablets,2026-07-31,2026-12-06
PHC-TN-SAL-371,Amoxicillin 500mg,DRG-004,Antibiotic,868,300,3000,capsules,2026-08-29,2027-03-15
PHC-TN-SAL-371,Polyvalent Anti-Snake Venom (ASV),DRG-005,Antivenom,17,10,50,vials,2026-08-18,2027-04-22
PHC-TN-SAL-371,Salbutamol Nebules,DRG-006,Respiratory,113,50,500,ampoules,2026-08-13,2027-01-09
PHC-TN-SAL-371,Doxycycline 100mg,DRG-007,Antibiotic,1863,200,2000,tablets,2026-08-21,2026-11-01
PHC-TN-SAL-371,Iron Folic Acid tablets,DRG-008,Supplement,1450,500,5000,tablets,2026-09-15,2027-08-13
PHC-TN-SAL-371,Metformin 500mg,DRG-009,Anti-diabetic,1515,300,3000,tablets,2026-09-17,2026-12-16
PHC-TN-SAL-371,Amlodipine 5mg,DRG-010,Cardiovascular,1896,200,2000,tablets,2026-08-27,2027-02-15
PHC-TN-SAL-372,ORS Sachets,DRG-001,Essential,3176,500,5000,sachets,2026-07-31,2027-04-23
PHC-TN-SAL-372,Zinc Sulfate 20mg,DRG-002,Essential,1212,200,2000,tablets,2026-08-19,2027-07-23
PHC-TN-SAL-372,Paracetamol 500mg,DRG-003,Analgesic,6902,1000,10000,tablets,2026-09-24,2027-07-14
PHC-TN-SAL-372,Amoxicillin 500mg,DRG-004,Antibiotic,2570,300,3000,capsules,2026-08-29,2027-01-17
PHC-TN-SAL-372,Polyvalent Anti-Snake Venom (ASV),DRG-005,Antivenom,35,10,50,vials,2026-08-02,2027-06-27
PHC-TN-SAL-372,Salbutamol Nebules,DRG-006,Respiratory,175,50,500,ampoules,2026-08-30,2027-09-24
PHC-TN-SAL-372,Doxycycline 100mg,DRG-007,Antibiotic,1803,200,2000,tablets,2026-08-22,2027-05-24
PHC-TN-SAL-372,Iron Folic Acid tablets,DRG-008,Supplement,3419,500,5000,tablets,2026-09-13,2027-02-22
PHC-TN-SAL-372,Metformin 500mg,DRG-009,Anti-diabetic,1850,300,3000,tablets,2026-09-03,2027-05-13
PHC-TN-SAL-372,Amlodipine 5mg,DRG-010,Cardiovascular,535,200,2000,tablets,2026-09-23,2027-09-12
PHC-TN-SAL-373,ORS Sachets,DRG-001,Essential,21,500,5000,sachets,2026-09-08,2026-12-16
PHC-TN-SAL-373,Zinc Sulfate 20mg,DRG-002,Essential,36,200,2000,tablets,2026-08-19,2027-09-20
PHC-TN-SAL-373,Paracetamol 500mg,DRG-003,Analgesic,93,1000,10000,tablets,2026-07-31,2026-11-04
PHC-TN-SAL-373,Amoxicillin 500mg,DRG-004,Antibiotic,44,300,3000,capsules,2026-08-05,2027-08-04
PHC-TN-SAL-373,Polyvalent Anti-Snake Venom (ASV),DRG-005,Antivenom,0,10,50,vials,2026-08-19,2027-05-30
PHC-TN-SAL-373,Salbutamol Nebules,DRG-006,Respiratory,7,50,500,ampoules,2026-08-23,2026-12-21
PHC-TN-SAL-373,Doxycycline 100mg,DRG-007,Antibiotic,0,200,2000,tablets,2026-09-01,2026-12-27
PHC-TN-SAL-373,Iron Folic Acid tablets,DRG-008,Supplement,66,500,5000,tablets,2026-09-08,2026-11-27
PHC-TN-SAL-373,Metformin 500mg,DRG-009,Anti-diabetic,34,300,3000,tablets,2026-08-03,2027-08-15
PHC-TN-SAL-373,Amlodipine 5mg,DRG-010,Cardiovascular,8,200,2000,tablets,2026-09-16,2027-04-12
PHC-TN-SAL-374,ORS Sachets,DRG-001,Essential,4517,500,5000,sachets,2026-08-28,2027-02-28
PHC-TN-SAL-374,Zinc Sulfate 20mg,DRG-002,Essential,639,200,2000,tablets,2026-08-23,2027-03-18
PHC-TN-SAL-374,Paracetamol 500mg,DRG-003,Analgesic,2029,1000,10000,tablets,2026-08-27,2026-12-01
PHC-TN-SAL-374,Amoxicillin 500mg,DRG-004,Antibiotic,1857,300,3000,capsules,2026-09-03,2027-01-09
PHC-TN-SAL-374,Polyvalent Anti-Snake Venom (ASV),DRG-005,Antivenom,17,10,50,vials,2026-09-07,2027-02-21
PHC-TN-SAL-374,Salbutamol Nebules,DRG-006,Respiratory,291,50,500,ampoules,2026-08-31,2027-07-04
PHC-TN-SAL-374,Doxycycline 100mg,DRG-007,Antibiotic,379,200,2000,tablets,2026-08-13,2027-04-05
PHC-TN-SAL-374,Iron Folic Acid tablets,DRG-008,Supplement,3609,500,5000,tablets,2026-08-21,2027-03-25
PHC-TN-SAL-374,Metformin 500mg,DRG-009,Anti-diabetic,2994,300,3000,tablets,2026-09-15,2027-02-02
PHC-TN-SAL-374,Amlodipine 5mg,DRG-010,Cardiovascular,764,200,2000,tablets,2026-09-06,2027-04-28
PHC-TN-SAL-375,ORS Sachets,DRG-001,Essential,1887,500,5000,sachets,2026-08-05,2027-05-12
PHC-TN-SAL-375,Zinc Sulfate 20mg,DRG-002,Essential,605,200,2000,tablets,2026-08-14,2027-04-24
PHC-TN-SAL-375,Paracetamol 500mg,DRG-003,Analgesic,2709,1000,10000,tablets,2026-08-12,2026-10-31
PHC-TN-SAL-375,Amoxicillin 500mg,DRG-004,Antibiotic,489,300,3000,capsules,2026-09-08,2027-07-17
PHC-TN-SAL-375,Polyvalent Anti-Snake Venom (ASV),DRG-005,Antivenom,40,10,50,vials,2026-08-02,2027-04-28
PHC-TN-SAL-375,Salbutamol Nebules,DRG-006,Respiratory,329,50,500,ampoules,2026-08-09,2027-06-21
PHC-TN-SAL-375,Doxycycline 100mg,DRG-007,Antibiotic,1156,200,2000,tablets,2026-09-12,2027-03-02
PHC-TN-SAL-375,Iron Folic Acid tablets,DRG-008,Supplement,3508,500,5000,tablets,2026-08-23,2027-07-19
PHC-TN-SAL-375,Metformin 500mg,DRG-009,Anti-diabetic,1119,300,3000,tablets,2026-08-11,2026-11-01
PHC-TN-SAL-375,Amlodipine 5mg,DRG-010,Cardiovascular,1432,200,2000,tablets,2026-08-05,2027-08-03
PHC-TN-SAL-376,ORS Sachets,DRG-001,Essential,2690,500,5000,sachets,2026-09-07,2027-05-14
PHC-TN-SAL-376,Zinc Sulfate 20mg,DRG-002,Essential,746,200,2000,tablets,2026-08-23,2027-03-07
PHC-TN-SAL-376,Paracetamol 500mg,DRG-003,Analgesic,9323,1000,10000,tablets,2026-08-06,2027-01-23
PHC-TN-SAL-376,Amoxicillin 500mg,DRG-004,Antibiotic,1851,300,3000,capsules,2026-08-13,2027-03-16
PHC-TN-SAL-376,Polyvalent Anti-Snake Venom (ASV),DRG-005,Antivenom,26,10,50,vials,2026-09-17,2027-09-07
PHC-TN-SAL-376,Salbutamol Nebules,DRG-006,Respiratory,92,50,500,ampoules,2026-09-08,2027-04-29
PHC-TN-SAL-376,Doxycycline 100mg,DRG-007,Antibiotic,1296,200,2000,tablets,2026-08-24,2026-12-12
PHC-TN-SAL-376,Iron Folic Acid tablets,DRG-008,Supplement,3401,500,5000,tablets,2026-08-17,2027-03-24
PHC-TN-SAL-376,Metformin 500mg,DRG-009,Anti-diabetic,1496,300,3000,tablets,2026-08-20,2026-12-06
PHC-TN-SAL-376,Amlodipine 5mg,DRG-010,Cardiovascular,987,200,2000,tablets,2026-09-22,2027-02-05
PHC-TN-SAL-377,ORS Sachets,DRG-001,Essential,3255,500,5000,sachets,2026-09-18,2027-06-08
PHC-TN-SAL-377,Zinc Sulfate 20mg,DRG-002,Essential,847,200,2000,tablets,2026-08-15,2027-09-20
PHC-TN-SAL-377,Paracetamol 500mg,DRG-003,Analgesic,4924,1000,10000,tablets,2026-09-05,2027-04-10
PHC-TN-SAL-377,Amoxicillin 500mg,DRG-004,Antibiotic,1770,300,3000,capsules,2026-08-31,2027-04-22
PHC-TN-SAL-377,Polyvalent Anti-Snake Venom (ASV),DRG-005,Antivenom,25,10,50,vials,2026-09-21,2026-11-30
PHC-TN-SAL-377,Salbutamol Nebules,DRG-006,Respiratory,411,50,500,ampoules,2026-08-20,2026-11-15
PHC-TN-SAL-377,Doxycycline 100mg,DRG-007,Antibiotic,1859,200,2000,tablets,2026-08-27,2026-12-24
PHC-TN-SAL-377,Iron Folic Acid tablets,DRG-008,Supplement,2721,500,5000,tablets,2026-09-05,2027-03-03
PHC-TN-SAL-377,Metformin 500mg,DRG-009,Anti-diabetic,597,300,3000,tablets,2026-08-24,2026-12-31
PHC-TN-SAL-377,Amlodipine 5mg,DRG-010,Cardiovascular,706,200,2000,tablets,2026-07-31,2027-09-05
PHC-TN-SAL-378,ORS Sachets,DRG-001,Essential,4302,500,5000,sachets,2026-08-08,2027-04-01
PHC-TN-SAL-378,Zinc Sulfate 20mg,DRG-002,Essential,923,200,2000,tablets,2026-09-16,2026-11-22
PHC-TN-SAL-378,Paracetamol 500mg,DRG-003,Analgesic,1312,1000,10000,tablets,2026-08-01,2027-03-26
PHC-TN-SAL-378,Amoxicillin 500mg,DRG-004,Antibiotic,2464,300,3000,capsules,2026-08-10,2027-05-19
PHC-TN-SAL-378,Polyvalent Anti-Snake Venom (ASV),DRG-005,Antivenom,22,10,50,vials,2026-08-30,2027-07-20
PHC-TN-SAL-378,Salbutamol Nebules,DRG-006,Respiratory,463,50,500,ampoules,2026-08-01,2027-04-14
PHC-TN-SAL-378,Doxycycline 100mg,DRG-007,Antibiotic,1419,200,2000,tablets,2026-09-08,2027-05-01
PHC-TN-SAL-378,Iron Folic Acid tablets,DRG-008,Supplement,1845,500,5000,tablets,2026-08-16,2027-06-25
PHC-TN-SAL-378,Metformin 500mg,DRG-009,Anti-diabetic,2629,300,3000,tablets,2026-08-13,2026-12-23
PHC-TN-SAL-378,Amlodipine 5mg,DRG-010,Cardiovascular,1155,200,2000,tablets,2026-09-24,2026-12-24
PHC-TN-TIR-379,ORS Sachets,DRG-001,Essential,4300,500,5000,sachets,2026-08-08,2027-02-07
PHC-TN-TIR-379,Zinc Sulfate 20mg,DRG-002,Essential,1210,200,2000,tablets,2026-08-07,2027-09-17
PHC-TN-TIR-379,Paracetamol 500mg,DRG-003,Analgesic,8481,1000,10000,tablets,2026-08-09,2027-01-09
PHC-TN-TIR-379,Amoxicillin 500mg,DRG-004,Antibiotic,461,300,3000,capsules,2026-08-12,2027-03-11
PHC-TN-TIR-379,Polyvalent Anti-Snake Venom (ASV),DRG-005,Antivenom,38,10,50,vials,2026-08-12,2027-03-04
PHC-TN-TIR-379,Salbutamol Nebules,DRG-006,Respiratory,259,50,500,ampoules,2026-09-24,2026-11-13
PHC-TN-TIR-379,Doxycycline 100mg,DRG-007,Antibiotic,265,200,2000,tablets,2026-09-07,2027-03-13
PHC-TN-TIR-379,Iron Folic Acid tablets,DRG-008,Supplement,3462,500,5000,tablets,2026-08-06,2027-09-20
PHC-TN-TIR-379,Metformin 500mg,DRG-009,Anti-diabetic,1159,300,3000,tablets,2026-08-07,2026-10-29
PHC-TN-TIR-379,Amlodipine 5mg,DRG-010,Cardiovascular,293,200,2000,tablets,2026-07-31,2027-01-17
PHC-TN-TIR-380,ORS Sachets,DRG-001,Essential,355,500,5000,sachets,2026-09-24,2026-12-15
PHC-TN-TIR-380,Zinc Sulfate 20mg,DRG-002,Essential,143,200,2000,tablets,2026-08-10,2027-03-11
PHC-TN-TIR-380,Paracetamol 500mg,DRG-003,Analgesic,984,1000,10000,tablets,2026-09-11,2027-07-04
PHC-TN-TIR-380,Amoxicillin 500mg,DRG-004,Antibiotic,180,300,3000,capsules,2026-08-05,2027-03-10
PHC-TN-TIR-380,Polyvalent Anti-Snake Venom (ASV),DRG-005,Antivenom,1,10,50,vials,2026-09-22,2027-09-08
PHC-TN-TIR-380,Salbutamol Nebules,DRG-006,Respiratory,18,50,500,ampoules,2026-09-08,2027-03-16
PHC-TN-TIR-380,Doxycycline 100mg,DRG-007,Antibiotic,82,200,2000,tablets,2026-09-23,2027-01-04
PHC-TN-TIR-380,Iron Folic Acid tablets,DRG-008,Supplement,254,500,5000,tablets,2026-09-15,2027-09-21
PHC-TN-TIR-380,Metformin 500mg,DRG-009,Anti-diabetic,40,300,3000,tablets,2026-08-06,2026-12-19
PHC-TN-TIR-380,Amlodipine 5mg,DRG-010,Cardiovascular,196,200,2000,tablets,2026-08-23,2027-07-30
PHC-TN-TIR-381,ORS Sachets,DRG-001,Essential,2351,500,5000,sachets,2026-09-08,2026-11-12
PHC-TN-TIR-381,Zinc Sulfate 20mg,DRG-002,Essential,1269,200,2000,tablets,2026-09-07,2027-09-03
PHC-TN-TIR-381,Paracetamol 500mg,DRG-003,Analgesic,1516,1000,10000,tablets,2026-08-08,2027-04-14
PHC-TN-TIR-381,Amoxicillin 500mg,DRG-004,Antibiotic,521,300,3000,capsules,2026-08-29,2027-02-07
PHC-TN-TIR-381,Polyvalent Anti-Snake Venom (ASV),DRG-005,Antivenom,36,10,50,vials,2026-09-09,2026-11-05
PHC-TN-TIR-381,Salbutamol Nebules,DRG-006,Respiratory,267,50,500,ampoules,2026-08-23,2027-07-24
PHC-TN-TIR-381,Doxycycline 100mg,DRG-007,Antibiotic,502,200,2000,tablets,2026-09-15,2027-05-28
PHC-TN-TIR-381,Iron Folic Acid tablets,DRG-008,Supplement,2644,500,5000,tablets,2026-08-30,2026-12-12
PHC-TN-TIR-381,Metformin 500mg,DRG-009,Anti-diabetic,667,300,3000,tablets,2026-08-20,2027-04-03
PHC-TN-TIR-381,Amlodipine 5mg,DRG-010,Cardiovascular,985,200,2000,tablets,2026-09-17,2027-06-05
PHC-TN-TIR-382,ORS Sachets,DRG-001,Essential,3158,500,5000,sachets,2026-09-22,2027-09-13
PHC-TN-TIR-382,Zinc Sulfate 20mg,DRG-002,Essential,934,200,2000,tablets,2026-08-19,2027-06-07
PHC-TN-TIR-382,Paracetamol 500mg,DRG-003,Analgesic,8946,1000,10000,tablets,2026-08-08,2027-05-23
PHC-TN-TIR-382,Amoxicillin 500mg,DRG-004,Antibiotic,1393,300,3000,capsules,2026-09-11,2027-04-10
PHC-TN-TIR-382,Polyvalent Anti-Snake Venom (ASV),DRG-005,Antivenom,17,10,50,vials,2026-09-03,2026-11-18
PHC-TN-TIR-382,Salbutamol Nebules,DRG-006,Respiratory,347,50,500,ampoules,2026-09-03,2026-12-03
PHC-TN-TIR-382,Doxycycline 100mg,DRG-007,Antibiotic,1598,200,2000,tablets,2026-08-03,2026-11-20
PHC-TN-TIR-382,Iron Folic Acid tablets,DRG-008,Supplement,3875,500,5000,tablets,2026-09-05,2026-10-31
PHC-TN-TIR-382,Metformin 500mg,DRG-009,Anti-diabetic,1286,300,3000,tablets,2026-08-11,2026-12-15
PHC-TN-TIR-382,Amlodipine 5mg,DRG-010,Cardiovascular,870,200,2000,tablets,2026-09-05,2026-11-09
PHC-TN-TIR-383,ORS Sachets,DRG-001,Essential,281,500,5000,sachets,2026-08-28,2027-05-29
PHC-TN-TIR-383,Zinc Sulfate 20mg,DRG-002,Essential,2,200,2000,tablets,2026-09-08,2027-02-09
PHC-TN-TIR-383,Paracetamol 500mg,DRG-003,Analgesic,329,1000,10000,tablets,2026-08-21,2027-05-14
PHC-TN-TIR-383,Amoxicillin 500mg,DRG-004,Antibiotic,167,300,3000,capsules,2026-08-09,2027-02-08
PHC-TN-TIR-383,Polyvalent Anti-Snake Venom (ASV),DRG-005,Antivenom,6,10,50,vials,2026-09-03,2027-03-03
PHC-TN-TIR-383,Salbutamol Nebules,DRG-006,Respiratory,45,50,500,ampoules,2026-08-30,2027-04-03
PHC-TN-TIR-383,Doxycycline 100mg,DRG-007,Antibiotic,11,200,2000,tablets,2026-09-11,2027-01-01
PHC-TN-TIR-383,Iron Folic Acid tablets,DRG-008,Supplement,244,500,5000,tablets,2026-08-06,2027-08-01
PHC-TN-TIR-383,Metformin 500mg,DRG-009,Anti-diabetic,23,300,3000,tablets,2026-08-14,2027-01-11
PHC-TN-TIR-383,Amlodipine 5mg,DRG-010,Cardiovascular,118,200,2000,tablets,2026-08-13,2027-04-14
PHC-TN-TIR-384,ORS Sachets,DRG-001,Essential,337,500,5000,sachets,2026-09-07,2027-09-17
PHC-TN-TIR-384,Zinc Sulfate 20mg,DRG-002,Essential,143,200,2000,tablets,2026-09-14,2027-09-18
PHC-TN-TIR-384,Paracetamol 500mg,DRG-003,Analgesic,574,1000,10000,tablets,2026-08-01,2027-07-21
PHC-TN-TIR-384,Amoxicillin 500mg,DRG-004,Antibiotic,75,300,3000,capsules,2026-09-03,2027-01-02
PHC-TN-TIR-384,Polyvalent Anti-Snake Venom (ASV),DRG-005,Antivenom,10,10,50,vials,2026-09-19,2027-09-11
PHC-TN-TIR-384,Salbutamol Nebules,DRG-006,Respiratory,27,50,500,ampoules,2026-09-02,2026-12-03
PHC-TN-TIR-384,Doxycycline 100mg,DRG-007,Antibiotic,170,200,2000,tablets,2026-08-08,2027-04-17
PHC-TN-TIR-384,Iron Folic Acid tablets,DRG-008,Supplement,137,500,5000,tablets,2026-08-31,2027-03-29
PHC-TN-TIR-384,Metformin 500mg,DRG-009,Anti-diabetic,261,300,3000,tablets,2026-09-23,2027-07-13
PHC-TN-TIR-384,Amlodipine 5mg,DRG-010,Cardiovascular,29,200,2000,tablets,2026-08-12,2026-12-21
PHC-TN-TIR-385,ORS Sachets,DRG-001,Essential,3893,500,5000,sachets,2026-08-09,2026-11-09
PHC-TN-TIR-385,Zinc Sulfate 20mg,DRG-002,Essential,1345,200,2000,tablets,2026-08-04,2027-03-05
PHC-TN-TIR-385,Paracetamol 500mg,DRG-003,Analgesic,5855,1000,10000,tablets,2026-09-03,2026-11-28
PHC-TN-TIR-385,Amoxicillin 500mg,DRG-004,Antibiotic,2613,300,3000,capsules,2026-09-10,2027-07-25
PHC-TN-TIR-385,Polyvalent Anti-Snake Venom (ASV),DRG-005,Antivenom,44,10,50,vials,2026-08-19,2027-08-25
PHC-TN-TIR-385,Salbutamol Nebules,DRG-006,Respiratory,206,50,500,ampoules,2026-08-23,2027-03-11
PHC-TN-TIR-385,Doxycycline 100mg,DRG-007,Antibiotic,1196,200,2000,tablets,2026-08-11,2026-12-27
PHC-TN-TIR-385,Iron Folic Acid tablets,DRG-008,Supplement,658,500,5000,tablets,2026-09-12,2027-06-09
PHC-TN-TIR-385,Metformin 500mg,DRG-009,Anti-diabetic,362,300,3000,tablets,2026-08-11,2026-11-12
PHC-TN-TIR-385,Amlodipine 5mg,DRG-010,Cardiovascular,979,200,2000,tablets,2026-09-09,2026-11-29
PHC-TN-TIR-386,ORS Sachets,DRG-001,Essential,21,500,5000,sachets,2026-09-12,2027-07-23
PHC-TN-TIR-386,Zinc Sulfate 20mg,DRG-002,Essential,8,200,2000,tablets,2026-09-04,2027-06-18
PHC-TN-TIR-386,Paracetamol 500mg,DRG-003,Analgesic,95,1000,10000,tablets,2026-08-17,2027-01-27
PHC-TN-TIR-386,Amoxicillin 500mg,DRG-004,Antibiotic,25,300,3000,capsules,2026-07-31,2027-06-29
PHC-TN-TIR-386,Polyvalent Anti-Snake Venom (ASV),DRG-005,Antivenom,0,10,50,vials,2026-09-12,2027-05-29
PHC-TN-TIR-386,Salbutamol Nebules,DRG-006,Respiratory,6,50,500,ampoules,2026-08-28,2027-02-22
PHC-TN-TIR-386,Doxycycline 100mg,DRG-007,Antibiotic,17,200,2000,tablets,2026-09-22,2026-12-01
PHC-TN-TIR-386,Iron Folic Acid tablets,DRG-008,Supplement,70,500,5000,tablets,2026-09-04,2027-04-22
PHC-TN-TIR-386,Metformin 500mg,DRG-009,Anti-diabetic,43,300,3000,tablets,2026-08-29,2027-03-04
PHC-TN-TIR-386,Amlodipine 5mg,DRG-010,Cardiovascular,17,200,2000,tablets,2026-08-24,2027-09-13
PHC-TN-TIR-387,ORS Sachets,DRG-001,Essential,3946,500,5000,sachets,2026-09-13,2026-12-28
PHC-TN-TIR-387,Zinc Sulfate 20mg,DRG-002,Essential,776,200,2000,tablets,2026-09-22,2027-04-01
PHC-TN-TIR-387,Paracetamol 500mg,DRG-003,Analgesic,7218,1000,10000,tablets,2026-08-09,2027-06-15
PHC-TN-TIR-387,Amoxicillin 500mg,DRG-004,Antibiotic,1017,300,3000,capsules,2026-08-14,2027-09-13
PHC-TN-TIR-387,Polyvalent Anti-Snake Venom (ASV),DRG-005,Antivenom,15,10,50,vials,2026-08-08,2027-08-09
PHC-TN-TIR-387,Salbutamol Nebules,DRG-006,Respiratory,170,50,500,ampoules,2026-08-28,2027-08-08
PHC-TN-TIR-387,Doxycycline 100mg,DRG-007,Antibiotic,704,200,2000,tablets,2026-09-10,2027-08-18
PHC-TN-TIR-387,Iron Folic Acid tablets,DRG-008,Supplement,4967,500,5000,tablets,2026-08-30,2027-08-21
PHC-TN-TIR-387,Metformin 500mg,DRG-009,Anti-diabetic,2241,300,3000,tablets,2026-09-16,2027-09-05
PHC-TN-TIR-387,Amlodipine 5mg,DRG-010,Cardiovascular,1224,200,2000,tablets,2026-09-02,2027-04-04
PHC-TN-TIR-388,ORS Sachets,DRG-001,Essential,227,500,5000,sachets,2026-08-01,2027-05-08
PHC-TN-TIR-388,Zinc Sulfate 20mg,DRG-002,Essential,167,200,2000,tablets,2026-08-05,2027-06-08
PHC-TN-TIR-388,Paracetamol 500mg,DRG-003,Analgesic,665,1000,10000,tablets,2026-09-05,2027-01-22
PHC-TN-TIR-388,Amoxicillin 500mg,DRG-004,Antibiotic,1,300,3000,capsules,2026-08-04,2027-02-03
PHC-TN-TIR-388,Polyvalent Anti-Snake Venom (ASV),DRG-005,Antivenom,10,10,50,vials,2026-08-25,2027-08-15
PHC-TN-TIR-388,Salbutamol Nebules,DRG-006,Respiratory,41,50,500,ampoules,2026-08-28,2027-09-09
PHC-TN-TIR-388,Doxycycline 100mg,DRG-007,Antibiotic,117,200,2000,tablets,2026-09-16,2027-08-05
PHC-TN-TIR-388,Iron Folic Acid tablets,DRG-008,Supplement,117,500,5000,tablets,2026-08-19,2027-07-14
PHC-TN-TIR-388,Metformin 500mg,DRG-009,Anti-diabetic,7,300,3000,tablets,2026-08-12,2027-08-30
PHC-TN-TIR-388,Amlodipine 5mg,DRG-010,Cardiovascular,46,200,2000,tablets,2026-07-31,2027-06-27
PHC-TN-TIR-389,ORS Sachets,DRG-001,Essential,76,500,5000,sachets,2026-08-29,2027-09-29
PHC-TN-TIR-389,Zinc Sulfate 20mg,DRG-002,Essential,6,200,2000,tablets,2026-09-12,2027-02-19
PHC-TN-TIR-389,Paracetamol 500mg,DRG-003,Analgesic,142,1000,10000,tablets,2026-09-06,2027-04-03
PHC-TN-TIR-389,Amoxicillin 500mg,DRG-004,Antibiotic,7,300,3000,capsules,2026-09-24,2026-11-19
PHC-TN-TIR-389,Polyvalent Anti-Snake Venom (ASV),DRG-005,Antivenom,0,10,50,vials,2026-08-22,2027-06-25
PHC-TN-TIR-389,Salbutamol Nebules,DRG-006,Respiratory,4,50,500,ampoules,2026-09-22,2026-12-24
PHC-TN-TIR-389,Doxycycline 100mg,DRG-007,Antibiotic,21,200,2000,tablets,2026-08-19,2026-12-07
PHC-TN-TIR-389,Iron Folic Acid tablets,DRG-008,Supplement,18,500,5000,tablets,2026-08-31,2026-12-15
PHC-TN-TIR-389,Metformin 500mg,DRG-009,Anti-diabetic,11,300,3000,tablets,2026-09-23,2027-02-08
PHC-TN-TIR-389,Amlodipine 5mg,DRG-010,Cardiovascular,12,200,2000,tablets,2026-08-05,2027-08-03
PHC-TN-TIR-390,ORS Sachets,DRG-001,Essential,886,500,5000,sachets,2026-09-04,2027-03-08
PHC-TN-TIR-390,Zinc Sulfate 20mg,DRG-002,Essential,1103,200,2000,tablets,2026-08-16,2027-04-30
PHC-TN-TIR-390,Paracetamol 500mg,DRG-003,Analgesic,5602,1000,10000,tablets,2026-08-07,2026-11-29
PHC-TN-TIR-390,Amoxicillin 500mg,DRG-004,Antibiotic,1801,300,3000,capsules,2026-08-12,2027-02-22
PHC-TN-TIR-390,Polyvalent Anti-Snake Venom (ASV),DRG-005,Antivenom,26,10,50,vials,2026-08-27,2027-09-01
PHC-TN-TIR-390,Salbutamol Nebules,DRG-006,Respiratory,395,50,500,ampoules,2026-08-04,2027-04-22
PHC-TN-TIR-390,Doxycycline 100mg,DRG-007,Antibiotic,855,200,2000,tablets,2026-08-12,2027-05-08
PHC-TN-TIR-390,Iron Folic Acid tablets,DRG-008,Supplement,2178,500,5000,tablets,2026-07-31,2027-09-24
PHC-TN-TIR-390,Metformin 500mg,DRG-009,Anti-diabetic,2553,300,3000,tablets,2026-08-30,2026-11-10
PHC-TN-TIR-390,Amlodipine 5mg,DRG-010,Cardiovascular,1870,200,2000,tablets,2026-09-08,2027-06-23
PHC-TN-TIR-391,ORS Sachets,DRG-001,Essential,1797,500,5000,sachets,2026-08-23,2027-01-21
PHC-TN-TIR-391,Zinc Sulfate 20mg,DRG-002,Essential,1212,200,2000,tablets,2026-08-12,2027-03-10
PHC-TN-TIR-391,Paracetamol 500mg,DRG-003,Analgesic,4315,1000,10000,tablets,2026-09-18,2027-02-08
PHC-TN-TIR-391,Amoxicillin 500mg,DRG-004,Antibiotic,1606,300,3000,capsules,2026-09-03,2027-08-09
PHC-TN-TIR-391,Polyvalent Anti-Snake Venom (ASV),DRG-005,Antivenom,32,10,50,vials,2026-08-11,2027-05-21
PHC-TN-TIR-391,Salbutamol Nebules,DRG-006,Respiratory,268,50,500,ampoules,2026-08-28,2027-05-29
PHC-TN-TIR-391,Doxycycline 100mg,DRG-007,Antibiotic,216,200,2000,tablets,2026-09-09,2027-09-15
PHC-TN-TIR-391,Iron Folic Acid tablets,DRG-008,Supplement,624,500,5000,tablets,2026-08-02,2026-11-04
PHC-TN-TIR-391,Metformin 500mg,DRG-009,Anti-diabetic,1077,300,3000,tablets,2026-09-12,2027-07-12
PHC-TN-TIR-391,Amlodipine 5mg,DRG-010,Cardiovascular,1733,200,2000,tablets,2026-08-30,2027-05-11
PHC-TN-TIR-392,ORS Sachets,DRG-001,Essential,40,500,5000,sachets,2026-09-21,2026-12-23
PHC-TN-TIR-392,Zinc Sulfate 20mg,DRG-002,Essential,35,200,2000,tablets,2026-09-21,2027-02-01
PHC-TN-TIR-392,Paracetamol 500mg,DRG-003,Analgesic,156,1000,10000,tablets,2026-08-19,2026-11-01
PHC-TN-TIR-392,Amoxicillin 500mg,DRG-004,Antibiotic,16,300,3000,capsules,2026-08-03,2027-01-10
PHC-TN-TIR-392,Polyvalent Anti-Snake Venom (ASV),DRG-005,Antivenom,2,10,50,vials,2026-08-07,2027-07-15
PHC-TN-TIR-392,Salbutamol Nebules,DRG-006,Respiratory,6,50,500,ampoules,2026-09-18,2027-01-01
PHC-TN-TIR-392,Doxycycline 100mg,DRG-007,Antibiotic,4,200,2000,tablets,2026-08-11,2027-09-12
PHC-TN-TIR-392,Iron Folic Acid tablets,DRG-008,Supplement,33,500,5000,tablets,2026-08-11,2027-09-16
PHC-TN-TIR-392,Metformin 500mg,DRG-009,Anti-diabetic,49,300,3000,tablets,2026-08-15,2027-04-03
PHC-TN-TIR-392,Amlodipine 5mg,DRG-010,Cardiovascular,6,200,2000,tablets,2026-08-31,2027-07-17
PHC-TN-TIR-393,ORS Sachets,DRG-001,Essential,4380,500,5000,sachets,2026-08-22,2027-05-05
PHC-TN-TIR-393,Zinc Sulfate 20mg,DRG-002,Essential,1003,200,2000,tablets,2026-08-05,2027-06-02
PHC-TN-TIR-393,Paracetamol 500mg,DRG-003,Analgesic,1207,1000,10000,tablets,2026-09-16,2027-02-25
PHC-TN-TIR-393,Amoxicillin 500mg,DRG-004,Antibiotic,1219,300,3000,capsules,2026-09-16,2027-07-22
PHC-TN-TIR-393,Polyvalent Anti-Snake Venom (ASV),DRG-005,Antivenom,31,10,50,vials,2026-08-17,2027-07-25
PHC-TN-TIR-393,Salbutamol Nebules,DRG-006,Respiratory,251,50,500,ampoules,2026-08-07,2027-09-14
PHC-TN-TIR-393,Doxycycline 100mg,DRG-007,Antibiotic,893,200,2000,tablets,2026-09-14,2027-09-08
PHC-TN-TIR-393,Iron Folic Acid tablets,DRG-008,Supplement,3817,500,5000,tablets,2026-09-24,2027-03-06
PHC-TN-TIR-393,Metformin 500mg,DRG-009,Anti-diabetic,1173,300,3000,tablets,2026-08-24,2027-05-08
PHC-TN-TIR-393,Amlodipine 5mg,DRG-010,Cardiovascular,328,200,2000,tablets,2026-08-21,2027-03-29
PHC-TN-TIR-394,ORS Sachets,DRG-001,Essential,1724,500,5000,sachets,2026-08-22,2027-09-04
PHC-TN-TIR-394,Zinc Sulfate 20mg,DRG-002,Essential,479,200,2000,tablets,2026-09-22,2026-11-05
PHC-TN-TIR-394,Paracetamol 500mg,DRG-003,Analgesic,9466,1000,10000,tablets,2026-09-24,2027-05-26
PHC-TN-TIR-394,Amoxicillin 500mg,DRG-004,Antibiotic,752,300,3000,capsules,2026-08-11,2027-02-01
PHC-TN-TIR-394,Polyvalent Anti-Snake Venom (ASV),DRG-005,Antivenom,43,10,50,vials,2026-08-27,2026-12-17
PHC-TN-TIR-394,Salbutamol Nebules,DRG-006,Respiratory,224,50,500,ampoules,2026-09-21,2027-02-11
PHC-TN-TIR-394,Doxycycline 100mg,DRG-007,Antibiotic,1031,200,2000,tablets,2026-08-13,2026-11-12
PHC-TN-TIR-394,Iron Folic Acid tablets,DRG-008,Supplement,3025,500,5000,tablets,2026-08-02,2027-03-22
PHC-TN-TIR-394,Metformin 500mg,DRG-009,Anti-diabetic,395,300,3000,tablets,2026-07-31,2027-05-21
PHC-TN-TIR-394,Amlodipine 5mg,DRG-010,Cardiovascular,527,200,2000,tablets,2026-08-03,2027-05-24
PHC-TN-TIR-395,ORS Sachets,DRG-001,Essential,2564,500,5000,sachets,2026-08-06,2027-03-27
PHC-TN-TIR-395,Zinc Sulfate 20mg,DRG-002,Essential,991,200,2000,tablets,2026-08-13,2027-04-26
PHC-TN-TIR-395,Paracetamol 500mg,DRG-003,Analgesic,4338,1000,10000,tablets,2026-09-14,2026-12-02
PHC-TN-TIR-395,Amoxicillin 500mg,DRG-004,Antibiotic,839,300,3000,capsules,2026-08-10,2027-04-23
PHC-TN-TIR-395,Polyvalent Anti-Snake Venom (ASV),DRG-005,Antivenom,27,10,50,vials,2026-08-15,2026-12-02
PHC-TN-TIR-395,Salbutamol Nebules,DRG-006,Respiratory,361,50,500,ampoules,2026-09-09,2027-02-24
PHC-TN-TIR-395,Doxycycline 100mg,DRG-007,Antibiotic,1721,200,2000,tablets,2026-08-10,2027-08-20
PHC-TN-TIR-395,Iron Folic Acid tablets,DRG-008,Supplement,2585,500,5000,tablets,2026-09-13,2027-06-01
PHC-TN-TIR-395,Metformin 500mg,DRG-009,Anti-diabetic,2820,300,3000,tablets,2026-08-25,2027-06-01
PHC-TN-TIR-395,Amlodipine 5mg,DRG-010,Cardiovascular,1479,200,2000,tablets,2026-09-21,2027-08-27
PHC-TN-TIR-396,ORS Sachets,DRG-001,Essential,4179,500,5000,sachets,2026-09-09,2026-10-31
PHC-TN-TIR-396,Zinc Sulfate 20mg,DRG-002,Essential,1636,200,2000,tablets,2026-08-01,2026-11-18
PHC-TN-TIR-396,Paracetamol 500mg,DRG-003,Analgesic,7060,1000,10000,tablets,2026-09-12,2027-08-05
PHC-TN-TIR-396,Amoxicillin 500mg,DRG-004,Antibiotic,2135,300,3000,capsules,2026-09-16,2027-08-08
PHC-TN-TIR-396,Polyvalent Anti-Snake Venom (ASV),DRG-005,Antivenom,28,10,50,vials,2026-08-30,2027-07-15
PHC-TN-TIR-396,Salbutamol Nebules,DRG-006,Respiratory,275,50,500,ampoules,2026-08-25,2027-04-22
PHC-TN-TIR-396,Doxycycline 100mg,DRG-007,Antibiotic,339,200,2000,tablets,2026-08-05,2027-09-29
PHC-TN-TIR-396,Iron Folic Acid tablets,DRG-008,Supplement,614,500,5000,tablets,2026-08-31,2027-03-21
PHC-TN-TIR-396,Metformin 500mg,DRG-009,Anti-diabetic,2182,300,3000,tablets,2026-09-07,2027-03-25
PHC-TN-TIR-396,Amlodipine 5mg,DRG-010,Cardiovascular,1740,200,2000,tablets,2026-09-02,2026-11-23
PHC-TN-TIR-397,ORS Sachets,DRG-001,Essential,3197,500,5000,sachets,2026-08-26,2027-07-18
PHC-TN-TIR-397,Zinc Sulfate 20mg,DRG-002,Essential,1084,200,2000,tablets,2026-08-30,2027-03-29
PHC-TN-TIR-397,Paracetamol 500mg,DRG-003,Analgesic,7997,1000,10000,tablets,2026-08-16,2027-02-09
PHC-TN-TIR-397,Amoxicillin 500mg,DRG-004,Antibiotic,456,300,3000,capsules,2026-08-17,2027-09-19
PHC-TN-TIR-397,Polyvalent Anti-Snake Venom (ASV),DRG-005,Antivenom,26,10,50,vials,2026-08-21,2027-01-01
PHC-TN-TIR-397,Salbutamol Nebules,DRG-006,Respiratory,132,50,500,ampoules,2026-08-19,2027-04-04
PHC-TN-TIR-397,Doxycycline 100mg,DRG-007,Antibiotic,1769,200,2000,tablets,2026-09-01,2027-09-13
PHC-TN-TIR-397,Iron Folic Acid tablets,DRG-008,Supplement,3010,500,5000,tablets,2026-09-11,2026-10-29
PHC-TN-TIR-397,Metformin 500mg,DRG-009,Anti-diabetic,1898,300,3000,tablets,2026-08-28,2027-08-29
PHC-TN-TIR-397,Amlodipine 5mg,DRG-010,Cardiovascular,1430,200,2000,tablets,2026-08-09,2027-09-04
PHC-TN-TIR-398,ORS Sachets,DRG-001,Essential,48,500,5000,sachets,2026-07-31,2027-06-20
PHC-TN-TIR-398,Zinc Sulfate 20mg,DRG-002,Essential,38,200,2000,tablets,2026-09-22,2027-05-28
PHC-TN-TIR-398,Paracetamol 500mg,DRG-003,Analgesic,184,1000,10000,tablets,2026-08-03,2027-08-18
PHC-TN-TIR-398,Amoxicillin 500mg,DRG-004,Antibiotic,52,300,3000,capsules,2026-08-12,2027-07-31
PHC-TN-TIR-398,Polyvalent Anti-Snake Venom (ASV),DRG-005,Antivenom,2,10,50,vials,2026-08-14,2027-01-17
PHC-TN-TIR-398,Salbutamol Nebules,DRG-006,Respiratory,4,50,500,ampoules,2026-08-01,2027-01-27
PHC-TN-TIR-398,Doxycycline 100mg,DRG-007,Antibiotic,10,200,2000,tablets,2026-09-22,2027-01-22
PHC-TN-TIR-398,Iron Folic Acid tablets,DRG-008,Supplement,82,500,5000,tablets,2026-09-01,2027-01-27
PHC-TN-TIR-398,Metformin 500mg,DRG-009,Anti-diabetic,10,300,3000,tablets,2026-08-30,2027-06-19
PHC-TN-TIR-398,Amlodipine 5mg,DRG-010,Cardiovascular,8,200,2000,tablets,2026-09-18,2027-09-12
PHC-TN-TIR-399,ORS Sachets,DRG-001,Essential,3196,500,5000,sachets,2026-08-30,2027-06-02
PHC-TN-TIR-399,Zinc Sulfate 20mg,DRG-002,Essential,1655,200,2000,tablets,2026-09-14,2027-02-04
PHC-TN-TIR-399,Paracetamol 500mg,DRG-003,Analgesic,6059,1000,10000,tablets,2026-08-14,2027-01-16
PHC-TN-TIR-399,Amoxicillin 500mg,DRG-004,Antibiotic,2164,300,3000,capsules,2026-08-19,2026-10-30
PHC-TN-TIR-399,Polyvalent Anti-Snake Venom (ASV),DRG-005,Antivenom,27,10,50,vials,2026-07-31,2027-05-15
PHC-TN-TIR-399,Salbutamol Nebules,DRG-006,Respiratory,451,50,500,ampoules,2026-08-06,2026-11-23
PHC-TN-TIR-399,Doxycycline 100mg,DRG-007,Antibiotic,1590,200,2000,tablets,2026-08-24,2027-09-16
PHC-TN-TIR-399,Iron Folic Acid tablets,DRG-008,Supplement,2510,500,5000,tablets,2026-08-30,2026-11-16
PHC-TN-TIR-399,Metformin 500mg,DRG-009,Anti-diabetic,2058,300,3000,tablets,2026-08-04,2027-03-26
PHC-TN-TIR-399,Amlodipine 5mg,DRG-010,Cardiovascular,1195,200,2000,tablets,2026-08-27,2026-11-14
PHC-WB-KOL-400,ORS Sachets,DRG-001,Essential,4750,500,5000,sachets,2026-07-31,2027-02-13
PHC-WB-KOL-400,Zinc Sulfate 20mg,DRG-002,Essential,1197,200,2000,tablets,2026-07-31,2027-07-23
PHC-WB-KOL-400,Paracetamol 500mg,DRG-003,Analgesic,3745,1000,10000,tablets,2026-09-12,2027-06-10
PHC-WB-KOL-400,Amoxicillin 500mg,DRG-004,Antibiotic,1063,300,3000,capsules,2026-09-16,2027-04-12
PHC-WB-KOL-400,Polyvalent Anti-Snake Venom (ASV),DRG-005,Antivenom,14,10,50,vials,2026-09-20,2027-03-29
PHC-WB-KOL-400,Salbutamol Nebules,DRG-006,Respiratory,208,50,500,ampoules,2026-09-05,2027-02-08
PHC-WB-KOL-400,Doxycycline 100mg,DRG-007,Antibiotic,847,200,2000,tablets,2026-08-12,2027-01-29
PHC-WB-KOL-400,Iron Folic Acid tablets,DRG-008,Supplement,591,500,5000,tablets,2026-08-15,2027-07-16
PHC-WB-KOL-400,Metformin 500mg,DRG-009,Anti-diabetic,2022,300,3000,tablets,2026-09-24,2027-08-17
PHC-WB-KOL-400,Amlodipine 5mg,DRG-010,Cardiovascular,674,200,2000,tablets,2026-08-21,2027-03-23
PHC-WB-KOL-401,ORS Sachets,DRG-001,Essential,1410,500,5000,sachets,2026-09-13,2027-07-18
PHC-WB-KOL-401,Zinc Sulfate 20mg,DRG-002,Essential,1180,200,2000,tablets,2026-09-11,2027-06-06
PHC-WB-KOL-401,Paracetamol 500mg,DRG-003,Analgesic,3271,1000,10000,tablets,2026-09-03,2027-02-11
PHC-WB-KOL-401,Amoxicillin 500mg,DRG-004,Antibiotic,672,300,3000,capsules,2026-09-11,2027-06-13
PHC-WB-KOL-401,Polyvalent Anti-Snake Venom (ASV),DRG-005,Antivenom,40,10,50,vials,2026-09-06,2027-03-16
PHC-WB-KOL-401,Salbutamol Nebules,DRG-006,Respiratory,337,50,500,ampoules,2026-09-12,2027-09-02
PHC-WB-KOL-401,Doxycycline 100mg,DRG-007,Antibiotic,1599,200,2000,tablets,2026-08-31,2027-02-06
PHC-WB-KOL-401,Iron Folic Acid tablets,DRG-008,Supplement,4339,500,5000,tablets,2026-08-30,2027-09-12
PHC-WB-KOL-401,Metformin 500mg,DRG-009,Anti-diabetic,2295,300,3000,tablets,2026-09-24,2026-11-30
PHC-WB-KOL-401,Amlodipine 5mg,DRG-010,Cardiovascular,588,200,2000,tablets,2026-08-21,2027-06-04
PHC-WB-KOL-402,ORS Sachets,DRG-001,Essential,3659,500,5000,sachets,2026-09-14,2026-12-26
PHC-WB-KOL-402,Zinc Sulfate 20mg,DRG-002,Essential,1823,200,2000,tablets,2026-08-05,2027-06-24
PHC-WB-KOL-402,Paracetamol 500mg,DRG-003,Analgesic,6571,1000,10000,tablets,2026-09-23,2027-06-14
PHC-WB-KOL-402,Amoxicillin 500mg,DRG-004,Antibiotic,1929,300,3000,capsules,2026-09-12,2027-04-01
PHC-WB-KOL-402,Polyvalent Anti-Snake Venom (ASV),DRG-005,Antivenom,50,10,50,vials,2026-09-18,2027-06-26
PHC-WB-KOL-402,Salbutamol Nebules,DRG-006,Respiratory,418,50,500,ampoules,2026-08-11,2027-09-12
PHC-WB-KOL-402,Doxycycline 100mg,DRG-007,Antibiotic,1487,200,2000,tablets,2026-08-17,2027-04-17
PHC-WB-KOL-402,Iron Folic Acid tablets,DRG-008,Supplement,4144,500,5000,tablets,2026-08-25,2027-09-05
PHC-WB-KOL-402,Metformin 500mg,DRG-009,Anti-diabetic,335,300,3000,tablets,2026-08-07,2026-11-20
PHC-WB-KOL-402,Amlodipine 5mg,DRG-010,Cardiovascular,1452,200,2000,tablets,2026-08-08,2027-02-02
PHC-WB-KOL-403,ORS Sachets,DRG-001,Essential,2196,500,5000,sachets,2026-09-16,2027-02-09
PHC-WB-KOL-403,Zinc Sulfate 20mg,DRG-002,Essential,1724,200,2000,tablets,2026-08-06,2027-07-24
PHC-WB-KOL-403,Paracetamol 500mg,DRG-003,Analgesic,4465,1000,10000,tablets,2026-09-14,2027-01-31
PHC-WB-KOL-403,Amoxicillin 500mg,DRG-004,Antibiotic,723,300,3000,capsules,2026-08-24,2027-06-19
PHC-WB-KOL-403,Polyvalent Anti-Snake Venom (ASV),DRG-005,Antivenom,20,10,50,vials,2026-09-24,2026-12-04
PHC-WB-KOL-403,Salbutamol Nebules,DRG-006,Respiratory,64,50,500,ampoules,2026-09-12,2026-11-01
PHC-WB-KOL-403,Doxycycline 100mg,DRG-007,Antibiotic,402,200,2000,tablets,2026-08-04,2027-02-07
PHC-WB-KOL-403,Iron Folic Acid tablets,DRG-008,Supplement,2534,500,5000,tablets,2026-08-15,2027-05-22
PHC-WB-KOL-403,Metformin 500mg,DRG-009,Anti-diabetic,628,300,3000,tablets,2026-08-09,2027-06-16
PHC-WB-KOL-403,Amlodipine 5mg,DRG-010,Cardiovascular,1230,200,2000,tablets,2026-08-05,2027-04-20
PHC-WB-KOL-404,ORS Sachets,DRG-001,Essential,712,500,5000,sachets,2026-09-22,2027-01-20
PHC-WB-KOL-404,Zinc Sulfate 20mg,DRG-002,Essential,389,200,2000,tablets,2026-08-09,2027-06-29
PHC-WB-KOL-404,Paracetamol 500mg,DRG-003,Analgesic,5727,1000,10000,tablets,2026-09-07,2027-02-21
PHC-WB-KOL-404,Amoxicillin 500mg,DRG-004,Antibiotic,1810,300,3000,capsules,2026-09-09,2027-01-04
PHC-WB-KOL-404,Polyvalent Anti-Snake Venom (ASV),DRG-005,Antivenom,24,10,50,vials,2026-09-22,2026-12-16
PHC-WB-KOL-404,Salbutamol Nebules,DRG-006,Respiratory,72,50,500,ampoules,2026-08-21,2027-08-15
PHC-WB-KOL-404,Doxycycline 100mg,DRG-007,Antibiotic,1545,200,2000,tablets,2026-08-31,2027-02-03
PHC-WB-KOL-404,Iron Folic Acid tablets,DRG-008,Supplement,611,500,5000,tablets,2026-09-05,2027-09-16
PHC-WB-KOL-404,Metformin 500mg,DRG-009,Anti-diabetic,2561,300,3000,tablets,2026-09-10,2027-03-01
PHC-WB-KOL-404,Amlodipine 5mg,DRG-010,Cardiovascular,601,200,2000,tablets,2026-09-19,2027-03-25
PHC-WB-KOL-405,ORS Sachets,DRG-001,Essential,427,500,5000,sachets,2026-09-18,2027-07-02
PHC-WB-KOL-405,Zinc Sulfate 20mg,DRG-002,Essential,196,200,2000,tablets,2026-09-11,2026-11-27
PHC-WB-KOL-405,Paracetamol 500mg,DRG-003,Analgesic,908,1000,10000,tablets,2026-08-26,2027-04-28
PHC-WB-KOL-405,Amoxicillin 500mg,DRG-004,Antibiotic,32,300,3000,capsules,2026-09-11,2027-06-26
PHC-WB-KOL-405,Polyvalent Anti-Snake Venom (ASV),DRG-005,Antivenom,2,10,50,vials,2026-09-19,2026-12-12
PHC-WB-KOL-405,Salbutamol Nebules,DRG-006,Respiratory,47,50,500,ampoules,2026-09-10,2026-11-12
PHC-WB-KOL-405,Doxycycline 100mg,DRG-007,Antibiotic,48,200,2000,tablets,2026-09-11,2027-08-07
PHC-WB-KOL-405,Iron Folic Acid tablets,DRG-008,Supplement,219,500,5000,tablets,2026-08-14,2027-08-27
PHC-WB-KOL-405,Metformin 500mg,DRG-009,Anti-diabetic,299,300,3000,tablets,2026-09-08,2027-01-28
PHC-WB-KOL-405,Amlodipine 5mg,DRG-010,Cardiovascular,186,200,2000,tablets,2026-08-19,2027-05-22
PHC-WB-KOL-406,ORS Sachets,DRG-001,Essential,2634,500,5000,sachets,2026-08-30,2027-04-02
PHC-WB-KOL-406,Zinc Sulfate 20mg,DRG-002,Essential,1664,200,2000,tablets,2026-08-30,2027-01-05
PHC-WB-KOL-406,Paracetamol 500mg,DRG-003,Analgesic,4675,1000,10000,tablets,2026-08-19,2027-06-08
PHC-WB-KOL-406,Amoxicillin 500mg,DRG-004,Antibiotic,1081,300,3000,capsules,2026-08-21,2027-04-17
PHC-WB-KOL-406,Polyvalent Anti-Snake Venom (ASV),DRG-005,Antivenom,25,10,50,vials,2026-08-09,2027-08-20
PHC-WB-KOL-406,Salbutamol Nebules,DRG-006,Respiratory,184,50,500,ampoules,2026-09-01,2027-04-17
PHC-WB-KOL-406,Doxycycline 100mg,DRG-007,Antibiotic,1037,200,2000,tablets,2026-08-08,2027-03-23
PHC-WB-KOL-406,Iron Folic Acid tablets,DRG-008,Supplement,4533,500,5000,tablets,2026-08-11,2027-08-20
PHC-WB-KOL-406,Metformin 500mg,DRG-009,Anti-diabetic,1176,300,3000,tablets,2026-09-03,2027-05-06
PHC-WB-KOL-406,Amlodipine 5mg,DRG-010,Cardiovascular,1703,200,2000,tablets,2026-08-30,2026-12-19
PHC-WB-KOL-407,ORS Sachets,DRG-001,Essential,2782,500,5000,sachets,2026-08-23,2027-09-05
PHC-WB-KOL-407,Zinc Sulfate 20mg,DRG-002,Essential,1151,200,2000,tablets,2026-09-18,2026-12-11
PHC-WB-KOL-407,Paracetamol 500mg,DRG-003,Analgesic,8094,1000,10000,tablets,2026-08-01,2027-04-11
PHC-WB-KOL-407,Amoxicillin 500mg,DRG-004,Antibiotic,1852,300,3000,capsules,2026-08-19,2027-09-01
PHC-WB-KOL-407,Polyvalent Anti-Snake Venom (ASV),DRG-005,Antivenom,50,10,50,vials,2026-08-07,2027-01-08
PHC-WB-KOL-407,Salbutamol Nebules,DRG-006,Respiratory,83,50,500,ampoules,2026-08-10,2027-08-31
PHC-WB-KOL-407,Doxycycline 100mg,DRG-007,Antibiotic,1100,200,2000,tablets,2026-08-01,2027-03-12
PHC-WB-KOL-407,Iron Folic Acid tablets,DRG-008,Supplement,3428,500,5000,tablets,2026-09-16,2027-07-01
PHC-WB-KOL-407,Metformin 500mg,DRG-009,Anti-diabetic,1702,300,3000,tablets,2026-08-06,2027-09-01
PHC-WB-KOL-407,Amlodipine 5mg,DRG-010,Cardiovascular,771,200,2000,tablets,2026-08-17,2027-08-08
PHC-WB-KOL-408,ORS Sachets,DRG-001,Essential,435,500,5000,sachets,2026-08-13,2027-04-15
PHC-WB-KOL-408,Zinc Sulfate 20mg,DRG-002,Essential,36,200,2000,tablets,2026-08-30,2027-09-10
PHC-WB-KOL-408,Paracetamol 500mg,DRG-003,Analgesic,320,1000,10000,tablets,2026-09-03,2027-06-20
PHC-WB-KOL-408,Amoxicillin 500mg,DRG-004,Antibiotic,145,300,3000,capsules,2026-08-31,2026-12-25
PHC-WB-KOL-408,Polyvalent Anti-Snake Venom (ASV),DRG-005,Antivenom,7,10,50,vials,2026-09-21,2027-09-27
PHC-WB-KOL-408,Salbutamol Nebules,DRG-006,Respiratory,35,50,500,ampoules,2026-09-10,2027-04-23
PHC-WB-KOL-408,Doxycycline 100mg,DRG-007,Antibiotic,12,200,2000,tablets,2026-08-16,2026-12-30
PHC-WB-KOL-408,Iron Folic Acid tablets,DRG-008,Supplement,115,500,5000,tablets,2026-08-30,2027-07-10
PHC-WB-KOL-408,Metformin 500mg,DRG-009,Anti-diabetic,90,300,3000,tablets,2026-09-17,2027-07-27
PHC-WB-KOL-408,Amlodipine 5mg,DRG-010,Cardiovascular,148,200,2000,tablets,2026-09-10,2027-02-01
PHC-WB-KOL-409,ORS Sachets,DRG-001,Essential,1878,500,5000,sachets,2026-09-24,2026-11-07
PHC-WB-KOL-409,Zinc Sulfate 20mg,DRG-002,Essential,1579,200,2000,tablets,2026-08-16,2027-09-25
PHC-WB-KOL-409,Paracetamol 500mg,DRG-003,Analgesic,4371,1000,10000,tablets,2026-08-10,2027-07-19
PHC-WB-KOL-409,Amoxicillin 500mg,DRG-004,Antibiotic,1351,300,3000,capsules,2026-09-21,2027-03-23
PHC-WB-KOL-409,Polyvalent Anti-Snake Venom (ASV),DRG-005,Antivenom,14,10,50,vials,2026-08-15,2027-08-20
PHC-WB-KOL-409,Salbutamol Nebules,DRG-006,Respiratory,498,50,500,ampoules,2026-08-08,2026-11-23
PHC-WB-KOL-409,Doxycycline 100mg,DRG-007,Antibiotic,303,200,2000,tablets,2026-08-11,2027-01-02
PHC-WB-KOL-409,Iron Folic Acid tablets,DRG-008,Supplement,4274,500,5000,tablets,2026-09-22,2027-06-25
PHC-WB-KOL-409,Metformin 500mg,DRG-009,Anti-diabetic,813,300,3000,tablets,2026-09-06,2027-01-23
PHC-WB-KOL-409,Amlodipine 5mg,DRG-010,Cardiovascular,1346,200,2000,tablets,2026-08-14,2027-08-03
PHC-WB-KOL-410,ORS Sachets,DRG-001,Essential,284,500,5000,sachets,2026-09-19,2027-04-29
PHC-WB-KOL-410,Zinc Sulfate 20mg,DRG-002,Essential,170,200,2000,tablets,2026-08-18,2027-03-08
PHC-WB-KOL-410,Paracetamol 500mg,DRG-003,Analgesic,916,1000,10000,tablets,2026-08-15,2027-03-18
PHC-WB-KOL-410,Amoxicillin 500mg,DRG-004,Antibiotic,101,300,3000,capsules,2026-09-16,2027-05-23
PHC-WB-KOL-410,Polyvalent Anti-Snake Venom (ASV),DRG-005,Antivenom,1,10,50,vials,2026-08-26,2027-06-24
PHC-WB-KOL-410,Salbutamol Nebules,DRG-006,Respiratory,49,50,500,ampoules,2026-08-11,2026-12-14
PHC-WB-KOL-410,Doxycycline 100mg,DRG-007,Antibiotic,189,200,2000,tablets,2026-08-27,2027-05-11
PHC-WB-KOL-410,Iron Folic Acid tablets,DRG-008,Supplement,34,500,5000,tablets,2026-09-17,2027-01-21
PHC-WB-KOL-410,Metformin 500mg,DRG-009,Anti-diabetic,234,300,3000,tablets,2026-08-06,2027-04-25
PHC-WB-KOL-410,Amlodipine 5mg,DRG-010,Cardiovascular,107,200,2000,tablets,2026-08-28,2027-03-20
PHC-WB-KOL-411,ORS Sachets,DRG-001,Essential,3356,500,5000,sachets,2026-09-05,2027-08-05
PHC-WB-KOL-411,Zinc Sulfate 20mg,DRG-002,Essential,1647,200,2000,tablets,2026-08-18,2027-02-08
PHC-WB-KOL-411,Paracetamol 500mg,DRG-003,Analgesic,7820,1000,10000,tablets,2026-09-24,2026-11-05
PHC-WB-KOL-411,Amoxicillin 500mg,DRG-004,Antibiotic,1759,300,3000,capsules,2026-08-01,2027-01-10
PHC-WB-KOL-411,Polyvalent Anti-Snake Venom (ASV),DRG-005,Antivenom,40,10,50,vials,2026-09-11,2026-12-18
PHC-WB-KOL-411,Salbutamol Nebules,DRG-006,Respiratory,60,50,500,ampoules,2026-09-03,2027-09-11
PHC-WB-KOL-411,Doxycycline 100mg,DRG-007,Antibiotic,912,200,2000,tablets,2026-09-20,2027-08-07
PHC-WB-KOL-411,Iron Folic Acid tablets,DRG-008,Supplement,3399,500,5000,tablets,2026-08-25,2026-11-11
PHC-WB-KOL-411,Metformin 500mg,DRG-009,Anti-diabetic,2144,300,3000,tablets,2026-08-06,2027-05-08
PHC-WB-KOL-411,Amlodipine 5mg,DRG-010,Cardiovascular,843,200,2000,tablets,2026-08-13,2027-03-04
PHC-WB-KOL-412,ORS Sachets,DRG-001,Essential,3775,500,5000,sachets,2026-08-05,2027-01-15
PHC-WB-KOL-412,Zinc Sulfate 20mg,DRG-002,Essential,1253,200,2000,tablets,2026-09-06,2027-09-17
PHC-WB-KOL-412,Paracetamol 500mg,DRG-003,Analgesic,3085,1000,10000,tablets,2026-09-05,2026-11-23
PHC-WB-KOL-412,Amoxicillin 500mg,DRG-004,Antibiotic,753,300,3000,capsules,2026-09-13,2027-03-02
PHC-WB-KOL-412,Polyvalent Anti-Snake Venom (ASV),DRG-005,Antivenom,29,10,50,vials,2026-08-20,2027-08-25
PHC-WB-KOL-412,Salbutamol Nebules,DRG-006,Respiratory,188,50,500,ampoules,2026-08-03,2027-09-10
PHC-WB-KOL-412,Doxycycline 100mg,DRG-007,Antibiotic,1532,200,2000,tablets,2026-09-07,2027-05-08
PHC-WB-KOL-412,Iron Folic Acid tablets,DRG-008,Supplement,1465,500,5000,tablets,2026-08-16,2027-09-26
PHC-WB-KOL-412,Metformin 500mg,DRG-009,Anti-diabetic,1422,300,3000,tablets,2026-08-07,2027-08-29
PHC-WB-KOL-412,Amlodipine 5mg,DRG-010,Cardiovascular,1214,200,2000,tablets,2026-09-21,2026-12-29
PHC-WB-KOL-413,ORS Sachets,DRG-001,Essential,2449,500,5000,sachets,2026-07-31,2027-06-30
PHC-WB-KOL-413,Zinc Sulfate 20mg,DRG-002,Essential,1059,200,2000,tablets,2026-08-25,2027-07-20
PHC-WB-KOL-413,Paracetamol 500mg,DRG-003,Analgesic,5183,1000,10000,tablets,2026-09-20,2027-05-16
PHC-WB-KOL-413,Amoxicillin 500mg,DRG-004,Antibiotic,2401,300,3000,capsules,2026-08-24,2027-05-07
PHC-WB-KOL-413,Polyvalent Anti-Snake Venom (ASV),DRG-005,Antivenom,44,10,50,vials,2026-07-31,2027-08-31
PHC-WB-KOL-413,Salbutamol Nebules,DRG-006,Respiratory,286,50,500,ampoules,2026-08-06,2027-06-13
PHC-WB-KOL-413,Doxycycline 100mg,DRG-007,Antibiotic,1591,200,2000,tablets,2026-09-12,2027-09-07
PHC-WB-KOL-413,Iron Folic Acid tablets,DRG-008,Supplement,1727,500,5000,tablets,2026-08-05,2026-10-30
PHC-WB-KOL-413,Metformin 500mg,DRG-009,Anti-diabetic,782,300,3000,tablets,2026-09-10,2027-02-19
PHC-WB-KOL-413,Amlodipine 5mg,DRG-010,Cardiovascular,1787,200,2000,tablets,2026-08-06,2027-01-09
PHC-WB-KOL-414,ORS Sachets,DRG-001,Essential,2637,500,5000,sachets,2026-09-06,2027-02-01
PHC-WB-KOL-414,Zinc Sulfate 20mg,DRG-002,Essential,1388,200,2000,tablets,2026-08-22,2027-08-10
PHC-WB-KOL-414,Paracetamol 500mg,DRG-003,Analgesic,2331,1000,10000,tablets,2026-09-15,2026-11-19
PHC-WB-KOL-414,Amoxicillin 500mg,DRG-004,Antibiotic,614,300,3000,capsules,2026-08-26,2027-06-09
PHC-WB-KOL-414,Polyvalent Anti-Snake Venom (ASV),DRG-005,Antivenom,14,10,50,vials,2026-08-26,2027-05-21
PHC-WB-KOL-414,Salbutamol Nebules,DRG-006,Respiratory,169,50,500,ampoules,2026-09-19,2027-09-06
PHC-WB-KOL-414,Doxycycline 100mg,DRG-007,Antibiotic,508,200,2000,tablets,2026-09-13,2027-06-11
PHC-WB-KOL-414,Iron Folic Acid tablets,DRG-008,Supplement,2199,500,5000,tablets,2026-09-20,2027-08-02
PHC-WB-KOL-414,Metformin 500mg,DRG-009,Anti-diabetic,1744,300,3000,tablets,2026-08-19,2027-04-04
PHC-WB-KOL-414,Amlodipine 5mg,DRG-010,Cardiovascular,2000,200,2000,tablets,2026-08-24,2027-05-31
PHC-WB-KOL-415,ORS Sachets,DRG-001,Essential,72,500,5000,sachets,2026-09-05,2027-04-09
PHC-WB-KOL-415,Zinc Sulfate 20mg,DRG-002,Essential,62,200,2000,tablets,2026-08-20,2027-07-06
PHC-WB-KOL-415,Paracetamol 500mg,DRG-003,Analgesic,391,1000,10000,tablets,2026-09-16,2026-12-25
PHC-WB-KOL-415,Amoxicillin 500mg,DRG-004,Antibiotic,196,300,3000,capsules,2026-07-31,2027-03-10
PHC-WB-KOL-415,Polyvalent Anti-Snake Venom (ASV),DRG-005,Antivenom,9,10,50,vials,2026-08-19,2026-11-02
PHC-WB-KOL-415,Salbutamol Nebules,DRG-006,Respiratory,17,50,500,ampoules,2026-09-02,2026-12-26
PHC-WB-KOL-415,Doxycycline 100mg,DRG-007,Antibiotic,143,200,2000,tablets,2026-08-18,2027-06-09
PHC-WB-KOL-415,Iron Folic Acid tablets,DRG-008,Supplement,478,500,5000,tablets,2026-09-23,2027-09-01
PHC-WB-KOL-415,Metformin 500mg,DRG-009,Anti-diabetic,217,300,3000,tablets,2026-09-11,2027-04-19
PHC-WB-KOL-415,Amlodipine 5mg,DRG-010,Cardiovascular,49,200,2000,tablets,2026-08-27,2027-05-17
PHC-WB-KOL-416,ORS Sachets,DRG-001,Essential,4227,500,5000,sachets,2026-08-27,2026-11-18
PHC-WB-KOL-416,Zinc Sulfate 20mg,DRG-002,Essential,558,200,2000,tablets,2026-08-05,2027-08-26
PHC-WB-KOL-416,Paracetamol 500mg,DRG-003,Analgesic,8090,1000,10000,tablets,2026-09-18,2027-05-21
PHC-WB-KOL-416,Amoxicillin 500mg,DRG-004,Antibiotic,2282,300,3000,capsules,2026-09-15,2027-05-23
PHC-WB-KOL-416,Polyvalent Anti-Snake Venom (ASV),DRG-005,Antivenom,47,10,50,vials,2026-09-03,2026-12-15
PHC-WB-KOL-416,Salbutamol Nebules,DRG-006,Respiratory,78,50,500,ampoules,2026-09-08,2027-01-17
PHC-WB-KOL-416,Doxycycline 100mg,DRG-007,Antibiotic,323,200,2000,tablets,2026-09-09,2027-03-09
PHC-WB-KOL-416,Iron Folic Acid tablets,DRG-008,Supplement,1318,500,5000,tablets,2026-08-05,2027-05-10
PHC-WB-KOL-416,Metformin 500mg,DRG-009,Anti-diabetic,1675,300,3000,tablets,2026-09-09,2026-12-31
PHC-WB-KOL-416,Amlodipine 5mg,DRG-010,Cardiovascular,1024,200,2000,tablets,2026-08-07,2026-11-24
PHC-WB-KOL-417,ORS Sachets,DRG-001,Essential,41,500,5000,sachets,2026-09-23,2027-05-20
PHC-WB-KOL-417,Zinc Sulfate 20mg,DRG-002,Essential,8,200,2000,tablets,2026-08-05,2027-06-04
PHC-WB-KOL-417,Paracetamol 500mg,DRG-003,Analgesic,133,1000,10000,tablets,2026-08-13,2027-01-29
PHC-WB-KOL-417,Amoxicillin 500mg,DRG-004,Antibiotic,31,300,3000,capsules,2026-08-12,2027-01-13
PHC-WB-KOL-417,Polyvalent Anti-Snake Venom (ASV),DRG-005,Antivenom,2,10,50,vials,2026-08-14,2027-03-31
PHC-WB-KOL-417,Salbutamol Nebules,DRG-006,Respiratory,4,50,500,ampoules,2026-08-24,2026-12-31
PHC-WB-KOL-417,Doxycycline 100mg,DRG-007,Antibiotic,40,200,2000,tablets,2026-08-02,2027-08-04
PHC-WB-KOL-417,Iron Folic Acid tablets,DRG-008,Supplement,84,500,5000,tablets,2026-09-04,2027-04-05
PHC-WB-KOL-417,Metformin 500mg,DRG-009,Anti-diabetic,53,300,3000,tablets,2026-08-19,2027-01-26
PHC-WB-KOL-417,Amlodipine 5mg,DRG-010,Cardiovascular,5,200,2000,tablets,2026-09-15,2027-02-27
PHC-WB-KOL-418,ORS Sachets,DRG-001,Essential,75,500,5000,sachets,2026-09-18,2026-11-21
PHC-WB-KOL-418,Zinc Sulfate 20mg,DRG-002,Essential,14,200,2000,tablets,2026-09-10,2026-12-31
PHC-WB-KOL-418,Paracetamol 500mg,DRG-003,Analgesic,174,1000,10000,tablets,2026-09-19,2027-03-02
PHC-WB-KOL-418,Amoxicillin 500mg,DRG-004,Antibiotic,35,300,3000,capsules,2026-09-22,2026-12-01
PHC-WB-KOL-418,Polyvalent Anti-Snake Venom (ASV),DRG-005,Antivenom,2,10,50,vials,2026-08-18,2027-06-30
PHC-WB-KOL-418,Salbutamol Nebules,DRG-006,Respiratory,7,50,500,ampoules,2026-08-19,2027-08-25
PHC-WB-KOL-418,Doxycycline 100mg,DRG-007,Antibiotic,24,200,2000,tablets,2026-09-07,2027-09-18
PHC-WB-KOL-418,Iron Folic Acid tablets,DRG-008,Supplement,32,500,5000,tablets,2026-09-17,2027-07-20
PHC-WB-KOL-418,Metformin 500mg,DRG-009,Anti-diabetic,3,300,3000,tablets,2026-09-07,2027-08-15
PHC-WB-KOL-418,Amlodipine 5mg,DRG-010,Cardiovascular,9,200,2000,tablets,2026-08-10,2027-05-21
PHC-WB-KOL-419,ORS Sachets,DRG-001,Essential,4652,500,5000,sachets,2026-08-02,2027-08-10
PHC-WB-KOL-419,Zinc Sulfate 20mg,DRG-002,Essential,505,200,2000,tablets,2026-08-24,2027-03-13
PHC-WB-KOL-419,Paracetamol 500mg,DRG-003,Analgesic,5192,1000,10000,tablets,2026-09-11,2027-01-15
PHC-WB-KOL-419,Amoxicillin 500mg,DRG-004,Antibiotic,1930,300,3000,capsules,2026-09-11,2027-06-15
PHC-WB-KOL-419,Polyvalent Anti-Snake Venom (ASV),DRG-005,Antivenom,45,10,50,vials,2026-08-19,2026-12-12
PHC-WB-KOL-419,Salbutamol Nebules,DRG-006,Respiratory,70,50,500,ampoules,2026-08-15,2027-02-22
PHC-WB-KOL-419,Doxycycline 100mg,DRG-007,Antibiotic,695,200,2000,tablets,2026-08-17,2027-06-04
PHC-WB-KOL-419,Iron Folic Acid tablets,DRG-008,Supplement,1128,500,5000,tablets,2026-08-15,2027-05-07
PHC-WB-KOL-419,Metformin 500mg,DRG-009,Anti-diabetic,1030,300,3000,tablets,2026-09-06,2026-11-11
PHC-WB-KOL-419,Amlodipine 5mg,DRG-010,Cardiovascular,313,200,2000,tablets,2026-09-20,2027-04-04
PHC-WB-KOL-420,ORS Sachets,DRG-001,Essential,3538,500,5000,sachets,2026-08-07,2027-01-17
PHC-WB-KOL-420,Zinc Sulfate 20mg,DRG-002,Essential,1589,200,2000,tablets,2026-09-24,2027-03-13
PHC-WB-KOL-420,Paracetamol 500mg,DRG-003,Analgesic,1089,1000,10000,tablets,2026-09-12,2027-08-29
PHC-WB-KOL-420,Amoxicillin 500mg,DRG-004,Antibiotic,1023,300,3000,capsules,2026-08-15,2027-08-09
PHC-WB-KOL-420,Polyvalent Anti-Snake Venom (ASV),DRG-005,Antivenom,34,10,50,vials,2026-09-22,2027-07-02
PHC-WB-KOL-420,Salbutamol Nebules,DRG-006,Respiratory,278,50,500,ampoules,2026-08-23,2027-05-03
PHC-WB-KOL-420,Doxycycline 100mg,DRG-007,Antibiotic,1399,200,2000,tablets,2026-09-01,2027-05-23
PHC-WB-KOL-420,Iron Folic Acid tablets,DRG-008,Supplement,4058,500,5000,tablets,2026-08-18,2027-04-14
PHC-WB-KOL-420,Metformin 500mg,DRG-009,Anti-diabetic,2237,300,3000,tablets,2026-09-14,2027-07-05
PHC-WB-KOL-420,Amlodipine 5mg,DRG-010,Cardiovascular,1712,200,2000,tablets,2026-09-11,2027-05-15
PHC-WB-HOW-421,ORS Sachets,DRG-001,Essential,3375,500,5000,sachets,2026-08-19,2027-04-05
PHC-WB-HOW-421,Zinc Sulfate 20mg,DRG-002,Essential,1720,200,2000,tablets,2026-09-11,2026-12-27
PHC-WB-HOW-421,Paracetamol 500mg,DRG-003,Analgesic,9399,1000,10000,tablets,2026-08-30,2027-04-21
PHC-WB-HOW-421,Amoxicillin 500mg,DRG-004,Antibiotic,1622,300,3000,capsules,2026-08-27,2027-04-12
PHC-WB-HOW-421,Polyvalent Anti-Snake Venom (ASV),DRG-005,Antivenom,49,10,50,vials,2026-08-26,2027-08-15
PHC-WB-HOW-421,Salbutamol Nebules,DRG-006,Respiratory,204,50,500,ampoules,2026-08-21,2027-08-12
PHC-WB-HOW-421,Doxycycline 100mg,DRG-007,Antibiotic,1007,200,2000,tablets,2026-08-14,2027-07-04
PHC-WB-HOW-421,Iron Folic Acid tablets,DRG-008,Supplement,4847,500,5000,tablets,2026-09-05,2027-09-19
PHC-WB-HOW-421,Metformin 500mg,DRG-009,Anti-diabetic,1586,300,3000,tablets,2026-08-17,2027-09-12
PHC-WB-HOW-421,Amlodipine 5mg,DRG-010,Cardiovascular,1026,200,2000,tablets,2026-09-05,2027-08-15
PHC-WB-HOW-422,ORS Sachets,DRG-001,Essential,1401,500,5000,sachets,2026-08-05,2027-09-01
PHC-WB-HOW-422,Zinc Sulfate 20mg,DRG-002,Essential,782,200,2000,tablets,2026-09-18,2027-06-30
PHC-WB-HOW-422,Paracetamol 500mg,DRG-003,Analgesic,7915,1000,10000,tablets,2026-08-04,2027-09-23
PHC-WB-HOW-422,Amoxicillin 500mg,DRG-004,Antibiotic,1064,300,3000,capsules,2026-09-06,2027-08-28
PHC-WB-HOW-422,Polyvalent Anti-Snake Venom (ASV),DRG-005,Antivenom,43,10,50,vials,2026-09-02,2026-11-05
PHC-WB-HOW-422,Salbutamol Nebules,DRG-006,Respiratory,355,50,500,ampoules,2026-08-30,2027-09-03
PHC-WB-HOW-422,Doxycycline 100mg,DRG-007,Antibiotic,1351,200,2000,tablets,2026-09-15,2027-08-20
PHC-WB-HOW-422,Iron Folic Acid tablets,DRG-008,Supplement,2998,500,5000,tablets,2026-08-20,2027-02-09
PHC-WB-HOW-422,Metformin 500mg,DRG-009,Anti-diabetic,850,300,3000,tablets,2026-07-31,2026-11-03
PHC-WB-HOW-422,Amlodipine 5mg,DRG-010,Cardiovascular,1257,200,2000,tablets,2026-08-31,2027-07-24
PHC-WB-HOW-423,ORS Sachets,DRG-001,Essential,2265,500,5000,sachets,2026-08-31,2026-11-30
PHC-WB-HOW-423,Zinc Sulfate 20mg,DRG-002,Essential,1036,200,2000,tablets,2026-08-08,2027-01-28
PHC-WB-HOW-423,Paracetamol 500mg,DRG-003,Analgesic,5243,1000,10000,tablets,2026-09-10,2027-06-15
PHC-WB-HOW-423,Amoxicillin 500mg,DRG-004,Antibiotic,2633,300,3000,capsules,2026-09-05,2027-02-22
PHC-WB-HOW-423,Polyvalent Anti-Snake Venom (ASV),DRG-005,Antivenom,24,10,50,vials,2026-08-12,2027-07-04
PHC-WB-HOW-423,Salbutamol Nebules,DRG-006,Respiratory,207,50,500,ampoules,2026-08-01,2027-07-19
PHC-WB-HOW-423,Doxycycline 100mg,DRG-007,Antibiotic,1637,200,2000,tablets,2026-08-10,2027-09-07
PHC-WB-HOW-423,Iron Folic Acid tablets,DRG-008,Supplement,1982,500,5000,tablets,2026-08-29,2027-04-02
PHC-WB-HOW-423,Metformin 500mg,DRG-009,Anti-diabetic,1744,300,3000,tablets,2026-08-18,2027-09-26
PHC-WB-HOW-423,Amlodipine 5mg,DRG-010,Cardiovascular,416,200,2000,tablets,2026-08-21,2026-12-12
PHC-WB-HOW-424,ORS Sachets,DRG-001,Essential,842,500,5000,sachets,2026-09-04,2027-04-09
PHC-WB-HOW-424,Zinc Sulfate 20mg,DRG-002,Essential,571,200,2000,tablets,2026-08-30,2027-03-06
PHC-WB-HOW-424,Paracetamol 500mg,DRG-003,Analgesic,1730,1000,10000,tablets,2026-08-14,2027-02-19
PHC-WB-HOW-424,Amoxicillin 500mg,DRG-004,Antibiotic,2065,300,3000,capsules,2026-08-08,2027-08-31
PHC-WB-HOW-424,Polyvalent Anti-Snake Venom (ASV),DRG-005,Antivenom,18,10,50,vials,2026-08-26,2027-05-08
PHC-WB-HOW-424,Salbutamol Nebules,DRG-006,Respiratory,334,50,500,ampoules,2026-09-22,2027-08-26
PHC-WB-HOW-424,Doxycycline 100mg,DRG-007,Antibiotic,1267,200,2000,tablets,2026-09-21,2027-07-20
PHC-WB-HOW-424,Iron Folic Acid tablets,DRG-008,Supplement,2382,500,5000,tablets,2026-09-03,2027-05-02
PHC-WB-HOW-424,Metformin 500mg,DRG-009,Anti-diabetic,1806,300,3000,tablets,2026-09-11,2026-12-29
PHC-WB-HOW-424,Amlodipine 5mg,DRG-010,Cardiovascular,901,200,2000,tablets,2026-09-18,2027-07-20
PHC-WB-HOW-425,ORS Sachets,DRG-001,Essential,2897,500,5000,sachets,2026-09-12,2027-01-21
PHC-WB-HOW-425,Zinc Sulfate 20mg,DRG-002,Essential,999,200,2000,tablets,2026-09-16,2027-06-21
PHC-WB-HOW-425,Paracetamol 500mg,DRG-003,Analgesic,9561,1000,10000,tablets,2026-08-20,2027-06-27
PHC-WB-HOW-425,Amoxicillin 500mg,DRG-004,Antibiotic,982,300,3000,capsules,2026-07-31,2027-04-13
PHC-WB-HOW-425,Polyvalent Anti-Snake Venom (ASV),DRG-005,Antivenom,48,10,50,vials,2026-08-18,2027-07-11
PHC-WB-HOW-425,Salbutamol Nebules,DRG-006,Respiratory,403,50,500,ampoules,2026-09-15,2026-11-10
PHC-WB-HOW-425,Doxycycline 100mg,DRG-007,Antibiotic,1128,200,2000,tablets,2026-09-14,2027-03-31
PHC-WB-HOW-425,Iron Folic Acid tablets,DRG-008,Supplement,1007,500,5000,tablets,2026-08-06,2026-11-09
PHC-WB-HOW-425,Metformin 500mg,DRG-009,Anti-diabetic,1857,300,3000,tablets,2026-09-12,2026-12-14
PHC-WB-HOW-425,Amlodipine 5mg,DRG-010,Cardiovascular,956,200,2000,tablets,2026-08-31,2027-06-13
PHC-WB-HOW-426,ORS Sachets,DRG-001,Essential,4537,500,5000,sachets,2026-09-05,2027-03-02
PHC-WB-HOW-426,Zinc Sulfate 20mg,DRG-002,Essential,940,200,2000,tablets,2026-08-29,2027-08-15
PHC-WB-HOW-426,Paracetamol 500mg,DRG-003,Analgesic,8062,1000,10000,tablets,2026-08-04,2027-04-02
PHC-WB-HOW-426,Amoxicillin 500mg,DRG-004,Antibiotic,1207,300,3000,capsules,2026-08-14,2027-08-01
PHC-WB-HOW-426,Polyvalent Anti-Snake Venom (ASV),DRG-005,Antivenom,27,10,50,vials,2026-08-26,2027-08-10
PHC-WB-HOW-426,Salbutamol Nebules,DRG-006,Respiratory,339,50,500,ampoules,2026-08-27,2027-08-04
PHC-WB-HOW-426,Doxycycline 100mg,DRG-007,Antibiotic,1372,200,2000,tablets,2026-09-13,2027-04-01
PHC-WB-HOW-426,Iron Folic Acid tablets,DRG-008,Supplement,4268,500,5000,tablets,2026-08-09,2027-07-02
PHC-WB-HOW-426,Metformin 500mg,DRG-009,Anti-diabetic,1599,300,3000,tablets,2026-09-15,2027-07-23
PHC-WB-HOW-426,Amlodipine 5mg,DRG-010,Cardiovascular,1432,200,2000,tablets,2026-09-15,2027-02-12
PHC-WB-HOW-427,ORS Sachets,DRG-001,Essential,4166,500,5000,sachets,2026-09-04,2027-08-21
PHC-WB-HOW-427,Zinc Sulfate 20mg,DRG-002,Essential,1528,200,2000,tablets,2026-08-15,2027-02-09
PHC-WB-HOW-427,Paracetamol 500mg,DRG-003,Analgesic,3816,1000,10000,tablets,2026-09-24,2027-02-01
PHC-WB-HOW-427,Amoxicillin 500mg,DRG-004,Antibiotic,2419,300,3000,capsules,2026-08-21,2027-06-19
PHC-WB-HOW-427,Polyvalent Anti-Snake Venom (ASV),DRG-005,Antivenom,19,10,50,vials,2026-09-01,2027-02-08
PHC-WB-HOW-427,Salbutamol Nebules,DRG-006,Respiratory,395,50,500,ampoules,2026-09-05,2027-04-05
PHC-WB-HOW-427,Doxycycline 100mg,DRG-007,Antibiotic,722,200,2000,tablets,2026-09-23,2026-12-26
PHC-WB-HOW-427,Iron Folic Acid tablets,DRG-008,Supplement,1825,500,5000,tablets,2026-09-22,2027-06-10
PHC-WB-HOW-427,Metformin 500mg,DRG-009,Anti-diabetic,2633,300,3000,tablets,2026-08-11,2026-11-21
PHC-WB-HOW-427,Amlodipine 5mg,DRG-010,Cardiovascular,1538,200,2000,tablets,2026-09-14,2027-08-25
PHC-WB-HOW-428,ORS Sachets,DRG-001,Essential,3416,500,5000,sachets,2026-08-08,2027-05-24
PHC-WB-HOW-428,Zinc Sulfate 20mg,DRG-002,Essential,1995,200,2000,tablets,2026-08-09,2027-04-29
PHC-WB-HOW-428,Paracetamol 500mg,DRG-003,Analgesic,9652,1000,10000,tablets,2026-09-23,2027-07-02
PHC-WB-HOW-428,Amoxicillin 500mg,DRG-004,Antibiotic,2511,300,3000,capsules,2026-08-18,2027-05-18
PHC-WB-HOW-428,Polyvalent Anti-Snake Venom (ASV),DRG-005,Antivenom,31,10,50,vials,2026-08-06,2026-11-23
PHC-WB-HOW-428,Salbutamol Nebules,DRG-006,Respiratory,454,50,500,ampoules,2026-08-04,2027-02-20
PHC-WB-HOW-428,Doxycycline 100mg,DRG-007,Antibiotic,1845,200,2000,tablets,2026-09-07,2027-08-03
PHC-WB-HOW-428,Iron Folic Acid tablets,DRG-008,Supplement,1956,500,5000,tablets,2026-09-15,2027-03-29
PHC-WB-HOW-428,Metformin 500mg,DRG-009,Anti-diabetic,1492,300,3000,tablets,2026-08-02,2027-09-28
PHC-WB-HOW-428,Amlodipine 5mg,DRG-010,Cardiovascular,363,200,2000,tablets,2026-08-05,2027-06-11
PHC-WB-HOW-429,ORS Sachets,DRG-001,Essential,76,500,5000,sachets,2026-09-03,2026-10-30
PHC-WB-HOW-429,Zinc Sulfate 20mg,DRG-002,Essential,23,200,2000,tablets,2026-08-24,2027-08-22
PHC-WB-HOW-429,Paracetamol 500mg,DRG-003,Analgesic,97,1000,10000,tablets,2026-09-01,2027-01-29
PHC-WB-HOW-429,Amoxicillin 500mg,DRG-004,Antibiotic,3,300,3000,capsules,2026-08-06,2027-05-04
PHC-WB-HOW-429,Polyvalent Anti-Snake Venom (ASV),DRG-005,Antivenom,1,10,50,vials,2026-09-16,2027-03-06
PHC-WB-HOW-429,Salbutamol Nebules,DRG-006,Respiratory,10,50,500,ampoules,2026-08-06,2027-08-19
PHC-WB-HOW-429,Doxycycline 100mg,DRG-007,Antibiotic,26,200,2000,tablets,2026-08-20,2027-03-02
PHC-WB-HOW-429,Iron Folic Acid tablets,DRG-008,Supplement,65,500,5000,tablets,2026-08-19,2027-01-10
PHC-WB-HOW-429,Metformin 500mg,DRG-009,Anti-diabetic,57,300,3000,tablets,2026-09-14,2027-08-17
PHC-WB-HOW-429,Amlodipine 5mg,DRG-010,Cardiovascular,3,200,2000,tablets,2026-08-10,2027-07-31
PHC-WB-HOW-430,ORS Sachets,DRG-001,Essential,3559,500,5000,sachets,2026-08-21,2026-11-29
PHC-WB-HOW-430,Zinc Sulfate 20mg,DRG-002,Essential,1065,200,2000,tablets,2026-09-18,2027-01-26
PHC-WB-HOW-430,Paracetamol 500mg,DRG-003,Analgesic,4075,1000,10000,tablets,2026-09-21,2027-01-10
PHC-WB-HOW-430,Amoxicillin 500mg,DRG-004,Antibiotic,1953,300,3000,capsules,2026-09-02,2026-12-24
PHC-WB-HOW-430,Polyvalent Anti-Snake Venom (ASV),DRG-005,Antivenom,44,10,50,vials,2026-08-01,2027-02-06
PHC-WB-HOW-430,Salbutamol Nebules,DRG-006,Respiratory,265,50,500,ampoules,2026-09-15,2026-12-12
PHC-WB-HOW-430,Doxycycline 100mg,DRG-007,Antibiotic,1953,200,2000,tablets,2026-08-30,2026-12-15
PHC-WB-HOW-430,Iron Folic Acid tablets,DRG-008,Supplement,1389,500,5000,tablets,2026-09-12,2027-05-03
PHC-WB-HOW-430,Metformin 500mg,DRG-009,Anti-diabetic,2256,300,3000,tablets,2026-08-02,2027-06-09
PHC-WB-HOW-430,Amlodipine 5mg,DRG-010,Cardiovascular,1070,200,2000,tablets,2026-09-18,2027-03-08
PHC-WB-HOW-431,ORS Sachets,DRG-001,Essential,431,500,5000,sachets,2026-08-10,2026-11-09
PHC-WB-HOW-431,Zinc Sulfate 20mg,DRG-002,Essential,129,200,2000,tablets,2026-08-22,2027-05-21
PHC-WB-HOW-431,Paracetamol 500mg,DRG-003,Analgesic,460,1000,10000,tablets,2026-08-03,2026-11-21
PHC-WB-HOW-431,Amoxicillin 500mg,DRG-004,Antibiotic,99,300,3000,capsules,2026-09-19,2027-05-16
PHC-WB-HOW-431,Polyvalent Anti-Snake Venom (ASV),DRG-005,Antivenom,8,10,50,vials,2026-08-31,2027-09-01
PHC-WB-HOW-431,Salbutamol Nebules,DRG-006,Respiratory,35,50,500,ampoules,2026-08-12,2027-08-14
PHC-WB-HOW-431,Doxycycline 100mg,DRG-007,Antibiotic,199,200,2000,tablets,2026-09-05,2026-11-06
PHC-WB-HOW-431,Iron Folic Acid tablets,DRG-008,Supplement,119,500,5000,tablets,2026-08-18,2027-04-14
PHC-WB-HOW-431,Metformin 500mg,DRG-009,Anti-diabetic,110,300,3000,tablets,2026-09-04,2026-12-04
PHC-WB-HOW-431,Amlodipine 5mg,DRG-010,Cardiovascular,176,200,2000,tablets,2026-09-03,2026-11-24
PHC-WB-HOW-432,ORS Sachets,DRG-001,Essential,717,500,5000,sachets,2026-09-02,2027-09-06
PHC-WB-HOW-432,Zinc Sulfate 20mg,DRG-002,Essential,1605,200,2000,tablets,2026-07-31,2026-12-20
PHC-WB-HOW-432,Paracetamol 500mg,DRG-003,Analgesic,2359,1000,10000,tablets,2026-09-22,2026-11-26
PHC-WB-HOW-432,Amoxicillin 500mg,DRG-004,Antibiotic,2141,300,3000,capsules,2026-09-07,2027-07-12
PHC-WB-HOW-432,Polyvalent Anti-Snake Venom (ASV),DRG-005,Antivenom,37,10,50,vials,2026-08-18,2026-11-19
PHC-WB-HOW-432,Salbutamol Nebules,DRG-006,Respiratory,242,50,500,ampoules,2026-08-08,2027-01-15
PHC-WB-HOW-432,Doxycycline 100mg,DRG-007,Antibiotic,1936,200,2000,tablets,2026-08-20,2027-07-31
PHC-WB-HOW-432,Iron Folic Acid tablets,DRG-008,Supplement,4982,500,5000,tablets,2026-08-01,2027-09-03
PHC-WB-HOW-432,Metformin 500mg,DRG-009,Anti-diabetic,1754,300,3000,tablets,2026-09-22,2027-07-06
PHC-WB-HOW-432,Amlodipine 5mg,DRG-010,Cardiovascular,533,200,2000,tablets,2026-08-26,2027-02-14
PHC-WB-HOW-433,ORS Sachets,DRG-001,Essential,2042,500,5000,sachets,2026-09-20,2026-12-17
PHC-WB-HOW-433,Zinc Sulfate 20mg,DRG-002,Essential,559,200,2000,tablets,2026-09-19,2026-12-27
PHC-WB-HOW-433,Paracetamol 500mg,DRG-003,Analgesic,2187,1000,10000,tablets,2026-08-26,2027-02-22
PHC-WB-HOW-433,Amoxicillin 500mg,DRG-004,Antibiotic,391,300,3000,capsules,2026-08-24,2027-05-21
PHC-WB-HOW-433,Polyvalent Anti-Snake Venom (ASV),DRG-005,Antivenom,23,10,50,vials,2026-08-25,2027-02-03
PHC-WB-HOW-433,Salbutamol Nebules,DRG-006,Respiratory,236,50,500,ampoules,2026-09-19,2027-09-27
PHC-WB-HOW-433,Doxycycline 100mg,DRG-007,Antibiotic,1212,200,2000,tablets,2026-08-31,2027-02-25
PHC-WB-HOW-433,Iron Folic Acid tablets,DRG-008,Supplement,1948,500,5000,tablets,2026-08-08,2027-06-01
PHC-WB-HOW-433,Metformin 500mg,DRG-009,Anti-diabetic,2996,300,3000,tablets,2026-08-13,2027-03-03
PHC-WB-HOW-433,Amlodipine 5mg,DRG-010,Cardiovascular,1963,200,2000,tablets,2026-09-21,2027-03-31
PHC-WB-HOW-434,ORS Sachets,DRG-001,Essential,1173,500,5000,sachets,2026-08-07,2027-09-27
PHC-WB-HOW-434,Zinc Sulfate 20mg,DRG-002,Essential,1061,200,2000,tablets,2026-08-31,2027-07-16
PHC-WB-HOW-434,Paracetamol 500mg,DRG-003,Analgesic,7403,1000,10000,tablets,2026-09-23,2026-11-17
PHC-WB-HOW-434,Amoxicillin 500mg,DRG-004,Antibiotic,1242,300,3000,capsules,2026-09-09,2026-10-31
PHC-WB-HOW-434,Polyvalent Anti-Snake Venom (ASV),DRG-005,Antivenom,44,10,50,vials,2026-08-04,2027-03-23
PHC-WB-HOW-434,Salbutamol Nebules,DRG-006,Respiratory,179,50,500,ampoules,2026-09-10,2027-01-20
PHC-WB-HOW-434,Doxycycline 100mg,DRG-007,Antibiotic,788,200,2000,tablets,2026-08-07,2027-07-26
PHC-WB-HOW-434,Iron Folic Acid tablets,DRG-008,Supplement,4556,500,5000,tablets,2026-08-20,2027-03-23
PHC-WB-HOW-434,Metformin 500mg,DRG-009,Anti-diabetic,1761,300,3000,tablets,2026-09-03,2027-04-15
PHC-WB-HOW-434,Amlodipine 5mg,DRG-010,Cardiovascular,332,200,2000,tablets,2026-08-10,2027-05-25
PHC-WB-HOW-435,ORS Sachets,DRG-001,Essential,827,500,5000,sachets,2026-08-22,2027-01-06
PHC-WB-HOW-435,Zinc Sulfate 20mg,DRG-002,Essential,1694,200,2000,tablets,2026-08-30,2027-06-15
PHC-WB-HOW-435,Paracetamol 500mg,DRG-003,Analgesic,1449,1000,10000,tablets,2026-08-31,2027-01-26
PHC-WB-HOW-435,Amoxicillin 500mg,DRG-004,Antibiotic,689,300,3000,capsules,2026-08-01,2027-03-26
PHC-WB-HOW-435,Polyvalent Anti-Snake Venom (ASV),DRG-005,Antivenom,41,10,50,vials,2026-09-03,2027-07-04
PHC-WB-HOW-435,Salbutamol Nebules,DRG-006,Respiratory,218,50,500,ampoules,2026-08-12,2027-03-17
PHC-WB-HOW-435,Doxycycline 100mg,DRG-007,Antibiotic,826,200,2000,tablets,2026-09-13,2027-03-13
PHC-WB-HOW-435,Iron Folic Acid tablets,DRG-008,Supplement,1221,500,5000,tablets,2026-08-17,2027-06-08
PHC-WB-HOW-435,Metformin 500mg,DRG-009,Anti-diabetic,2761,300,3000,tablets,2026-08-26,2027-06-06
PHC-WB-HOW-435,Amlodipine 5mg,DRG-010,Cardiovascular,1500,200,2000,tablets,2026-08-22,2027-06-11
PHC-WB-HOW-436,ORS Sachets,DRG-001,Essential,4,500,5000,sachets,2026-08-30,2027-04-22
PHC-WB-HOW-436,Zinc Sulfate 20mg,DRG-002,Essential,39,200,2000,tablets,2026-09-07,2026-11-28
PHC-WB-HOW-436,Paracetamol 500mg,DRG-003,Analgesic,826,1000,10000,tablets,2026-09-24,2026-11-14
PHC-WB-HOW-436,Amoxicillin 500mg,DRG-004,Antibiotic,94,300,3000,capsules,2026-09-22,2026-12-26
PHC-WB-HOW-436,Polyvalent Anti-Snake Venom (ASV),DRG-005,Antivenom,1,10,50,vials,2026-08-05,2026-12-15
PHC-WB-HOW-436,Salbutamol Nebules,DRG-006,Respiratory,13,50,500,ampoules,2026-08-12,2027-09-09
PHC-WB-HOW-436,Doxycycline 100mg,DRG-007,Antibiotic,95,200,2000,tablets,2026-08-18,2027-03-19
PHC-WB-HOW-436,Iron Folic Acid tablets,DRG-008,Supplement,161,500,5000,tablets,2026-09-24,2027-02-20
PHC-WB-HOW-436,Metformin 500mg,DRG-009,Anti-diabetic,166,300,3000,tablets,2026-09-11,2026-11-27
PHC-WB-HOW-436,Amlodipine 5mg,DRG-010,Cardiovascular,113,200,2000,tablets,2026-08-30,2026-11-25
PHC-WB-HOW-437,ORS Sachets,DRG-001,Essential,2813,500,5000,sachets,2026-09-10,2027-04-10
PHC-WB-HOW-437,Zinc Sulfate 20mg,DRG-002,Essential,1622,200,2000,tablets,2026-08-14,2026-12-01
PHC-WB-HOW-437,Paracetamol 500mg,DRG-003,Analgesic,7937,1000,10000,tablets,2026-08-14,2027-01-11
PHC-WB-HOW-437,Amoxicillin 500mg,DRG-004,Antibiotic,644,300,3000,capsules,2026-08-02,2026-11-23
PHC-WB-HOW-437,Polyvalent Anti-Snake Venom (ASV),DRG-005,Antivenom,15,10,50,vials,2026-08-29,2027-01-18
PHC-WB-HOW-437,Salbutamol Nebules,DRG-006,Respiratory,140,50,500,ampoules,2026-09-17,2027-05-28
PHC-WB-HOW-437,Doxycycline 100mg,DRG-007,Antibiotic,1638,200,2000,tablets,2026-09-17,2026-12-26
PHC-WB-HOW-437,Iron Folic Acid tablets,DRG-008,Supplement,2377,500,5000,tablets,2026-08-27,2027-04-18
PHC-WB-HOW-437,Metformin 500mg,DRG-009,Anti-diabetic,1117,300,3000,tablets,2026-08-20,2026-12-14
PHC-WB-HOW-437,Amlodipine 5mg,DRG-010,Cardiovascular,522,200,2000,tablets,2026-09-03,2026-11-30
PHC-WB-HOW-438,ORS Sachets,DRG-001,Essential,4222,500,5000,sachets,2026-08-25,2027-05-29
PHC-WB-HOW-438,Zinc Sulfate 20mg,DRG-002,Essential,953,200,2000,tablets,2026-08-14,2027-08-24
PHC-WB-HOW-438,Paracetamol 500mg,DRG-003,Analgesic,1409,1000,10000,tablets,2026-08-05,2027-04-14
PHC-WB-HOW-438,Amoxicillin 500mg,DRG-004,Antibiotic,2616,300,3000,capsules,2026-09-11,2027-07-19
PHC-WB-HOW-438,Polyvalent Anti-Snake Venom (ASV),DRG-005,Antivenom,39,10,50,vials,2026-08-22,2026-12-17
PHC-WB-HOW-438,Salbutamol Nebules,DRG-006,Respiratory,453,50,500,ampoules,2026-08-13,2027-05-21
PHC-WB-HOW-438,Doxycycline 100mg,DRG-007,Antibiotic,1860,200,2000,tablets,2026-09-23,2027-08-04
PHC-WB-HOW-438,Iron Folic Acid tablets,DRG-008,Supplement,3396,500,5000,tablets,2026-08-10,2027-08-22
PHC-WB-HOW-438,Metformin 500mg,DRG-009,Anti-diabetic,901,300,3000,tablets,2026-09-18,2026-12-08
PHC-WB-HOW-438,Amlodipine 5mg,DRG-010,Cardiovascular,1700,200,2000,tablets,2026-08-02,2027-06-15
PHC-WB-HOW-439,ORS Sachets,DRG-001,Essential,3514,500,5000,sachets,2026-09-10,2027-06-21
PHC-WB-HOW-439,Zinc Sulfate 20mg,DRG-002,Essential,1311,200,2000,tablets,2026-08-26,2027-07-09
PHC-WB-HOW-439,Paracetamol 500mg,DRG-003,Analgesic,5590,1000,10000,tablets,2026-09-04,2027-03-08
PHC-WB-HOW-439,Amoxicillin 500mg,DRG-004,Antibiotic,929,300,3000,capsules,2026-09-10,2027-04-27
PHC-WB-HOW-439,Polyvalent Anti-Snake Venom (ASV),DRG-005,Antivenom,28,10,50,vials,2026-08-30,2027-06-12
PHC-WB-HOW-439,Salbutamol Nebules,DRG-006,Respiratory,404,50,500,ampoules,2026-08-20,2027-06-05
PHC-WB-HOW-439,Doxycycline 100mg,DRG-007,Antibiotic,1892,200,2000,tablets,2026-08-28,2026-11-17
PHC-WB-HOW-439,Iron Folic Acid tablets,DRG-008,Supplement,1917,500,5000,tablets,2026-08-16,2027-06-21
PHC-WB-HOW-439,Metformin 500mg,DRG-009,Anti-diabetic,1242,300,3000,tablets,2026-08-21,2027-09-24
PHC-WB-HOW-439,Amlodipine 5mg,DRG-010,Cardiovascular,1657,200,2000,tablets,2026-09-11,2027-04-05
PHC-WB-HOW-440,ORS Sachets,DRG-001,Essential,70,500,5000,sachets,2026-08-04,2027-02-11
PHC-WB-HOW-440,Zinc Sulfate 20mg,DRG-002,Essential,129,200,2000,tablets,2026-08-11,2027-05-18
PHC-WB-HOW-440,Paracetamol 500mg,DRG-003,Analgesic,971,1000,10000,tablets,2026-09-23,2027-06-19
PHC-WB-HOW-440,Amoxicillin 500mg,DRG-004,Antibiotic,204,300,3000,capsules,2026-08-05,2027-02-09
PHC-WB-HOW-440,Polyvalent Anti-Snake Venom (ASV),DRG-005,Antivenom,5,10,50,vials,2026-08-21,2027-04-14
PHC-WB-HOW-440,Salbutamol Nebules,DRG-006,Respiratory,33,50,500,ampoules,2026-08-04,2027-09-12
PHC-WB-HOW-440,Doxycycline 100mg,DRG-007,Antibiotic,154,200,2000,tablets,2026-08-13,2027-07-06
PHC-WB-HOW-440,Iron Folic Acid tablets,DRG-008,Supplement,51,500,5000,tablets,2026-08-18,2027-05-03
PHC-WB-HOW-440,Metformin 500mg,DRG-009,Anti-diabetic,172,300,3000,tablets,2026-08-15,2026-11-18
PHC-WB-HOW-440,Amlodipine 5mg,DRG-010,Cardiovascular,4,200,2000,tablets,2026-09-23,2027-07-08
PHC-WB-HOW-441,ORS Sachets,DRG-001,Essential,3078,500,5000,sachets,2026-09-22,2027-04-14
PHC-WB-HOW-441,Zinc Sulfate 20mg,DRG-002,Essential,1331,200,2000,tablets,2026-08-02,2027-07-13
PHC-WB-HOW-441,Paracetamol 500mg,DRG-003,Analgesic,8991,1000,10000,tablets,2026-08-21,2027-04-25
PHC-WB-HOW-441,Amoxicillin 500mg,DRG-004,Antibiotic,493,300,3000,capsules,2026-09-13,2027-06-02
PHC-WB-HOW-441,Polyvalent Anti-Snake Venom (ASV),DRG-005,Antivenom,25,10,50,vials,2026-08-04,2027-01-02
PHC-WB-HOW-441,Salbutamol Nebules,DRG-006,Respiratory,483,50,500,ampoules,2026-09-23,2027-03-18
PHC-WB-HOW-441,Doxycycline 100mg,DRG-007,Antibiotic,1954,200,2000,tablets,2026-09-16,2027-06-01
PHC-WB-HOW-441,Iron Folic Acid tablets,DRG-008,Supplement,4086,500,5000,tablets,2026-08-06,2027-04-23
PHC-WB-HOW-441,Metformin 500mg,DRG-009,Anti-diabetic,1213,300,3000,tablets,2026-08-20,2027-07-08
PHC-WB-HOW-441,Amlodipine 5mg,DRG-010,Cardiovascular,734,200,2000,tablets,2026-08-19,2027-01-25
PHC-WB-DAR-442,ORS Sachets,DRG-001,Essential,3044,500,5000,sachets,2026-08-28,2027-02-13
PHC-WB-DAR-442,Zinc Sulfate 20mg,DRG-002,Essential,1756,200,2000,tablets,2026-09-13,2027-07-15
PHC-WB-DAR-442,Paracetamol 500mg,DRG-003,Analgesic,5739,1000,10000,tablets,2026-08-28,2026-11-01
PHC-WB-DAR-442,Amoxicillin 500mg,DRG-004,Antibiotic,2786,300,3000,capsules,2026-08-15,2027-05-18
PHC-WB-DAR-442,Polyvalent Anti-Snake Venom (ASV),DRG-005,Antivenom,47,10,50,vials,2026-08-05,2027-03-31
PHC-WB-DAR-442,Salbutamol Nebules,DRG-006,Respiratory,185,50,500,ampoules,2026-09-12,2027-06-02
PHC-WB-DAR-442,Doxycycline 100mg,DRG-007,Antibiotic,1501,200,2000,tablets,2026-09-16,2027-06-25
PHC-WB-DAR-442,Iron Folic Acid tablets,DRG-008,Supplement,2995,500,5000,tablets,2026-09-06,2027-03-18
PHC-WB-DAR-442,Metformin 500mg,DRG-009,Anti-diabetic,2398,300,3000,tablets,2026-08-03,2027-06-17
PHC-WB-DAR-442,Amlodipine 5mg,DRG-010,Cardiovascular,950,200,2000,tablets,2026-08-12,2027-03-03
PHC-WB-DAR-443,ORS Sachets,DRG-001,Essential,4525,500,5000,sachets,2026-08-27,2027-01-06
PHC-WB-DAR-443,Zinc Sulfate 20mg,DRG-002,Essential,1871,200,2000,tablets,2026-08-10,2027-02-04
PHC-WB-DAR-443,Paracetamol 500mg,DRG-003,Analgesic,4321,1000,10000,tablets,2026-09-02,2027-08-22
PHC-WB-DAR-443,Amoxicillin 500mg,DRG-004,Antibiotic,2853,300,3000,capsules,2026-09-22,2027-07-07
PHC-WB-DAR-443,Polyvalent Anti-Snake Venom (ASV),DRG-005,Antivenom,29,10,50,vials,2026-09-05,2027-09-22
PHC-WB-DAR-443,Salbutamol Nebules,DRG-006,Respiratory,336,50,500,ampoules,2026-09-02,2027-04-03
PHC-WB-DAR-443,Doxycycline 100mg,DRG-007,Antibiotic,1289,200,2000,tablets,2026-09-06,2026-11-04
PHC-WB-DAR-443,Iron Folic Acid tablets,DRG-008,Supplement,3300,500,5000,tablets,2026-08-11,2026-12-28
PHC-WB-DAR-443,Metformin 500mg,DRG-009,Anti-diabetic,2051,300,3000,tablets,2026-08-17,2027-03-10
PHC-WB-DAR-443,Amlodipine 5mg,DRG-010,Cardiovascular,1952,200,2000,tablets,2026-08-20,2027-02-17
PHC-WB-DAR-444,ORS Sachets,DRG-001,Essential,2312,500,5000,sachets,2026-09-04,2027-06-04
PHC-WB-DAR-444,Zinc Sulfate 20mg,DRG-002,Essential,1159,200,2000,tablets,2026-09-14,2027-09-25
PHC-WB-DAR-444,Paracetamol 500mg,DRG-003,Analgesic,5967,1000,10000,tablets,2026-09-23,2026-12-07
PHC-WB-DAR-444,Amoxicillin 500mg,DRG-004,Antibiotic,1584,300,3000,capsules,2026-09-20,2027-07-12
PHC-WB-DAR-444,Polyvalent Anti-Snake Venom (ASV),DRG-005,Antivenom,29,10,50,vials,2026-08-04,2027-07-13
PHC-WB-DAR-444,Salbutamol Nebules,DRG-006,Respiratory,112,50,500,ampoules,2026-09-15,2027-06-08
PHC-WB-DAR-444,Doxycycline 100mg,DRG-007,Antibiotic,526,200,2000,tablets,2026-09-04,2027-02-11
PHC-WB-DAR-444,Iron Folic Acid tablets,DRG-008,Supplement,1511,500,5000,tablets,2026-09-20,2026-12-11
PHC-WB-DAR-444,Metformin 500mg,DRG-009,Anti-diabetic,2318,300,3000,tablets,2026-08-31,2027-01-02
PHC-WB-DAR-444,Amlodipine 5mg,DRG-010,Cardiovascular,1411,200,2000,tablets,2026-09-10,2027-03-03
PHC-WB-DAR-445,ORS Sachets,DRG-001,Essential,3523,500,5000,sachets,2026-08-19,2027-05-11
PHC-WB-DAR-445,Zinc Sulfate 20mg,DRG-002,Essential,771,200,2000,tablets,2026-09-09,2027-04-19
PHC-WB-DAR-445,Paracetamol 500mg,DRG-003,Analgesic,7904,1000,10000,tablets,2026-09-05,2027-07-11
PHC-WB-DAR-445,Amoxicillin 500mg,DRG-004,Antibiotic,1129,300,3000,capsules,2026-09-23,2027-05-19
PHC-WB-DAR-445,Polyvalent Anti-Snake Venom (ASV),DRG-005,Antivenom,41,10,50,vials,2026-08-11,2026-12-25
PHC-WB-DAR-445,Salbutamol Nebules,DRG-006,Respiratory,389,50,500,ampoules,2026-08-31,2027-05-06
PHC-WB-DAR-445,Doxycycline 100mg,DRG-007,Antibiotic,1850,200,2000,tablets,2026-09-08,2026-12-09
PHC-WB-DAR-445,Iron Folic Acid tablets,DRG-008,Supplement,3745,500,5000,tablets,2026-08-18,2027-09-04
PHC-WB-DAR-445,Metformin 500mg,DRG-009,Anti-diabetic,1896,300,3000,tablets,2026-09-01,2026-12-29
PHC-WB-DAR-445,Amlodipine 5mg,DRG-010,Cardiovascular,1221,200,2000,tablets,2026-08-18,2027-07-28
PHC-WB-DAR-446,ORS Sachets,DRG-001,Essential,58,500,5000,sachets,2026-08-02,2027-04-06
PHC-WB-DAR-446,Zinc Sulfate 20mg,DRG-002,Essential,10,200,2000,tablets,2026-09-10,2027-04-27
PHC-WB-DAR-446,Paracetamol 500mg,DRG-003,Analgesic,167,1000,10000,tablets,2026-08-25,2026-12-25
PHC-WB-DAR-446,Amoxicillin 500mg,DRG-004,Antibiotic,6,300,3000,capsules,2026-08-15,2027-02-06
PHC-WB-DAR-446,Polyvalent Anti-Snake Venom (ASV),DRG-005,Antivenom,1,10,50,vials,2026-08-28,2026-12-16
PHC-WB-DAR-446,Salbutamol Nebules,DRG-006,Respiratory,8,50,500,ampoules,2026-09-09,2027-07-23
PHC-WB-DAR-446,Doxycycline 100mg,DRG-007,Antibiotic,5,200,2000,tablets,2026-09-10,2026-12-25
PHC-WB-DAR-446,Iron Folic Acid tablets,DRG-008,Supplement,63,500,5000,tablets,2026-08-11,2026-12-28
PHC-WB-DAR-446,Metformin 500mg,DRG-009,Anti-diabetic,14,300,3000,tablets,2026-08-20,2027-09-01
PHC-WB-DAR-446,Amlodipine 5mg,DRG-010,Cardiovascular,1,200,2000,tablets,2026-09-02,2027-03-28
PHC-WB-DAR-447,ORS Sachets,DRG-001,Essential,969,500,5000,sachets,2026-09-14,2027-07-25
PHC-WB-DAR-447,Zinc Sulfate 20mg,DRG-002,Essential,1522,200,2000,tablets,2026-09-22,2027-07-19
PHC-WB-DAR-447,Paracetamol 500mg,DRG-003,Analgesic,8889,1000,10000,tablets,2026-08-27,2026-11-16
PHC-WB-DAR-447,Amoxicillin 500mg,DRG-004,Antibiotic,2871,300,3000,capsules,2026-09-03,2027-04-27
PHC-WB-DAR-447,Polyvalent Anti-Snake Venom (ASV),DRG-005,Antivenom,29,10,50,vials,2026-08-21,2027-04-24
PHC-WB-DAR-447,Salbutamol Nebules,DRG-006,Respiratory,326,50,500,ampoules,2026-08-21,2027-07-15
PHC-WB-DAR-447,Doxycycline 100mg,DRG-007,Antibiotic,637,200,2000,tablets,2026-08-11,2027-03-27
PHC-WB-DAR-447,Iron Folic Acid tablets,DRG-008,Supplement,3818,500,5000,tablets,2026-09-06,2026-12-23
PHC-WB-DAR-447,Metformin 500mg,DRG-009,Anti-diabetic,1947,300,3000,tablets,2026-09-10,2027-02-01
PHC-WB-DAR-447,Amlodipine 5mg,DRG-010,Cardiovascular,1414,200,2000,tablets,2026-08-24,2026-12-30
PHC-WB-DAR-448,ORS Sachets,DRG-001,Essential,3777,500,5000,sachets,2026-09-15,2027-07-06
PHC-WB-DAR-448,Zinc Sulfate 20mg,DRG-002,Essential,1346,200,2000,tablets,2026-08-30,2027-08-27
PHC-WB-DAR-448,Paracetamol 500mg,DRG-003,Analgesic,9604,1000,10000,tablets,2026-08-31,2027-01-09
PHC-WB-DAR-448,Amoxicillin 500mg,DRG-004,Antibiotic,1634,300,3000,capsules,2026-09-02,2027-05-07
PHC-WB-DAR-448,Polyvalent Anti-Snake Venom (ASV),DRG-005,Antivenom,19,10,50,vials,2026-07-31,2027-02-14
PHC-WB-DAR-448,Salbutamol Nebules,DRG-006,Respiratory,484,50,500,ampoules,2026-08-03,2027-08-10
PHC-WB-DAR-448,Doxycycline 100mg,DRG-007,Antibiotic,1554,200,2000,tablets,2026-08-06,2026-11-12
PHC-WB-DAR-448,Iron Folic Acid tablets,DRG-008,Supplement,2189,500,5000,tablets,2026-08-23,2027-07-13
PHC-WB-DAR-448,Metformin 500mg,DRG-009,Anti-diabetic,829,300,3000,tablets,2026-09-03,2027-05-06
PHC-WB-DAR-448,Amlodipine 5mg,DRG-010,Cardiovascular,1796,200,2000,tablets,2026-08-25,2027-08-04
PHC-WB-DAR-449,ORS Sachets,DRG-001,Essential,3725,500,5000,sachets,2026-08-04,2027-02-06
PHC-WB-DAR-449,Zinc Sulfate 20mg,DRG-002,Essential,1787,200,2000,tablets,2026-09-14,2027-06-05
PHC-WB-DAR-449,Paracetamol 500mg,DRG-003,Analgesic,8822,1000,10000,tablets,2026-09-10,2027-07-12
PHC-WB-DAR-449,Amoxicillin 500mg,DRG-004,Antibiotic,1907,300,3000,capsules,2026-09-02,2027-01-27
PHC-WB-DAR-449,Polyvalent Anti-Snake Venom (ASV),DRG-005,Antivenom,27,10,50,vials,2026-09-06,2026-12-21
PHC-WB-DAR-449,Salbutamol Nebules,DRG-006,Respiratory,63,50,500,ampoules,2026-09-24,2026-12-12
PHC-WB-DAR-449,Doxycycline 100mg,DRG-007,Antibiotic,306,200,2000,tablets,2026-08-26,2027-09-06
PHC-WB-DAR-449,Iron Folic Acid tablets,DRG-008,Supplement,4628,500,5000,tablets,2026-08-26,2027-01-28
PHC-WB-DAR-449,Metformin 500mg,DRG-009,Anti-diabetic,2729,300,3000,tablets,2026-08-03,2027-03-30
PHC-WB-DAR-449,Amlodipine 5mg,DRG-010,Cardiovascular,449,200,2000,tablets,2026-08-16,2026-12-11
PHC-WB-DAR-450,ORS Sachets,DRG-001,Essential,65,500,5000,sachets,2026-08-20,2027-04-15
PHC-WB-DAR-450,Zinc Sulfate 20mg,DRG-002,Essential,83,200,2000,tablets,2026-09-07,2027-09-09
PHC-WB-DAR-450,Paracetamol 500mg,DRG-003,Analgesic,973,1000,10000,tablets,2026-07-31,2027-05-04
PHC-WB-DAR-450,Amoxicillin 500mg,DRG-004,Antibiotic,24,300,3000,capsules,2026-08-17,2027-01-13
PHC-WB-DAR-450,Polyvalent Anti-Snake Venom (ASV),DRG-005,Antivenom,7,10,50,vials,2026-08-19,2026-12-26
PHC-WB-DAR-450,Salbutamol Nebules,DRG-006,Respiratory,26,50,500,ampoules,2026-08-16,2027-06-18
PHC-WB-DAR-450,Doxycycline 100mg,DRG-007,Antibiotic,181,200,2000,tablets,2026-08-07,2027-02-22
PHC-WB-DAR-450,Iron Folic Acid tablets,DRG-008,Supplement,22,500,5000,tablets,2026-09-22,2026-11-16
PHC-WB-DAR-450,Metformin 500mg,DRG-009,Anti-diabetic,181,300,3000,tablets,2026-08-29,2027-06-25
PHC-WB-DAR-450,Amlodipine 5mg,DRG-010,Cardiovascular,3,200,2000,tablets,2026-08-02,2026-12-25
PHC-WB-DAR-451,ORS Sachets,DRG-001,Essential,4400,500,5000,sachets,2026-09-12,2027-03-31
PHC-WB-DAR-451,Zinc Sulfate 20mg,DRG-002,Essential,1587,200,2000,tablets,2026-08-08,2026-10-29
PHC-WB-DAR-451,Paracetamol 500mg,DRG-003,Analgesic,9601,1000,10000,tablets,2026-09-04,2027-01-10
PHC-WB-DAR-451,Amoxicillin 500mg,DRG-004,Antibiotic,842,300,3000,capsules,2026-09-04,2026-11-17
PHC-WB-DAR-451,Polyvalent Anti-Snake Venom (ASV),DRG-005,Antivenom,33,10,50,vials,2026-08-31,2027-04-24
PHC-WB-DAR-451,Salbutamol Nebules,DRG-006,Respiratory,370,50,500,ampoules,2026-09-11,2027-08-23
PHC-WB-DAR-451,Doxycycline 100mg,DRG-007,Antibiotic,1868,200,2000,tablets,2026-09-03,2027-02-25
PHC-WB-DAR-451,Iron Folic Acid tablets,DRG-008,Supplement,3393,500,5000,tablets,2026-08-20,2027-06-18
PHC-WB-DAR-451,Metformin 500mg,DRG-009,Anti-diabetic,307,300,3000,tablets,2026-07-31,2027-02-23
PHC-WB-DAR-451,Amlodipine 5mg,DRG-010,Cardiovascular,654,200,2000,tablets,2026-09-23,2027-07-01
PHC-WB-DAR-452,ORS Sachets,DRG-001,Essential,477,500,5000,sachets,2026-08-10,2027-04-21
PHC-WB-DAR-452,Zinc Sulfate 20mg,DRG-002,Essential,7,200,2000,tablets,2026-08-24,2027-06-30
PHC-WB-DAR-452,Paracetamol 500mg,DRG-003,Analgesic,965,1000,10000,tablets,2026-09-03,2027-05-24
PHC-WB-DAR-452,Amoxicillin 500mg,DRG-004,Antibiotic,78,300,3000,capsules,2026-08-02,2027-03-23
PHC-WB-DAR-452,Polyvalent Anti-Snake Venom (ASV),DRG-005,Antivenom,8,10,50,vials,2026-08-04,2026-11-12
PHC-WB-DAR-452,Salbutamol Nebules,DRG-006,Respiratory,20,50,500,ampoules,2026-08-19,2026-11-07
PHC-WB-DAR-452,Doxycycline 100mg,DRG-007,Antibiotic,175,200,2000,tablets,2026-09-05,2026-12-20
PHC-WB-DAR-452,Iron Folic Acid tablets,DRG-008,Supplement,219,500,5000,tablets,2026-08-31,2027-03-05
PHC-WB-DAR-452,Metformin 500mg,DRG-009,Anti-diabetic,280,300,3000,tablets,2026-09-22,2027-06-20
PHC-WB-DAR-452,Amlodipine 5mg,DRG-010,Cardiovascular,185,200,2000,tablets,2026-09-12,2026-11-23
PHC-WB-DAR-453,ORS Sachets,DRG-001,Essential,3940,500,5000,sachets,2026-08-16,2027-07-08
PHC-WB-DAR-453,Zinc Sulfate 20mg,DRG-002,Essential,420,200,2000,tablets,2026-09-01,2027-03-13
PHC-WB-DAR-453,Paracetamol 500mg,DRG-003,Analgesic,1811,1000,10000,tablets,2026-08-04,2027-01-20
PHC-WB-DAR-453,Amoxicillin 500mg,DRG-004,Antibiotic,467,300,3000,capsules,2026-09-19,2027-01-27
PHC-WB-DAR-453,Polyvalent Anti-Snake Venom (ASV),DRG-005,Antivenom,41,10,50,vials,2026-08-26,2027-02-24
PHC-WB-DAR-453,Salbutamol Nebules,DRG-006,Respiratory,471,50,500,ampoules,2026-08-19,2027-01-14
PHC-WB-DAR-453,Doxycycline 100mg,DRG-007,Antibiotic,1896,200,2000,tablets,2026-08-31,2026-12-29
PHC-WB-DAR-453,Iron Folic Acid tablets,DRG-008,Supplement,1371,500,5000,tablets,2026-09-13,2027-05-07
PHC-WB-DAR-453,Metformin 500mg,DRG-009,Anti-diabetic,2131,300,3000,tablets,2026-09-21,2026-11-14
PHC-WB-DAR-453,Amlodipine 5mg,DRG-010,Cardiovascular,1143,200,2000,tablets,2026-09-03,2027-04-27
PHC-WB-DAR-454,ORS Sachets,DRG-001,Essential,4762,500,5000,sachets,2026-09-01,2027-09-08
PHC-WB-DAR-454,Zinc Sulfate 20mg,DRG-002,Essential,615,200,2000,tablets,2026-08-31,2027-02-13
PHC-WB-DAR-454,Paracetamol 500mg,DRG-003,Analgesic,8474,1000,10000,tablets,2026-09-09,2027-09-16
PHC-WB-DAR-454,Amoxicillin 500mg,DRG-004,Antibiotic,1968,300,3000,capsules,2026-08-08,2027-03-28
PHC-WB-DAR-454,Polyvalent Anti-Snake Venom (ASV),DRG-005,Antivenom,23,10,50,vials,2026-08-15,2027-08-03
PHC-WB-DAR-454,Salbutamol Nebules,DRG-006,Respiratory,498,50,500,ampoules,2026-08-12,2027-05-23
PHC-WB-DAR-454,Doxycycline 100mg,DRG-007,Antibiotic,479,200,2000,tablets,2026-08-11,2027-04-23
PHC-WB-DAR-454,Iron Folic Acid tablets,DRG-008,Supplement,1910,500,5000,tablets,2026-09-21,2026-11-09
PHC-WB-DAR-454,Metformin 500mg,DRG-009,Anti-diabetic,491,300,3000,tablets,2026-08-28,2027-04-14
PHC-WB-DAR-454,Amlodipine 5mg,DRG-010,Cardiovascular,1495,200,2000,tablets,2026-08-06,2027-07-08
PHC-WB-DAR-455,ORS Sachets,DRG-001,Essential,1980,500,5000,sachets,2026-08-08,2027-09-17
PHC-WB-DAR-455,Zinc Sulfate 20mg,DRG-002,Essential,1478,200,2000,tablets,2026-08-19,2027-07-09
PHC-WB-DAR-455,Paracetamol 500mg,DRG-003,Analgesic,1077,1000,10000,tablets,2026-08-15,2026-11-15
PHC-WB-DAR-455,Amoxicillin 500mg,DRG-004,Antibiotic,2935,300,3000,capsules,2026-08-28,2027-03-19
PHC-WB-DAR-455,Polyvalent Anti-Snake Venom (ASV),DRG-005,Antivenom,19,10,50,vials,2026-09-05,2027-06-27
PHC-WB-DAR-455,Salbutamol Nebules,DRG-006,Respiratory,171,50,500,ampoules,2026-08-13,2027-07-22
PHC-WB-DAR-455,Doxycycline 100mg,DRG-007,Antibiotic,357,200,2000,tablets,2026-09-08,2027-05-24
PHC-WB-DAR-455,Iron Folic Acid tablets,DRG-008,Supplement,1462,500,5000,tablets,2026-08-21,2027-06-30
PHC-WB-DAR-455,Metformin 500mg,DRG-009,Anti-diabetic,915,300,3000,tablets,2026-08-01,2027-01-12
PHC-WB-DAR-455,Amlodipine 5mg,DRG-010,Cardiovascular,205,200,2000,tablets,2026-08-17,2027-05-20
PHC-WB-DAR-456,ORS Sachets,DRG-001,Essential,4076,500,5000,sachets,2026-08-17,2027-03-30
PHC-WB-DAR-456,Zinc Sulfate 20mg,DRG-002,Essential,382,200,2000,tablets,2026-08-25,2027-08-12
PHC-WB-DAR-456,Paracetamol 500mg,DRG-003,Analgesic,5867,1000,10000,tablets,2026-09-05,2027-04-09
PHC-WB-DAR-456,Amoxicillin 500mg,DRG-004,Antibiotic,1642,300,3000,capsules,2026-09-02,2027-09-21
PHC-WB-DAR-456,Polyvalent Anti-Snake Venom (ASV),DRG-005,Antivenom,17,10,50,vials,2026-08-15,2027-07-02
PHC-WB-DAR-456,Salbutamol Nebules,DRG-006,Respiratory,52,50,500,ampoules,2026-09-01,2027-04-17
PHC-WB-DAR-456,Doxycycline 100mg,DRG-007,Antibiotic,492,200,2000,tablets,2026-08-22,2027-09-06
PHC-WB-DAR-456,Iron Folic Acid tablets,DRG-008,Supplement,3810,500,5000,tablets,2026-08-25,2027-06-23
PHC-WB-DAR-456,Metformin 500mg,DRG-009,Anti-diabetic,2240,300,3000,tablets,2026-08-27,2027-05-07
PHC-WB-DAR-456,Amlodipine 5mg,DRG-010,Cardiovascular,1516,200,2000,tablets,2026-08-05,2027-02-26
PHC-WB-DAR-457,ORS Sachets,DRG-001,Essential,602,500,5000,sachets,2026-08-03,2027-04-16
PHC-WB-DAR-457,Zinc Sulfate 20mg,DRG-002,Essential,1713,200,2000,tablets,2026-09-09,2027-03-08
PHC-WB-DAR-457,Paracetamol 500mg,DRG-003,Analgesic,5651,1000,10000,tablets,2026-09-24,2027-09-22
PHC-WB-DAR-457,Amoxicillin 500mg,DRG-004,Antibiotic,1056,300,3000,capsules,2026-09-15,2027-07-08
PHC-WB-DAR-457,Polyvalent Anti-Snake Venom (ASV),DRG-005,Antivenom,12,10,50,vials,2026-09-03,2027-01-05
PHC-WB-DAR-457,Salbutamol Nebules,DRG-006,Respiratory,103,50,500,ampoules,2026-08-27,2027-06-22
PHC-WB-DAR-457,Doxycycline 100mg,DRG-007,Antibiotic,1821,200,2000,tablets,2026-08-03,2027-05-05
PHC-WB-DAR-457,Iron Folic Acid tablets,DRG-008,Supplement,820,500,5000,tablets,2026-08-20,2026-12-13
PHC-WB-DAR-457,Metformin 500mg,DRG-009,Anti-diabetic,2069,300,3000,tablets,2026-08-28,2027-06-18
PHC-WB-DAR-457,Amlodipine 5mg,DRG-010,Cardiovascular,326,200,2000,tablets,2026-09-16,2027-08-16
PHC-WB-DAR-458,ORS Sachets,DRG-001,Essential,9,500,5000,sachets,2026-08-17,2027-07-04
PHC-WB-DAR-458,Zinc Sulfate 20mg,DRG-002,Essential,21,200,2000,tablets,2026-08-17,2027-07-16
PHC-WB-DAR-458,Paracetamol 500mg,DRG-003,Analgesic,86,1000,10000,tablets,2026-09-11,2027-08-22
PHC-WB-DAR-458,Amoxicillin 500mg,DRG-004,Antibiotic,3,300,3000,capsules,2026-08-03,2027-05-27
PHC-WB-DAR-458,Polyvalent Anti-Snake Venom (ASV),DRG-005,Antivenom,0,10,50,vials,2026-09-06,2026-11-01
PHC-WB-DAR-458,Salbutamol Nebules,DRG-006,Respiratory,3,50,500,ampoules,2026-09-24,2027-07-04
PHC-WB-DAR-458,Doxycycline 100mg,DRG-007,Antibiotic,3,200,2000,tablets,2026-08-14,2027-02-20
PHC-WB-DAR-458,Iron Folic Acid tablets,DRG-008,Supplement,44,500,5000,tablets,2026-08-14,2026-12-07
PHC-WB-DAR-458,Metformin 500mg,DRG-009,Anti-diabetic,23,300,3000,tablets,2026-09-08,2027-05-29
PHC-WB-DAR-458,Amlodipine 5mg,DRG-010,Cardiovascular,19,200,2000,tablets,2026-08-13,2027-03-31
PHC-WB-DAR-459,ORS Sachets,DRG-001,Essential,52,500,5000,sachets,2026-08-17,2027-01-03
PHC-WB-DAR-459,Zinc Sulfate 20mg,DRG-002,Essential,32,200,2000,tablets,2026-08-28,2027-02-03
PHC-WB-DAR-459,Paracetamol 500mg,DRG-003,Analgesic,177,1000,10000,tablets,2026-09-09,2027-02-07
PHC-WB-DAR-459,Amoxicillin 500mg,DRG-004,Antibiotic,4,300,3000,capsules,2026-09-24,2027-06-17
PHC-WB-DAR-459,Polyvalent Anti-Snake Venom (ASV),DRG-005,Antivenom,0,10,50,vials,2026-08-27,2027-03-07
PHC-WB-DAR-459,Salbutamol Nebules,DRG-006,Respiratory,0,50,500,ampoules,2026-08-13,2026-12-07
PHC-WB-DAR-459,Doxycycline 100mg,DRG-007,Antibiotic,33,200,2000,tablets,2026-08-31,2027-02-16
PHC-WB-DAR-459,Iron Folic Acid tablets,DRG-008,Supplement,79,500,5000,tablets,2026-09-11,2026-11-11
PHC-WB-DAR-459,Metformin 500mg,DRG-009,Anti-diabetic,1,300,3000,tablets,2026-08-18,2027-01-11
PHC-WB-DAR-459,Amlodipine 5mg,DRG-010,Cardiovascular,1,200,2000,tablets,2026-09-01,2027-02-25
PHC-WB-DAR-460,ORS Sachets,DRG-001,Essential,3382,500,5000,sachets,2026-08-20,2027-05-25
PHC-WB-DAR-460,Zinc Sulfate 20mg,DRG-002,Essential,1814,200,2000,tablets,2026-08-19,2026-11-10
PHC-WB-DAR-460,Paracetamol 500mg,DRG-003,Analgesic,7893,1000,10000,tablets,2026-08-31,2027-03-01
PHC-WB-DAR-460,Amoxicillin 500mg,DRG-004,Antibiotic,652,300,3000,capsules,2026-08-20,2027-03-23
PHC-WB-DAR-460,Polyvalent Anti-Snake Venom (ASV),DRG-005,Antivenom,28,10,50,vials,2026-09-18,2026-12-09
PHC-WB-DAR-460,Salbutamol Nebules,DRG-006,Respiratory,213,50,500,ampoules,2026-08-12,2026-10-30
PHC-WB-DAR-460,Doxycycline 100mg,DRG-007,Antibiotic,887,200,2000,tablets,2026-08-24,2027-07-16
PHC-WB-DAR-460,Iron Folic Acid tablets,DRG-008,Supplement,2175,500,5000,tablets,2026-09-13,2027-09-16
PHC-WB-DAR-460,Metformin 500mg,DRG-009,Anti-diabetic,2229,300,3000,tablets,2026-09-01,2026-12-05
PHC-WB-DAR-460,Amlodipine 5mg,DRG-010,Cardiovascular,1967,200,2000,tablets,2026-08-13,2026-12-08
PHC-WB-DAR-461,ORS Sachets,DRG-001,Essential,1700,500,5000,sachets,2026-08-26,2027-04-23
PHC-WB-DAR-461,Zinc Sulfate 20mg,DRG-002,Essential,1918,200,2000,tablets,2026-08-23,2027-09-16
PHC-WB-DAR-461,Paracetamol 500mg,DRG-003,Analgesic,3006,1000,10000,tablets,2026-08-13,2027-08-03
PHC-WB-DAR-461,Amoxicillin 500mg,DRG-004,Antibiotic,1678,300,3000,capsules,2026-09-12,2026-12-12
PHC-WB-DAR-461,Polyvalent Anti-Snake Venom (ASV),DRG-005,Antivenom,26,10,50,vials,2026-09-04,2027-07-09
PHC-WB-DAR-461,Salbutamol Nebules,DRG-006,Respiratory,328,50,500,ampoules,2026-08-16,2027-02-17
PHC-WB-DAR-461,Doxycycline 100mg,DRG-007,Antibiotic,874,200,2000,tablets,2026-09-08,2026-12-09
PHC-WB-DAR-461,Iron Folic Acid tablets,DRG-008,Supplement,4652,500,5000,tablets,2026-09-15,2027-09-15
PHC-WB-DAR-461,Metformin 500mg,DRG-009,Anti-diabetic,778,300,3000,tablets,2026-08-10,2027-02-17
PHC-WB-DAR-461,Amlodipine 5mg,DRG-010,Cardiovascular,1522,200,2000,tablets,2026-07-31,2026-11-15
PHC-WB-DAR-462,ORS Sachets,DRG-001,Essential,3611,500,5000,sachets,2026-09-04,2027-01-16
PHC-WB-DAR-462,Zinc Sulfate 20mg,DRG-002,Essential,1394,200,2000,tablets,2026-09-08,2027-07-03
PHC-WB-DAR-462,Paracetamol 500mg,DRG-003,Analgesic,9320,1000,10000,tablets,2026-08-21,2027-06-26
PHC-WB-DAR-462,Amoxicillin 500mg,DRG-004,Antibiotic,2510,300,3000,capsules,2026-08-27,2027-01-09
PHC-WB-DAR-462,Polyvalent Anti-Snake Venom (ASV),DRG-005,Antivenom,45,10,50,vials,2026-08-06,2027-02-01
PHC-WB-DAR-462,Salbutamol Nebules,DRG-006,Respiratory,282,50,500,ampoules,2026-08-26,2027-09-14
PHC-WB-DAR-462,Doxycycline 100mg,DRG-007,Antibiotic,1176,200,2000,tablets,2026-08-13,2027-05-27
PHC-WB-DAR-462,Iron Folic Acid tablets,DRG-008,Supplement,1722,500,5000,tablets,2026-08-17,2027-05-12
PHC-WB-DAR-462,Metformin 500mg,DRG-009,Anti-diabetic,2203,300,3000,tablets,2026-08-14,2027-09-12
PHC-WB-DAR-462,Amlodipine 5mg,DRG-010,Cardiovascular,858,200,2000,tablets,2026-08-21,2027-05-14
PHC-WB-MUR-463,ORS Sachets,DRG-001,Essential,278,500,5000,sachets,2026-09-10,2027-01-06
PHC-WB-MUR-463,Zinc Sulfate 20mg,DRG-002,Essential,199,200,2000,tablets,2026-09-07,2027-03-22
PHC-WB-MUR-463,Paracetamol 500mg,DRG-003,Analgesic,152,1000,10000,tablets,2026-09-17,2027-06-24
PHC-WB-MUR-463,Amoxicillin 500mg,DRG-004,Antibiotic,249,300,3000,capsules,2026-08-26,2026-11-08
PHC-WB-MUR-463,Polyvalent Anti-Snake Venom (ASV),DRG-005,Antivenom,4,10,50,vials,2026-09-12,2026-11-20
PHC-WB-MUR-463,Salbutamol Nebules,DRG-006,Respiratory,30,50,500,ampoules,2026-09-12,2027-08-13
PHC-WB-MUR-463,Doxycycline 100mg,DRG-007,Antibiotic,177,200,2000,tablets,2026-09-17,2027-04-27
PHC-WB-MUR-463,Iron Folic Acid tablets,DRG-008,Supplement,334,500,5000,tablets,2026-09-21,2027-05-27
PHC-WB-MUR-463,Metformin 500mg,DRG-009,Anti-diabetic,22,300,3000,tablets,2026-09-04,2027-07-19
PHC-WB-MUR-463,Amlodipine 5mg,DRG-010,Cardiovascular,18,200,2000,tablets,2026-09-05,2027-09-12
PHC-WB-MUR-464,ORS Sachets,DRG-001,Essential,1150,500,5000,sachets,2026-08-01,2027-07-23
PHC-WB-MUR-464,Zinc Sulfate 20mg,DRG-002,Essential,841,200,2000,tablets,2026-09-01,2027-07-02
PHC-WB-MUR-464,Paracetamol 500mg,DRG-003,Analgesic,6067,1000,10000,tablets,2026-08-27,2027-05-21
PHC-WB-MUR-464,Amoxicillin 500mg,DRG-004,Antibiotic,2644,300,3000,capsules,2026-08-25,2026-12-13
PHC-WB-MUR-464,Polyvalent Anti-Snake Venom (ASV),DRG-005,Antivenom,39,10,50,vials,2026-09-16,2027-01-08
PHC-WB-MUR-464,Salbutamol Nebules,DRG-006,Respiratory,152,50,500,ampoules,2026-08-21,2027-08-27
PHC-WB-MUR-464,Doxycycline 100mg,DRG-007,Antibiotic,976,200,2000,tablets,2026-09-11,2027-05-01
PHC-WB-MUR-464,Iron Folic Acid tablets,DRG-008,Supplement,1693,500,5000,tablets,2026-08-27,2027-06-18
PHC-WB-MUR-464,Metformin 500mg,DRG-009,Anti-diabetic,678,300,3000,tablets,2026-08-27,2027-08-31
PHC-WB-MUR-464,Amlodipine 5mg,DRG-010,Cardiovascular,431,200,2000,tablets,2026-09-02,2027-05-31
PHC-WB-MUR-465,ORS Sachets,DRG-001,Essential,2033,500,5000,sachets,2026-09-06,2027-05-07
PHC-WB-MUR-465,Zinc Sulfate 20mg,DRG-002,Essential,799,200,2000,tablets,2026-08-13,2027-02-26
PHC-WB-MUR-465,Paracetamol 500mg,DRG-003,Analgesic,8196,1000,10000,tablets,2026-08-28,2027-05-16
PHC-WB-MUR-465,Amoxicillin 500mg,DRG-004,Antibiotic,1626,300,3000,capsules,2026-08-14,2027-09-18
PHC-WB-MUR-465,Polyvalent Anti-Snake Venom (ASV),DRG-005,Antivenom,17,10,50,vials,2026-09-15,2027-05-19
PHC-WB-MUR-465,Salbutamol Nebules,DRG-006,Respiratory,217,50,500,ampoules,2026-08-30,2027-06-05
PHC-WB-MUR-465,Doxycycline 100mg,DRG-007,Antibiotic,1585,200,2000,tablets,2026-09-02,2027-06-18
PHC-WB-MUR-465,Iron Folic Acid tablets,DRG-008,Supplement,3825,500,5000,tablets,2026-08-24,2027-07-31
PHC-WB-MUR-465,Metformin 500mg,DRG-009,Anti-diabetic,2078,300,3000,tablets,2026-08-19,2027-05-03
PHC-WB-MUR-465,Amlodipine 5mg,DRG-010,Cardiovascular,1278,200,2000,tablets,2026-09-15,2027-08-30
PHC-WB-MUR-466,ORS Sachets,DRG-001,Essential,311,500,5000,sachets,2026-08-09,2027-01-25
PHC-WB-MUR-466,Zinc Sulfate 20mg,DRG-002,Essential,150,200,2000,tablets,2026-09-20,2027-02-22
PHC-WB-MUR-466,Paracetamol 500mg,DRG-003,Analgesic,767,1000,10000,tablets,2026-09-20,2027-06-17
PHC-WB-MUR-466,Amoxicillin 500mg,DRG-004,Antibiotic,220,300,3000,capsules,2026-09-18,2027-04-02
PHC-WB-MUR-466,Polyvalent Anti-Snake Venom (ASV),DRG-005,Antivenom,8,10,50,vials,2026-08-15,2027-08-04
PHC-WB-MUR-466,Salbutamol Nebules,DRG-006,Respiratory,24,50,500,ampoules,2026-09-15,2027-03-24
PHC-WB-MUR-466,Doxycycline 100mg,DRG-007,Antibiotic,79,200,2000,tablets,2026-09-03,2027-06-07
PHC-WB-MUR-466,Iron Folic Acid tablets,DRG-008,Supplement,134,500,5000,tablets,2026-09-04,2027-03-28
PHC-WB-MUR-466,Metformin 500mg,DRG-009,Anti-diabetic,97,300,3000,tablets,2026-08-09,2027-09-25
PHC-WB-MUR-466,Amlodipine 5mg,DRG-010,Cardiovascular,164,200,2000,tablets,2026-08-31,2027-05-16
PHC-WB-MUR-467,ORS Sachets,DRG-001,Essential,4864,500,5000,sachets,2026-09-20,2027-09-04
PHC-WB-MUR-467,Zinc Sulfate 20mg,DRG-002,Essential,684,200,2000,tablets,2026-09-23,2027-09-09
PHC-WB-MUR-467,Paracetamol 500mg,DRG-003,Analgesic,4505,1000,10000,tablets,2026-08-03,2026-12-22
PHC-WB-MUR-467,Amoxicillin 500mg,DRG-004,Antibiotic,1680,300,3000,capsules,2026-09-08,2026-12-03
PHC-WB-MUR-467,Polyvalent Anti-Snake Venom (ASV),DRG-005,Antivenom,21,10,50,vials,2026-08-24,2027-03-09
PHC-WB-MUR-467,Salbutamol Nebules,DRG-006,Respiratory,289,50,500,ampoules,2026-08-18,2027-04-08
PHC-WB-MUR-467,Doxycycline 100mg,DRG-007,Antibiotic,993,200,2000,tablets,2026-08-09,2027-04-03
PHC-WB-MUR-467,Iron Folic Acid tablets,DRG-008,Supplement,4090,500,5000,tablets,2026-09-05,2027-09-26
PHC-WB-MUR-467,Metformin 500mg,DRG-009,Anti-diabetic,1260,300,3000,tablets,2026-09-09,2027-02-27
PHC-WB-MUR-467,Amlodipine 5mg,DRG-010,Cardiovascular,583,200,2000,tablets,2026-09-15,2026-12-17
PHC-WB-MUR-468,ORS Sachets,DRG-001,Essential,4514,500,5000,sachets,2026-09-20,2027-09-13
PHC-WB-MUR-468,Zinc Sulfate 20mg,DRG-002,Essential,1054,200,2000,tablets,2026-09-07,2026-11-19
PHC-WB-MUR-468,Paracetamol 500mg,DRG-003,Analgesic,3132,1000,10000,tablets,2026-08-14,2027-08-09
PHC-WB-MUR-468,Amoxicillin 500mg,DRG-004,Antibiotic,327,300,3000,capsules,2026-08-13,2027-06-16
PHC-WB-MUR-468,Polyvalent Anti-Snake Venom (ASV),DRG-005,Antivenom,48,10,50,vials,2026-09-17,2027-09-29
PHC-WB-MUR-468,Salbutamol Nebules,DRG-006,Respiratory,58,50,500,ampoules,2026-08-16,2027-03-15
PHC-WB-MUR-468,Doxycycline 100mg,DRG-007,Antibiotic,1120,200,2000,tablets,2026-08-16,2027-06-17
PHC-WB-MUR-468,Iron Folic Acid tablets,DRG-008,Supplement,4898,500,5000,tablets,2026-09-11,2027-04-05
PHC-WB-MUR-468,Metformin 500mg,DRG-009,Anti-diabetic,743,300,3000,tablets,2026-09-15,2027-07-29
PHC-WB-MUR-468,Amlodipine 5mg,DRG-010,Cardiovascular,438,200,2000,tablets,2026-09-15,2027-08-30
PHC-WB-MUR-469,ORS Sachets,DRG-001,Essential,315,500,5000,sachets,2026-09-15,2027-08-09
PHC-WB-MUR-469,Zinc Sulfate 20mg,DRG-002,Essential,40,200,2000,tablets,2026-08-01,2027-09-23
PHC-WB-MUR-469,Paracetamol 500mg,DRG-003,Analgesic,563,1000,10000,tablets,2026-08-10,2027-04-21
PHC-WB-MUR-469,Amoxicillin 500mg,DRG-004,Antibiotic,117,300,3000,capsules,2026-09-05,2026-12-10
PHC-WB-MUR-469,Polyvalent Anti-Snake Venom (ASV),DRG-005,Antivenom,4,10,50,vials,2026-08-09,2027-07-05
PHC-WB-MUR-469,Salbutamol Nebules,DRG-006,Respiratory,13,50,500,ampoules,2026-09-15,2027-02-19
PHC-WB-MUR-469,Doxycycline 100mg,DRG-007,Antibiotic,178,200,2000,tablets,2026-08-27,2027-01-16
PHC-WB-MUR-469,Iron Folic Acid tablets,DRG-008,Supplement,13,500,5000,tablets,2026-09-15,2027-09-27
PHC-WB-MUR-469,Metformin 500mg,DRG-009,Anti-diabetic,137,300,3000,tablets,2026-08-07,2027-01-07
PHC-WB-MUR-469,Amlodipine 5mg,DRG-010,Cardiovascular,143,200,2000,tablets,2026-09-05,2026-11-18
PHC-WB-MUR-470,ORS Sachets,DRG-001,Essential,4743,500,5000,sachets,2026-09-03,2026-12-01
PHC-WB-MUR-470,Zinc Sulfate 20mg,DRG-002,Essential,1313,200,2000,tablets,2026-09-07,2027-09-09
PHC-WB-MUR-470,Paracetamol 500mg,DRG-003,Analgesic,2263,1000,10000,tablets,2026-09-06,2027-08-17
PHC-WB-MUR-470,Amoxicillin 500mg,DRG-004,Antibiotic,2820,300,3000,capsules,2026-09-23,2027-09-14
PHC-WB-MUR-470,Polyvalent Anti-Snake Venom (ASV),DRG-005,Antivenom,21,10,50,vials,2026-08-25,2027-05-14
PHC-WB-MUR-470,Salbutamol Nebules,DRG-006,Respiratory,423,50,500,ampoules,2026-08-19,2026-12-01
PHC-WB-MUR-470,Doxycycline 100mg,DRG-007,Antibiotic,1794,200,2000,tablets,2026-09-07,2027-09-10
PHC-WB-MUR-470,Iron Folic Acid tablets,DRG-008,Supplement,638,500,5000,tablets,2026-09-02,2027-08-14
PHC-WB-MUR-470,Metformin 500mg,DRG-009,Anti-diabetic,391,300,3000,tablets,2026-09-01,2026-12-26
PHC-WB-MUR-470,Amlodipine 5mg,DRG-010,Cardiovascular,1082,200,2000,tablets,2026-09-13,2027-01-16
PHC-WB-MUR-471,ORS Sachets,DRG-001,Essential,1515,500,5000,sachets,2026-09-12,2026-10-29
PHC-WB-MUR-471,Zinc Sulfate 20mg,DRG-002,Essential,1836,200,2000,tablets,2026-09-22,2027-03-01
PHC-WB-MUR-471,Paracetamol 500mg,DRG-003,Analgesic,1150,1000,10000,tablets,2026-08-28,2027-05-02
PHC-WB-MUR-471,Amoxicillin 500mg,DRG-004,Antibiotic,2745,300,3000,capsules,2026-09-06,2027-09-14
PHC-WB-MUR-471,Polyvalent Anti-Snake Venom (ASV),DRG-005,Antivenom,48,10,50,vials,2026-09-16,2027-09-17
PHC-WB-MUR-471,Salbutamol Nebules,DRG-006,Respiratory,137,50,500,ampoules,2026-08-06,2027-07-01
PHC-WB-MUR-471,Doxycycline 100mg,DRG-007,Antibiotic,751,200,2000,tablets,2026-08-18,2027-04-06
PHC-WB-MUR-471,Iron Folic Acid tablets,DRG-008,Supplement,2417,500,5000,tablets,2026-09-09,2026-12-15
PHC-WB-MUR-471,Metformin 500mg,DRG-009,Anti-diabetic,2408,300,3000,tablets,2026-09-14,2026-11-15
PHC-WB-MUR-471,Amlodipine 5mg,DRG-010,Cardiovascular,714,200,2000,tablets,2026-09-23,2027-04-12
PHC-WB-MUR-472,ORS Sachets,DRG-001,Essential,84,500,5000,sachets,2026-09-14,2026-11-05
PHC-WB-MUR-472,Zinc Sulfate 20mg,DRG-002,Essential,12,200,2000,tablets,2026-08-29,2027-08-30
PHC-WB-MUR-472,Paracetamol 500mg,DRG-003,Analgesic,141,1000,10000,tablets,2026-08-31,2027-06-13
PHC-WB-MUR-472,Amoxicillin 500mg,DRG-004,Antibiotic,12,300,3000,capsules,2026-08-13,2027-08-11
PHC-WB-MUR-472,Polyvalent Anti-Snake Venom (ASV),DRG-005,Antivenom,0,10,50,vials,2026-08-13,2027-06-29
PHC-WB-MUR-472,Salbutamol Nebules,DRG-006,Respiratory,1,50,500,ampoules,2026-08-10,2027-07-13
PHC-WB-MUR-472,Doxycycline 100mg,DRG-007,Antibiotic,28,200,2000,tablets,2026-08-25,2027-05-31
PHC-WB-MUR-472,Iron Folic Acid tablets,DRG-008,Supplement,85,500,5000,tablets,2026-08-31,2027-09-19
PHC-WB-MUR-472,Metformin 500mg,DRG-009,Anti-diabetic,60,300,3000,tablets,2026-08-21,2027-09-10
PHC-WB-MUR-472,Amlodipine 5mg,DRG-010,Cardiovascular,37,200,2000,tablets,2026-08-17,2026-12-01
PHC-WB-MUR-473,ORS Sachets,DRG-001,Essential,3349,500,5000,sachets,2026-09-22,2027-07-14
PHC-WB-MUR-473,Zinc Sulfate 20mg,DRG-002,Essential,1015,200,2000,tablets,2026-08-31,2027-07-08
PHC-WB-MUR-473,Paracetamol 500mg,DRG-003,Analgesic,8076,1000,10000,tablets,2026-08-31,2027-01-08
PHC-WB-MUR-473,Amoxicillin 500mg,DRG-004,Antibiotic,2663,300,3000,capsules,2026-08-14,2026-12-28
PHC-WB-MUR-473,Polyvalent Anti-Snake Venom (ASV),DRG-005,Antivenom,44,10,50,vials,2026-09-24,2027-06-13
PHC-WB-MUR-473,Salbutamol Nebules,DRG-006,Respiratory,432,50,500,ampoules,2026-09-11,2026-12-22
PHC-WB-MUR-473,Doxycycline 100mg,DRG-007,Antibiotic,1832,200,2000,tablets,2026-08-27,2027-02-12
PHC-WB-MUR-473,Iron Folic Acid tablets,DRG-008,Supplement,4460,500,5000,tablets,2026-08-12,2026-11-22
PHC-WB-MUR-473,Metformin 500mg,DRG-009,Anti-diabetic,716,300,3000,tablets,2026-08-17,2027-06-06
PHC-WB-MUR-473,Amlodipine 5mg,DRG-010,Cardiovascular,1068,200,2000,tablets,2026-08-13,2027-09-23
PHC-WB-MUR-474,ORS Sachets,DRG-001,Essential,4794,500,5000,sachets,2026-09-05,2027-08-06
PHC-WB-MUR-474,Zinc Sulfate 20mg,DRG-002,Essential,1181,200,2000,tablets,2026-08-05,2027-06-24
PHC-WB-MUR-474,Paracetamol 500mg,DRG-003,Analgesic,4547,1000,10000,tablets,2026-08-10,2026-11-13
PHC-WB-MUR-474,Amoxicillin 500mg,DRG-004,Antibiotic,1839,300,3000,capsules,2026-09-16,2027-07-21
PHC-WB-MUR-474,Polyvalent Anti-Snake Venom (ASV),DRG-005,Antivenom,17,10,50,vials,2026-08-15,2027-08-04
PHC-WB-MUR-474,Salbutamol Nebules,DRG-006,Respiratory,399,50,500,ampoules,2026-08-08,2027-04-15
PHC-WB-MUR-474,Doxycycline 100mg,DRG-007,Antibiotic,1835,200,2000,tablets,2026-08-06,2027-09-23
PHC-WB-MUR-474,Iron Folic Acid tablets,DRG-008,Supplement,2200,500,5000,tablets,2026-09-24,2027-07-10
PHC-WB-MUR-474,Metformin 500mg,DRG-009,Anti-diabetic,1114,300,3000,tablets,2026-08-13,2027-03-13
PHC-WB-MUR-474,Amlodipine 5mg,DRG-010,Cardiovascular,425,200,2000,tablets,2026-08-18,2027-04-19
PHC-WB-MUR-475,ORS Sachets,DRG-001,Essential,1699,500,5000,sachets,2026-09-19,2026-12-12
PHC-WB-MUR-475,Zinc Sulfate 20mg,DRG-002,Essential,786,200,2000,tablets,2026-08-15,2027-01-14
PHC-WB-MUR-475,Paracetamol 500mg,DRG-003,Analgesic,3484,1000,10000,tablets,2026-08-30,2027-08-13
PHC-WB-MUR-475,Amoxicillin 500mg,DRG-004,Antibiotic,994,300,3000,capsules,2026-08-31,2026-12-06
PHC-WB-MUR-475,Polyvalent Anti-Snake Venom (ASV),DRG-005,Antivenom,25,10,50,vials,2026-08-07,2027-08-22
PHC-WB-MUR-475,Salbutamol Nebules,DRG-006,Respiratory,158,50,500,ampoules,2026-08-07,2027-09-01
PHC-WB-MUR-475,Doxycycline 100mg,DRG-007,Antibiotic,242,200,2000,tablets,2026-08-18,2027-01-10
PHC-WB-MUR-475,Iron Folic Acid tablets,DRG-008,Supplement,1664,500,5000,tablets,2026-09-05,2027-08-12
PHC-WB-MUR-475,Metformin 500mg,DRG-009,Anti-diabetic,2026,300,3000,tablets,2026-08-01,2027-01-01
PHC-WB-MUR-475,Amlodipine 5mg,DRG-010,Cardiovascular,1431,200,2000,tablets,2026-08-24,2027-07-02
PHC-WB-MUR-476,ORS Sachets,DRG-001,Essential,1436,500,5000,sachets,2026-09-08,2027-09-02
PHC-WB-MUR-476,Zinc Sulfate 20mg,DRG-002,Essential,522,200,2000,tablets,2026-09-02,2027-07-25
PHC-WB-MUR-476,Paracetamol 500mg,DRG-003,Analgesic,1293,1000,10000,tablets,2026-09-16,2026-12-15
PHC-WB-MUR-476,Amoxicillin 500mg,DRG-004,Antibiotic,1562,300,3000,capsules,2026-08-22,2027-03-06
PHC-WB-MUR-476,Polyvalent Anti-Snake Venom (ASV),DRG-005,Antivenom,39,10,50,vials,2026-07-31,2027-08-04
PHC-WB-MUR-476,Salbutamol Nebules,DRG-006,Respiratory,172,50,500,ampoules,2026-09-19,2027-02-28
PHC-WB-MUR-476,Doxycycline 100mg,DRG-007,Antibiotic,1758,200,2000,tablets,2026-09-23,2027-03-21
PHC-WB-MUR-476,Iron Folic Acid tablets,DRG-008,Supplement,972,500,5000,tablets,2026-08-10,2027-08-19
PHC-WB-MUR-476,Metformin 500mg,DRG-009,Anti-diabetic,2281,300,3000,tablets,2026-08-14,2027-02-07
PHC-WB-MUR-476,Amlodipine 5mg,DRG-010,Cardiovascular,895,200,2000,tablets,2026-08-11,2027-09-13
PHC-WB-MUR-477,ORS Sachets,DRG-001,Essential,3191,500,5000,sachets,2026-08-16,2027-09-18
PHC-WB-MUR-477,Zinc Sulfate 20mg,DRG-002,Essential,1178,200,2000,tablets,2026-08-15,2027-05-25
PHC-WB-MUR-477,Paracetamol 500mg,DRG-003,Analgesic,5914,1000,10000,tablets,2026-09-17,2026-11-03
PHC-WB-MUR-477,Amoxicillin 500mg,DRG-004,Antibiotic,2179,300,3000,capsules,2026-08-30,2027-05-20
PHC-WB-MUR-477,Polyvalent Anti-Snake Venom (ASV),DRG-005,Antivenom,16,10,50,vials,2026-08-27,2027-07-12
PHC-WB-MUR-477,Salbutamol Nebules,DRG-006,Respiratory,163,50,500,ampoules,2026-09-03,2027-05-26
PHC-WB-MUR-477,Doxycycline 100mg,DRG-007,Antibiotic,1523,200,2000,tablets,2026-08-10,2026-12-01
PHC-WB-MUR-477,Iron Folic Acid tablets,DRG-008,Supplement,2755,500,5000,tablets,2026-08-21,2027-02-23
PHC-WB-MUR-477,Metformin 500mg,DRG-009,Anti-diabetic,504,300,3000,tablets,2026-09-21,2027-09-12
PHC-WB-MUR-477,Amlodipine 5mg,DRG-010,Cardiovascular,1169,200,2000,tablets,2026-09-24,2027-03-05
PHC-WB-MUR-478,ORS Sachets,DRG-001,Essential,1897,500,5000,sachets,2026-08-06,2027-05-16
PHC-WB-MUR-478,Zinc Sulfate 20mg,DRG-002,Essential,1906,200,2000,tablets,2026-08-19,2027-09-17
PHC-WB-MUR-478,Paracetamol 500mg,DRG-003,Analgesic,4380,1000,10000,tablets,2026-09-16,2027-01-03
PHC-WB-MUR-478,Amoxicillin 500mg,DRG-004,Antibiotic,2723,300,3000,capsules,2026-09-15,2026-11-25
PHC-WB-MUR-478,Polyvalent Anti-Snake Venom (ASV),DRG-005,Antivenom,50,10,50,vials,2026-08-30,2027-02-26
PHC-WB-MUR-478,Salbutamol Nebules,DRG-006,Respiratory,89,50,500,ampoules,2026-09-07,2027-02-24
PHC-WB-MUR-478,Doxycycline 100mg,DRG-007,Antibiotic,1475,200,2000,tablets,2026-09-01,2027-08-21
PHC-WB-MUR-478,Iron Folic Acid tablets,DRG-008,Supplement,3254,500,5000,tablets,2026-09-13,2027-06-26
PHC-WB-MUR-478,Metformin 500mg,DRG-009,Anti-diabetic,2641,300,3000,tablets,2026-09-13,2027-05-06
PHC-WB-MUR-478,Amlodipine 5mg,DRG-010,Cardiovascular,1907,200,2000,tablets,2026-09-24,2026-11-04
PHC-WB-MUR-479,ORS Sachets,DRG-001,Essential,55,500,5000,sachets,2026-09-18,2027-02-17
PHC-WB-MUR-479,Zinc Sulfate 20mg,DRG-002,Essential,38,200,2000,tablets,2026-08-11,2027-07-28
PHC-WB-MUR-479,Paracetamol 500mg,DRG-003,Analgesic,34,1000,10000,tablets,2026-08-07,2027-08-03
PHC-WB-MUR-479,Amoxicillin 500mg,DRG-004,Antibiotic,24,300,3000,capsules,2026-09-12,2027-01-19
PHC-WB-MUR-479,Polyvalent Anti-Snake Venom (ASV),DRG-005,Antivenom,0,10,50,vials,2026-09-13,2027-02-26
PHC-WB-MUR-479,Salbutamol Nebules,DRG-006,Respiratory,3,50,500,ampoules,2026-09-18,2027-02-16
PHC-WB-MUR-479,Doxycycline 100mg,DRG-007,Antibiotic,17,200,2000,tablets,2026-08-18,2027-01-18
PHC-WB-MUR-479,Iron Folic Acid tablets,DRG-008,Supplement,52,500,5000,tablets,2026-08-09,2027-07-04
PHC-WB-MUR-479,Metformin 500mg,DRG-009,Anti-diabetic,53,300,3000,tablets,2026-09-16,2027-01-05
PHC-WB-MUR-479,Amlodipine 5mg,DRG-010,Cardiovascular,29,200,2000,tablets,2026-08-21,2026-11-24
PHC-WB-MUR-480,ORS Sachets,DRG-001,Essential,1262,500,5000,sachets,2026-08-15,2027-04-30
PHC-WB-MUR-480,Zinc Sulfate 20mg,DRG-002,Essential,796,200,2000,tablets,2026-09-05,2027-02-17
PHC-WB-MUR-480,Paracetamol 500mg,DRG-003,Analgesic,9478,1000,10000,tablets,2026-08-11,2026-12-13
PHC-WB-MUR-480,Amoxicillin 500mg,DRG-004,Antibiotic,2697,300,3000,capsules,2026-09-12,2027-01-01
PHC-WB-MUR-480,Polyvalent Anti-Snake Venom (ASV),DRG-005,Antivenom,46,10,50,vials,2026-09-01,2027-07-08
PHC-WB-MUR-480,Salbutamol Nebules,DRG-006,Respiratory,229,50,500,ampoules,2026-07-31,2027-05-20
PHC-WB-MUR-480,Doxycycline 100mg,DRG-007,Antibiotic,363,200,2000,tablets,2026-09-06,2026-11-05
PHC-WB-MUR-480,Iron Folic Acid tablets,DRG-008,Supplement,3950,500,5000,tablets,2026-08-16,2027-07-13
PHC-WB-MUR-480,Metformin 500mg,DRG-009,Anti-diabetic,2157,300,3000,tablets,2026-07-31,2027-09-14
PHC-WB-MUR-480,Amlodipine 5mg,DRG-010,Cardiovascular,1875,200,2000,tablets,2026-08-03,2027-09-28
PHC-WB-MUR-481,ORS Sachets,DRG-001,Essential,3079,500,5000,sachets,2026-09-01,2027-08-04
PHC-WB-MUR-481,Zinc Sulfate 20mg,DRG-002,Essential,1218,200,2000,tablets,2026-09-06,2027-09-17
PHC-WB-MUR-481,Paracetamol 500mg,DRG-003,Analgesic,6809,1000,10000,tablets,2026-09-05,2027-03-15
PHC-WB-MUR-481,Amoxicillin 500mg,DRG-004,Antibiotic,1488,300,3000,capsules,2026-08-26,2027-06-24
PHC-WB-MUR-481,Polyvalent Anti-Snake Venom (ASV),DRG-005,Antivenom,46,10,50,vials,2026-09-20,2027-08-02
PHC-WB-MUR-481,Salbutamol Nebules,DRG-006,Respiratory,313,50,500,ampoules,2026-09-24,2027-02-23
PHC-WB-MUR-481,Doxycycline 100mg,DRG-007,Antibiotic,1767,200,2000,tablets,2026-09-22,2027-02-09
PHC-WB-MUR-481,Iron Folic Acid tablets,DRG-008,Supplement,1509,500,5000,tablets,2026-09-01,2027-01-01
PHC-WB-MUR-481,Metformin 500mg,DRG-009,Anti-diabetic,2571,300,3000,tablets,2026-09-20,2027-05-14
PHC-WB-MUR-481,Amlodipine 5mg,DRG-010,Cardiovascular,667,200,2000,tablets,2026-09-06,2027-04-06
PHC-WB-MUR-482,ORS Sachets,DRG-001,Essential,3603,500,5000,sachets,2026-09-22,2026-11-12
PHC-WB-MUR-482,Zinc Sulfate 20mg,DRG-002,Essential,1210,200,2000,tablets,2026-09-20,2027-03-18
PHC-WB-MUR-482,Paracetamol 500mg,DRG-003,Analgesic,5088,1000,10000,tablets,2026-09-22,2027-08-12
PHC-WB-MUR-482,Amoxicillin 500mg,DRG-004,Antibiotic,1602,300,3000,capsules,2026-09-15,2026-11-12
PHC-WB-MUR-482,Polyvalent Anti-Snake Venom (ASV),DRG-005,Antivenom,38,10,50,vials,2026-08-12,2027-09-24
PHC-WB-MUR-482,Salbutamol Nebules,DRG-006,Respiratory,97,50,500,ampoules,2026-08-14,2026-12-12
PHC-WB-MUR-482,Doxycycline 100mg,DRG-007,Antibiotic,765,200,2000,tablets,2026-08-13,2027-07-28
PHC-WB-MUR-482,Iron Folic Acid tablets,DRG-008,Supplement,1956,500,5000,tablets,2026-09-13,2027-09-06
PHC-WB-MUR-482,Metformin 500mg,DRG-009,Anti-diabetic,428,300,3000,tablets,2026-09-02,2026-12-03
PHC-WB-MUR-482,Amlodipine 5mg,DRG-010,Cardiovascular,945,200,2000,tablets,2026-09-07,2027-02-23
PHC-WB-MUR-483,ORS Sachets,DRG-001,Essential,2832,500,5000,sachets,2026-08-12,2027-06-28
PHC-WB-MUR-483,Zinc Sulfate 20mg,DRG-002,Essential,1772,200,2000,tablets,2026-09-14,2026-11-03
PHC-WB-MUR-483,Paracetamol 500mg,DRG-003,Analgesic,1571,1000,10000,tablets,2026-09-18,2027-03-30
PHC-WB-MUR-483,Amoxicillin 500mg,DRG-004,Antibiotic,1248,300,3000,capsules,2026-09-14,2026-12-24
PHC-WB-MUR-483,Polyvalent Anti-Snake Venom (ASV),DRG-005,Antivenom,40,10,50,vials,2026-08-30,2027-03-05
PHC-WB-MUR-483,Salbutamol Nebules,DRG-006,Respiratory,350,50,500,ampoules,2026-08-14,2027-02-06
PHC-WB-MUR-483,Doxycycline 100mg,DRG-007,Antibiotic,1208,200,2000,tablets,2026-09-17,2027-07-23
PHC-WB-MUR-483,Iron Folic Acid tablets,DRG-008,Supplement,3535,500,5000,tablets,2026-09-13,2026-11-28
PHC-WB-MUR-483,Metformin 500mg,DRG-009,Anti-diabetic,2633,300,3000,tablets,2026-08-30,2027-02-03
PHC-WB-MUR-483,Amlodipine 5mg,DRG-010,Cardiovascular,1351,200,2000,tablets,2026-08-08,2027-02-19
PHC-WB-BAR-484,ORS Sachets,DRG-001,Essential,28,500,5000,sachets,2026-08-27,2026-12-15
PHC-WB-BAR-484,Zinc Sulfate 20mg,DRG-002,Essential,5,200,2000,tablets,2026-09-08,2027-09-24
PHC-WB-BAR-484,Paracetamol 500mg,DRG-003,Analgesic,75,1000,10000,tablets,2026-08-31,2027-01-19
PHC-WB-BAR-484,Amoxicillin 500mg,DRG-004,Antibiotic,17,300,3000,capsules,2026-09-12,2027-04-20
PHC-WB-BAR-484,Polyvalent Anti-Snake Venom (ASV),DRG-005,Antivenom,2,10,50,vials,2026-09-15,2027-03-13
PHC-WB-BAR-484,Salbutamol Nebules,DRG-006,Respiratory,2,50,500,ampoules,2026-09-05,2027-09-17
PHC-WB-BAR-484,Doxycycline 100mg,DRG-007,Antibiotic,25,200,2000,tablets,2026-09-22,2027-02-24
PHC-WB-BAR-484,Iron Folic Acid tablets,DRG-008,Supplement,30,500,5000,tablets,2026-09-05,2027-03-23
PHC-WB-BAR-484,Metformin 500mg,DRG-009,Anti-diabetic,25,300,3000,tablets,2026-08-29,2027-09-09
PHC-WB-BAR-484,Amlodipine 5mg,DRG-010,Cardiovascular,21,200,2000,tablets,2026-09-16,2027-05-16
PHC-WB-BAR-485,ORS Sachets,DRG-001,Essential,3416,500,5000,sachets,2026-08-13,2026-11-25
PHC-WB-BAR-485,Zinc Sulfate 20mg,DRG-002,Essential,351,200,2000,tablets,2026-09-05,2027-01-02
PHC-WB-BAR-485,Paracetamol 500mg,DRG-003,Analgesic,1272,1000,10000,tablets,2026-09-06,2027-07-18
PHC-WB-BAR-485,Amoxicillin 500mg,DRG-004,Antibiotic,2400,300,3000,capsules,2026-08-03,2027-01-24
PHC-WB-BAR-485,Polyvalent Anti-Snake Venom (ASV),DRG-005,Antivenom,16,10,50,vials,2026-09-08,2026-11-16
PHC-WB-BAR-485,Salbutamol Nebules,DRG-006,Respiratory,141,50,500,ampoules,2026-09-22,2027-01-04
PHC-WB-BAR-485,Doxycycline 100mg,DRG-007,Antibiotic,285,200,2000,tablets,2026-08-26,2027-01-14
PHC-WB-BAR-485,Iron Folic Acid tablets,DRG-008,Supplement,3702,500,5000,tablets,2026-09-06,2026-11-24
PHC-WB-BAR-485,Metformin 500mg,DRG-009,Anti-diabetic,2906,300,3000,tablets,2026-09-11,2027-01-06
PHC-WB-BAR-485,Amlodipine 5mg,DRG-010,Cardiovascular,868,200,2000,tablets,2026-08-07,2027-02-18
PHC-WB-BAR-486,ORS Sachets,DRG-001,Essential,3732,500,5000,sachets,2026-08-04,2027-07-01
PHC-WB-BAR-486,Zinc Sulfate 20mg,DRG-002,Essential,908,200,2000,tablets,2026-08-31,2027-04-10
PHC-WB-BAR-486,Paracetamol 500mg,DRG-003,Analgesic,5464,1000,10000,tablets,2026-09-21,2027-06-05
PHC-WB-BAR-486,Amoxicillin 500mg,DRG-004,Antibiotic,2166,300,3000,capsules,2026-08-20,2027-04-20
PHC-WB-BAR-486,Polyvalent Anti-Snake Venom (ASV),DRG-005,Antivenom,13,10,50,vials,2026-08-13,2027-05-28
PHC-WB-BAR-486,Salbutamol Nebules,DRG-006,Respiratory,124,50,500,ampoules,2026-09-15,2026-11-27
PHC-WB-BAR-486,Doxycycline 100mg,DRG-007,Antibiotic,830,200,2000,tablets,2026-08-18,2027-04-24
PHC-WB-BAR-486,Iron Folic Acid tablets,DRG-008,Supplement,1416,500,5000,tablets,2026-09-10,2027-01-06
PHC-WB-BAR-486,Metformin 500mg,DRG-009,Anti-diabetic,2127,300,3000,tablets,2026-08-08,2027-08-31
PHC-WB-BAR-486,Amlodipine 5mg,DRG-010,Cardiovascular,1136,200,2000,tablets,2026-09-16,2027-06-10
PHC-WB-BAR-487,ORS Sachets,DRG-001,Essential,838,500,5000,sachets,2026-08-26,2027-04-24
PHC-WB-BAR-487,Zinc Sulfate 20mg,DRG-002,Essential,1237,200,2000,tablets,2026-09-09,2027-09-17
PHC-WB-BAR-487,Paracetamol 500mg,DRG-003,Analgesic,9376,1000,10000,tablets,2026-08-05,2027-03-27
PHC-WB-BAR-487,Amoxicillin 500mg,DRG-004,Antibiotic,1523,300,3000,capsules,2026-09-19,2026-12-17
PHC-WB-BAR-487,Polyvalent Anti-Snake Venom (ASV),DRG-005,Antivenom,31,10,50,vials,2026-09-10,2027-02-24
PHC-WB-BAR-487,Salbutamol Nebules,DRG-006,Respiratory,279,50,500,ampoules,2026-09-15,2027-01-16
PHC-WB-BAR-487,Doxycycline 100mg,DRG-007,Antibiotic,1291,200,2000,tablets,2026-08-29,2027-07-22
PHC-WB-BAR-487,Iron Folic Acid tablets,DRG-008,Supplement,3965,500,5000,tablets,2026-07-31,2027-07-23
PHC-WB-BAR-487,Metformin 500mg,DRG-009,Anti-diabetic,446,300,3000,tablets,2026-09-14,2027-09-26
PHC-WB-BAR-487,Amlodipine 5mg,DRG-010,Cardiovascular,1461,200,2000,tablets,2026-08-14,2027-02-09
PHC-WB-BAR-488,ORS Sachets,DRG-001,Essential,170,500,5000,sachets,2026-08-07,2027-08-28
PHC-WB-BAR-488,Zinc Sulfate 20mg,DRG-002,Essential,65,200,2000,tablets,2026-09-13,2027-07-28
PHC-WB-BAR-488,Paracetamol 500mg,DRG-003,Analgesic,842,1000,10000,tablets,2026-08-25,2026-12-05
PHC-WB-BAR-488,Amoxicillin 500mg,DRG-004,Antibiotic,27,300,3000,capsules,2026-08-08,2027-08-02
PHC-WB-BAR-488,Polyvalent Anti-Snake Venom (ASV),DRG-005,Antivenom,4,10,50,vials,2026-08-23,2027-07-14
PHC-WB-BAR-488,Salbutamol Nebules,DRG-006,Respiratory,32,50,500,ampoules,2026-08-16,2027-07-09
PHC-WB-BAR-488,Doxycycline 100mg,DRG-007,Antibiotic,72,200,2000,tablets,2026-09-23,2027-07-02
PHC-WB-BAR-488,Iron Folic Acid tablets,DRG-008,Supplement,266,500,5000,tablets,2026-09-04,2027-01-24
PHC-WB-BAR-488,Metformin 500mg,DRG-009,Anti-diabetic,164,300,3000,tablets,2026-08-28,2027-04-22
PHC-WB-BAR-488,Amlodipine 5mg,DRG-010,Cardiovascular,144,200,2000,tablets,2026-08-02,2027-03-12
PHC-WB-BAR-489,ORS Sachets,DRG-001,Essential,3422,500,5000,sachets,2026-09-11,2026-11-22
PHC-WB-BAR-489,Zinc Sulfate 20mg,DRG-002,Essential,531,200,2000,tablets,2026-09-11,2027-03-08
PHC-WB-BAR-489,Paracetamol 500mg,DRG-003,Analgesic,6887,1000,10000,tablets,2026-09-21,2027-05-02
PHC-WB-BAR-489,Amoxicillin 500mg,DRG-004,Antibiotic,2389,300,3000,capsules,2026-08-01,2027-07-08
PHC-WB-BAR-489,Polyvalent Anti-Snake Venom (ASV),DRG-005,Antivenom,11,10,50,vials,2026-08-29,2027-08-02
PHC-WB-BAR-489,Salbutamol Nebules,DRG-006,Respiratory,348,50,500,ampoules,2026-09-15,2027-06-13
PHC-WB-BAR-489,Doxycycline 100mg,DRG-007,Antibiotic,1360,200,2000,tablets,2026-08-26,2026-10-31
PHC-WB-BAR-489,Iron Folic Acid tablets,DRG-008,Supplement,849,500,5000,tablets,2026-08-12,2027-09-19
PHC-WB-BAR-489,Metformin 500mg,DRG-009,Anti-diabetic,320,300,3000,tablets,2026-09-06,2026-12-02
PHC-WB-BAR-489,Amlodipine 5mg,DRG-010,Cardiovascular,1979,200,2000,tablets,2026-09-22,2027-06-16
PHC-WB-BAR-490,ORS Sachets,DRG-001,Essential,1559,500,5000,sachets,2026-09-09,2026-11-13
PHC-WB-BAR-490,Zinc Sulfate 20mg,DRG-002,Essential,622,200,2000,tablets,2026-09-20,2027-03-05
PHC-WB-BAR-490,Paracetamol 500mg,DRG-003,Analgesic,1956,1000,10000,tablets,2026-09-03,2027-04-12
PHC-WB-BAR-490,Amoxicillin 500mg,DRG-004,Antibiotic,2352,300,3000,capsules,2026-08-18,2027-03-01
PHC-WB-BAR-490,Polyvalent Anti-Snake Venom (ASV),DRG-005,Antivenom,36,10,50,vials,2026-08-01,2027-04-01
PHC-WB-BAR-490,Salbutamol Nebules,DRG-006,Respiratory,344,50,500,ampoules,2026-08-29,2027-01-24
PHC-WB-BAR-490,Doxycycline 100mg,DRG-007,Antibiotic,1464,200,2000,tablets,2026-08-04,2027-05-06
PHC-WB-BAR-490,Iron Folic Acid tablets,DRG-008,Supplement,3403,500,5000,tablets,2026-08-14,2026-12-20
PHC-WB-BAR-490,Metformin 500mg,DRG-009,Anti-diabetic,884,300,3000,tablets,2026-09-05,2027-01-19
PHC-WB-BAR-490,Amlodipine 5mg,DRG-010,Cardiovascular,210,200,2000,tablets,2026-09-13,2027-07-19
PHC-WB-BAR-491,ORS Sachets,DRG-001,Essential,3790,500,5000,sachets,2026-08-30,2027-04-17
PHC-WB-BAR-491,Zinc Sulfate 20mg,DRG-002,Essential,921,200,2000,tablets,2026-09-13,2027-05-19
PHC-WB-BAR-491,Paracetamol 500mg,DRG-003,Analgesic,6783,1000,10000,tablets,2026-08-23,2027-04-10
PHC-WB-BAR-491,Amoxicillin 500mg,DRG-004,Antibiotic,903,300,3000,capsules,2026-08-28,2027-04-03
PHC-WB-BAR-491,Polyvalent Anti-Snake Venom (ASV),DRG-005,Antivenom,32,10,50,vials,2026-08-29,2027-07-01
PHC-WB-BAR-491,Salbutamol Nebules,DRG-006,Respiratory,442,50,500,ampoules,2026-08-13,2026-11-18
PHC-WB-BAR-491,Doxycycline 100mg,DRG-007,Antibiotic,1682,200,2000,tablets,2026-08-01,2027-07-23
PHC-WB-BAR-491,Iron Folic Acid tablets,DRG-008,Supplement,3743,500,5000,tablets,2026-08-22,2026-11-08
PHC-WB-BAR-491,Metformin 500mg,DRG-009,Anti-diabetic,571,300,3000,tablets,2026-09-08,2027-05-29
PHC-WB-BAR-491,Amlodipine 5mg,DRG-010,Cardiovascular,1577,200,2000,tablets,2026-08-21,2026-11-30
PHC-WB-BAR-492,ORS Sachets,DRG-001,Essential,3258,500,5000,sachets,2026-09-20,2027-02-08
PHC-WB-BAR-492,Zinc Sulfate 20mg,DRG-002,Essential,913,200,2000,tablets,2026-08-30,2027-06-08
PHC-WB-BAR-492,Paracetamol 500mg,DRG-003,Analgesic,2937,1000,10000,tablets,2026-08-07,2027-05-10
PHC-WB-BAR-492,Amoxicillin 500mg,DRG-004,Antibiotic,2735,300,3000,capsules,2026-08-04,2027-08-23
PHC-WB-BAR-492,Polyvalent Anti-Snake Venom (ASV),DRG-005,Antivenom,44,10,50,vials,2026-08-19,2027-09-12
PHC-WB-BAR-492,Salbutamol Nebules,DRG-006,Respiratory,102,50,500,ampoules,2026-08-06,2027-02-14
PHC-WB-BAR-492,Doxycycline 100mg,DRG-007,Antibiotic,1087,200,2000,tablets,2026-09-14,2027-07-04
PHC-WB-BAR-492,Iron Folic Acid tablets,DRG-008,Supplement,2611,500,5000,tablets,2026-08-05,2027-08-30
PHC-WB-BAR-492,Metformin 500mg,DRG-009,Anti-diabetic,2024,300,3000,tablets,2026-08-05,2027-06-11
PHC-WB-BAR-492,Amlodipine 5mg,DRG-010,Cardiovascular,1385,200,2000,tablets,2026-08-26,2027-04-27
PHC-WB-BAR-493,ORS Sachets,DRG-001,Essential,181,500,5000,sachets,2026-09-17,2027-03-24
PHC-WB-BAR-493,Zinc Sulfate 20mg,DRG-002,Essential,120,200,2000,tablets,2026-09-18,2026-12-24
PHC-WB-BAR-493,Paracetamol 500mg,DRG-003,Analgesic,224,1000,10000,tablets,2026-09-10,2027-03-06
PHC-WB-BAR-493,Amoxicillin 500mg,DRG-004,Antibiotic,40,300,3000,capsules,2026-08-25,2027-02-17
PHC-WB-BAR-493,Polyvalent Anti-Snake Venom (ASV),DRG-005,Antivenom,6,10,50,vials,2026-09-22,2027-07-25
PHC-WB-BAR-493,Salbutamol Nebules,DRG-006,Respiratory,11,50,500,ampoules,2026-09-11,2027-01-13
PHC-WB-BAR-493,Doxycycline 100mg,DRG-007,Antibiotic,43,200,2000,tablets,2026-09-13,2026-12-10
PHC-WB-BAR-493,Iron Folic Acid tablets,DRG-008,Supplement,197,500,5000,tablets,2026-09-10,2027-04-08
PHC-WB-BAR-493,Metformin 500mg,DRG-009,Anti-diabetic,286,300,3000,tablets,2026-08-10,2027-02-08
PHC-WB-BAR-493,Amlodipine 5mg,DRG-010,Cardiovascular,3,200,2000,tablets,2026-08-04,2026-12-01
PHC-WB-BAR-494,ORS Sachets,DRG-001,Essential,4393,500,5000,sachets,2026-08-03,2027-09-14
PHC-WB-BAR-494,Zinc Sulfate 20mg,DRG-002,Essential,1509,200,2000,tablets,2026-08-04,2027-01-10
PHC-WB-BAR-494,Paracetamol 500mg,DRG-003,Analgesic,3630,1000,10000,tablets,2026-08-23,2027-02-04
PHC-WB-BAR-494,Amoxicillin 500mg,DRG-004,Antibiotic,426,300,3000,capsules,2026-09-04,2026-12-02
PHC-WB-BAR-494,Polyvalent Anti-Snake Venom (ASV),DRG-005,Antivenom,12,10,50,vials,2026-08-20,2027-05-14
PHC-WB-BAR-494,Salbutamol Nebules,DRG-006,Respiratory,51,50,500,ampoules,2026-09-08,2027-08-14
PHC-WB-BAR-494,Doxycycline 100mg,DRG-007,Antibiotic,357,200,2000,tablets,2026-08-08,2027-03-27
PHC-WB-BAR-494,Iron Folic Acid tablets,DRG-008,Supplement,4796,500,5000,tablets,2026-08-18,2027-06-08
PHC-WB-BAR-494,Metformin 500mg,DRG-009,Anti-diabetic,2537,300,3000,tablets,2026-09-10,2026-11-04
PHC-WB-BAR-494,Amlodipine 5mg,DRG-010,Cardiovascular,903,200,2000,tablets,2026-08-20,2027-01-02
PHC-WB-BAR-495,ORS Sachets,DRG-001,Essential,19,500,5000,sachets,2026-09-03,2027-06-26
PHC-WB-BAR-495,Zinc Sulfate 20mg,DRG-002,Essential,32,200,2000,tablets,2026-09-05,2027-08-30
PHC-WB-BAR-495,Paracetamol 500mg,DRG-003,Analgesic,46,1000,10000,tablets,2026-08-15,2027-09-17
PHC-WB-BAR-495,Amoxicillin 500mg,DRG-004,Antibiotic,39,300,3000,capsules,2026-09-05,2027-04-24
PHC-WB-BAR-495,Polyvalent Anti-Snake Venom (ASV),DRG-005,Antivenom,2,10,50,vials,2026-08-16,2027-06-21
PHC-WB-BAR-495,Salbutamol Nebules,DRG-006,Respiratory,9,50,500,ampoules,2026-08-24,2027-03-09
PHC-WB-BAR-495,Doxycycline 100mg,DRG-007,Antibiotic,15,200,2000,tablets,2026-09-24,2026-11-07
PHC-WB-BAR-495,Iron Folic Acid tablets,DRG-008,Supplement,78,500,5000,tablets,2026-08-27,2027-03-11
PHC-WB-BAR-495,Metformin 500mg,DRG-009,Anti-diabetic,38,300,3000,tablets,2026-08-28,2027-07-14
PHC-WB-BAR-495,Amlodipine 5mg,DRG-010,Cardiovascular,7,200,2000,tablets,2026-09-04,2027-07-28
PHC-WB-BAR-496,ORS Sachets,DRG-001,Essential,519,500,5000,sachets,2026-09-22,2027-09-12
PHC-WB-BAR-496,Zinc Sulfate 20mg,DRG-002,Essential,1695,200,2000,tablets,2026-09-02,2027-03-05
PHC-WB-BAR-496,Paracetamol 500mg,DRG-003,Analgesic,3708,1000,10000,tablets,2026-09-05,2027-04-12
PHC-WB-BAR-496,Amoxicillin 500mg,DRG-004,Antibiotic,2207,300,3000,capsules,2026-08-03,2027-01-08
PHC-WB-BAR-496,Polyvalent Anti-Snake Venom (ASV),DRG-005,Antivenom,31,10,50,vials,2026-08-04,2026-12-22
PHC-WB-BAR-496,Salbutamol Nebules,DRG-006,Respiratory,61,50,500,ampoules,2026-08-29,2027-06-05
PHC-WB-BAR-496,Doxycycline 100mg,DRG-007,Antibiotic,1022,200,2000,tablets,2026-09-12,2027-07-26
PHC-WB-BAR-496,Iron Folic Acid tablets,DRG-008,Supplement,3424,500,5000,tablets,2026-09-20,2027-03-13
PHC-WB-BAR-496,Metformin 500mg,DRG-009,Anti-diabetic,1092,300,3000,tablets,2026-09-24,2027-03-07
PHC-WB-BAR-496,Amlodipine 5mg,DRG-010,Cardiovascular,1823,200,2000,tablets,2026-08-18,2027-07-23
PHC-WB-BAR-497,ORS Sachets,DRG-001,Essential,306,500,5000,sachets,2026-08-17,2027-08-14
PHC-WB-BAR-497,Zinc Sulfate 20mg,DRG-002,Essential,106,200,2000,tablets,2026-08-11,2027-07-29
PHC-WB-BAR-497,Paracetamol 500mg,DRG-003,Analgesic,600,1000,10000,tablets,2026-08-13,2026-11-04
PHC-WB-BAR-497,Amoxicillin 500mg,DRG-004,Antibiotic,177,300,3000,capsules,2026-08-13,2027-07-06
PHC-WB-BAR-497,Polyvalent Anti-Snake Venom (ASV),DRG-005,Antivenom,7,10,50,vials,2026-08-06,2027-02-01
PHC-WB-BAR-497,Salbutamol Nebules,DRG-006,Respiratory,25,50,500,ampoules,2026-08-23,2027-09-19
PHC-WB-BAR-497,Doxycycline 100mg,DRG-007,Antibiotic,152,200,2000,tablets,2026-08-13,2026-12-04
PHC-WB-BAR-497,Iron Folic Acid tablets,DRG-008,Supplement,179,500,5000,tablets,2026-08-24,2027-01-12
PHC-WB-BAR-497,Metformin 500mg,DRG-009,Anti-diabetic,262,300,3000,tablets,2026-08-22,2027-02-06
PHC-WB-BAR-497,Amlodipine 5mg,DRG-010,Cardiovascular,128,200,2000,tablets,2026-09-11,2027-05-08
PHC-WB-BAR-498,ORS Sachets,DRG-001,Essential,161,500,5000,sachets,2026-09-07,2027-05-01
PHC-WB-BAR-498,Zinc Sulfate 20mg,DRG-002,Essential,89,200,2000,tablets,2026-08-01,2027-02-25
PHC-WB-BAR-498,Paracetamol 500mg,DRG-003,Analgesic,455,1000,10000,tablets,2026-08-13,2027-08-24
PHC-WB-BAR-498,Amoxicillin 500mg,DRG-004,Antibiotic,281,300,3000,capsules,2026-09-09,2027-04-20
PHC-WB-BAR-498,Polyvalent Anti-Snake Venom (ASV),DRG-005,Antivenom,6,10,50,vials,2026-09-05,2027-01-14
PHC-WB-BAR-498,Salbutamol Nebules,DRG-006,Respiratory,48,50,500,ampoules,2026-09-06,2027-06-03
PHC-WB-BAR-498,Doxycycline 100mg,DRG-007,Antibiotic,21,200,2000,tablets,2026-09-01,2027-03-07
PHC-WB-BAR-498,Iron Folic Acid tablets,DRG-008,Supplement,442,500,5000,tablets,2026-09-18,2027-01-03
PHC-WB-BAR-498,Metformin 500mg,DRG-009,Anti-diabetic,65,300,3000,tablets,2026-09-03,2027-05-18
PHC-WB-BAR-498,Amlodipine 5mg,DRG-010,Cardiovascular,23,200,2000,tablets,2026-08-31,2026-11-09
PHC-WB-BAR-499,ORS Sachets,DRG-001,Essential,46,500,5000,sachets,2026-09-20,2027-09-06
PHC-WB-BAR-499,Zinc Sulfate 20mg,DRG-002,Essential,38,200,2000,tablets,2026-09-21,2026-12-03
PHC-WB-BAR-499,Paracetamol 500mg,DRG-003,Analgesic,83,1000,10000,tablets,2026-08-26,2027-02-28
PHC-WB-BAR-499,Amoxicillin 500mg,DRG-004,Antibiotic,12,300,3000,capsules,2026-08-07,2027-09-20
PHC-WB-BAR-499,Polyvalent Anti-Snake Venom (ASV),DRG-005,Antivenom,2,10,50,vials,2026-09-18,2027-09-25
PHC-WB-BAR-499,Salbutamol Nebules,DRG-006,Respiratory,6,50,500,ampoules,2026-08-11,2027-03-28
PHC-WB-BAR-499,Doxycycline 100mg,DRG-007,Antibiotic,39,200,2000,tablets,2026-08-01,2027-06-12
PHC-WB-BAR-499,Iron Folic Acid tablets,DRG-008,Supplement,77,500,5000,tablets,2026-08-16,2026-11-22
PHC-WB-BAR-499,Metformin 500mg,DRG-009,Anti-diabetic,2,300,3000,tablets,2026-09-01,2026-12-31
PHC-WB-BAR-499,Amlodipine 5mg,DRG-010,Cardiovascular,30,200,2000,tablets,2026-08-14,2027-09-22
PHC-WB-BAR-500,ORS Sachets,DRG-001,Essential,3568,500,5000,sachets,2026-07-31,2027-03-14
PHC-WB-BAR-500,Zinc Sulfate 20mg,DRG-002,Essential,606,200,2000,tablets,2026-09-24,2027-04-01
PHC-WB-BAR-500,Paracetamol 500mg,DRG-003,Analgesic,9362,1000,10000,tablets,2026-08-23,2026-11-23
PHC-WB-BAR-500,Amoxicillin 500mg,DRG-004,Antibiotic,2741,300,3000,capsules,2026-09-24,2026-12-25
PHC-WB-BAR-500,Polyvalent Anti-Snake Venom (ASV),DRG-005,Antivenom,27,10,50,vials,2026-08-04,2027-01-19
PHC-WB-BAR-500,Salbutamol Nebules,DRG-006,Respiratory,421,50,500,ampoules,2026-08-31,2027-01-04
PHC-WB-BAR-500,Doxycycline 100mg,DRG-007,Antibiotic,944,200,2000,tablets,2026-09-01,2027-03-31
PHC-WB-BAR-500,Iron Folic Acid tablets,DRG-008,Supplement,4860,500,5000,tablets,2026-08-30,2027-06-04
PHC-WB-BAR-500,Metformin 500mg,DRG-009,Anti-diabetic,1454,300,3000,tablets,2026-09-24,2027-08-09
PHC-WB-BAR-500,Amlodipine 5mg,DRG-010,Cardiovascular,1416,200,2000,tablets,2026-08-28,2027-01-17
PHC-WB-BAR-501,ORS Sachets,DRG-001,Essential,4635,500,5000,sachets,2026-08-09,2027-06-12
PHC-WB-BAR-501,Zinc Sulfate 20mg,DRG-002,Essential,840,200,2000,tablets,2026-09-19,2027-07-08
PHC-WB-BAR-501,Paracetamol 500mg,DRG-003,Analgesic,7062,1000,10000,tablets,2026-09-09,2027-04-09
PHC-WB-BAR-501,Amoxicillin 500mg,DRG-004,Antibiotic,2817,300,3000,capsules,2026-09-15,2027-06-17
PHC-WB-BAR-501,Polyvalent Anti-Snake Venom (ASV),DRG-005,Antivenom,14,10,50,vials,2026-09-13,2026-11-07
PHC-WB-BAR-501,Salbutamol Nebules,DRG-006,Respiratory,326,50,500,ampoules,2026-09-12,2027-04-27
PHC-WB-BAR-501,Doxycycline 100mg,DRG-007,Antibiotic,1945,200,2000,tablets,2026-09-09,2027-08-24
PHC-WB-BAR-501,Iron Folic Acid tablets,DRG-008,Supplement,2325,500,5000,tablets,2026-09-06,2027-04-12
PHC-WB-BAR-501,Metformin 500mg,DRG-009,Anti-diabetic,2422,300,3000,tablets,2026-08-19,2027-03-08
PHC-WB-BAR-501,Amlodipine 5mg,DRG-010,Cardiovascular,1816,200,2000,tablets,2026-08-12,2027-01-21
PHC-WB-BAR-502,ORS Sachets,DRG-001,Essential,90,500,5000,sachets,2026-09-10,2027-02-24
PHC-WB-BAR-502,Zinc Sulfate 20mg,DRG-002,Essential,16,200,2000,tablets,2026-09-22,2027-01-06
PHC-WB-BAR-502,Paracetamol 500mg,DRG-003,Analgesic,145,1000,10000,tablets,2026-09-09,2027-04-19
PHC-WB-BAR-502,Amoxicillin 500mg,DRG-004,Antibiotic,44,300,3000,capsules,2026-08-19,2027-09-24
PHC-WB-BAR-502,Polyvalent Anti-Snake Venom (ASV),DRG-005,Antivenom,0,10,50,vials,2026-08-22,2027-05-13
PHC-WB-BAR-502,Salbutamol Nebules,DRG-006,Respiratory,3,50,500,ampoules,2026-09-22,2027-07-14
PHC-WB-BAR-502,Doxycycline 100mg,DRG-007,Antibiotic,6,200,2000,tablets,2026-09-02,2027-02-06
PHC-WB-BAR-502,Iron Folic Acid tablets,DRG-008,Supplement,82,500,5000,tablets,2026-08-06,2026-12-31
PHC-WB-BAR-502,Metformin 500mg,DRG-009,Anti-diabetic,0,300,3000,tablets,2026-08-20,2027-05-17
PHC-WB-BAR-502,Amlodipine 5mg,DRG-010,Cardiovascular,31,200,2000,tablets,2026-08-24,2027-03-05
PHC-WB-BAR-503,ORS Sachets,DRG-001,Essential,1666,500,5000,sachets,2026-08-02,2027-08-16
PHC-WB-BAR-503,Zinc Sulfate 20mg,DRG-002,Essential,211,200,2000,tablets,2026-08-31,2026-11-08
PHC-WB-BAR-503,Paracetamol 500mg,DRG-003,Analgesic,8262,1000,10000,tablets,2026-09-14,2027-02-24
PHC-WB-BAR-503,Amoxicillin 500mg,DRG-004,Antibiotic,2802,300,3000,capsules,2026-08-13,2027-07-30
PHC-WB-BAR-503,Polyvalent Anti-Snake Venom (ASV),DRG-005,Antivenom,13,10,50,vials,2026-08-06,2027-06-17
PHC-WB-BAR-503,Salbutamol Nebules,DRG-006,Respiratory,194,50,500,ampoules,2026-08-20,2027-07-21
PHC-WB-BAR-503,Doxycycline 100mg,DRG-007,Antibiotic,421,200,2000,tablets,2026-08-05,2027-07-23
PHC-WB-BAR-503,Iron Folic Acid tablets,DRG-008,Supplement,4462,500,5000,tablets,2026-08-03,2027-03-08
PHC-WB-BAR-503,Metformin 500mg,DRG-009,Anti-diabetic,2582,300,3000,tablets,2026-08-23,2027-08-16
PHC-WB-BAR-503,Amlodipine 5mg,DRG-010,Cardiovascular,1416,200,2000,tablets,2026-09-11,2027-09-10
PHC-WB-BAR-504,ORS Sachets,DRG-001,Essential,2532,500,5000,sachets,2026-09-08,2027-01-24
PHC-WB-BAR-504,Zinc Sulfate 20mg,DRG-002,Essential,1154,200,2000,tablets,2026-09-04,2027-01-15
PHC-WB-BAR-504,Paracetamol 500mg,DRG-003,Analgesic,9945,1000,10000,tablets,2026-08-23,2026-12-16
PHC-WB-BAR-504,Amoxicillin 500mg,DRG-004,Antibiotic,1111,300,3000,capsules,2026-08-10,2027-07-20
PHC-WB-BAR-504,Polyvalent Anti-Snake Venom (ASV),DRG-005,Antivenom,17,10,50,vials,2026-09-20,2027-01-12
PHC-WB-BAR-504,Salbutamol Nebules,DRG-006,Respiratory,256,50,500,ampoules,2026-08-23,2027-05-13
PHC-WB-BAR-504,Doxycycline 100mg,DRG-007,Antibiotic,1644,200,2000,tablets,2026-08-15,2027-06-23
PHC-WB-BAR-504,Iron Folic Acid tablets,DRG-008,Supplement,3162,500,5000,tablets,2026-08-30,2027-01-30
PHC-WB-BAR-504,Metformin 500mg,DRG-009,Anti-diabetic,2561,300,3000,tablets,2026-08-30,2027-03-28
PHC-WB-BAR-504,Amlodipine 5mg,DRG-010,Cardiovascular,1666,200,2000,tablets,2026-09-01,2027-01-30
PHC-UP-LUC-505,ORS Sachets,DRG-001,Essential,1840,500,5000,sachets,2026-08-20,2027-08-09
PHC-UP-LUC-505,Zinc Sulfate 20mg,DRG-002,Essential,238,200,2000,tablets,2026-09-09,2027-07-16
PHC-UP-LUC-505,Paracetamol 500mg,DRG-003,Analgesic,5917,1000,10000,tablets,2026-09-12,2027-09-03
PHC-UP-LUC-505,Amoxicillin 500mg,DRG-004,Antibiotic,818,300,3000,capsules,2026-09-18,2027-06-13
PHC-UP-LUC-505,Polyvalent Anti-Snake Venom (ASV),DRG-005,Antivenom,13,10,50,vials,2026-09-11,2027-02-21
PHC-UP-LUC-505,Salbutamol Nebules,DRG-006,Respiratory,253,50,500,ampoules,2026-09-08,2027-09-23
PHC-UP-LUC-505,Doxycycline 100mg,DRG-007,Antibiotic,1653,200,2000,tablets,2026-08-15,2027-08-13
PHC-UP-LUC-505,Iron Folic Acid tablets,DRG-008,Supplement,4832,500,5000,tablets,2026-09-13,2026-12-02
PHC-UP-LUC-505,Metformin 500mg,DRG-009,Anti-diabetic,1048,300,3000,tablets,2026-08-24,2026-11-23
PHC-UP-LUC-505,Amlodipine 5mg,DRG-010,Cardiovascular,848,200,2000,tablets,2026-08-16,2026-12-25
PHC-UP-LUC-506,ORS Sachets,DRG-001,Essential,736,500,5000,sachets,2026-09-24,2027-06-26
PHC-UP-LUC-506,Zinc Sulfate 20mg,DRG-002,Essential,1633,200,2000,tablets,2026-08-09,2026-12-19
PHC-UP-LUC-506,Paracetamol 500mg,DRG-003,Analgesic,6029,1000,10000,tablets,2026-08-02,2026-11-24
PHC-UP-LUC-506,Amoxicillin 500mg,DRG-004,Antibiotic,460,300,3000,capsules,2026-09-19,2027-04-04
PHC-UP-LUC-506,Polyvalent Anti-Snake Venom (ASV),DRG-005,Antivenom,12,10,50,vials,2026-08-31,2026-11-14
PHC-UP-LUC-506,Salbutamol Nebules,DRG-006,Respiratory,162,50,500,ampoules,2026-08-14,2027-04-10
PHC-UP-LUC-506,Doxycycline 100mg,DRG-007,Antibiotic,1537,200,2000,tablets,2026-08-02,2027-05-28
PHC-UP-LUC-506,Iron Folic Acid tablets,DRG-008,Supplement,930,500,5000,tablets,2026-08-16,2027-09-10
PHC-UP-LUC-506,Metformin 500mg,DRG-009,Anti-diabetic,1099,300,3000,tablets,2026-08-06,2027-05-28
PHC-UP-LUC-506,Amlodipine 5mg,DRG-010,Cardiovascular,1481,200,2000,tablets,2026-08-17,2027-02-01
PHC-UP-LUC-507,ORS Sachets,DRG-001,Essential,653,500,5000,sachets,2026-09-01,2027-02-17
PHC-UP-LUC-507,Zinc Sulfate 20mg,DRG-002,Essential,1597,200,2000,tablets,2026-09-01,2027-05-17
PHC-UP-LUC-507,Paracetamol 500mg,DRG-003,Analgesic,2657,1000,10000,tablets,2026-09-23,2027-05-31
PHC-UP-LUC-507,Amoxicillin 500mg,DRG-004,Antibiotic,565,300,3000,capsules,2026-08-16,2026-12-21
PHC-UP-LUC-507,Polyvalent Anti-Snake Venom (ASV),DRG-005,Antivenom,36,10,50,vials,2026-08-18,2027-09-28
PHC-UP-LUC-507,Salbutamol Nebules,DRG-006,Respiratory,494,50,500,ampoules,2026-08-06,2026-12-22
PHC-UP-LUC-507,Doxycycline 100mg,DRG-007,Antibiotic,1955,200,2000,tablets,2026-08-19,2027-06-20
PHC-UP-LUC-507,Iron Folic Acid tablets,DRG-008,Supplement,4932,500,5000,tablets,2026-08-04,2026-11-28
PHC-UP-LUC-507,Metformin 500mg,DRG-009,Anti-diabetic,1028,300,3000,tablets,2026-09-08,2027-09-07
PHC-UP-LUC-507,Amlodipine 5mg,DRG-010,Cardiovascular,1060,200,2000,tablets,2026-09-15,2027-02-07
PHC-UP-LUC-508,ORS Sachets,DRG-001,Essential,4871,500,5000,sachets,2026-09-16,2027-01-22
PHC-UP-LUC-508,Zinc Sulfate 20mg,DRG-002,Essential,1532,200,2000,tablets,2026-08-06,2026-12-21
PHC-UP-LUC-508,Paracetamol 500mg,DRG-003,Analgesic,5074,1000,10000,tablets,2026-08-01,2027-02-16
PHC-UP-LUC-508,Amoxicillin 500mg,DRG-004,Antibiotic,1347,300,3000,capsules,2026-08-18,2026-12-13
PHC-UP-LUC-508,Polyvalent Anti-Snake Venom (ASV),DRG-005,Antivenom,12,10,50,vials,2026-08-08,2026-11-11
PHC-UP-LUC-508,Salbutamol Nebules,DRG-006,Respiratory,414,50,500,ampoules,2026-08-08,2027-03-13
PHC-UP-LUC-508,Doxycycline 100mg,DRG-007,Antibiotic,1491,200,2000,tablets,2026-09-24,2027-01-24
PHC-UP-LUC-508,Iron Folic Acid tablets,DRG-008,Supplement,4921,500,5000,tablets,2026-09-09,2026-11-02
PHC-UP-LUC-508,Metformin 500mg,DRG-009,Anti-diabetic,644,300,3000,tablets,2026-08-20,2027-04-25
PHC-UP-LUC-508,Amlodipine 5mg,DRG-010,Cardiovascular,1308,200,2000,tablets,2026-08-14,2027-01-02
PHC-UP-LUC-509,ORS Sachets,DRG-001,Essential,3184,500,5000,sachets,2026-08-05,2027-04-21
PHC-UP-LUC-509,Zinc Sulfate 20mg,DRG-002,Essential,477,200,2000,tablets,2026-08-30,2026-11-29
PHC-UP-LUC-509,Paracetamol 500mg,DRG-003,Analgesic,6001,1000,10000,tablets,2026-09-07,2027-07-09
PHC-UP-LUC-509,Amoxicillin 500mg,DRG-004,Antibiotic,2660,300,3000,capsules,2026-08-09,2027-06-09
PHC-UP-LUC-509,Polyvalent Anti-Snake Venom (ASV),DRG-005,Antivenom,36,10,50,vials,2026-09-02,2027-03-23
PHC-UP-LUC-509,Salbutamol Nebules,DRG-006,Respiratory,367,50,500,ampoules,2026-08-03,2027-09-09
PHC-UP-LUC-509,Doxycycline 100mg,DRG-007,Antibiotic,697,200,2000,tablets,2026-08-02,2027-07-02
PHC-UP-LUC-509,Iron Folic Acid tablets,DRG-008,Supplement,1064,500,5000,tablets,2026-09-12,2027-06-27
PHC-UP-LUC-509,Metformin 500mg,DRG-009,Anti-diabetic,2459,300,3000,tablets,2026-09-20,2027-07-17
PHC-UP-LUC-509,Amlodipine 5mg,DRG-010,Cardiovascular,1396,200,2000,tablets,2026-08-03,2027-06-29
PHC-UP-LUC-510,ORS Sachets,DRG-001,Essential,2960,500,5000,sachets,2026-08-01,2027-02-12
PHC-UP-LUC-510,Zinc Sulfate 20mg,DRG-002,Essential,1635,200,2000,tablets,2026-09-23,2027-05-06
PHC-UP-LUC-510,Paracetamol 500mg,DRG-003,Analgesic,1459,1000,10000,tablets,2026-09-06,2027-02-03
PHC-UP-LUC-510,Amoxicillin 500mg,DRG-004,Antibiotic,726,300,3000,capsules,2026-08-14,2027-04-17
PHC-UP-LUC-510,Polyvalent Anti-Snake Venom (ASV),DRG-005,Antivenom,31,10,50,vials,2026-09-10,2027-05-04
PHC-UP-LUC-510,Salbutamol Nebules,DRG-006,Respiratory,92,50,500,ampoules,2026-08-10,2026-11-23
PHC-UP-LUC-510,Doxycycline 100mg,DRG-007,Antibiotic,1186,200,2000,tablets,2026-08-02,2026-11-25
PHC-UP-LUC-510,Iron Folic Acid tablets,DRG-008,Supplement,1659,500,5000,tablets,2026-09-02,2027-01-20
PHC-UP-LUC-510,Metformin 500mg,DRG-009,Anti-diabetic,620,300,3000,tablets,2026-09-09,2027-02-15
PHC-UP-LUC-510,Amlodipine 5mg,DRG-010,Cardiovascular,434,200,2000,tablets,2026-08-15,2027-02-25
PHC-UP-LUC-511,ORS Sachets,DRG-001,Essential,4772,500,5000,sachets,2026-08-29,2027-04-29
PHC-UP-LUC-511,Zinc Sulfate 20mg,DRG-002,Essential,1884,200,2000,tablets,2026-08-07,2026-12-07
PHC-UP-LUC-511,Paracetamol 500mg,DRG-003,Analgesic,3714,1000,10000,tablets,2026-09-22,2027-01-21
PHC-UP-LUC-511,Amoxicillin 500mg,DRG-004,Antibiotic,1987,300,3000,capsules,2026-08-24,2027-07-23
PHC-UP-LUC-511,Polyvalent Anti-Snake Venom (ASV),DRG-005,Antivenom,16,10,50,vials,2026-08-27,2027-02-27
PHC-UP-LUC-511,Salbutamol Nebules,DRG-006,Respiratory,274,50,500,ampoules,2026-08-06,2026-12-08
PHC-UP-LUC-511,Doxycycline 100mg,DRG-007,Antibiotic,1810,200,2000,tablets,2026-08-19,2027-07-19
PHC-UP-LUC-511,Iron Folic Acid tablets,DRG-008,Supplement,1672,500,5000,tablets,2026-09-10,2026-11-03
PHC-UP-LUC-511,Metformin 500mg,DRG-009,Anti-diabetic,2291,300,3000,tablets,2026-08-11,2027-07-09
PHC-UP-LUC-511,Amlodipine 5mg,DRG-010,Cardiovascular,1043,200,2000,tablets,2026-08-08,2027-09-17
PHC-UP-LUC-512,ORS Sachets,DRG-001,Essential,2536,500,5000,sachets,2026-08-14,2027-09-21
PHC-UP-LUC-512,Zinc Sulfate 20mg,DRG-002,Essential,996,200,2000,tablets,2026-09-12,2026-12-01
PHC-UP-LUC-512,Paracetamol 500mg,DRG-003,Analgesic,9796,1000,10000,tablets,2026-09-17,2027-04-29
PHC-UP-LUC-512,Amoxicillin 500mg,DRG-004,Antibiotic,2256,300,3000,capsules,2026-08-26,2027-04-15
PHC-UP-LUC-512,Polyvalent Anti-Snake Venom (ASV),DRG-005,Antivenom,17,10,50,vials,2026-09-04,2026-11-07
PHC-UP-LUC-512,Salbutamol Nebules,DRG-006,Respiratory,233,50,500,ampoules,2026-08-11,2027-05-26
PHC-UP-LUC-512,Doxycycline 100mg,DRG-007,Antibiotic,1502,200,2000,tablets,2026-09-12,2026-10-31
PHC-UP-LUC-512,Iron Folic Acid tablets,DRG-008,Supplement,2519,500,5000,tablets,2026-08-17,2027-07-02
PHC-UP-LUC-512,Metformin 500mg,DRG-009,Anti-diabetic,787,300,3000,tablets,2026-08-06,2027-05-31
PHC-UP-LUC-512,Amlodipine 5mg,DRG-010,Cardiovascular,1211,200,2000,tablets,2026-08-09,2027-05-14
PHC-UP-LUC-513,ORS Sachets,DRG-001,Essential,3915,500,5000,sachets,2026-09-02,2026-12-15
PHC-UP-LUC-513,Zinc Sulfate 20mg,DRG-002,Essential,778,200,2000,tablets,2026-09-09,2027-06-06
PHC-UP-LUC-513,Paracetamol 500mg,DRG-003,Analgesic,3952,1000,10000,tablets,2026-08-24,2027-02-13
PHC-UP-LUC-513,Amoxicillin 500mg,DRG-004,Antibiotic,1483,300,3000,capsules,2026-09-09,2027-02-26
PHC-UP-LUC-513,Polyvalent Anti-Snake Venom (ASV),DRG-005,Antivenom,14,10,50,vials,2026-09-23,2027-06-06
PHC-UP-LUC-513,Salbutamol Nebules,DRG-006,Respiratory,177,50,500,ampoules,2026-09-06,2027-06-06
PHC-UP-LUC-513,Doxycycline 100mg,DRG-007,Antibiotic,1966,200,2000,tablets,2026-09-18,2027-08-01
PHC-UP-LUC-513,Iron Folic Acid tablets,DRG-008,Supplement,4478,500,5000,tablets,2026-09-04,2026-11-07
PHC-UP-LUC-513,Metformin 500mg,DRG-009,Anti-diabetic,487,300,3000,tablets,2026-08-14,2027-06-25
PHC-UP-LUC-513,Amlodipine 5mg,DRG-010,Cardiovascular,1436,200,2000,tablets,2026-08-23,2026-11-08
PHC-UP-LUC-514,ORS Sachets,DRG-001,Essential,934,500,5000,sachets,2026-09-05,2027-08-23
PHC-UP-LUC-514,Zinc Sulfate 20mg,DRG-002,Essential,1321,200,2000,tablets,2026-08-03,2027-09-26
PHC-UP-LUC-514,Paracetamol 500mg,DRG-003,Analgesic,5611,1000,10000,tablets,2026-08-28,2026-11-15
PHC-UP-LUC-514,Amoxicillin 500mg,DRG-004,Antibiotic,2272,300,3000,capsules,2026-08-06,2027-09-13
PHC-UP-LUC-514,Polyvalent Anti-Snake Venom (ASV),DRG-005,Antivenom,28,10,50,vials,2026-09-06,2027-02-12
PHC-UP-LUC-514,Salbutamol Nebules,DRG-006,Respiratory,278,50,500,ampoules,2026-09-18,2027-03-08
PHC-UP-LUC-514,Doxycycline 100mg,DRG-007,Antibiotic,569,200,2000,tablets,2026-09-15,2027-08-18
PHC-UP-LUC-514,Iron Folic Acid tablets,DRG-008,Supplement,4134,500,5000,tablets,2026-08-16,2027-02-12
PHC-UP-LUC-514,Metformin 500mg,DRG-009,Anti-diabetic,2086,300,3000,tablets,2026-08-23,2027-01-27
PHC-UP-LUC-514,Amlodipine 5mg,DRG-010,Cardiovascular,1266,200,2000,tablets,2026-08-05,2026-11-10
PHC-UP-LUC-515,ORS Sachets,DRG-001,Essential,704,500,5000,sachets,2026-08-26,2027-01-31
PHC-UP-LUC-515,Zinc Sulfate 20mg,DRG-002,Essential,1575,200,2000,tablets,2026-08-15,2027-04-02
PHC-UP-LUC-515,Paracetamol 500mg,DRG-003,Analgesic,6120,1000,10000,tablets,2026-09-12,2027-07-19
PHC-UP-LUC-515,Amoxicillin 500mg,DRG-004,Antibiotic,1678,300,3000,capsules,2026-08-10,2027-08-10
PHC-UP-LUC-515,Polyvalent Anti-Snake Venom (ASV),DRG-005,Antivenom,18,10,50,vials,2026-08-03,2027-09-02
PHC-UP-LUC-515,Salbutamol Nebules,DRG-006,Respiratory,282,50,500,ampoules,2026-08-10,2027-01-29
PHC-UP-LUC-515,Doxycycline 100mg,DRG-007,Antibiotic,1405,200,2000,tablets,2026-08-26,2027-02-02
PHC-UP-LUC-515,Iron Folic Acid tablets,DRG-008,Supplement,3723,500,5000,tablets,2026-08-14,2027-08-09
PHC-UP-LUC-515,Metformin 500mg,DRG-009,Anti-diabetic,458,300,3000,tablets,2026-09-04,2026-11-24
PHC-UP-LUC-515,Amlodipine 5mg,DRG-010,Cardiovascular,802,200,2000,tablets,2026-09-22,2027-08-19
PHC-UP-LUC-516,ORS Sachets,DRG-001,Essential,3,500,5000,sachets,2026-09-04,2026-12-06
PHC-UP-LUC-516,Zinc Sulfate 20mg,DRG-002,Essential,61,200,2000,tablets,2026-08-03,2027-01-31
PHC-UP-LUC-516,Paracetamol 500mg,DRG-003,Analgesic,788,1000,10000,tablets,2026-08-20,2026-12-01
PHC-UP-LUC-516,Amoxicillin 500mg,DRG-004,Antibiotic,237,300,3000,capsules,2026-09-19,2027-09-12
PHC-UP-LUC-516,Polyvalent Anti-Snake Venom (ASV),DRG-005,Antivenom,5,10,50,vials,2026-08-10,2026-11-27
PHC-UP-LUC-516,Salbutamol Nebules,DRG-006,Respiratory,32,50,500,ampoules,2026-09-14,2027-08-06
PHC-UP-LUC-516,Doxycycline 100mg,DRG-007,Antibiotic,197,200,2000,tablets,2026-09-13,2026-12-28
PHC-UP-LUC-516,Iron Folic Acid tablets,DRG-008,Supplement,81,500,5000,tablets,2026-08-24,2026-12-27
PHC-UP-LUC-516,Metformin 500mg,DRG-009,Anti-diabetic,208,300,3000,tablets,2026-09-13,2027-03-05
PHC-UP-LUC-516,Amlodipine 5mg,DRG-010,Cardiovascular,74,200,2000,tablets,2026-09-06,2027-07-25
PHC-UP-LUC-517,ORS Sachets,DRG-001,Essential,421,500,5000,sachets,2026-07-31,2027-01-01
PHC-UP-LUC-517,Zinc Sulfate 20mg,DRG-002,Essential,124,200,2000,tablets,2026-07-31,2026-12-25
PHC-UP-LUC-517,Paracetamol 500mg,DRG-003,Analgesic,317,1000,10000,tablets,2026-08-30,2027-06-01
PHC-UP-LUC-517,Amoxicillin 500mg,DRG-004,Antibiotic,33,300,3000,capsules,2026-08-29,2027-07-07
PHC-UP-LUC-517,Polyvalent Anti-Snake Venom (ASV),DRG-005,Antivenom,3,10,50,vials,2026-08-05,2027-03-02
PHC-UP-LUC-517,Salbutamol Nebules,DRG-006,Respiratory,15,50,500,ampoules,2026-09-10,2027-04-17
PHC-UP-LUC-517,Doxycycline 100mg,DRG-007,Antibiotic,95,200,2000,tablets,2026-08-11,2027-01-20
PHC-UP-LUC-517,Iron Folic Acid tablets,DRG-008,Supplement,310,500,5000,tablets,2026-08-18,2026-12-14
PHC-UP-LUC-517,Metformin 500mg,DRG-009,Anti-diabetic,207,300,3000,tablets,2026-08-04,2027-09-11
PHC-UP-LUC-517,Amlodipine 5mg,DRG-010,Cardiovascular,124,200,2000,tablets,2026-08-14,2027-01-14
PHC-UP-LUC-518,ORS Sachets,DRG-001,Essential,1060,500,5000,sachets,2026-09-08,2026-12-19
PHC-UP-LUC-518,Zinc Sulfate 20mg,DRG-002,Essential,1113,200,2000,tablets,2026-08-06,2027-02-03
PHC-UP-LUC-518,Paracetamol 500mg,DRG-003,Analgesic,1693,1000,10000,tablets,2026-08-19,2027-03-18
PHC-UP-LUC-518,Amoxicillin 500mg,DRG-004,Antibiotic,946,300,3000,capsules,2026-09-19,2027-01-02
PHC-UP-LUC-518,Polyvalent Anti-Snake Venom (ASV),DRG-005,Antivenom,28,10,50,vials,2026-07-31,2027-02-01
PHC-UP-LUC-518,Salbutamol Nebules,DRG-006,Respiratory,447,50,500,ampoules,2026-09-09,2026-12-05
PHC-UP-LUC-518,Doxycycline 100mg,DRG-007,Antibiotic,1839,200,2000,tablets,2026-09-21,2027-09-24
PHC-UP-LUC-518,Iron Folic Acid tablets,DRG-008,Supplement,1148,500,5000,tablets,2026-09-16,2027-07-14
PHC-UP-LUC-518,Metformin 500mg,DRG-009,Anti-diabetic,2713,300,3000,tablets,2026-08-16,2027-05-02
PHC-UP-LUC-518,Amlodipine 5mg,DRG-010,Cardiovascular,1686,200,2000,tablets,2026-08-05,2027-02-25
PHC-UP-LUC-519,ORS Sachets,DRG-001,Essential,587,500,5000,sachets,2026-08-28,2027-03-19
PHC-UP-LUC-519,Zinc Sulfate 20mg,DRG-002,Essential,1713,200,2000,tablets,2026-08-27,2027-02-04
PHC-UP-LUC-519,Paracetamol 500mg,DRG-003,Analgesic,7571,1000,10000,tablets,2026-09-15,2027-04-13
PHC-UP-LUC-519,Amoxicillin 500mg,DRG-004,Antibiotic,1644,300,3000,capsules,2026-08-08,2026-11-12
PHC-UP-LUC-519,Polyvalent Anti-Snake Venom (ASV),DRG-005,Antivenom,20,10,50,vials,2026-09-24,2027-01-11
PHC-UP-LUC-519,Salbutamol Nebules,DRG-006,Respiratory,264,50,500,ampoules,2026-09-22,2027-04-17
PHC-UP-LUC-519,Doxycycline 100mg,DRG-007,Antibiotic,1766,200,2000,tablets,2026-09-03,2027-04-15
PHC-UP-LUC-519,Iron Folic Acid tablets,DRG-008,Supplement,3752,500,5000,tablets,2026-09-11,2027-04-02
PHC-UP-LUC-519,Metformin 500mg,DRG-009,Anti-diabetic,1994,300,3000,tablets,2026-09-06,2027-07-07
PHC-UP-LUC-519,Amlodipine 5mg,DRG-010,Cardiovascular,984,200,2000,tablets,2026-09-12,2027-07-25
PHC-UP-LUC-520,ORS Sachets,DRG-001,Essential,2412,500,5000,sachets,2026-08-06,2026-12-16
PHC-UP-LUC-520,Zinc Sulfate 20mg,DRG-002,Essential,634,200,2000,tablets,2026-09-11,2027-09-29
PHC-UP-LUC-520,Paracetamol 500mg,DRG-003,Analgesic,1303,1000,10000,tablets,2026-09-03,2027-07-08
PHC-UP-LUC-520,Amoxicillin 500mg,DRG-004,Antibiotic,1529,300,3000,capsules,2026-08-14,2027-08-23
PHC-UP-LUC-520,Polyvalent Anti-Snake Venom (ASV),DRG-005,Antivenom,41,10,50,vials,2026-08-22,2026-12-21
PHC-UP-LUC-520,Salbutamol Nebules,DRG-006,Respiratory,149,50,500,ampoules,2026-08-30,2027-04-23
PHC-UP-LUC-520,Doxycycline 100mg,DRG-007,Antibiotic,301,200,2000,tablets,2026-08-12,2027-09-12
PHC-UP-LUC-520,Iron Folic Acid tablets,DRG-008,Supplement,2460,500,5000,tablets,2026-09-19,2027-03-19
PHC-UP-LUC-520,Metformin 500mg,DRG-009,Anti-diabetic,1943,300,3000,tablets,2026-09-04,2026-11-18
PHC-UP-LUC-520,Amlodipine 5mg,DRG-010,Cardiovascular,815,200,2000,tablets,2026-08-10,2027-01-20
PHC-UP-LUC-521,ORS Sachets,DRG-001,Essential,5,500,5000,sachets,2026-09-04,2026-12-04
PHC-UP-LUC-521,Zinc Sulfate 20mg,DRG-002,Essential,27,200,2000,tablets,2026-09-08,2027-05-16
PHC-UP-LUC-521,Paracetamol 500mg,DRG-003,Analgesic,92,1000,10000,tablets,2026-08-19,2027-05-25
PHC-UP-LUC-521,Amoxicillin 500mg,DRG-004,Antibiotic,7,300,3000,capsules,2026-08-08,2027-01-22
PHC-UP-LUC-521,Polyvalent Anti-Snake Venom (ASV),DRG-005,Antivenom,0,10,50,vials,2026-08-29,2027-05-03
PHC-UP-LUC-521,Salbutamol Nebules,DRG-006,Respiratory,3,50,500,ampoules,2026-08-02,2027-07-30
PHC-UP-LUC-521,Doxycycline 100mg,DRG-007,Antibiotic,20,200,2000,tablets,2026-08-12,2027-01-01
PHC-UP-LUC-521,Iron Folic Acid tablets,DRG-008,Supplement,76,500,5000,tablets,2026-08-20,2027-05-31
PHC-UP-LUC-521,Metformin 500mg,DRG-009,Anti-diabetic,7,300,3000,tablets,2026-08-10,2027-03-01
PHC-UP-LUC-521,Amlodipine 5mg,DRG-010,Cardiovascular,25,200,2000,tablets,2026-08-04,2027-01-07
PHC-UP-LUC-522,ORS Sachets,DRG-001,Essential,4439,500,5000,sachets,2026-09-15,2027-03-20
PHC-UP-LUC-522,Zinc Sulfate 20mg,DRG-002,Essential,1162,200,2000,tablets,2026-09-14,2027-09-25
PHC-UP-LUC-522,Paracetamol 500mg,DRG-003,Analgesic,6767,1000,10000,tablets,2026-09-19,2027-07-24
PHC-UP-LUC-522,Amoxicillin 500mg,DRG-004,Antibiotic,688,300,3000,capsules,2026-09-18,2027-02-20
PHC-UP-LUC-522,Polyvalent Anti-Snake Venom (ASV),DRG-005,Antivenom,27,10,50,vials,2026-09-04,2027-04-12
PHC-UP-LUC-522,Salbutamol Nebules,DRG-006,Respiratory,295,50,500,ampoules,2026-08-09,2027-01-12
PHC-UP-LUC-522,Doxycycline 100mg,DRG-007,Antibiotic,1589,200,2000,tablets,2026-09-16,2027-01-31
PHC-UP-LUC-522,Iron Folic Acid tablets,DRG-008,Supplement,3028,500,5000,tablets,2026-09-14,2027-01-30
PHC-UP-LUC-522,Metformin 500mg,DRG-009,Anti-diabetic,508,300,3000,tablets,2026-09-19,2027-06-08
PHC-UP-LUC-522,Amlodipine 5mg,DRG-010,Cardiovascular,1910,200,2000,tablets,2026-08-07,2026-12-18
PHC-UP-LUC-523,ORS Sachets,DRG-001,Essential,4950,500,5000,sachets,2026-09-02,2026-12-20
PHC-UP-LUC-523,Zinc Sulfate 20mg,DRG-002,Essential,1742,200,2000,tablets,2026-08-11,2027-05-27
PHC-UP-LUC-523,Paracetamol 500mg,DRG-003,Analgesic,1982,1000,10000,tablets,2026-08-12,2026-11-24
PHC-UP-LUC-523,Amoxicillin 500mg,DRG-004,Antibiotic,2139,300,3000,capsules,2026-09-09,2026-12-24
PHC-UP-LUC-523,Polyvalent Anti-Snake Venom (ASV),DRG-005,Antivenom,46,10,50,vials,2026-09-09,2027-05-07
PHC-UP-LUC-523,Salbutamol Nebules,DRG-006,Respiratory,352,50,500,ampoules,2026-08-03,2027-06-16
PHC-UP-LUC-523,Doxycycline 100mg,DRG-007,Antibiotic,1963,200,2000,tablets,2026-08-28,2027-07-28
PHC-UP-LUC-523,Iron Folic Acid tablets,DRG-008,Supplement,1158,500,5000,tablets,2026-08-01,2026-11-15
PHC-UP-LUC-523,Metformin 500mg,DRG-009,Anti-diabetic,2991,300,3000,tablets,2026-09-12,2026-11-06
PHC-UP-LUC-523,Amlodipine 5mg,DRG-010,Cardiovascular,1919,200,2000,tablets,2026-09-08,2027-05-10
PHC-UP-LUC-524,ORS Sachets,DRG-001,Essential,55,500,5000,sachets,2026-09-12,2027-03-18
PHC-UP-LUC-524,Zinc Sulfate 20mg,DRG-002,Essential,31,200,2000,tablets,2026-09-17,2026-11-02
PHC-UP-LUC-524,Paracetamol 500mg,DRG-003,Analgesic,134,1000,10000,tablets,2026-09-23,2027-03-09
PHC-UP-LUC-524,Amoxicillin 500mg,DRG-004,Antibiotic,22,300,3000,capsules,2026-08-15,2027-03-26
PHC-UP-LUC-524,Polyvalent Anti-Snake Venom (ASV),DRG-005,Antivenom,0,10,50,vials,2026-09-19,2026-12-09
PHC-UP-LUC-524,Salbutamol Nebules,DRG-006,Respiratory,10,50,500,ampoules,2026-09-06,2026-12-08
PHC-UP-LUC-524,Doxycycline 100mg,DRG-007,Antibiotic,38,200,2000,tablets,2026-08-10,2026-12-30
PHC-UP-LUC-524,Iron Folic Acid tablets,DRG-008,Supplement,77,500,5000,tablets,2026-08-30,2027-03-21
PHC-UP-LUC-524,Metformin 500mg,DRG-009,Anti-diabetic,11,300,3000,tablets,2026-08-24,2027-03-09
PHC-UP-LUC-524,Amlodipine 5mg,DRG-010,Cardiovascular,14,200,2000,tablets,2026-08-25,2026-11-12
PHC-UP-LUC-525,ORS Sachets,DRG-001,Essential,11,500,5000,sachets,2026-09-21,2026-12-03
PHC-UP-LUC-525,Zinc Sulfate 20mg,DRG-002,Essential,14,200,2000,tablets,2026-08-22,2027-04-19
PHC-UP-LUC-525,Paracetamol 500mg,DRG-003,Analgesic,1,1000,10000,tablets,2026-08-10,2027-02-02
PHC-UP-LUC-525,Amoxicillin 500mg,DRG-004,Antibiotic,29,300,3000,capsules,2026-08-02,2027-09-27
PHC-UP-LUC-525,Polyvalent Anti-Snake Venom (ASV),DRG-005,Antivenom,0,10,50,vials,2026-09-01,2027-08-02
PHC-UP-LUC-525,Salbutamol Nebules,DRG-006,Respiratory,6,50,500,ampoules,2026-09-01,2026-11-26
PHC-UP-LUC-525,Doxycycline 100mg,DRG-007,Antibiotic,20,200,2000,tablets,2026-08-12,2027-01-23
PHC-UP-LUC-525,Iron Folic Acid tablets,DRG-008,Supplement,49,500,5000,tablets,2026-09-21,2026-11-21
PHC-UP-LUC-525,Metformin 500mg,DRG-009,Anti-diabetic,53,300,3000,tablets,2026-09-16,2027-05-18
PHC-UP-LUC-525,Amlodipine 5mg,DRG-010,Cardiovascular,26,200,2000,tablets,2026-09-21,2027-06-07
PHC-UP-VAR-526,ORS Sachets,DRG-001,Essential,3603,500,5000,sachets,2026-08-19,2027-08-31
PHC-UP-VAR-526,Zinc Sulfate 20mg,DRG-002,Essential,384,200,2000,tablets,2026-08-06,2027-09-08
PHC-UP-VAR-526,Paracetamol 500mg,DRG-003,Analgesic,4148,1000,10000,tablets,2026-07-31,2026-12-05
PHC-UP-VAR-526,Amoxicillin 500mg,DRG-004,Antibiotic,2347,300,3000,capsules,2026-09-07,2027-08-01
PHC-UP-VAR-526,Polyvalent Anti-Snake Venom (ASV),DRG-005,Antivenom,15,10,50,vials,2026-09-04,2027-03-07
PHC-UP-VAR-526,Salbutamol Nebules,DRG-006,Respiratory,414,50,500,ampoules,2026-09-04,2026-11-20
PHC-UP-VAR-526,Doxycycline 100mg,DRG-007,Antibiotic,1569,200,2000,tablets,2026-09-04,2027-07-06
PHC-UP-VAR-526,Iron Folic Acid tablets,DRG-008,Supplement,2052,500,5000,tablets,2026-09-23,2027-01-15
PHC-UP-VAR-526,Metformin 500mg,DRG-009,Anti-diabetic,1275,300,3000,tablets,2026-09-13,2027-05-19
PHC-UP-VAR-526,Amlodipine 5mg,DRG-010,Cardiovascular,652,200,2000,tablets,2026-08-01,2027-05-30
PHC-UP-VAR-527,ORS Sachets,DRG-001,Essential,4586,500,5000,sachets,2026-08-12,2027-01-19
PHC-UP-VAR-527,Zinc Sulfate 20mg,DRG-002,Essential,1877,200,2000,tablets,2026-08-02,2026-12-13
PHC-UP-VAR-527,Paracetamol 500mg,DRG-003,Analgesic,5640,1000,10000,tablets,2026-09-19,2027-07-30
PHC-UP-VAR-527,Amoxicillin 500mg,DRG-004,Antibiotic,343,300,3000,capsules,2026-08-19,2026-12-18
PHC-UP-VAR-527,Polyvalent Anti-Snake Venom (ASV),DRG-005,Antivenom,34,10,50,vials,2026-08-23,2027-09-19
PHC-UP-VAR-527,Salbutamol Nebules,DRG-006,Respiratory,105,50,500,ampoules,2026-08-02,2027-08-14
PHC-UP-VAR-527,Doxycycline 100mg,DRG-007,Antibiotic,1823,200,2000,tablets,2026-08-21,2027-04-03
PHC-UP-VAR-527,Iron Folic Acid tablets,DRG-008,Supplement,2102,500,5000,tablets,2026-08-02,2027-01-13
PHC-UP-VAR-527,Metformin 500mg,DRG-009,Anti-diabetic,1697,300,3000,tablets,2026-09-13,2027-04-24
PHC-UP-VAR-527,Amlodipine 5mg,DRG-010,Cardiovascular,960,200,2000,tablets,2026-08-05,2027-07-22
PHC-UP-VAR-528,ORS Sachets,DRG-001,Essential,4471,500,5000,sachets,2026-08-06,2027-03-10
PHC-UP-VAR-528,Zinc Sulfate 20mg,DRG-002,Essential,952,200,2000,tablets,2026-08-16,2026-12-13
PHC-UP-VAR-528,Paracetamol 500mg,DRG-003,Analgesic,5834,1000,10000,tablets,2026-08-04,2027-02-19
PHC-UP-VAR-528,Amoxicillin 500mg,DRG-004,Antibiotic,2088,300,3000,capsules,2026-08-22,2027-06-06
PHC-UP-VAR-528,Polyvalent Anti-Snake Venom (ASV),DRG-005,Antivenom,34,10,50,vials,2026-08-07,2027-02-18
PHC-UP-VAR-528,Salbutamol Nebules,DRG-006,Respiratory,478,50,500,ampoules,2026-09-03,2027-03-24
PHC-UP-VAR-528,Doxycycline 100mg,DRG-007,Antibiotic,449,200,2000,tablets,2026-08-07,2027-02-05
PHC-UP-VAR-528,Iron Folic Acid tablets,DRG-008,Supplement,785,500,5000,tablets,2026-09-13,2027-08-16
PHC-UP-VAR-528,Metformin 500mg,DRG-009,Anti-diabetic,2999,300,3000,tablets,2026-09-09,2027-07-28
PHC-UP-VAR-528,Amlodipine 5mg,DRG-010,Cardiovascular,1274,200,2000,tablets,2026-08-10,2027-05-20
PHC-UP-VAR-529,ORS Sachets,DRG-001,Essential,3918,500,5000,sachets,2026-09-04,2027-07-07
PHC-UP-VAR-529,Zinc Sulfate 20mg,DRG-002,Essential,697,200,2000,tablets,2026-09-13,2027-06-30
PHC-UP-VAR-529,Paracetamol 500mg,DRG-003,Analgesic,8726,1000,10000,tablets,2026-08-03,2027-01-08
PHC-UP-VAR-529,Amoxicillin 500mg,DRG-004,Antibiotic,1471,300,3000,capsules,2026-09-23,2027-05-07
PHC-UP-VAR-529,Polyvalent Anti-Snake Venom (ASV),DRG-005,Antivenom,18,10,50,vials,2026-09-12,2026-11-28
PHC-UP-VAR-529,Salbutamol Nebules,DRG-006,Respiratory,224,50,500,ampoules,2026-09-19,2027-05-21
PHC-UP-VAR-529,Doxycycline 100mg,DRG-007,Antibiotic,1922,200,2000,tablets,2026-09-01,2027-03-04
PHC-UP-VAR-529,Iron Folic Acid tablets,DRG-008,Supplement,1219,500,5000,tablets,2026-08-29,2027-06-02
PHC-UP-VAR-529,Metformin 500mg,DRG-009,Anti-diabetic,699,300,3000,tablets,2026-08-23,2026-11-20
PHC-UP-VAR-529,Amlodipine 5mg,DRG-010,Cardiovascular,936,200,2000,tablets,2026-08-03,2027-01-30
PHC-UP-VAR-530,ORS Sachets,DRG-001,Essential,4773,500,5000,sachets,2026-08-05,2027-04-10
PHC-UP-VAR-530,Zinc Sulfate 20mg,DRG-002,Essential,1683,200,2000,tablets,2026-08-07,2027-08-12
PHC-UP-VAR-530,Paracetamol 500mg,DRG-003,Analgesic,1650,1000,10000,tablets,2026-09-06,2027-09-19
PHC-UP-VAR-530,Amoxicillin 500mg,DRG-004,Antibiotic,1639,300,3000,capsules,2026-08-24,2027-09-10
PHC-UP-VAR-530,Polyvalent Anti-Snake Venom (ASV),DRG-005,Antivenom,14,10,50,vials,2026-08-02,2027-05-31
PHC-UP-VAR-530,Salbutamol Nebules,DRG-006,Respiratory,425,50,500,ampoules,2026-09-24,2027-09-20
PHC-UP-VAR-530,Doxycycline 100mg,DRG-007,Antibiotic,1508,200,2000,tablets,2026-08-04,2027-03-10
PHC-UP-VAR-530,Iron Folic Acid tablets,DRG-008,Supplement,1675,500,5000,tablets,2026-09-11,2026-12-20
PHC-UP-VAR-530,Metformin 500mg,DRG-009,Anti-diabetic,2601,300,3000,tablets,2026-08-24,2027-07-07
PHC-UP-VAR-530,Amlodipine 5mg,DRG-010,Cardiovascular,710,200,2000,tablets,2026-08-11,2026-12-09
PHC-UP-VAR-531,ORS Sachets,DRG-001,Essential,2779,500,5000,sachets,2026-08-07,2027-08-23
PHC-UP-VAR-531,Zinc Sulfate 20mg,DRG-002,Essential,1145,200,2000,tablets,2026-08-15,2027-06-03
PHC-UP-VAR-531,Paracetamol 500mg,DRG-003,Analgesic,5099,1000,10000,tablets,2026-09-23,2027-01-08
PHC-UP-VAR-531,Amoxicillin 500mg,DRG-004,Antibiotic,2479,300,3000,capsules,2026-08-16,2026-12-04
PHC-UP-VAR-531,Polyvalent Anti-Snake Venom (ASV),DRG-005,Antivenom,47,10,50,vials,2026-09-11,2026-11-15
PHC-UP-VAR-531,Salbutamol Nebules,DRG-006,Respiratory,299,50,500,ampoules,2026-09-12,2027-05-19
PHC-UP-VAR-531,Doxycycline 100mg,DRG-007,Antibiotic,1392,200,2000,tablets,2026-09-08,2027-01-26
PHC-UP-VAR-531,Iron Folic Acid tablets,DRG-008,Supplement,4585,500,5000,tablets,2026-08-07,2026-12-13
PHC-UP-VAR-531,Metformin 500mg,DRG-009,Anti-diabetic,626,300,3000,tablets,2026-08-30,2027-07-23
PHC-UP-VAR-531,Amlodipine 5mg,DRG-010,Cardiovascular,1754,200,2000,tablets,2026-08-01,2027-05-20
PHC-UP-VAR-532,ORS Sachets,DRG-001,Essential,145,500,5000,sachets,2026-08-12,2027-01-25
PHC-UP-VAR-532,Zinc Sulfate 20mg,DRG-002,Essential,119,200,2000,tablets,2026-08-18,2027-05-05
PHC-UP-VAR-532,Paracetamol 500mg,DRG-003,Analgesic,593,1000,10000,tablets,2026-09-22,2027-01-16
PHC-UP-VAR-532,Amoxicillin 500mg,DRG-004,Antibiotic,101,300,3000,capsules,2026-08-01,2027-08-29
PHC-UP-VAR-532,Polyvalent Anti-Snake Venom (ASV),DRG-005,Antivenom,8,10,50,vials,2026-09-04,2027-07-01
PHC-UP-VAR-532,Salbutamol Nebules,DRG-006,Respiratory,46,50,500,ampoules,2026-08-03,2027-05-27
PHC-UP-VAR-532,Doxycycline 100mg,DRG-007,Antibiotic,196,200,2000,tablets,2026-09-16,2027-01-28
PHC-UP-VAR-532,Iron Folic Acid tablets,DRG-008,Supplement,73,500,5000,tablets,2026-08-31,2027-05-13
PHC-UP-VAR-532,Metformin 500mg,DRG-009,Anti-diabetic,258,300,3000,tablets,2026-08-27,2027-03-07
PHC-UP-VAR-532,Amlodipine 5mg,DRG-010,Cardiovascular,105,200,2000,tablets,2026-09-08,2027-02-12
PHC-UP-VAR-533,ORS Sachets,DRG-001,Essential,770,500,5000,sachets,2026-08-21,2027-02-16
PHC-UP-VAR-533,Zinc Sulfate 20mg,DRG-002,Essential,297,200,2000,tablets,2026-08-20,2027-08-02
PHC-UP-VAR-533,Paracetamol 500mg,DRG-003,Analgesic,8427,1000,10000,tablets,2026-09-14,2027-07-29
PHC-UP-VAR-533,Amoxicillin 500mg,DRG-004,Antibiotic,825,300,3000,capsules,2026-09-08,2027-05-29
PHC-UP-VAR-533,Polyvalent Anti-Snake Venom (ASV),DRG-005,Antivenom,32,10,50,vials,2026-08-13,2027-06-24
PHC-UP-VAR-533,Salbutamol Nebules,DRG-006,Respiratory,173,50,500,ampoules,2026-08-09,2027-04-06
PHC-UP-VAR-533,Doxycycline 100mg,DRG-007,Antibiotic,1480,200,2000,tablets,2026-07-31,2026-11-21
PHC-UP-VAR-533,Iron Folic Acid tablets,DRG-008,Supplement,4569,500,5000,tablets,2026-09-13,2026-11-24
PHC-UP-VAR-533,Metformin 500mg,DRG-009,Anti-diabetic,2805,300,3000,tablets,2026-08-12,2027-05-03
PHC-UP-VAR-533,Amlodipine 5mg,DRG-010,Cardiovascular,1111,200,2000,tablets,2026-08-25,2027-02-24
PHC-UP-VAR-534,ORS Sachets,DRG-001,Essential,2254,500,5000,sachets,2026-09-08,2026-12-27
PHC-UP-VAR-534,Zinc Sulfate 20mg,DRG-002,Essential,283,200,2000,tablets,2026-09-08,2027-04-11
PHC-UP-VAR-534,Paracetamol 500mg,DRG-003,Analgesic,8522,1000,10000,tablets,2026-09-18,2026-11-15
PHC-UP-VAR-534,Amoxicillin 500mg,DRG-004,Antibiotic,1722,300,3000,capsules,2026-09-04,2027-03-06
PHC-UP-VAR-534,Polyvalent Anti-Snake Venom (ASV),DRG-005,Antivenom,24,10,50,vials,2026-09-16,2027-03-04
PHC-UP-VAR-534,Salbutamol Nebules,DRG-006,Respiratory,356,50,500,ampoules,2026-08-31,2027-04-21
PHC-UP-VAR-534,Doxycycline 100mg,DRG-007,Antibiotic,1120,200,2000,tablets,2026-08-09,2027-03-31
PHC-UP-VAR-534,Iron Folic Acid tablets,DRG-008,Supplement,3682,500,5000,tablets,2026-08-12,2026-12-09
PHC-UP-VAR-534,Metformin 500mg,DRG-009,Anti-diabetic,1415,300,3000,tablets,2026-09-04,2026-12-05
PHC-UP-VAR-534,Amlodipine 5mg,DRG-010,Cardiovascular,299,200,2000,tablets,2026-08-25,2027-03-11
PHC-UP-VAR-535,ORS Sachets,DRG-001,Essential,2461,500,5000,sachets,2026-08-23,2027-07-19
PHC-UP-VAR-535,Zinc Sulfate 20mg,DRG-002,Essential,898,200,2000,tablets,2026-09-23,2027-04-01
PHC-UP-VAR-535,Paracetamol 500mg,DRG-003,Analgesic,8597,1000,10000,tablets,2026-08-01,2027-07-14
PHC-UP-VAR-535,Amoxicillin 500mg,DRG-004,Antibiotic,696,300,3000,capsules,2026-09-04,2027-09-25
PHC-UP-VAR-535,Polyvalent Anti-Snake Venom (ASV),DRG-005,Antivenom,28,10,50,vials,2026-08-28,2027-08-19
PHC-UP-VAR-535,Salbutamol Nebules,DRG-006,Respiratory,313,50,500,ampoules,2026-09-01,2027-08-28
PHC-UP-VAR-535,Doxycycline 100mg,DRG-007,Antibiotic,417,200,2000,tablets,2026-09-10,2026-11-05
PHC-UP-VAR-535,Iron Folic Acid tablets,DRG-008,Supplement,3693,500,5000,tablets,2026-08-23,2027-09-14
PHC-UP-VAR-535,Metformin 500mg,DRG-009,Anti-diabetic,662,300,3000,tablets,2026-09-04,2027-03-23
PHC-UP-VAR-535,Amlodipine 5mg,DRG-010,Cardiovascular,1101,200,2000,tablets,2026-09-04,2027-03-08
PHC-UP-VAR-536,ORS Sachets,DRG-001,Essential,2863,500,5000,sachets,2026-09-05,2026-11-09
PHC-UP-VAR-536,Zinc Sulfate 20mg,DRG-002,Essential,827,200,2000,tablets,2026-09-05,2027-07-15
PHC-UP-VAR-536,Paracetamol 500mg,DRG-003,Analgesic,5778,1000,10000,tablets,2026-08-17,2027-09-23
PHC-UP-VAR-536,Amoxicillin 500mg,DRG-004,Antibiotic,831,300,3000,capsules,2026-08-05,2027-03-20
PHC-UP-VAR-536,Polyvalent Anti-Snake Venom (ASV),DRG-005,Antivenom,27,10,50,vials,2026-09-17,2027-04-05
PHC-UP-VAR-536,Salbutamol Nebules,DRG-006,Respiratory,335,50,500,ampoules,2026-08-26,2027-08-31
PHC-UP-VAR-536,Doxycycline 100mg,DRG-007,Antibiotic,920,200,2000,tablets,2026-09-09,2027-09-02
PHC-UP-VAR-536,Iron Folic Acid tablets,DRG-008,Supplement,3567,500,5000,tablets,2026-08-15,2027-03-26
PHC-UP-VAR-536,Metformin 500mg,DRG-009,Anti-diabetic,2680,300,3000,tablets,2026-09-13,2026-12-16
PHC-UP-VAR-536,Amlodipine 5mg,DRG-010,Cardiovascular,445,200,2000,tablets,2026-09-19,2027-03-19
PHC-UP-VAR-537,ORS Sachets,DRG-001,Essential,32,500,5000,sachets,2026-08-12,2027-02-03
PHC-UP-VAR-537,Zinc Sulfate 20mg,DRG-002,Essential,37,200,2000,tablets,2026-08-24,2026-11-08
PHC-UP-VAR-537,Paracetamol 500mg,DRG-003,Analgesic,19,1000,10000,tablets,2026-08-20,2027-08-26
PHC-UP-VAR-537,Amoxicillin 500mg,DRG-004,Antibiotic,58,300,3000,capsules,2026-07-31,2027-09-28
PHC-UP-VAR-537,Polyvalent Anti-Snake Venom (ASV),DRG-005,Antivenom,1,10,50,vials,2026-08-15,2027-04-24
PHC-UP-VAR-537,Salbutamol Nebules,DRG-006,Respiratory,1,50,500,ampoules,2026-09-03,2027-01-28
PHC-UP-VAR-537,Doxycycline 100mg,DRG-007,Antibiotic,35,200,2000,tablets,2026-09-03,2027-03-22
PHC-UP-VAR-537,Iron Folic Acid tablets,DRG-008,Supplement,19,500,5000,tablets,2026-08-15,2027-04-21
PHC-UP-VAR-537,Metformin 500mg,DRG-009,Anti-diabetic,38,300,3000,tablets,2026-09-19,2027-05-11
PHC-UP-VAR-537,Amlodipine 5mg,DRG-010,Cardiovascular,5,200,2000,tablets,2026-09-21,2026-12-28
PHC-UP-VAR-538,ORS Sachets,DRG-001,Essential,2666,500,5000,sachets,2026-08-27,2027-08-25
PHC-UP-VAR-538,Zinc Sulfate 20mg,DRG-002,Essential,808,200,2000,tablets,2026-09-02,2027-04-29
PHC-UP-VAR-538,Paracetamol 500mg,DRG-003,Analgesic,1566,1000,10000,tablets,2026-08-31,2027-06-13
PHC-UP-VAR-538,Amoxicillin 500mg,DRG-004,Antibiotic,2057,300,3000,capsules,2026-08-21,2027-03-27
PHC-UP-VAR-538,Polyvalent Anti-Snake Venom (ASV),DRG-005,Antivenom,25,10,50,vials,2026-08-25,2027-07-23
PHC-UP-VAR-538,Salbutamol Nebules,DRG-006,Respiratory,145,50,500,ampoules,2026-08-22,2027-07-28
PHC-UP-VAR-538,Doxycycline 100mg,DRG-007,Antibiotic,209,200,2000,tablets,2026-09-02,2027-02-07
PHC-UP-VAR-538,Iron Folic Acid tablets,DRG-008,Supplement,4497,500,5000,tablets,2026-09-11,2027-04-14
PHC-UP-VAR-538,Metformin 500mg,DRG-009,Anti-diabetic,1203,300,3000,tablets,2026-08-17,2027-08-28
PHC-UP-VAR-538,Amlodipine 5mg,DRG-010,Cardiovascular,618,200,2000,tablets,2026-09-04,2027-06-10
PHC-UP-VAR-539,ORS Sachets,DRG-001,Essential,1723,500,5000,sachets,2026-08-01,2027-08-31
PHC-UP-VAR-539,Zinc Sulfate 20mg,DRG-002,Essential,727,200,2000,tablets,2026-08-29,2027-04-21
PHC-UP-VAR-539,Paracetamol 500mg,DRG-003,Analgesic,2537,1000,10000,tablets,2026-08-08,2027-03-08
PHC-UP-VAR-539,Amoxicillin 500mg,DRG-004,Antibiotic,698,300,3000,capsules,2026-09-01,2027-06-01
PHC-UP-VAR-539,Polyvalent Anti-Snake Venom (ASV),DRG-005,Antivenom,39,10,50,vials,2026-08-02,2027-02-08
PHC-UP-VAR-539,Salbutamol Nebules,DRG-006,Respiratory,457,50,500,ampoules,2026-08-10,2027-08-16
PHC-UP-VAR-539,Doxycycline 100mg,DRG-007,Antibiotic,932,200,2000,tablets,2026-08-13,2027-06-19
PHC-UP-VAR-539,Iron Folic Acid tablets,DRG-008,Supplement,1437,500,5000,tablets,2026-09-13,2027-07-12
PHC-UP-VAR-539,Metformin 500mg,DRG-009,Anti-diabetic,2611,300,3000,tablets,2026-09-21,2027-03-08
PHC-UP-VAR-539,Amlodipine 5mg,DRG-010,Cardiovascular,346,200,2000,tablets,2026-08-16,2026-12-24
PHC-UP-VAR-540,ORS Sachets,DRG-001,Essential,575,500,5000,sachets,2026-09-07,2027-07-15
PHC-UP-VAR-540,Zinc Sulfate 20mg,DRG-002,Essential,1035,200,2000,tablets,2026-09-21,2026-11-23
PHC-UP-VAR-540,Paracetamol 500mg,DRG-003,Analgesic,1794,1000,10000,tablets,2026-09-07,2027-08-06
PHC-UP-VAR-540,Amoxicillin 500mg,DRG-004,Antibiotic,1678,300,3000,capsules,2026-08-25,2027-02-27
PHC-UP-VAR-540,Polyvalent Anti-Snake Venom (ASV),DRG-005,Antivenom,44,10,50,vials,2026-09-08,2026-11-23
PHC-UP-VAR-540,Salbutamol Nebules,DRG-006,Respiratory,397,50,500,ampoules,2026-09-17,2027-06-28
PHC-UP-VAR-540,Doxycycline 100mg,DRG-007,Antibiotic,1020,200,2000,tablets,2026-08-25,2026-11-01
PHC-UP-VAR-540,Iron Folic Acid tablets,DRG-008,Supplement,1732,500,5000,tablets,2026-09-22,2027-09-11
PHC-UP-VAR-540,Metformin 500mg,DRG-009,Anti-diabetic,1634,300,3000,tablets,2026-09-09,2027-05-16
PHC-UP-VAR-540,Amlodipine 5mg,DRG-010,Cardiovascular,532,200,2000,tablets,2026-09-13,2027-03-25
PHC-UP-VAR-541,ORS Sachets,DRG-001,Essential,1584,500,5000,sachets,2026-09-11,2027-05-04
PHC-UP-VAR-541,Zinc Sulfate 20mg,DRG-002,Essential,701,200,2000,tablets,2026-09-18,2027-03-11
PHC-UP-VAR-541,Paracetamol 500mg,DRG-003,Analgesic,8237,1000,10000,tablets,2026-09-02,2027-03-09
PHC-UP-VAR-541,Amoxicillin 500mg,DRG-004,Antibiotic,1704,300,3000,capsules,2026-09-05,2027-08-08
PHC-UP-VAR-541,Polyvalent Anti-Snake Venom (ASV),DRG-005,Antivenom,32,10,50,vials,2026-08-07,2026-12-27
PHC-UP-VAR-541,Salbutamol Nebules,DRG-006,Respiratory,298,50,500,ampoules,2026-08-15,2026-11-06
PHC-UP-VAR-541,Doxycycline 100mg,DRG-007,Antibiotic,420,200,2000,tablets,2026-08-12,2027-09-10
PHC-UP-VAR-541,Iron Folic Acid tablets,DRG-008,Supplement,3155,500,5000,tablets,2026-08-06,2027-09-07
PHC-UP-VAR-541,Metformin 500mg,DRG-009,Anti-diabetic,2238,300,3000,tablets,2026-07-31,2027-06-11
PHC-UP-VAR-541,Amlodipine 5mg,DRG-010,Cardiovascular,1481,200,2000,tablets,2026-08-10,2026-11-03
PHC-UP-VAR-542,ORS Sachets,DRG-001,Essential,1472,500,5000,sachets,2026-08-31,2027-09-27
PHC-UP-VAR-542,Zinc Sulfate 20mg,DRG-002,Essential,299,200,2000,tablets,2026-08-15,2027-06-30
PHC-UP-VAR-542,Paracetamol 500mg,DRG-003,Analgesic,4647,1000,10000,tablets,2026-08-29,2027-04-09
PHC-UP-VAR-542,Amoxicillin 500mg,DRG-004,Antibiotic,2137,300,3000,capsules,2026-08-09,2026-11-29
PHC-UP-VAR-542,Polyvalent Anti-Snake Venom (ASV),DRG-005,Antivenom,25,10,50,vials,2026-08-14,2027-05-05
PHC-UP-VAR-542,Salbutamol Nebules,DRG-006,Respiratory,491,50,500,ampoules,2026-09-18,2027-08-08
PHC-UP-VAR-542,Doxycycline 100mg,DRG-007,Antibiotic,604,200,2000,tablets,2026-09-04,2027-02-25
PHC-UP-VAR-542,Iron Folic Acid tablets,DRG-008,Supplement,3420,500,5000,tablets,2026-08-26,2027-09-05
PHC-UP-VAR-542,Metformin 500mg,DRG-009,Anti-diabetic,787,300,3000,tablets,2026-08-21,2026-11-15
PHC-UP-VAR-542,Amlodipine 5mg,DRG-010,Cardiovascular,387,200,2000,tablets,2026-08-08,2026-11-11
PHC-UP-VAR-543,ORS Sachets,DRG-001,Essential,85,500,5000,sachets,2026-09-16,2027-01-13
PHC-UP-VAR-543,Zinc Sulfate 20mg,DRG-002,Essential,34,200,2000,tablets,2026-09-08,2027-01-19
PHC-UP-VAR-543,Paracetamol 500mg,DRG-003,Analgesic,24,1000,10000,tablets,2026-09-09,2027-06-15
PHC-UP-VAR-543,Amoxicillin 500mg,DRG-004,Antibiotic,26,300,3000,capsules,2026-08-28,2027-06-13
PHC-UP-VAR-543,Polyvalent Anti-Snake Venom (ASV),DRG-005,Antivenom,0,10,50,vials,2026-09-19,2027-04-12
PHC-UP-VAR-543,Salbutamol Nebules,DRG-006,Respiratory,9,50,500,ampoules,2026-08-09,2027-08-21
PHC-UP-VAR-543,Doxycycline 100mg,DRG-007,Antibiotic,23,200,2000,tablets,2026-08-04,2027-04-04
PHC-UP-VAR-543,Iron Folic Acid tablets,DRG-008,Supplement,8,500,5000,tablets,2026-09-02,2027-07-20
PHC-UP-VAR-543,Metformin 500mg,DRG-009,Anti-diabetic,50,300,3000,tablets,2026-08-25,2027-01-01
PHC-UP-VAR-543,Amlodipine 5mg,DRG-010,Cardiovascular,0,200,2000,tablets,2026-08-04,2027-07-13
PHC-UP-VAR-544,ORS Sachets,DRG-001,Essential,36,500,5000,sachets,2026-09-11,2027-01-13
PHC-UP-VAR-544,Zinc Sulfate 20mg,DRG-002,Essential,25,200,2000,tablets,2026-09-13,2027-03-28
PHC-UP-VAR-544,Paracetamol 500mg,DRG-003,Analgesic,102,1000,10000,tablets,2026-08-13,2027-08-03
PHC-UP-VAR-544,Amoxicillin 500mg,DRG-004,Antibiotic,49,300,3000,capsules,2026-09-16,2027-07-31
PHC-UP-VAR-544,Polyvalent Anti-Snake Venom (ASV),DRG-005,Antivenom,1,10,50,vials,2026-09-19,2027-03-28
PHC-UP-VAR-544,Salbutamol Nebules,DRG-006,Respiratory,3,50,500,ampoules,2026-09-17,2026-12-21
PHC-UP-VAR-544,Doxycycline 100mg,DRG-007,Antibiotic,33,200,2000,tablets,2026-08-05,2027-08-12
PHC-UP-VAR-544,Iron Folic Acid tablets,DRG-008,Supplement,69,500,5000,tablets,2026-08-20,2027-08-05
PHC-UP-VAR-544,Metformin 500mg,DRG-009,Anti-diabetic,56,300,3000,tablets,2026-09-18,2026-12-10
PHC-UP-VAR-544,Amlodipine 5mg,DRG-010,Cardiovascular,0,200,2000,tablets,2026-08-02,2027-08-08
PHC-UP-VAR-545,ORS Sachets,DRG-001,Essential,392,500,5000,sachets,2026-08-18,2027-07-08
PHC-UP-VAR-545,Zinc Sulfate 20mg,DRG-002,Essential,98,200,2000,tablets,2026-09-01,2027-04-04
PHC-UP-VAR-545,Paracetamol 500mg,DRG-003,Analgesic,705,1000,10000,tablets,2026-08-16,2027-04-15
PHC-UP-VAR-545,Amoxicillin 500mg,DRG-004,Antibiotic,269,300,3000,capsules,2026-08-02,2026-11-01
PHC-UP-VAR-545,Polyvalent Anti-Snake Venom (ASV),DRG-005,Antivenom,3,10,50,vials,2026-09-17,2026-11-15
PHC-UP-VAR-545,Salbutamol Nebules,DRG-006,Respiratory,29,50,500,ampoules,2026-09-22,2027-07-24
PHC-UP-VAR-545,Doxycycline 100mg,DRG-007,Antibiotic,111,200,2000,tablets,2026-08-22,2027-08-05
PHC-UP-VAR-545,Iron Folic Acid tablets,DRG-008,Supplement,284,500,5000,tablets,2026-09-13,2026-11-16
PHC-UP-VAR-545,Metformin 500mg,DRG-009,Anti-diabetic,253,300,3000,tablets,2026-09-21,2027-08-17
PHC-UP-VAR-545,Amlodipine 5mg,DRG-010,Cardiovascular,120,200,2000,tablets,2026-09-16,2026-11-18
PHC-UP-VAR-546,ORS Sachets,DRG-001,Essential,302,500,5000,sachets,2026-09-24,2026-12-12
PHC-UP-VAR-546,Zinc Sulfate 20mg,DRG-002,Essential,129,200,2000,tablets,2026-08-05,2026-12-07
PHC-UP-VAR-546,Paracetamol 500mg,DRG-003,Analgesic,144,1000,10000,tablets,2026-08-14,2027-07-06
PHC-UP-VAR-546,Amoxicillin 500mg,DRG-004,Antibiotic,284,300,3000,capsules,2026-09-21,2027-07-26
PHC-UP-VAR-546,Polyvalent Anti-Snake Venom (ASV),DRG-005,Antivenom,10,10,50,vials,2026-09-02,2027-09-18
PHC-UP-VAR-546,Salbutamol Nebules,DRG-006,Respiratory,32,50,500,ampoules,2026-09-22,2026-12-11
PHC-UP-VAR-546,Doxycycline 100mg,DRG-007,Antibiotic,19,200,2000,tablets,2026-09-09,2027-06-15
PHC-UP-VAR-546,Iron Folic Acid tablets,DRG-008,Supplement,483,500,5000,tablets,2026-09-23,2027-04-10
PHC-UP-VAR-546,Metformin 500mg,DRG-009,Anti-diabetic,157,300,3000,tablets,2026-09-07,2027-02-07
PHC-UP-VAR-546,Amlodipine 5mg,DRG-010,Cardiovascular,186,200,2000,tablets,2026-09-14,2027-09-06
PHC-UP-AGR-547,ORS Sachets,DRG-001,Essential,10,500,5000,sachets,2026-08-13,2027-07-26
PHC-UP-AGR-547,Zinc Sulfate 20mg,DRG-002,Essential,11,200,2000,tablets,2026-09-02,2027-03-04
PHC-UP-AGR-547,Paracetamol 500mg,DRG-003,Analgesic,97,1000,10000,tablets,2026-09-09,2027-06-25
PHC-UP-AGR-547,Amoxicillin 500mg,DRG-004,Antibiotic,19,300,3000,capsules,2026-08-21,2027-01-16
PHC-UP-AGR-547,Polyvalent Anti-Snake Venom (ASV),DRG-005,Antivenom,1,10,50,vials,2026-08-16,2027-01-31
PHC-UP-AGR-547,Salbutamol Nebules,DRG-006,Respiratory,0,50,500,ampoules,2026-08-14,2026-12-31
PHC-UP-AGR-547,Doxycycline 100mg,DRG-007,Antibiotic,24,200,2000,tablets,2026-09-08,2027-09-18
PHC-UP-AGR-547,Iron Folic Acid tablets,DRG-008,Supplement,50,500,5000,tablets,2026-08-15,2027-01-17
PHC-UP-AGR-547,Metformin 500mg,DRG-009,Anti-diabetic,37,300,3000,tablets,2026-08-13,2027-07-30
PHC-UP-AGR-547,Amlodipine 5mg,DRG-010,Cardiovascular,14,200,2000,tablets,2026-08-03,2027-07-29
PHC-UP-AGR-548,ORS Sachets,DRG-001,Essential,4428,500,5000,sachets,2026-08-14,2027-01-04
PHC-UP-AGR-548,Zinc Sulfate 20mg,DRG-002,Essential,1656,200,2000,tablets,2026-09-20,2027-03-13
PHC-UP-AGR-548,Paracetamol 500mg,DRG-003,Analgesic,6750,1000,10000,tablets,2026-08-26,2027-03-05
PHC-UP-AGR-548,Amoxicillin 500mg,DRG-004,Antibiotic,710,300,3000,capsules,2026-09-18,2026-11-05
PHC-UP-AGR-548,Polyvalent Anti-Snake Venom (ASV),DRG-005,Antivenom,31,10,50,vials,2026-08-01,2027-07-19
PHC-UP-AGR-548,Salbutamol Nebules,DRG-006,Respiratory,67,50,500,ampoules,2026-09-18,2027-04-28
PHC-UP-AGR-548,Doxycycline 100mg,DRG-007,Antibiotic,1864,200,2000,tablets,2026-08-27,2027-08-28
PHC-UP-AGR-548,Iron Folic Acid tablets,DRG-008,Supplement,2820,500,5000,tablets,2026-08-03,2027-05-20
PHC-UP-AGR-548,Metformin 500mg,DRG-009,Anti-diabetic,991,300,3000,tablets,2026-09-20,2027-06-15
PHC-UP-AGR-548,Amlodipine 5mg,DRG-010,Cardiovascular,1045,200,2000,tablets,2026-08-03,2027-06-19
PHC-UP-AGR-549,ORS Sachets,DRG-001,Essential,1022,500,5000,sachets,2026-08-09,2027-08-10
PHC-UP-AGR-549,Zinc Sulfate 20mg,DRG-002,Essential,1089,200,2000,tablets,2026-08-11,2027-06-04
PHC-UP-AGR-549,Paracetamol 500mg,DRG-003,Analgesic,5288,1000,10000,tablets,2026-08-22,2027-08-04
PHC-UP-AGR-549,Amoxicillin 500mg,DRG-004,Antibiotic,444,300,3000,capsules,2026-08-25,2027-01-12
PHC-UP-AGR-549,Polyvalent Anti-Snake Venom (ASV),DRG-005,Antivenom,33,10,50,vials,2026-08-17,2027-06-13
PHC-UP-AGR-549,Salbutamol Nebules,DRG-006,Respiratory,358,50,500,ampoules,2026-08-16,2027-05-15
PHC-UP-AGR-549,Doxycycline 100mg,DRG-007,Antibiotic,775,200,2000,tablets,2026-08-28,2027-05-01
PHC-UP-AGR-549,Iron Folic Acid tablets,DRG-008,Supplement,4448,500,5000,tablets,2026-08-04,2026-11-22
PHC-UP-AGR-549,Metformin 500mg,DRG-009,Anti-diabetic,310,300,3000,tablets,2026-08-12,2026-11-16
PHC-UP-AGR-549,Amlodipine 5mg,DRG-010,Cardiovascular,694,200,2000,tablets,2026-09-17,2027-05-30
PHC-UP-AGR-550,ORS Sachets,DRG-001,Essential,724,500,5000,sachets,2026-08-13,2027-02-05
PHC-UP-AGR-550,Zinc Sulfate 20mg,DRG-002,Essential,1549,200,2000,tablets,2026-09-07,2027-05-11
PHC-UP-AGR-550,Paracetamol 500mg,DRG-003,Analgesic,2916,1000,10000,tablets,2026-08-08,2027-01-08
PHC-UP-AGR-550,Amoxicillin 500mg,DRG-004,Antibiotic,2525,300,3000,capsules,2026-09-23,2026-12-24
PHC-UP-AGR-550,Polyvalent Anti-Snake Venom (ASV),DRG-005,Antivenom,48,10,50,vials,2026-08-27,2027-03-12
PHC-UP-AGR-550,Salbutamol Nebules,DRG-006,Respiratory,451,50,500,ampoules,2026-09-17,2026-11-12
PHC-UP-AGR-550,Doxycycline 100mg,DRG-007,Antibiotic,1584,200,2000,tablets,2026-09-07,2027-05-24
PHC-UP-AGR-550,Iron Folic Acid tablets,DRG-008,Supplement,4061,500,5000,tablets,2026-09-20,2027-06-08
PHC-UP-AGR-550,Metformin 500mg,DRG-009,Anti-diabetic,2823,300,3000,tablets,2026-09-11,2027-05-17
PHC-UP-AGR-550,Amlodipine 5mg,DRG-010,Cardiovascular,663,200,2000,tablets,2026-09-02,2026-12-18
PHC-UP-AGR-551,ORS Sachets,DRG-001,Essential,4884,500,5000,sachets,2026-08-05,2027-08-15
PHC-UP-AGR-551,Zinc Sulfate 20mg,DRG-002,Essential,1101,200,2000,tablets,2026-08-06,2026-11-13
PHC-UP-AGR-551,Paracetamol 500mg,DRG-003,Analgesic,7127,1000,10000,tablets,2026-09-20,2027-08-18
PHC-UP-AGR-551,Amoxicillin 500mg,DRG-004,Antibiotic,2031,300,3000,capsules,2026-09-07,2027-08-15
PHC-UP-AGR-551,Polyvalent Anti-Snake Venom (ASV),DRG-005,Antivenom,12,10,50,vials,2026-08-30,2027-03-21
PHC-UP-AGR-551,Salbutamol Nebules,DRG-006,Respiratory,475,50,500,ampoules,2026-09-03,2026-11-24
PHC-UP-AGR-551,Doxycycline 100mg,DRG-007,Antibiotic,1867,200,2000,tablets,2026-09-10,2027-01-28
PHC-UP-AGR-551,Iron Folic Acid tablets,DRG-008,Supplement,2451,500,5000,tablets,2026-09-16,2027-07-29
PHC-UP-AGR-551,Metformin 500mg,DRG-009,Anti-diabetic,420,300,3000,tablets,2026-08-20,2027-01-28
PHC-UP-AGR-551,Amlodipine 5mg,DRG-010,Cardiovascular,1422,200,2000,tablets,2026-08-16,2027-09-14
PHC-UP-AGR-552,ORS Sachets,DRG-001,Essential,344,500,5000,sachets,2026-09-19,2027-03-17
PHC-UP-AGR-552,Zinc Sulfate 20mg,DRG-002,Essential,152,200,2000,tablets,2026-09-14,2027-05-03
PHC-UP-AGR-552,Paracetamol 500mg,DRG-003,Analgesic,859,1000,10000,tablets,2026-08-28,2027-02-04
PHC-UP-AGR-552,Amoxicillin 500mg,DRG-004,Antibiotic,293,300,3000,capsules,2026-08-24,2026-11-01
PHC-UP-AGR-552,Polyvalent Anti-Snake Venom (ASV),DRG-005,Antivenom,2,10,50,vials,2026-09-19,2027-05-17
PHC-UP-AGR-552,Salbutamol Nebules,DRG-006,Respiratory,41,50,500,ampoules,2026-08-11,2026-12-03
PHC-UP-AGR-552,Doxycycline 100mg,DRG-007,Antibiotic,68,200,2000,tablets,2026-09-16,2027-01-23
PHC-UP-AGR-552,Iron Folic Acid tablets,DRG-008,Supplement,43,500,5000,tablets,2026-09-07,2027-03-03
PHC-UP-AGR-552,Metformin 500mg,DRG-009,Anti-diabetic,34,300,3000,tablets,2026-09-06,2027-02-11
PHC-UP-AGR-552,Amlodipine 5mg,DRG-010,Cardiovascular,166,200,2000,tablets,2026-09-10,2027-04-24
PHC-UP-AGR-553,ORS Sachets,DRG-001,Essential,2717,500,5000,sachets,2026-08-09,2026-12-03
PHC-UP-AGR-553,Zinc Sulfate 20mg,DRG-002,Essential,738,200,2000,tablets,2026-08-08,2027-08-21
PHC-UP-AGR-553,Paracetamol 500mg,DRG-003,Analgesic,6743,1000,10000,tablets,2026-08-28,2027-02-12
PHC-UP-AGR-553,Amoxicillin 500mg,DRG-004,Antibiotic,401,300,3000,capsules,2026-09-04,2027-01-03
PHC-UP-AGR-553,Polyvalent Anti-Snake Venom (ASV),DRG-005,Antivenom,48,10,50,vials,2026-07-31,2027-07-18
PHC-UP-AGR-553,Salbutamol Nebules,DRG-006,Respiratory,409,50,500,ampoules,2026-09-09,2027-07-30
PHC-UP-AGR-553,Doxycycline 100mg,DRG-007,Antibiotic,864,200,2000,tablets,2026-09-19,2027-05-08
PHC-UP-AGR-553,Iron Folic Acid tablets,DRG-008,Supplement,2814,500,5000,tablets,2026-09-20,2027-05-03
PHC-UP-AGR-553,Metformin 500mg,DRG-009,Anti-diabetic,687,300,3000,tablets,2026-08-28,2027-08-09
PHC-UP-AGR-553,Amlodipine 5mg,DRG-010,Cardiovascular,1442,200,2000,tablets,2026-08-27,2027-04-29
PHC-UP-AGR-554,ORS Sachets,DRG-001,Essential,1118,500,5000,sachets,2026-08-12,2027-08-24
PHC-UP-AGR-554,Zinc Sulfate 20mg,DRG-002,Essential,1888,200,2000,tablets,2026-08-17,2027-09-15
PHC-UP-AGR-554,Paracetamol 500mg,DRG-003,Analgesic,1401,1000,10000,tablets,2026-08-22,2027-04-25
PHC-UP-AGR-554,Amoxicillin 500mg,DRG-004,Antibiotic,2495,300,3000,capsules,2026-08-22,2027-04-13
PHC-UP-AGR-554,Polyvalent Anti-Snake Venom (ASV),DRG-005,Antivenom,41,10,50,vials,2026-08-21,2027-04-01
PHC-UP-AGR-554,Salbutamol Nebules,DRG-006,Respiratory,314,50,500,ampoules,2026-09-09,2027-03-16
PHC-UP-AGR-554,Doxycycline 100mg,DRG-007,Antibiotic,878,200,2000,tablets,2026-07-31,2027-01-24
PHC-UP-AGR-554,Iron Folic Acid tablets,DRG-008,Supplement,2476,500,5000,tablets,2026-08-06,2027-01-13
PHC-UP-AGR-554,Metformin 500mg,DRG-009,Anti-diabetic,2457,300,3000,tablets,2026-09-11,2027-09-06
PHC-UP-AGR-554,Amlodipine 5mg,DRG-010,Cardiovascular,528,200,2000,tablets,2026-08-21,2027-04-10
PHC-UP-AGR-555,ORS Sachets,DRG-001,Essential,179,500,5000,sachets,2026-08-31,2027-05-13
PHC-UP-AGR-555,Zinc Sulfate 20mg,DRG-002,Essential,81,200,2000,tablets,2026-08-30,2027-07-20
PHC-UP-AGR-555,Paracetamol 500mg,DRG-003,Analgesic,741,1000,10000,tablets,2026-08-15,2027-02-03
PHC-UP-AGR-555,Amoxicillin 500mg,DRG-004,Antibiotic,118,300,3000,capsules,2026-09-15,2027-01-28
PHC-UP-AGR-555,Polyvalent Anti-Snake Venom (ASV),DRG-005,Antivenom,3,10,50,vials,2026-08-15,2027-01-25
PHC-UP-AGR-555,Salbutamol Nebules,DRG-006,Respiratory,37,50,500,ampoules,2026-08-18,2027-02-10
PHC-UP-AGR-555,Doxycycline 100mg,DRG-007,Antibiotic,10,200,2000,tablets,2026-09-04,2027-08-12
PHC-UP-AGR-555,Iron Folic Acid tablets,DRG-008,Supplement,154,500,5000,tablets,2026-08-07,2027-02-23
PHC-UP-AGR-555,Metformin 500mg,DRG-009,Anti-diabetic,240,300,3000,tablets,2026-08-22,2027-03-27
PHC-UP-AGR-555,Amlodipine 5mg,DRG-010,Cardiovascular,180,200,2000,tablets,2026-08-27,2027-04-26
PHC-UP-AGR-556,ORS Sachets,DRG-001,Essential,2757,500,5000,sachets,2026-09-18,2027-07-28
PHC-UP-AGR-556,Zinc Sulfate 20mg,DRG-002,Essential,629,200,2000,tablets,2026-09-21,2027-03-11
PHC-UP-AGR-556,Paracetamol 500mg,DRG-003,Analgesic,4271,1000,10000,tablets,2026-08-15,2027-08-25
PHC-UP-AGR-556,Amoxicillin 500mg,DRG-004,Antibiotic,421,300,3000,capsules,2026-08-02,2027-01-17
PHC-UP-AGR-556,Polyvalent Anti-Snake Venom (ASV),DRG-005,Antivenom,11,10,50,vials,2026-09-12,2026-12-17
PHC-UP-AGR-556,Salbutamol Nebules,DRG-006,Respiratory,94,50,500,ampoules,2026-08-09,2027-08-10
PHC-UP-AGR-556,Doxycycline 100mg,DRG-007,Antibiotic,484,200,2000,tablets,2026-08-06,2027-04-25
PHC-UP-AGR-556,Iron Folic Acid tablets,DRG-008,Supplement,3102,500,5000,tablets,2026-08-01,2027-08-16
PHC-UP-AGR-556,Metformin 500mg,DRG-009,Anti-diabetic,2542,300,3000,tablets,2026-09-23,2027-09-06
PHC-UP-AGR-556,Amlodipine 5mg,DRG-010,Cardiovascular,249,200,2000,tablets,2026-08-05,2027-07-07
PHC-UP-AGR-557,ORS Sachets,DRG-001,Essential,3972,500,5000,sachets,2026-08-04,2027-05-27
PHC-UP-AGR-557,Zinc Sulfate 20mg,DRG-002,Essential,661,200,2000,tablets,2026-09-13,2027-04-15
PHC-UP-AGR-557,Paracetamol 500mg,DRG-003,Analgesic,7908,1000,10000,tablets,2026-08-24,2027-05-16
PHC-UP-AGR-557,Amoxicillin 500mg,DRG-004,Antibiotic,2778,300,3000,capsules,2026-09-04,2027-04-05
PHC-UP-AGR-557,Polyvalent Anti-Snake Venom (ASV),DRG-005,Antivenom,27,10,50,vials,2026-08-22,2027-08-28
PHC-UP-AGR-557,Salbutamol Nebules,DRG-006,Respiratory,465,50,500,ampoules,2026-08-15,2026-11-06
PHC-UP-AGR-557,Doxycycline 100mg,DRG-007,Antibiotic,1690,200,2000,tablets,2026-09-22,2027-02-17
PHC-UP-AGR-557,Iron Folic Acid tablets,DRG-008,Supplement,2265,500,5000,tablets,2026-08-13,2027-06-30
PHC-UP-AGR-557,Metformin 500mg,DRG-009,Anti-diabetic,2956,300,3000,tablets,2026-08-12,2026-12-01
PHC-UP-AGR-557,Amlodipine 5mg,DRG-010,Cardiovascular,1048,200,2000,tablets,2026-08-03,2027-06-25
PHC-UP-AGR-558,ORS Sachets,DRG-001,Essential,1871,500,5000,sachets,2026-08-30,2027-04-08
PHC-UP-AGR-558,Zinc Sulfate 20mg,DRG-002,Essential,892,200,2000,tablets,2026-08-01,2026-11-22
PHC-UP-AGR-558,Paracetamol 500mg,DRG-003,Analgesic,9482,1000,10000,tablets,2026-08-10,2027-07-03
PHC-UP-AGR-558,Amoxicillin 500mg,DRG-004,Antibiotic,1401,300,3000,capsules,2026-08-26,2027-01-18
PHC-UP-AGR-558,Polyvalent Anti-Snake Venom (ASV),DRG-005,Antivenom,36,10,50,vials,2026-08-07,2027-01-02
PHC-UP-AGR-558,Salbutamol Nebules,DRG-006,Respiratory,293,50,500,ampoules,2026-08-26,2027-08-11
PHC-UP-AGR-558,Doxycycline 100mg,DRG-007,Antibiotic,1965,200,2000,tablets,2026-08-20,2026-11-02
PHC-UP-AGR-558,Iron Folic Acid tablets,DRG-008,Supplement,3580,500,5000,tablets,2026-08-01,2027-07-02
PHC-UP-AGR-558,Metformin 500mg,DRG-009,Anti-diabetic,766,300,3000,tablets,2026-08-05,2027-04-30
PHC-UP-AGR-558,Amlodipine 5mg,DRG-010,Cardiovascular,801,200,2000,tablets,2026-09-11,2027-04-07
PHC-UP-AGR-559,ORS Sachets,DRG-001,Essential,271,500,5000,sachets,2026-08-29,2027-07-23
PHC-UP-AGR-559,Zinc Sulfate 20mg,DRG-002,Essential,65,200,2000,tablets,2026-09-23,2027-02-27
PHC-UP-AGR-559,Paracetamol 500mg,DRG-003,Analgesic,12,1000,10000,tablets,2026-08-17,2027-07-03
PHC-UP-AGR-559,Amoxicillin 500mg,DRG-004,Antibiotic,298,300,3000,capsules,2026-09-05,2027-01-18
PHC-UP-AGR-559,Polyvalent Anti-Snake Venom (ASV),DRG-005,Antivenom,9,10,50,vials,2026-09-23,2027-06-23
PHC-UP-AGR-559,Salbutamol Nebules,DRG-006,Respiratory,49,50,500,ampoules,2026-09-10,2027-07-19
PHC-UP-AGR-559,Doxycycline 100mg,DRG-007,Antibiotic,38,200,2000,tablets,2026-07-31,2027-09-10
PHC-UP-AGR-559,Iron Folic Acid tablets,DRG-008,Supplement,425,500,5000,tablets,2026-09-05,2027-03-12
PHC-UP-AGR-559,Metformin 500mg,DRG-009,Anti-diabetic,182,300,3000,tablets,2026-09-19,2027-06-14
PHC-UP-AGR-559,Amlodipine 5mg,DRG-010,Cardiovascular,117,200,2000,tablets,2026-09-01,2027-08-12
PHC-UP-AGR-560,ORS Sachets,DRG-001,Essential,116,500,5000,sachets,2026-08-01,2026-11-26
PHC-UP-AGR-560,Zinc Sulfate 20mg,DRG-002,Essential,115,200,2000,tablets,2026-08-09,2027-09-27
PHC-UP-AGR-560,Paracetamol 500mg,DRG-003,Analgesic,382,1000,10000,tablets,2026-09-02,2027-01-13
PHC-UP-AGR-560,Amoxicillin 500mg,DRG-004,Antibiotic,227,300,3000,capsules,2026-08-23,2026-12-25
PHC-UP-AGR-560,Polyvalent Anti-Snake Venom (ASV),DRG-005,Antivenom,9,10,50,vials,2026-08-06,2026-11-22
PHC-UP-AGR-560,Salbutamol Nebules,DRG-006,Respiratory,4,50,500,ampoules,2026-09-20,2026-12-04
PHC-UP-AGR-560,Doxycycline 100mg,DRG-007,Antibiotic,76,200,2000,tablets,2026-08-19,2027-04-03
PHC-UP-AGR-560,Iron Folic Acid tablets,DRG-008,Supplement,218,500,5000,tablets,2026-08-02,2027-02-16
PHC-UP-AGR-560,Metformin 500mg,DRG-009,Anti-diabetic,15,300,3000,tablets,2026-09-20,2027-09-27
PHC-UP-AGR-560,Amlodipine 5mg,DRG-010,Cardiovascular,77,200,2000,tablets,2026-08-16,2027-08-15
PHC-UP-AGR-561,ORS Sachets,DRG-001,Essential,3325,500,5000,sachets,2026-08-27,2027-05-07
PHC-UP-AGR-561,Zinc Sulfate 20mg,DRG-002,Essential,502,200,2000,tablets,2026-08-17,2027-08-29
PHC-UP-AGR-561,Paracetamol 500mg,DRG-003,Analgesic,5354,1000,10000,tablets,2026-09-15,2027-01-28
PHC-UP-AGR-561,Amoxicillin 500mg,DRG-004,Antibiotic,1976,300,3000,capsules,2026-09-10,2027-04-13
PHC-UP-AGR-561,Polyvalent Anti-Snake Venom (ASV),DRG-005,Antivenom,38,10,50,vials,2026-08-19,2027-01-09
PHC-UP-AGR-561,Salbutamol Nebules,DRG-006,Respiratory,447,50,500,ampoules,2026-08-16,2027-03-27
PHC-UP-AGR-561,Doxycycline 100mg,DRG-007,Antibiotic,1535,200,2000,tablets,2026-09-15,2027-05-08
PHC-UP-AGR-561,Iron Folic Acid tablets,DRG-008,Supplement,1058,500,5000,tablets,2026-09-11,2027-02-25
PHC-UP-AGR-561,Metformin 500mg,DRG-009,Anti-diabetic,1858,300,3000,tablets,2026-09-12,2026-11-23
PHC-UP-AGR-561,Amlodipine 5mg,DRG-010,Cardiovascular,1860,200,2000,tablets,2026-08-29,2027-04-29
PHC-UP-AGR-562,ORS Sachets,DRG-001,Essential,197,500,5000,sachets,2026-08-15,2027-08-29
PHC-UP-AGR-562,Zinc Sulfate 20mg,DRG-002,Essential,14,200,2000,tablets,2026-08-07,2027-09-04
PHC-UP-AGR-562,Paracetamol 500mg,DRG-003,Analgesic,864,1000,10000,tablets,2026-09-17,2027-08-19
PHC-UP-AGR-562,Amoxicillin 500mg,DRG-004,Antibiotic,148,300,3000,capsules,2026-09-12,2027-06-14
PHC-UP-AGR-562,Polyvalent Anti-Snake Venom (ASV),DRG-005,Antivenom,1,10,50,vials,2026-08-23,2027-01-06
PHC-UP-AGR-562,Salbutamol Nebules,DRG-006,Respiratory,28,50,500,ampoules,2026-08-02,2026-11-03
PHC-UP-AGR-562,Doxycycline 100mg,DRG-007,Antibiotic,59,200,2000,tablets,2026-08-20,2027-05-03
PHC-UP-AGR-562,Iron Folic Acid tablets,DRG-008,Supplement,158,500,5000,tablets,2026-08-31,2027-02-15
PHC-UP-AGR-562,Metformin 500mg,DRG-009,Anti-diabetic,43,300,3000,tablets,2026-09-22,2026-11-01
PHC-UP-AGR-562,Amlodipine 5mg,DRG-010,Cardiovascular,147,200,2000,tablets,2026-09-09,2027-05-18
PHC-UP-AGR-563,ORS Sachets,DRG-001,Essential,4319,500,5000,sachets,2026-08-15,2027-01-18
PHC-UP-AGR-563,Zinc Sulfate 20mg,DRG-002,Essential,1207,200,2000,tablets,2026-08-08,2027-07-28
PHC-UP-AGR-563,Paracetamol 500mg,DRG-003,Analgesic,5821,1000,10000,tablets,2026-09-04,2027-04-22
PHC-UP-AGR-563,Amoxicillin 500mg,DRG-004,Antibiotic,2890,300,3000,capsules,2026-09-15,2027-09-13
PHC-UP-AGR-563,Polyvalent Anti-Snake Venom (ASV),DRG-005,Antivenom,46,10,50,vials,2026-09-08,2027-05-30
PHC-UP-AGR-563,Salbutamol Nebules,DRG-006,Respiratory,387,50,500,ampoules,2026-08-05,2027-09-28
PHC-UP-AGR-563,Doxycycline 100mg,DRG-007,Antibiotic,621,200,2000,tablets,2026-09-19,2027-07-24
PHC-UP-AGR-563,Iron Folic Acid tablets,DRG-008,Supplement,4569,500,5000,tablets,2026-08-31,2027-02-01
PHC-UP-AGR-563,Metformin 500mg,DRG-009,Anti-diabetic,2185,300,3000,tablets,2026-08-24,2026-12-05
PHC-UP-AGR-563,Amlodipine 5mg,DRG-010,Cardiovascular,1978,200,2000,tablets,2026-09-03,2027-06-10
PHC-UP-AGR-564,ORS Sachets,DRG-001,Essential,734,500,5000,sachets,2026-08-31,2027-04-23
PHC-UP-AGR-564,Zinc Sulfate 20mg,DRG-002,Essential,601,200,2000,tablets,2026-09-11,2027-05-06
PHC-UP-AGR-564,Paracetamol 500mg,DRG-003,Analgesic,5175,1000,10000,tablets,2026-08-26,2027-05-26
PHC-UP-AGR-564,Amoxicillin 500mg,DRG-004,Antibiotic,506,300,3000,capsules,2026-09-22,2027-02-08
PHC-UP-AGR-564,Polyvalent Anti-Snake Venom (ASV),DRG-005,Antivenom,22,10,50,vials,2026-09-24,2027-06-14
PHC-UP-AGR-564,Salbutamol Nebules,DRG-006,Respiratory,104,50,500,ampoules,2026-09-18,2027-02-06
PHC-UP-AGR-564,Doxycycline 100mg,DRG-007,Antibiotic,1021,200,2000,tablets,2026-09-15,2027-03-09
PHC-UP-AGR-564,Iron Folic Acid tablets,DRG-008,Supplement,1527,500,5000,tablets,2026-09-14,2027-06-03
PHC-UP-AGR-564,Metformin 500mg,DRG-009,Anti-diabetic,2604,300,3000,tablets,2026-08-09,2027-04-01
PHC-UP-AGR-564,Amlodipine 5mg,DRG-010,Cardiovascular,1453,200,2000,tablets,2026-09-20,2026-12-05
PHC-UP-AGR-565,ORS Sachets,DRG-001,Essential,50,500,5000,sachets,2026-09-24,2027-07-06
PHC-UP-AGR-565,Zinc Sulfate 20mg,DRG-002,Essential,124,200,2000,tablets,2026-09-15,2027-08-29
PHC-UP-AGR-565,Paracetamol 500mg,DRG-003,Analgesic,910,1000,10000,tablets,2026-09-19,2026-11-17
PHC-UP-AGR-565,Amoxicillin 500mg,DRG-004,Antibiotic,52,300,3000,capsules,2026-09-08,2027-03-23
PHC-UP-AGR-565,Polyvalent Anti-Snake Venom (ASV),DRG-005,Antivenom,5,10,50,vials,2026-08-03,2026-11-26
PHC-UP-AGR-565,Salbutamol Nebules,DRG-006,Respiratory,38,50,500,ampoules,2026-09-03,2027-05-11
PHC-UP-AGR-565,Doxycycline 100mg,DRG-007,Antibiotic,87,200,2000,tablets,2026-08-12,2027-02-23
PHC-UP-AGR-565,Iron Folic Acid tablets,DRG-008,Supplement,163,500,5000,tablets,2026-08-13,2027-07-16
PHC-UP-AGR-565,Metformin 500mg,DRG-009,Anti-diabetic,111,300,3000,tablets,2026-09-11,2027-06-08
PHC-UP-AGR-565,Amlodipine 5mg,DRG-010,Cardiovascular,41,200,2000,tablets,2026-09-23,2027-09-09
PHC-UP-AGR-566,ORS Sachets,DRG-001,Essential,3485,500,5000,sachets,2026-09-20,2027-06-05
PHC-UP-AGR-566,Zinc Sulfate 20mg,DRG-002,Essential,297,200,2000,tablets,2026-09-19,2026-12-07
PHC-UP-AGR-566,Paracetamol 500mg,DRG-003,Analgesic,8124,1000,10000,tablets,2026-09-19,2027-09-07
PHC-UP-AGR-566,Amoxicillin 500mg,DRG-004,Antibiotic,1540,300,3000,capsules,2026-08-07,2027-01-16
PHC-UP-AGR-566,Polyvalent Anti-Snake Venom (ASV),DRG-005,Antivenom,47,10,50,vials,2026-08-11,2027-05-22
PHC-UP-AGR-566,Salbutamol Nebules,DRG-006,Respiratory,362,50,500,ampoules,2026-08-02,2026-11-09
PHC-UP-AGR-566,Doxycycline 100mg,DRG-007,Antibiotic,1859,200,2000,tablets,2026-08-22,2027-04-21
PHC-UP-AGR-566,Iron Folic Acid tablets,DRG-008,Supplement,1370,500,5000,tablets,2026-08-20,2027-09-04
PHC-UP-AGR-566,Metformin 500mg,DRG-009,Anti-diabetic,2829,300,3000,tablets,2026-08-07,2027-02-23
PHC-UP-AGR-566,Amlodipine 5mg,DRG-010,Cardiovascular,570,200,2000,tablets,2026-08-05,2027-01-24
PHC-UP-AGR-567,ORS Sachets,DRG-001,Essential,968,500,5000,sachets,2026-08-25,2027-09-29
PHC-UP-AGR-567,Zinc Sulfate 20mg,DRG-002,Essential,202,200,2000,tablets,2026-08-04,2026-12-08
PHC-UP-AGR-567,Paracetamol 500mg,DRG-003,Analgesic,1773,1000,10000,tablets,2026-08-25,2027-02-18
PHC-UP-AGR-567,Amoxicillin 500mg,DRG-004,Antibiotic,1213,300,3000,capsules,2026-09-22,2026-12-31
PHC-UP-AGR-567,Polyvalent Anti-Snake Venom (ASV),DRG-005,Antivenom,20,10,50,vials,2026-09-20,2027-09-12
PHC-UP-AGR-567,Salbutamol Nebules,DRG-006,Respiratory,392,50,500,ampoules,2026-08-04,2027-05-26
PHC-UP-AGR-567,Doxycycline 100mg,DRG-007,Antibiotic,1369,200,2000,tablets,2026-08-07,2027-07-01
PHC-UP-AGR-567,Iron Folic Acid tablets,DRG-008,Supplement,4575,500,5000,tablets,2026-08-24,2027-04-15
PHC-UP-AGR-567,Metformin 500mg,DRG-009,Anti-diabetic,2915,300,3000,tablets,2026-08-22,2027-01-21
PHC-UP-AGR-567,Amlodipine 5mg,DRG-010,Cardiovascular,1803,200,2000,tablets,2026-08-03,2027-04-02
PHC-UP-KAN-568,ORS Sachets,DRG-001,Essential,1290,500,5000,sachets,2026-08-30,2027-07-11
PHC-UP-KAN-568,Zinc Sulfate 20mg,DRG-002,Essential,708,200,2000,tablets,2026-09-09,2027-08-21
PHC-UP-KAN-568,Paracetamol 500mg,DRG-003,Analgesic,4469,1000,10000,tablets,2026-09-22,2027-01-13
PHC-UP-KAN-568,Amoxicillin 500mg,DRG-004,Antibiotic,1691,300,3000,capsules,2026-08-09,2027-06-29
PHC-UP-KAN-568,Polyvalent Anti-Snake Venom (ASV),DRG-005,Antivenom,21,10,50,vials,2026-09-15,2027-09-12
PHC-UP-KAN-568,Salbutamol Nebules,DRG-006,Respiratory,384,50,500,ampoules,2026-08-09,2027-02-17
PHC-UP-KAN-568,Doxycycline 100mg,DRG-007,Antibiotic,1103,200,2000,tablets,2026-09-07,2026-11-28
PHC-UP-KAN-568,Iron Folic Acid tablets,DRG-008,Supplement,2773,500,5000,tablets,2026-09-11,2027-01-17
PHC-UP-KAN-568,Metformin 500mg,DRG-009,Anti-diabetic,2135,300,3000,tablets,2026-08-21,2027-03-25
PHC-UP-KAN-568,Amlodipine 5mg,DRG-010,Cardiovascular,1757,200,2000,tablets,2026-09-03,2027-06-24
PHC-UP-KAN-569,ORS Sachets,DRG-001,Essential,2361,500,5000,sachets,2026-08-05,2026-12-30
PHC-UP-KAN-569,Zinc Sulfate 20mg,DRG-002,Essential,1913,200,2000,tablets,2026-09-07,2026-12-20
PHC-UP-KAN-569,Paracetamol 500mg,DRG-003,Analgesic,3863,1000,10000,tablets,2026-09-02,2026-12-30
PHC-UP-KAN-569,Amoxicillin 500mg,DRG-004,Antibiotic,2968,300,3000,capsules,2026-09-14,2027-08-11
PHC-UP-KAN-569,Polyvalent Anti-Snake Venom (ASV),DRG-005,Antivenom,13,10,50,vials,2026-08-15,2027-05-06
PHC-UP-KAN-569,Salbutamol Nebules,DRG-006,Respiratory,457,50,500,ampoules,2026-08-10,2027-03-04
PHC-UP-KAN-569,Doxycycline 100mg,DRG-007,Antibiotic,1547,200,2000,tablets,2026-08-29,2027-06-04
PHC-UP-KAN-569,Iron Folic Acid tablets,DRG-008,Supplement,2881,500,5000,tablets,2026-08-31,2027-06-26
PHC-UP-KAN-569,Metformin 500mg,DRG-009,Anti-diabetic,443,300,3000,tablets,2026-08-12,2027-09-02
PHC-UP-KAN-569,Amlodipine 5mg,DRG-010,Cardiovascular,1584,200,2000,tablets,2026-07-31,2026-11-19
PHC-UP-KAN-570,ORS Sachets,DRG-001,Essential,4424,500,5000,sachets,2026-08-08,2027-09-12
PHC-UP-KAN-570,Zinc Sulfate 20mg,DRG-002,Essential,946,200,2000,tablets,2026-09-11,2027-03-03
PHC-UP-KAN-570,Paracetamol 500mg,DRG-003,Analgesic,1543,1000,10000,tablets,2026-08-29,2027-05-26
PHC-UP-KAN-570,Amoxicillin 500mg,DRG-004,Antibiotic,467,300,3000,capsules,2026-08-25,2027-01-29
PHC-UP-KAN-570,Polyvalent Anti-Snake Venom (ASV),DRG-005,Antivenom,38,10,50,vials,2026-09-13,2027-02-05
PHC-UP-KAN-570,Salbutamol Nebules,DRG-006,Respiratory,369,50,500,ampoules,2026-08-21,2027-08-13
PHC-UP-KAN-570,Doxycycline 100mg,DRG-007,Antibiotic,233,200,2000,tablets,2026-09-20,2026-11-01
PHC-UP-KAN-570,Iron Folic Acid tablets,DRG-008,Supplement,3522,500,5000,tablets,2026-08-22,2027-02-25
PHC-UP-KAN-570,Metformin 500mg,DRG-009,Anti-diabetic,1811,300,3000,tablets,2026-08-11,2027-04-01
PHC-UP-KAN-570,Amlodipine 5mg,DRG-010,Cardiovascular,1699,200,2000,tablets,2026-08-22,2027-09-09
PHC-UP-KAN-571,ORS Sachets,DRG-001,Essential,2004,500,5000,sachets,2026-08-06,2027-06-17
PHC-UP-KAN-571,Zinc Sulfate 20mg,DRG-002,Essential,1554,200,2000,tablets,2026-08-20,2027-03-02
PHC-UP-KAN-571,Paracetamol 500mg,DRG-003,Analgesic,9375,1000,10000,tablets,2026-09-14,2027-04-23
PHC-UP-KAN-571,Amoxicillin 500mg,DRG-004,Antibiotic,409,300,3000,capsules,2026-08-28,2026-12-05
PHC-UP-KAN-571,Polyvalent Anti-Snake Venom (ASV),DRG-005,Antivenom,16,10,50,vials,2026-08-01,2027-05-25
PHC-UP-KAN-571,Salbutamol Nebules,DRG-006,Respiratory,394,50,500,ampoules,2026-09-07,2026-11-11
PHC-UP-KAN-571,Doxycycline 100mg,DRG-007,Antibiotic,1687,200,2000,tablets,2026-09-15,2027-04-14
PHC-UP-KAN-571,Iron Folic Acid tablets,DRG-008,Supplement,3076,500,5000,tablets,2026-08-13,2027-09-09
PHC-UP-KAN-571,Metformin 500mg,DRG-009,Anti-diabetic,1220,300,3000,tablets,2026-09-24,2027-05-15
PHC-UP-KAN-571,Amlodipine 5mg,DRG-010,Cardiovascular,674,200,2000,tablets,2026-08-27,2027-07-16
PHC-UP-KAN-572,ORS Sachets,DRG-001,Essential,2564,500,5000,sachets,2026-08-09,2027-02-11
PHC-UP-KAN-572,Zinc Sulfate 20mg,DRG-002,Essential,1115,200,2000,tablets,2026-09-12,2027-09-13
PHC-UP-KAN-572,Paracetamol 500mg,DRG-003,Analgesic,1159,1000,10000,tablets,2026-08-05,2026-12-31
PHC-UP-KAN-572,Amoxicillin 500mg,DRG-004,Antibiotic,2197,300,3000,capsules,2026-08-08,2027-03-28
PHC-UP-KAN-572,Polyvalent Anti-Snake Venom (ASV),DRG-005,Antivenom,25,10,50,vials,2026-08-17,2027-03-27
PHC-UP-KAN-572,Salbutamol Nebules,DRG-006,Respiratory,169,50,500,ampoules,2026-08-19,2027-04-16
PHC-UP-KAN-572,Doxycycline 100mg,DRG-007,Antibiotic,1300,200,2000,tablets,2026-09-17,2026-11-29
PHC-UP-KAN-572,Iron Folic Acid tablets,DRG-008,Supplement,4651,500,5000,tablets,2026-09-13,2027-03-25
PHC-UP-KAN-572,Metformin 500mg,DRG-009,Anti-diabetic,954,300,3000,tablets,2026-08-13,2026-12-13
PHC-UP-KAN-572,Amlodipine 5mg,DRG-010,Cardiovascular,1156,200,2000,tablets,2026-08-27,2027-05-26
PHC-UP-KAN-573,ORS Sachets,DRG-001,Essential,1177,500,5000,sachets,2026-08-18,2027-03-06
PHC-UP-KAN-573,Zinc Sulfate 20mg,DRG-002,Essential,1291,200,2000,tablets,2026-09-17,2027-05-27
PHC-UP-KAN-573,Paracetamol 500mg,DRG-003,Analgesic,9041,1000,10000,tablets,2026-09-04,2026-12-03
PHC-UP-KAN-573,Amoxicillin 500mg,DRG-004,Antibiotic,1431,300,3000,capsules,2026-09-11,2027-04-12
PHC-UP-KAN-573,Polyvalent Anti-Snake Venom (ASV),DRG-005,Antivenom,29,10,50,vials,2026-08-10,2027-03-13
PHC-UP-KAN-573,Salbutamol Nebules,DRG-006,Respiratory,278,50,500,ampoules,2026-08-02,2026-11-09
PHC-UP-KAN-573,Doxycycline 100mg,DRG-007,Antibiotic,1470,200,2000,tablets,2026-09-14,2026-12-08
PHC-UP-KAN-573,Iron Folic Acid tablets,DRG-008,Supplement,2186,500,5000,tablets,2026-09-05,2027-09-09
PHC-UP-KAN-573,Metformin 500mg,DRG-009,Anti-diabetic,2155,300,3000,tablets,2026-08-08,2027-01-24
PHC-UP-KAN-573,Amlodipine 5mg,DRG-010,Cardiovascular,225,200,2000,tablets,2026-09-20,2027-08-30
PHC-UP-KAN-574,ORS Sachets,DRG-001,Essential,2242,500,5000,sachets,2026-09-01,2027-05-04
PHC-UP-KAN-574,Zinc Sulfate 20mg,DRG-002,Essential,825,200,2000,tablets,2026-08-30,2027-02-15
PHC-UP-KAN-574,Paracetamol 500mg,DRG-003,Analgesic,5206,1000,10000,tablets,2026-09-03,2027-06-07
PHC-UP-KAN-574,Amoxicillin 500mg,DRG-004,Antibiotic,2243,300,3000,capsules,2026-09-13,2027-03-14
PHC-UP-KAN-574,Polyvalent Anti-Snake Venom (ASV),DRG-005,Antivenom,50,10,50,vials,2026-08-12,2027-01-29
PHC-UP-KAN-574,Salbutamol Nebules,DRG-006,Respiratory,134,50,500,ampoules,2026-08-01,2027-07-11
PHC-UP-KAN-574,Doxycycline 100mg,DRG-007,Antibiotic,817,200,2000,tablets,2026-09-08,2027-06-23
PHC-UP-KAN-574,Iron Folic Acid tablets,DRG-008,Supplement,3853,500,5000,tablets,2026-08-06,2027-06-20
PHC-UP-KAN-574,Metformin 500mg,DRG-009,Anti-diabetic,2169,300,3000,tablets,2026-09-05,2026-10-31
PHC-UP-KAN-574,Amlodipine 5mg,DRG-010,Cardiovascular,1745,200,2000,tablets,2026-09-04,2027-08-07
PHC-UP-KAN-575,ORS Sachets,DRG-001,Essential,551,500,5000,sachets,2026-09-04,2027-04-26
PHC-UP-KAN-575,Zinc Sulfate 20mg,DRG-002,Essential,774,200,2000,tablets,2026-09-06,2026-12-17
PHC-UP-KAN-575,Paracetamol 500mg,DRG-003,Analgesic,7867,1000,10000,tablets,2026-08-14,2026-11-29
PHC-UP-KAN-575,Amoxicillin 500mg,DRG-004,Antibiotic,976,300,3000,capsules,2026-09-04,2026-10-30
PHC-UP-KAN-575,Polyvalent Anti-Snake Venom (ASV),DRG-005,Antivenom,22,10,50,vials,2026-09-15,2027-05-19
PHC-UP-KAN-575,Salbutamol Nebules,DRG-006,Respiratory,384,50,500,ampoules,2026-09-19,2027-03-02
PHC-UP-KAN-575,Doxycycline 100mg,DRG-007,Antibiotic,786,200,2000,tablets,2026-09-09,2027-06-23
PHC-UP-KAN-575,Iron Folic Acid tablets,DRG-008,Supplement,3456,500,5000,tablets,2026-08-04,2027-03-31
PHC-UP-KAN-575,Metformin 500mg,DRG-009,Anti-diabetic,2790,300,3000,tablets,2026-08-04,2026-12-06
PHC-UP-KAN-575,Amlodipine 5mg,DRG-010,Cardiovascular,942,200,2000,tablets,2026-08-13,2027-02-04
PHC-UP-KAN-576,ORS Sachets,DRG-001,Essential,4268,500,5000,sachets,2026-09-05,2027-08-29
PHC-UP-KAN-576,Zinc Sulfate 20mg,DRG-002,Essential,337,200,2000,tablets,2026-08-26,2026-12-16
PHC-UP-KAN-576,Paracetamol 500mg,DRG-003,Analgesic,3754,1000,10000,tablets,2026-09-13,2027-08-04
PHC-UP-KAN-576,Amoxicillin 500mg,DRG-004,Antibiotic,753,300,3000,capsules,2026-08-22,2027-02-17
PHC-UP-KAN-576,Polyvalent Anti-Snake Venom (ASV),DRG-005,Antivenom,13,10,50,vials,2026-09-16,2026-11-24
PHC-UP-KAN-576,Salbutamol Nebules,DRG-006,Respiratory,207,50,500,ampoules,2026-08-04,2027-03-03
PHC-UP-KAN-576,Doxycycline 100mg,DRG-007,Antibiotic,1370,200,2000,tablets,2026-08-31,2027-08-24
PHC-UP-KAN-576,Iron Folic Acid tablets,DRG-008,Supplement,4165,500,5000,tablets,2026-08-30,2027-07-05
PHC-UP-KAN-576,Metformin 500mg,DRG-009,Anti-diabetic,606,300,3000,tablets,2026-09-02,2027-04-10
PHC-UP-KAN-576,Amlodipine 5mg,DRG-010,Cardiovascular,991,200,2000,tablets,2026-08-26,2027-06-18
PHC-UP-KAN-577,ORS Sachets,DRG-001,Essential,15,500,5000,sachets,2026-09-17,2026-12-20
PHC-UP-KAN-577,Zinc Sulfate 20mg,DRG-002,Essential,0,200,2000,tablets,2026-08-08,2027-09-29
PHC-UP-KAN-577,Paracetamol 500mg,DRG-003,Analgesic,5,1000,10000,tablets,2026-08-13,2027-02-28
PHC-UP-KAN-577,Amoxicillin 500mg,DRG-004,Antibiotic,14,300,3000,capsules,2026-08-19,2027-03-19
PHC-UP-KAN-577,Polyvalent Anti-Snake Venom (ASV),DRG-005,Antivenom,1,10,50,vials,2026-08-19,2027-02-18
PHC-UP-KAN-577,Salbutamol Nebules,DRG-006,Respiratory,7,50,500,ampoules,2026-09-20,2027-08-12
PHC-UP-KAN-577,Doxycycline 100mg,DRG-007,Antibiotic,35,200,2000,tablets,2026-08-10,2026-12-08
PHC-UP-KAN-577,Iron Folic Acid tablets,DRG-008,Supplement,6,500,5000,tablets,2026-08-23,2027-07-09
PHC-UP-KAN-577,Metformin 500mg,DRG-009,Anti-diabetic,12,300,3000,tablets,2026-09-15,2027-07-12
PHC-UP-KAN-577,Amlodipine 5mg,DRG-010,Cardiovascular,9,200,2000,tablets,2026-08-18,2027-08-01
PHC-UP-KAN-578,ORS Sachets,DRG-001,Essential,431,500,5000,sachets,2026-09-06,2027-03-03
PHC-UP-KAN-578,Zinc Sulfate 20mg,DRG-002,Essential,50,200,2000,tablets,2026-09-08,2027-05-23
PHC-UP-KAN-578,Paracetamol 500mg,DRG-003,Analgesic,426,1000,10000,tablets,2026-09-02,2027-07-03
PHC-UP-KAN-578,Amoxicillin 500mg,DRG-004,Antibiotic,30,300,3000,capsules,2026-09-19,2027-02-17
PHC-UP-KAN-578,Polyvalent Anti-Snake Venom (ASV),DRG-005,Antivenom,2,10,50,vials,2026-09-21,2027-05-08
PHC-UP-KAN-578,Salbutamol Nebules,DRG-006,Respiratory,7,50,500,ampoules,2026-07-31,2027-09-13
PHC-UP-KAN-578,Doxycycline 100mg,DRG-007,Antibiotic,34,200,2000,tablets,2026-09-22,2027-05-21
PHC-UP-KAN-578,Iron Folic Acid tablets,DRG-008,Supplement,491,500,5000,tablets,2026-08-18,2027-08-16
PHC-UP-KAN-578,Metformin 500mg,DRG-009,Anti-diabetic,36,300,3000,tablets,2026-08-14,2026-11-05
PHC-UP-KAN-578,Amlodipine 5mg,DRG-010,Cardiovascular,183,200,2000,tablets,2026-08-10,2026-11-11
PHC-UP-KAN-579,ORS Sachets,DRG-001,Essential,2285,500,5000,sachets,2026-09-03,2027-06-25
PHC-UP-KAN-579,Zinc Sulfate 20mg,DRG-002,Essential,595,200,2000,tablets,2026-09-20,2027-07-06
PHC-UP-KAN-579,Paracetamol 500mg,DRG-003,Analgesic,2842,1000,10000,tablets,2026-09-15,2027-01-23
PHC-UP-KAN-579,Amoxicillin 500mg,DRG-004,Antibiotic,1243,300,3000,capsules,2026-08-19,2027-05-25
PHC-UP-KAN-579,Polyvalent Anti-Snake Venom (ASV),DRG-005,Antivenom,28,10,50,vials,2026-07-31,2027-04-11
PHC-UP-KAN-579,Salbutamol Nebules,DRG-006,Respiratory,366,50,500,ampoules,2026-08-20,2026-10-31
PHC-UP-KAN-579,Doxycycline 100mg,DRG-007,Antibiotic,1100,200,2000,tablets,2026-08-07,2027-09-23
PHC-UP-KAN-579,Iron Folic Acid tablets,DRG-008,Supplement,2659,500,5000,tablets,2026-08-01,2027-01-01
PHC-UP-KAN-579,Metformin 500mg,DRG-009,Anti-diabetic,1103,300,3000,tablets,2026-09-07,2027-06-21
PHC-UP-KAN-579,Amlodipine 5mg,DRG-010,Cardiovascular,651,200,2000,tablets,2026-08-12,2027-05-14
PHC-UP-KAN-580,ORS Sachets,DRG-001,Essential,4,500,5000,sachets,2026-08-19,2026-11-10
PHC-UP-KAN-580,Zinc Sulfate 20mg,DRG-002,Essential,136,200,2000,tablets,2026-08-06,2027-02-09
PHC-UP-KAN-580,Paracetamol 500mg,DRG-003,Analgesic,853,1000,10000,tablets,2026-08-13,2027-02-12
PHC-UP-KAN-580,Amoxicillin 500mg,DRG-004,Antibiotic,288,300,3000,capsules,2026-08-12,2026-12-25
PHC-UP-KAN-580,Polyvalent Anti-Snake Venom (ASV),DRG-005,Antivenom,6,10,50,vials,2026-09-01,2027-05-16
PHC-UP-KAN-580,Salbutamol Nebules,DRG-006,Respiratory,50,50,500,ampoules,2026-09-22,2027-06-11
PHC-UP-KAN-580,Doxycycline 100mg,DRG-007,Antibiotic,178,200,2000,tablets,2026-09-13,2026-12-24
PHC-UP-KAN-580,Iron Folic Acid tablets,DRG-008,Supplement,423,500,5000,tablets,2026-08-04,2026-12-27
PHC-UP-KAN-580,Metformin 500mg,DRG-009,Anti-diabetic,291,300,3000,tablets,2026-08-21,2027-04-14
PHC-UP-KAN-580,Amlodipine 5mg,DRG-010,Cardiovascular,57,200,2000,tablets,2026-08-17,2027-03-23
PHC-UP-KAN-581,ORS Sachets,DRG-001,Essential,59,500,5000,sachets,2026-08-24,2027-01-21
PHC-UP-KAN-581,Zinc Sulfate 20mg,DRG-002,Essential,10,200,2000,tablets,2026-08-07,2027-02-07
PHC-UP-KAN-581,Paracetamol 500mg,DRG-003,Analgesic,116,1000,10000,tablets,2026-09-10,2027-04-02
PHC-UP-KAN-581,Amoxicillin 500mg,DRG-004,Antibiotic,29,300,3000,capsules,2026-09-14,2027-08-18
PHC-UP-KAN-581,Polyvalent Anti-Snake Venom (ASV),DRG-005,Antivenom,2,10,50,vials,2026-08-23,2027-02-03
PHC-UP-KAN-581,Salbutamol Nebules,DRG-006,Respiratory,8,50,500,ampoules,2026-08-09,2027-05-02
PHC-UP-KAN-581,Doxycycline 100mg,DRG-007,Antibiotic,25,200,2000,tablets,2026-08-12,2026-11-14
PHC-UP-KAN-581,Iron Folic Acid tablets,DRG-008,Supplement,10,500,5000,tablets,2026-09-01,2027-07-18
PHC-UP-KAN-581,Metformin 500mg,DRG-009,Anti-diabetic,40,300,3000,tablets,2026-09-24,2027-09-28
PHC-UP-KAN-581,Amlodipine 5mg,DRG-010,Cardiovascular,35,200,2000,tablets,2026-08-31,2026-12-12
PHC-UP-KAN-582,ORS Sachets,DRG-001,Essential,1588,500,5000,sachets,2026-09-03,2027-02-18
PHC-UP-KAN-582,Zinc Sulfate 20mg,DRG-002,Essential,591,200,2000,tablets,2026-08-19,2027-01-15
PHC-UP-KAN-582,Paracetamol 500mg,DRG-003,Analgesic,9418,1000,10000,tablets,2026-08-23,2027-02-27
PHC-UP-KAN-582,Amoxicillin 500mg,DRG-004,Antibiotic,768,300,3000,capsules,2026-08-21,2027-07-18
PHC-UP-KAN-582,Polyvalent Anti-Snake Venom (ASV),DRG-005,Antivenom,34,10,50,vials,2026-09-19,2027-05-26
PHC-UP-KAN-582,Salbutamol Nebules,DRG-006,Respiratory,454,50,500,ampoules,2026-08-26,2026-12-12
PHC-UP-KAN-582,Doxycycline 100mg,DRG-007,Antibiotic,648,200,2000,tablets,2026-09-15,2027-02-12
PHC-UP-KAN-582,Iron Folic Acid tablets,DRG-008,Supplement,1520,500,5000,tablets,2026-09-16,2027-05-03
PHC-UP-KAN-582,Metformin 500mg,DRG-009,Anti-diabetic,1719,300,3000,tablets,2026-08-07,2027-01-18
PHC-UP-KAN-582,Amlodipine 5mg,DRG-010,Cardiovascular,994,200,2000,tablets,2026-08-26,2027-02-10
PHC-UP-KAN-583,ORS Sachets,DRG-001,Essential,4952,500,5000,sachets,2026-09-10,2027-01-17
PHC-UP-KAN-583,Zinc Sulfate 20mg,DRG-002,Essential,1926,200,2000,tablets,2026-08-21,2027-06-26
PHC-UP-KAN-583,Paracetamol 500mg,DRG-003,Analgesic,3852,1000,10000,tablets,2026-09-09,2027-04-19
PHC-UP-KAN-583,Amoxicillin 500mg,DRG-004,Antibiotic,1582,300,3000,capsules,2026-08-22,2026-11-08
PHC-UP-KAN-583,Polyvalent Anti-Snake Venom (ASV),DRG-005,Antivenom,49,10,50,vials,2026-09-12,2027-01-12
PHC-UP-KAN-583,Salbutamol Nebules,DRG-006,Respiratory,266,50,500,ampoules,2026-08-20,2027-02-28
PHC-UP-KAN-583,Doxycycline 100mg,DRG-007,Antibiotic,1682,200,2000,tablets,2026-08-05,2027-07-04
PHC-UP-KAN-583,Iron Folic Acid tablets,DRG-008,Supplement,918,500,5000,tablets,2026-09-23,2027-03-30
PHC-UP-KAN-583,Metformin 500mg,DRG-009,Anti-diabetic,2114,300,3000,tablets,2026-08-13,2027-03-11
PHC-UP-KAN-583,Amlodipine 5mg,DRG-010,Cardiovascular,231,200,2000,tablets,2026-09-13,2026-11-30
PHC-UP-KAN-584,ORS Sachets,DRG-001,Essential,1682,500,5000,sachets,2026-08-20,2027-06-09
PHC-UP-KAN-584,Zinc Sulfate 20mg,DRG-002,Essential,1464,200,2000,tablets,2026-09-06,2027-06-05
PHC-UP-KAN-584,Paracetamol 500mg,DRG-003,Analgesic,3195,1000,10000,tablets,2026-09-23,2027-07-11
PHC-UP-KAN-584,Amoxicillin 500mg,DRG-004,Antibiotic,2920,300,3000,capsules,2026-09-09,2027-03-19
PHC-UP-KAN-584,Polyvalent Anti-Snake Venom (ASV),DRG-005,Antivenom,16,10,50,vials,2026-08-18,2026-11-09
PHC-UP-KAN-584,Salbutamol Nebules,DRG-006,Respiratory,284,50,500,ampoules,2026-09-03,2027-08-08
PHC-UP-KAN-584,Doxycycline 100mg,DRG-007,Antibiotic,1592,200,2000,tablets,2026-08-11,2027-06-14
PHC-UP-KAN-584,Iron Folic Acid tablets,DRG-008,Supplement,713,500,5000,tablets,2026-08-21,2027-07-02
PHC-UP-KAN-584,Metformin 500mg,DRG-009,Anti-diabetic,2892,300,3000,tablets,2026-09-24,2027-01-14
PHC-UP-KAN-584,Amlodipine 5mg,DRG-010,Cardiovascular,1292,200,2000,tablets,2026-09-01,2026-12-30
PHC-UP-KAN-585,ORS Sachets,DRG-001,Essential,3983,500,5000,sachets,2026-08-07,2027-06-24
PHC-UP-KAN-585,Zinc Sulfate 20mg,DRG-002,Essential,1344,200,2000,tablets,2026-09-05,2027-07-13
PHC-UP-KAN-585,Paracetamol 500mg,DRG-003,Analgesic,2032,1000,10000,tablets,2026-09-20,2027-01-28
PHC-UP-KAN-585,Amoxicillin 500mg,DRG-004,Antibiotic,2669,300,3000,capsules,2026-09-03,2027-07-31
PHC-UP-KAN-585,Polyvalent Anti-Snake Venom (ASV),DRG-005,Antivenom,14,10,50,vials,2026-08-02,2026-12-06
PHC-UP-KAN-585,Salbutamol Nebules,DRG-006,Respiratory,79,50,500,ampoules,2026-08-21,2027-07-24
PHC-UP-KAN-585,Doxycycline 100mg,DRG-007,Antibiotic,719,200,2000,tablets,2026-09-06,2027-02-28
PHC-UP-KAN-585,Iron Folic Acid tablets,DRG-008,Supplement,2493,500,5000,tablets,2026-09-13,2027-03-26
PHC-UP-KAN-585,Metformin 500mg,DRG-009,Anti-diabetic,2100,300,3000,tablets,2026-09-16,2027-09-08
PHC-UP-KAN-585,Amlodipine 5mg,DRG-010,Cardiovascular,717,200,2000,tablets,2026-08-06,2026-12-12
PHC-UP-KAN-586,ORS Sachets,DRG-001,Essential,481,500,5000,sachets,2026-08-24,2027-07-19
PHC-UP-KAN-586,Zinc Sulfate 20mg,DRG-002,Essential,2,200,2000,tablets,2026-08-24,2027-03-29
PHC-UP-KAN-586,Paracetamol 500mg,DRG-003,Analgesic,1,1000,10000,tablets,2026-08-31,2027-04-01
PHC-UP-KAN-586,Amoxicillin 500mg,DRG-004,Antibiotic,171,300,3000,capsules,2026-08-13,2027-07-09
PHC-UP-KAN-586,Polyvalent Anti-Snake Venom (ASV),DRG-005,Antivenom,1,10,50,vials,2026-08-01,2027-06-24
PHC-UP-KAN-586,Salbutamol Nebules,DRG-006,Respiratory,35,50,500,ampoules,2026-07-31,2027-06-07
PHC-UP-KAN-586,Doxycycline 100mg,DRG-007,Antibiotic,161,200,2000,tablets,2026-08-18,2026-12-05
PHC-UP-KAN-586,Iron Folic Acid tablets,DRG-008,Supplement,370,500,5000,tablets,2026-08-23,2027-05-04
PHC-UP-KAN-586,Metformin 500mg,DRG-009,Anti-diabetic,205,300,3000,tablets,2026-08-21,2027-01-27
PHC-UP-KAN-586,Amlodipine 5mg,DRG-010,Cardiovascular,36,200,2000,tablets,2026-09-19,2026-10-31
PHC-UP-KAN-587,ORS Sachets,DRG-001,Essential,465,500,5000,sachets,2026-08-22,2027-04-12
PHC-UP-KAN-587,Zinc Sulfate 20mg,DRG-002,Essential,167,200,2000,tablets,2026-08-18,2027-04-22
PHC-UP-KAN-587,Paracetamol 500mg,DRG-003,Analgesic,390,1000,10000,tablets,2026-09-19,2027-06-20
PHC-UP-KAN-587,Amoxicillin 500mg,DRG-004,Antibiotic,248,300,3000,capsules,2026-08-21,2027-05-17
PHC-UP-KAN-587,Polyvalent Anti-Snake Venom (ASV),DRG-005,Antivenom,1,10,50,vials,2026-08-12,2027-08-20
PHC-UP-KAN-587,Salbutamol Nebules,DRG-006,Respiratory,39,50,500,ampoules,2026-09-18,2027-08-19
PHC-UP-KAN-587,Doxycycline 100mg,DRG-007,Antibiotic,66,200,2000,tablets,2026-08-19,2027-03-28
PHC-UP-KAN-587,Iron Folic Acid tablets,DRG-008,Supplement,38,500,5000,tablets,2026-09-18,2027-01-06
PHC-UP-KAN-587,Metformin 500mg,DRG-009,Anti-diabetic,63,300,3000,tablets,2026-08-21,2027-06-12
PHC-UP-KAN-587,Amlodipine 5mg,DRG-010,Cardiovascular,81,200,2000,tablets,2026-08-18,2027-05-02
PHC-UP-KAN-588,ORS Sachets,DRG-001,Essential,2048,500,5000,sachets,2026-08-30,2027-05-15
PHC-UP-KAN-588,Zinc Sulfate 20mg,DRG-002,Essential,1520,200,2000,tablets,2026-08-29,2027-06-22
PHC-UP-KAN-588,Paracetamol 500mg,DRG-003,Analgesic,3407,1000,10000,tablets,2026-09-13,2027-05-19
PHC-UP-KAN-588,Amoxicillin 500mg,DRG-004,Antibiotic,1327,300,3000,capsules,2026-08-16,2027-08-19
PHC-UP-KAN-588,Polyvalent Anti-Snake Venom (ASV),DRG-005,Antivenom,21,10,50,vials,2026-09-06,2026-11-29
PHC-UP-KAN-588,Salbutamol Nebules,DRG-006,Respiratory,222,50,500,ampoules,2026-08-31,2027-02-28
PHC-UP-KAN-588,Doxycycline 100mg,DRG-007,Antibiotic,785,200,2000,tablets,2026-08-02,2027-07-29
PHC-UP-KAN-588,Iron Folic Acid tablets,DRG-008,Supplement,4263,500,5000,tablets,2026-08-26,2027-02-14
PHC-UP-KAN-588,Metformin 500mg,DRG-009,Anti-diabetic,2834,300,3000,tablets,2026-08-24,2026-11-21
PHC-UP-KAN-588,Amlodipine 5mg,DRG-010,Cardiovascular,1947,200,2000,tablets,2026-09-09,2027-06-10
PHC-UP-PRA-589,ORS Sachets,DRG-001,Essential,1535,500,5000,sachets,2026-09-10,2027-06-29
PHC-UP-PRA-589,Zinc Sulfate 20mg,DRG-002,Essential,1589,200,2000,tablets,2026-08-17,2026-11-07
PHC-UP-PRA-589,Paracetamol 500mg,DRG-003,Analgesic,3281,1000,10000,tablets,2026-08-17,2027-03-21
PHC-UP-PRA-589,Amoxicillin 500mg,DRG-004,Antibiotic,1378,300,3000,capsules,2026-09-21,2026-12-09
PHC-UP-PRA-589,Polyvalent Anti-Snake Venom (ASV),DRG-005,Antivenom,39,10,50,vials,2026-08-08,2027-01-05
PHC-UP-PRA-589,Salbutamol Nebules,DRG-006,Respiratory,74,50,500,ampoules,2026-09-03,2026-11-11
PHC-UP-PRA-589,Doxycycline 100mg,DRG-007,Antibiotic,1472,200,2000,tablets,2026-08-30,2026-12-01
PHC-UP-PRA-589,Iron Folic Acid tablets,DRG-008,Supplement,1551,500,5000,tablets,2026-08-20,2027-02-04
PHC-UP-PRA-589,Metformin 500mg,DRG-009,Anti-diabetic,1107,300,3000,tablets,2026-08-22,2027-06-17
PHC-UP-PRA-589,Amlodipine 5mg,DRG-010,Cardiovascular,883,200,2000,tablets,2026-08-02,2027-09-06
PHC-UP-PRA-590,ORS Sachets,DRG-001,Essential,1849,500,5000,sachets,2026-09-22,2027-04-15
PHC-UP-PRA-590,Zinc Sulfate 20mg,DRG-002,Essential,997,200,2000,tablets,2026-09-11,2027-01-29
PHC-UP-PRA-590,Paracetamol 500mg,DRG-003,Analgesic,2694,1000,10000,tablets,2026-08-09,2027-01-12
PHC-UP-PRA-590,Amoxicillin 500mg,DRG-004,Antibiotic,2668,300,3000,capsules,2026-07-31,2026-11-28
PHC-UP-PRA-590,Polyvalent Anti-Snake Venom (ASV),DRG-005,Antivenom,48,10,50,vials,2026-08-24,2027-06-02
PHC-UP-PRA-590,Salbutamol Nebules,DRG-006,Respiratory,155,50,500,ampoules,2026-08-28,2027-05-19
PHC-UP-PRA-590,Doxycycline 100mg,DRG-007,Antibiotic,1986,200,2000,tablets,2026-09-13,2027-07-22
PHC-UP-PRA-590,Iron Folic Acid tablets,DRG-008,Supplement,3910,500,5000,tablets,2026-09-14,2027-08-09
PHC-UP-PRA-590,Metformin 500mg,DRG-009,Anti-diabetic,799,300,3000,tablets,2026-09-22,2027-01-28
PHC-UP-PRA-590,Amlodipine 5mg,DRG-010,Cardiovascular,392,200,2000,tablets,2026-09-20,2027-08-07
PHC-UP-PRA-591,ORS Sachets,DRG-001,Essential,1454,500,5000,sachets,2026-09-16,2027-03-12
PHC-UP-PRA-591,Zinc Sulfate 20mg,DRG-002,Essential,1841,200,2000,tablets,2026-08-10,2027-08-30
PHC-UP-PRA-591,Paracetamol 500mg,DRG-003,Analgesic,1159,1000,10000,tablets,2026-09-01,2027-05-16
PHC-UP-PRA-591,Amoxicillin 500mg,DRG-004,Antibiotic,2052,300,3000,capsules,2026-08-24,2027-06-15
PHC-UP-PRA-591,Polyvalent Anti-Snake Venom (ASV),DRG-005,Antivenom,46,10,50,vials,2026-08-01,2027-02-13
PHC-UP-PRA-591,Salbutamol Nebules,DRG-006,Respiratory,254,50,500,ampoules,2026-08-14,2027-03-17
PHC-UP-PRA-591,Doxycycline 100mg,DRG-007,Antibiotic,608,200,2000,tablets,2026-08-28,2027-04-12
PHC-UP-PRA-591,Iron Folic Acid tablets,DRG-008,Supplement,4296,500,5000,tablets,2026-08-22,2027-09-01
PHC-UP-PRA-591,Metformin 500mg,DRG-009,Anti-diabetic,714,300,3000,tablets,2026-08-02,2026-12-01
PHC-UP-PRA-591,Amlodipine 5mg,DRG-010,Cardiovascular,1193,200,2000,tablets,2026-09-01,2027-05-05
PHC-UP-PRA-592,ORS Sachets,DRG-001,Essential,1324,500,5000,sachets,2026-08-14,2027-04-20
PHC-UP-PRA-592,Zinc Sulfate 20mg,DRG-002,Essential,1301,200,2000,tablets,2026-09-20,2027-01-27
PHC-UP-PRA-592,Paracetamol 500mg,DRG-003,Analgesic,5513,1000,10000,tablets,2026-09-07,2027-03-11
PHC-UP-PRA-592,Amoxicillin 500mg,DRG-004,Antibiotic,431,300,3000,capsules,2026-09-15,2027-07-04
PHC-UP-PRA-592,Polyvalent Anti-Snake Venom (ASV),DRG-005,Antivenom,15,10,50,vials,2026-08-10,2027-04-06
PHC-UP-PRA-592,Salbutamol Nebules,DRG-006,Respiratory,154,50,500,ampoules,2026-08-28,2027-09-05
PHC-UP-PRA-592,Doxycycline 100mg,DRG-007,Antibiotic,953,200,2000,tablets,2026-08-27,2026-11-15
PHC-UP-PRA-592,Iron Folic Acid tablets,DRG-008,Supplement,2144,500,5000,tablets,2026-08-03,2027-05-02
PHC-UP-PRA-592,Metformin 500mg,DRG-009,Anti-diabetic,2740,300,3000,tablets,2026-08-06,2027-06-09
PHC-UP-PRA-592,Amlodipine 5mg,DRG-010,Cardiovascular,1788,200,2000,tablets,2026-08-20,2027-05-20
PHC-UP-PRA-593,ORS Sachets,DRG-001,Essential,24,500,5000,sachets,2026-09-12,2027-04-11
PHC-UP-PRA-593,Zinc Sulfate 20mg,DRG-002,Essential,2,200,2000,tablets,2026-08-31,2027-08-29
PHC-UP-PRA-593,Paracetamol 500mg,DRG-003,Analgesic,30,1000,10000,tablets,2026-08-01,2026-12-22
PHC-UP-PRA-593,Amoxicillin 500mg,DRG-004,Antibiotic,58,300,3000,capsules,2026-09-07,2027-05-27
PHC-UP-PRA-593,Polyvalent Anti-Snake Venom (ASV),DRG-005,Antivenom,2,10,50,vials,2026-09-03,2027-03-14
PHC-UP-PRA-593,Salbutamol Nebules,DRG-006,Respiratory,1,50,500,ampoules,2026-08-31,2026-12-24
PHC-UP-PRA-593,Doxycycline 100mg,DRG-007,Antibiotic,16,200,2000,tablets,2026-09-18,2027-03-11
PHC-UP-PRA-593,Iron Folic Acid tablets,DRG-008,Supplement,50,500,5000,tablets,2026-08-27,2026-11-22
PHC-UP-PRA-593,Metformin 500mg,DRG-009,Anti-diabetic,29,300,3000,tablets,2026-08-27,2027-09-17
PHC-UP-PRA-593,Amlodipine 5mg,DRG-010,Cardiovascular,18,200,2000,tablets,2026-09-02,2027-07-19
PHC-UP-PRA-594,ORS Sachets,DRG-001,Essential,1507,500,5000,sachets,2026-08-09,2027-02-10
PHC-UP-PRA-594,Zinc Sulfate 20mg,DRG-002,Essential,1813,200,2000,tablets,2026-08-23,2027-06-23
PHC-UP-PRA-594,Paracetamol 500mg,DRG-003,Analgesic,2797,1000,10000,tablets,2026-08-28,2027-02-18
PHC-UP-PRA-594,Amoxicillin 500mg,DRG-004,Antibiotic,841,300,3000,capsules,2026-08-10,2027-04-07
PHC-UP-PRA-594,Polyvalent Anti-Snake Venom (ASV),DRG-005,Antivenom,11,10,50,vials,2026-08-06,2027-02-14
PHC-UP-PRA-594,Salbutamol Nebules,DRG-006,Respiratory,459,50,500,ampoules,2026-08-18,2027-07-02
PHC-UP-PRA-594,Doxycycline 100mg,DRG-007,Antibiotic,655,200,2000,tablets,2026-09-18,2027-05-08
PHC-UP-PRA-594,Iron Folic Acid tablets,DRG-008,Supplement,3869,500,5000,tablets,2026-08-17,2027-09-16
PHC-UP-PRA-594,Metformin 500mg,DRG-009,Anti-diabetic,2037,300,3000,tablets,2026-09-10,2027-04-29
PHC-UP-PRA-594,Amlodipine 5mg,DRG-010,Cardiovascular,577,200,2000,tablets,2026-09-09,2027-05-10
PHC-UP-PRA-595,ORS Sachets,DRG-001,Essential,2978,500,5000,sachets,2026-09-15,2027-09-10
PHC-UP-PRA-595,Zinc Sulfate 20mg,DRG-002,Essential,553,200,2000,tablets,2026-09-13,2027-05-28
PHC-UP-PRA-595,Paracetamol 500mg,DRG-003,Analgesic,6862,1000,10000,tablets,2026-09-24,2026-11-13
PHC-UP-PRA-595,Amoxicillin 500mg,DRG-004,Antibiotic,849,300,3000,capsules,2026-08-31,2027-08-19
PHC-UP-PRA-595,Polyvalent Anti-Snake Venom (ASV),DRG-005,Antivenom,27,10,50,vials,2026-09-11,2026-12-07
PHC-UP-PRA-595,Salbutamol Nebules,DRG-006,Respiratory,456,50,500,ampoules,2026-09-20,2027-08-29
PHC-UP-PRA-595,Doxycycline 100mg,DRG-007,Antibiotic,1425,200,2000,tablets,2026-08-19,2026-11-10
PHC-UP-PRA-595,Iron Folic Acid tablets,DRG-008,Supplement,3691,500,5000,tablets,2026-08-27,2027-03-28
PHC-UP-PRA-595,Metformin 500mg,DRG-009,Anti-diabetic,515,300,3000,tablets,2026-08-11,2027-03-01
PHC-UP-PRA-595,Amlodipine 5mg,DRG-010,Cardiovascular,402,200,2000,tablets,2026-09-07,2027-07-24
PHC-UP-PRA-596,ORS Sachets,DRG-001,Essential,1938,500,5000,sachets,2026-08-08,2027-03-30
PHC-UP-PRA-596,Zinc Sulfate 20mg,DRG-002,Essential,1031,200,2000,tablets,2026-08-08,2027-04-11
PHC-UP-PRA-596,Paracetamol 500mg,DRG-003,Analgesic,7282,1000,10000,tablets,2026-09-17,2027-02-24
PHC-UP-PRA-596,Amoxicillin 500mg,DRG-004,Antibiotic,537,300,3000,capsules,2026-09-17,2026-10-29
PHC-UP-PRA-596,Polyvalent Anti-Snake Venom (ASV),DRG-005,Antivenom,12,10,50,vials,2026-08-10,2026-11-22
PHC-UP-PRA-596,Salbutamol Nebules,DRG-006,Respiratory,379,50,500,ampoules,2026-08-24,2027-09-26
PHC-UP-PRA-596,Doxycycline 100mg,DRG-007,Antibiotic,1938,200,2000,tablets,2026-08-09,2027-04-01
PHC-UP-PRA-596,Iron Folic Acid tablets,DRG-008,Supplement,1663,500,5000,tablets,2026-09-23,2027-02-24
PHC-UP-PRA-596,Metformin 500mg,DRG-009,Anti-diabetic,2097,300,3000,tablets,2026-09-23,2027-03-16
PHC-UP-PRA-596,Amlodipine 5mg,DRG-010,Cardiovascular,222,200,2000,tablets,2026-09-04,2027-09-15
PHC-UP-PRA-597,ORS Sachets,DRG-001,Essential,4808,500,5000,sachets,2026-09-06,2026-12-20
PHC-UP-PRA-597,Zinc Sulfate 20mg,DRG-002,Essential,1818,200,2000,tablets,2026-09-10,2026-11-12
PHC-UP-PRA-597,Paracetamol 500mg,DRG-003,Analgesic,4254,1000,10000,tablets,2026-08-23,2027-07-03
PHC-UP-PRA-597,Amoxicillin 500mg,DRG-004,Antibiotic,860,300,3000,capsules,2026-08-21,2027-04-13
PHC-UP-PRA-597,Polyvalent Anti-Snake Venom (ASV),DRG-005,Antivenom,32,10,50,vials,2026-09-24,2027-03-20
PHC-UP-PRA-597,Salbutamol Nebules,DRG-006,Respiratory,369,50,500,ampoules,2026-08-08,2026-11-11
PHC-UP-PRA-597,Doxycycline 100mg,DRG-007,Antibiotic,421,200,2000,tablets,2026-09-01,2027-07-12
PHC-UP-PRA-597,Iron Folic Acid tablets,DRG-008,Supplement,1923,500,5000,tablets,2026-09-19,2027-09-16
PHC-UP-PRA-597,Metformin 500mg,DRG-009,Anti-diabetic,533,300,3000,tablets,2026-08-23,2026-12-27
PHC-UP-PRA-597,Amlodipine 5mg,DRG-010,Cardiovascular,474,200,2000,tablets,2026-09-18,2027-01-28
PHC-UP-PRA-598,ORS Sachets,DRG-001,Essential,685,500,5000,sachets,2026-08-24,2027-03-03
PHC-UP-PRA-598,Zinc Sulfate 20mg,DRG-002,Essential,1250,200,2000,tablets,2026-08-11,2027-08-26
PHC-UP-PRA-598,Paracetamol 500mg,DRG-003,Analgesic,7683,1000,10000,tablets,2026-08-11,2027-03-14
PHC-UP-PRA-598,Amoxicillin 500mg,DRG-004,Antibiotic,1134,300,3000,capsules,2026-08-09,2027-02-06
PHC-UP-PRA-598,Polyvalent Anti-Snake Venom (ASV),DRG-005,Antivenom,34,10,50,vials,2026-08-25,2026-11-07
PHC-UP-PRA-598,Salbutamol Nebules,DRG-006,Respiratory,79,50,500,ampoules,2026-09-02,2027-02-20
PHC-UP-PRA-598,Doxycycline 100mg,DRG-007,Antibiotic,1403,200,2000,tablets,2026-08-29,2027-04-17
PHC-UP-PRA-598,Iron Folic Acid tablets,DRG-008,Supplement,2289,500,5000,tablets,2026-09-04,2027-08-14
PHC-UP-PRA-598,Metformin 500mg,DRG-009,Anti-diabetic,685,300,3000,tablets,2026-09-08,2027-05-17
PHC-UP-PRA-598,Amlodipine 5mg,DRG-010,Cardiovascular,489,200,2000,tablets,2026-08-15,2027-07-21
PHC-UP-PRA-599,ORS Sachets,DRG-001,Essential,2970,500,5000,sachets,2026-09-19,2027-03-03
PHC-UP-PRA-599,Zinc Sulfate 20mg,DRG-002,Essential,431,200,2000,tablets,2026-08-04,2027-03-13
PHC-UP-PRA-599,Paracetamol 500mg,DRG-003,Analgesic,6457,1000,10000,tablets,2026-08-14,2027-02-17
PHC-UP-PRA-599,Amoxicillin 500mg,DRG-004,Antibiotic,1099,300,3000,capsules,2026-09-21,2027-02-21
PHC-UP-PRA-599,Polyvalent Anti-Snake Venom (ASV),DRG-005,Antivenom,48,10,50,vials,2026-09-11,2026-12-08
PHC-UP-PRA-599,Salbutamol Nebules,DRG-006,Respiratory,491,50,500,ampoules,2026-07-31,2027-02-09
PHC-UP-PRA-599,Doxycycline 100mg,DRG-007,Antibiotic,621,200,2000,tablets,2026-08-12,2026-12-18
PHC-UP-PRA-599,Iron Folic Acid tablets,DRG-008,Supplement,1077,500,5000,tablets,2026-09-11,2026-12-05
PHC-UP-PRA-599,Metformin 500mg,DRG-009,Anti-diabetic,1986,300,3000,tablets,2026-08-09,2027-06-17
PHC-UP-PRA-599,Amlodipine 5mg,DRG-010,Cardiovascular,1739,200,2000,tablets,2026-09-05,2027-04-06
PHC-UP-PRA-600,ORS Sachets,DRG-001,Essential,4136,500,5000,sachets,2026-09-22,2027-02-26
PHC-UP-PRA-600,Zinc Sulfate 20mg,DRG-002,Essential,1046,200,2000,tablets,2026-08-08,2027-04-22
PHC-UP-PRA-600,Paracetamol 500mg,DRG-003,Analgesic,5098,1000,10000,tablets,2026-09-15,2027-03-12
PHC-UP-PRA-600,Amoxicillin 500mg,DRG-004,Antibiotic,2794,300,3000,capsules,2026-09-12,2027-07-22
PHC-UP-PRA-600,Polyvalent Anti-Snake Venom (ASV),DRG-005,Antivenom,22,10,50,vials,2026-08-21,2027-06-24
PHC-UP-PRA-600,Salbutamol Nebules,DRG-006,Respiratory,418,50,500,ampoules,2026-08-20,2027-01-18
PHC-UP-PRA-600,Doxycycline 100mg,DRG-007,Antibiotic,1760,200,2000,tablets,2026-09-01,2027-04-12
PHC-UP-PRA-600,Iron Folic Acid tablets,DRG-008,Supplement,3864,500,5000,tablets,2026-09-03,2026-11-11
PHC-UP-PRA-600,Metformin 500mg,DRG-009,Anti-diabetic,2492,300,3000,tablets,2026-09-12,2027-03-22
PHC-UP-PRA-600,Amlodipine 5mg,DRG-010,Cardiovascular,1482,200,2000,tablets,2026-08-23,2026-12-16
PHC-UP-PRA-601,ORS Sachets,DRG-001,Essential,3283,500,5000,sachets,2026-08-24,2027-07-31
PHC-UP-PRA-601,Zinc Sulfate 20mg,DRG-002,Essential,1095,200,2000,tablets,2026-08-20,2027-09-13
PHC-UP-PRA-601,Paracetamol 500mg,DRG-003,Analgesic,6009,1000,10000,tablets,2026-09-02,2027-08-16
PHC-UP-PRA-601,Amoxicillin 500mg,DRG-004,Antibiotic,2941,300,3000,capsules,2026-08-18,2027-08-18
PHC-UP-PRA-601,Polyvalent Anti-Snake Venom (ASV),DRG-005,Antivenom,36,10,50,vials,2026-08-24,2027-07-28
PHC-UP-PRA-601,Salbutamol Nebules,DRG-006,Respiratory,400,50,500,ampoules,2026-08-31,2027-06-18
PHC-UP-PRA-601,Doxycycline 100mg,DRG-007,Antibiotic,813,200,2000,tablets,2026-08-15,2027-08-09
PHC-UP-PRA-601,Iron Folic Acid tablets,DRG-008,Supplement,1867,500,5000,tablets,2026-09-08,2027-05-10
PHC-UP-PRA-601,Metformin 500mg,DRG-009,Anti-diabetic,1228,300,3000,tablets,2026-09-22,2027-04-26
PHC-UP-PRA-601,Amlodipine 5mg,DRG-010,Cardiovascular,1060,200,2000,tablets,2026-08-25,2027-03-04
PHC-UP-PRA-602,ORS Sachets,DRG-001,Essential,3825,500,5000,sachets,2026-08-07,2026-12-20
PHC-UP-PRA-602,Zinc Sulfate 20mg,DRG-002,Essential,1260,200,2000,tablets,2026-09-01,2026-11-02
PHC-UP-PRA-602,Paracetamol 500mg,DRG-003,Analgesic,2209,1000,10000,tablets,2026-08-16,2027-07-05
PHC-UP-PRA-602,Amoxicillin 500mg,DRG-004,Antibiotic,1322,300,3000,capsules,2026-09-01,2027-03-25
PHC-UP-PRA-602,Polyvalent Anti-Snake Venom (ASV),DRG-005,Antivenom,23,10,50,vials,2026-08-16,2027-05-11
PHC-UP-PRA-602,Salbutamol Nebules,DRG-006,Respiratory,485,50,500,ampoules,2026-09-22,2027-03-14
PHC-UP-PRA-602,Doxycycline 100mg,DRG-007,Antibiotic,1744,200,2000,tablets,2026-09-15,2027-02-13
PHC-UP-PRA-602,Iron Folic Acid tablets,DRG-008,Supplement,3827,500,5000,tablets,2026-08-26,2027-07-31
PHC-UP-PRA-602,Metformin 500mg,DRG-009,Anti-diabetic,2041,300,3000,tablets,2026-09-08,2026-12-16
PHC-UP-PRA-602,Amlodipine 5mg,DRG-010,Cardiovascular,476,200,2000,tablets,2026-08-09,2027-03-13
PHC-UP-PRA-603,ORS Sachets,DRG-001,Essential,986,500,5000,sachets,2026-08-18,2027-05-18
PHC-UP-PRA-603,Zinc Sulfate 20mg,DRG-002,Essential,1253,200,2000,tablets,2026-08-10,2026-12-20
PHC-UP-PRA-603,Paracetamol 500mg,DRG-003,Analgesic,4454,1000,10000,tablets,2026-08-22,2027-01-23
PHC-UP-PRA-603,Amoxicillin 500mg,DRG-004,Antibiotic,772,300,3000,capsules,2026-09-10,2027-04-16
PHC-UP-PRA-603,Polyvalent Anti-Snake Venom (ASV),DRG-005,Antivenom,45,10,50,vials,2026-08-16,2027-06-30
PHC-UP-PRA-603,Salbutamol Nebules,DRG-006,Respiratory,476,50,500,ampoules,2026-09-19,2026-12-06
PHC-UP-PRA-603,Doxycycline 100mg,DRG-007,Antibiotic,1940,200,2000,tablets,2026-09-09,2027-01-21
PHC-UP-PRA-603,Iron Folic Acid tablets,DRG-008,Supplement,4543,500,5000,tablets,2026-08-09,2026-12-03
PHC-UP-PRA-603,Metformin 500mg,DRG-009,Anti-diabetic,1517,300,3000,tablets,2026-08-02,2027-04-18
PHC-UP-PRA-603,Amlodipine 5mg,DRG-010,Cardiovascular,1803,200,2000,tablets,2026-08-03,2027-07-24
PHC-UP-PRA-604,ORS Sachets,DRG-001,Essential,405,500,5000,sachets,2026-09-03,2027-04-15
PHC-UP-PRA-604,Zinc Sulfate 20mg,DRG-002,Essential,89,200,2000,tablets,2026-09-13,2027-04-18
PHC-UP-PRA-604,Paracetamol 500mg,DRG-003,Analgesic,111,1000,10000,tablets,2026-09-04,2027-05-23
PHC-UP-PRA-604,Amoxicillin 500mg,DRG-004,Antibiotic,201,300,3000,capsules,2026-09-08,2027-06-09
PHC-UP-PRA-604,Polyvalent Anti-Snake Venom (ASV),DRG-005,Antivenom,8,10,50,vials,2026-08-22,2027-09-18
PHC-UP-PRA-604,Salbutamol Nebules,DRG-006,Respiratory,20,50,500,ampoules,2026-09-15,2027-06-07
PHC-UP-PRA-604,Doxycycline 100mg,DRG-007,Antibiotic,200,200,2000,tablets,2026-09-17,2027-06-16
PHC-UP-PRA-604,Iron Folic Acid tablets,DRG-008,Supplement,170,500,5000,tablets,2026-09-07,2027-05-03
PHC-UP-PRA-604,Metformin 500mg,DRG-009,Anti-diabetic,259,300,3000,tablets,2026-09-07,2027-04-18
PHC-UP-PRA-604,Amlodipine 5mg,DRG-010,Cardiovascular,125,200,2000,tablets,2026-08-05,2027-09-22
PHC-UP-PRA-605,ORS Sachets,DRG-001,Essential,863,500,5000,sachets,2026-08-12,2027-02-03
PHC-UP-PRA-605,Zinc Sulfate 20mg,DRG-002,Essential,1828,200,2000,tablets,2026-09-06,2027-04-02
PHC-UP-PRA-605,Paracetamol 500mg,DRG-003,Analgesic,1362,1000,10000,tablets,2026-08-13,2027-03-06
PHC-UP-PRA-605,Amoxicillin 500mg,DRG-004,Antibiotic,2064,300,3000,capsules,2026-08-09,2027-04-01
PHC-UP-PRA-605,Polyvalent Anti-Snake Venom (ASV),DRG-005,Antivenom,15,10,50,vials,2026-08-15,2027-04-08
PHC-UP-PRA-605,Salbutamol Nebules,DRG-006,Respiratory,149,50,500,ampoules,2026-08-10,2027-01-17
PHC-UP-PRA-605,Doxycycline 100mg,DRG-007,Antibiotic,1616,200,2000,tablets,2026-08-23,2027-06-06
PHC-UP-PRA-605,Iron Folic Acid tablets,DRG-008,Supplement,871,500,5000,tablets,2026-08-13,2027-06-24
PHC-UP-PRA-605,Metformin 500mg,DRG-009,Anti-diabetic,2633,300,3000,tablets,2026-08-26,2027-03-10
PHC-UP-PRA-605,Amlodipine 5mg,DRG-010,Cardiovascular,1485,200,2000,tablets,2026-07-31,2026-12-11
PHC-UP-PRA-606,ORS Sachets,DRG-001,Essential,494,500,5000,sachets,2026-08-26,2027-07-16
PHC-UP-PRA-606,Zinc Sulfate 20mg,DRG-002,Essential,93,200,2000,tablets,2026-09-21,2027-09-12
PHC-UP-PRA-606,Paracetamol 500mg,DRG-003,Analgesic,281,1000,10000,tablets,2026-08-24,2027-07-09
PHC-UP-PRA-606,Amoxicillin 500mg,DRG-004,Antibiotic,193,300,3000,capsules,2026-09-03,2027-08-12
PHC-UP-PRA-606,Polyvalent Anti-Snake Venom (ASV),DRG-005,Antivenom,5,10,50,vials,2026-09-02,2026-12-05
PHC-UP-PRA-606,Salbutamol Nebules,DRG-006,Respiratory,48,50,500,ampoules,2026-08-28,2027-04-21
PHC-UP-PRA-606,Doxycycline 100mg,DRG-007,Antibiotic,5,200,2000,tablets,2026-09-22,2027-08-14
PHC-UP-PRA-606,Iron Folic Acid tablets,DRG-008,Supplement,415,500,5000,tablets,2026-08-13,2027-01-27
PHC-UP-PRA-606,Metformin 500mg,DRG-009,Anti-diabetic,278,300,3000,tablets,2026-09-01,2027-08-13
PHC-UP-PRA-606,Amlodipine 5mg,DRG-010,Cardiovascular,13,200,2000,tablets,2026-08-10,2027-06-19
PHC-UP-PRA-607,ORS Sachets,DRG-001,Essential,686,500,5000,sachets,2026-09-22,2027-03-12
PHC-UP-PRA-607,Zinc Sulfate 20mg,DRG-002,Essential,1409,200,2000,tablets,2026-08-25,2027-08-14
PHC-UP-PRA-607,Paracetamol 500mg,DRG-003,Analgesic,5005,1000,10000,tablets,2026-08-10,2027-08-27
PHC-UP-PRA-607,Amoxicillin 500mg,DRG-004,Antibiotic,665,300,3000,capsules,2026-08-08,2027-02-24
PHC-UP-PRA-607,Polyvalent Anti-Snake Venom (ASV),DRG-005,Antivenom,12,10,50,vials,2026-09-08,2026-12-20
PHC-UP-PRA-607,Salbutamol Nebules,DRG-006,Respiratory,347,50,500,ampoules,2026-08-31,2027-07-02
PHC-UP-PRA-607,Doxycycline 100mg,DRG-007,Antibiotic,1633,200,2000,tablets,2026-09-13,2027-01-30
PHC-UP-PRA-607,Iron Folic Acid tablets,DRG-008,Supplement,1893,500,5000,tablets,2026-08-22,2027-04-20
PHC-UP-PRA-607,Metformin 500mg,DRG-009,Anti-diabetic,1690,300,3000,tablets,2026-09-04,2026-12-17
PHC-UP-PRA-607,Amlodipine 5mg,DRG-010,Cardiovascular,365,200,2000,tablets,2026-09-08,2027-07-08
PHC-UP-PRA-608,ORS Sachets,DRG-001,Essential,14,500,5000,sachets,2026-09-15,2027-01-07
PHC-UP-PRA-608,Zinc Sulfate 20mg,DRG-002,Essential,188,200,2000,tablets,2026-08-27,2027-08-22
PHC-UP-PRA-608,Paracetamol 500mg,DRG-003,Analgesic,601,1000,10000,tablets,2026-09-12,2026-11-20
PHC-UP-PRA-608,Amoxicillin 500mg,DRG-004,Antibiotic,96,300,3000,capsules,2026-08-09,2027-05-27
PHC-UP-PRA-608,Polyvalent Anti-Snake Venom (ASV),DRG-005,Antivenom,10,10,50,vials,2026-09-15,2027-08-02
PHC-UP-PRA-608,Salbutamol Nebules,DRG-006,Respiratory,19,50,500,ampoules,2026-08-05,2027-01-23
PHC-UP-PRA-608,Doxycycline 100mg,DRG-007,Antibiotic,199,200,2000,tablets,2026-09-12,2026-12-30
PHC-UP-PRA-608,Iron Folic Acid tablets,DRG-008,Supplement,409,500,5000,tablets,2026-08-02,2027-07-25
PHC-UP-PRA-608,Metformin 500mg,DRG-009,Anti-diabetic,101,300,3000,tablets,2026-08-27,2027-08-30
PHC-UP-PRA-608,Amlodipine 5mg,DRG-010,Cardiovascular,153,200,2000,tablets,2026-08-27,2026-11-13
PHC-UP-PRA-609,ORS Sachets,DRG-001,Essential,19,500,5000,sachets,2026-08-29,2027-05-07
PHC-UP-PRA-609,Zinc Sulfate 20mg,DRG-002,Essential,154,200,2000,tablets,2026-09-12,2027-02-06
PHC-UP-PRA-609,Paracetamol 500mg,DRG-003,Analgesic,90,1000,10000,tablets,2026-08-28,2026-11-05
PHC-UP-PRA-609,Amoxicillin 500mg,DRG-004,Antibiotic,88,300,3000,capsules,2026-08-26,2026-12-24
PHC-UP-PRA-609,Polyvalent Anti-Snake Venom (ASV),DRG-005,Antivenom,2,10,50,vials,2026-09-05,2027-08-20
PHC-UP-PRA-609,Salbutamol Nebules,DRG-006,Respiratory,15,50,500,ampoules,2026-09-10,2027-02-26
PHC-UP-PRA-609,Doxycycline 100mg,DRG-007,Antibiotic,78,200,2000,tablets,2026-09-11,2027-06-21
PHC-UP-PRA-609,Iron Folic Acid tablets,DRG-008,Supplement,119,500,5000,tablets,2026-08-28,2026-12-21
PHC-UP-PRA-609,Metformin 500mg,DRG-009,Anti-diabetic,191,300,3000,tablets,2026-09-21,2027-09-17
PHC-UP-PRA-609,Amlodipine 5mg,DRG-010,Cardiovascular,197,200,2000,tablets,2026-08-04,2027-07-30
PHC-BR-PAT-610,ORS Sachets,DRG-001,Essential,307,500,5000,sachets,2026-07-31,2027-03-28
PHC-BR-PAT-610,Zinc Sulfate 20mg,DRG-002,Essential,15,200,2000,tablets,2026-08-04,2026-12-06
PHC-BR-PAT-610,Paracetamol 500mg,DRG-003,Analgesic,547,1000,10000,tablets,2026-09-24,2027-04-11
PHC-BR-PAT-610,Amoxicillin 500mg,DRG-004,Antibiotic,228,300,3000,capsules,2026-09-02,2027-03-10
PHC-BR-PAT-610,Polyvalent Anti-Snake Venom (ASV),DRG-005,Antivenom,3,10,50,vials,2026-09-20,2027-01-06
PHC-BR-PAT-610,Salbutamol Nebules,DRG-006,Respiratory,1,50,500,ampoules,2026-09-12,2027-03-12
PHC-BR-PAT-610,Doxycycline 100mg,DRG-007,Antibiotic,120,200,2000,tablets,2026-08-17,2027-04-24
PHC-BR-PAT-610,Iron Folic Acid tablets,DRG-008,Supplement,470,500,5000,tablets,2026-08-23,2027-02-26
PHC-BR-PAT-610,Metformin 500mg,DRG-009,Anti-diabetic,15,300,3000,tablets,2026-09-11,2027-04-13
PHC-BR-PAT-610,Amlodipine 5mg,DRG-010,Cardiovascular,56,200,2000,tablets,2026-07-31,2027-04-07
PHC-BR-PAT-611,ORS Sachets,DRG-001,Essential,4903,500,5000,sachets,2026-09-19,2026-12-28
PHC-BR-PAT-611,Zinc Sulfate 20mg,DRG-002,Essential,1182,200,2000,tablets,2026-09-01,2027-08-27
PHC-BR-PAT-611,Paracetamol 500mg,DRG-003,Analgesic,1145,1000,10000,tablets,2026-08-14,2027-03-11
PHC-BR-PAT-611,Amoxicillin 500mg,DRG-004,Antibiotic,2518,300,3000,capsules,2026-08-16,2027-06-24
PHC-BR-PAT-611,Polyvalent Anti-Snake Venom (ASV),DRG-005,Antivenom,42,10,50,vials,2026-08-02,2027-04-17
PHC-BR-PAT-611,Salbutamol Nebules,DRG-006,Respiratory,423,50,500,ampoules,2026-09-11,2026-12-21
PHC-BR-PAT-611,Doxycycline 100mg,DRG-007,Antibiotic,1141,200,2000,tablets,2026-08-17,2027-09-04
PHC-BR-PAT-611,Iron Folic Acid tablets,DRG-008,Supplement,2795,500,5000,tablets,2026-08-30,2027-04-05
PHC-BR-PAT-611,Metformin 500mg,DRG-009,Anti-diabetic,993,300,3000,tablets,2026-09-17,2027-01-28
PHC-BR-PAT-611,Amlodipine 5mg,DRG-010,Cardiovascular,694,200,2000,tablets,2026-09-16,2027-03-25
PHC-BR-PAT-612,ORS Sachets,DRG-001,Essential,2075,500,5000,sachets,2026-08-08,2027-08-21
PHC-BR-PAT-612,Zinc Sulfate 20mg,DRG-002,Essential,1770,200,2000,tablets,2026-09-24,2027-08-06
PHC-BR-PAT-612,Paracetamol 500mg,DRG-003,Analgesic,9735,1000,10000,tablets,2026-08-07,2027-06-12
PHC-BR-PAT-612,Amoxicillin 500mg,DRG-004,Antibiotic,563,300,3000,capsules,2026-09-17,2027-04-10
PHC-BR-PAT-612,Polyvalent Anti-Snake Venom (ASV),DRG-005,Antivenom,16,10,50,vials,2026-08-20,2027-02-06
PHC-BR-PAT-612,Salbutamol Nebules,DRG-006,Respiratory,324,50,500,ampoules,2026-09-15,2027-01-03
PHC-BR-PAT-612,Doxycycline 100mg,DRG-007,Antibiotic,1339,200,2000,tablets,2026-08-30,2026-12-24
PHC-BR-PAT-612,Iron Folic Acid tablets,DRG-008,Supplement,4831,500,5000,tablets,2026-08-03,2027-06-13
PHC-BR-PAT-612,Metformin 500mg,DRG-009,Anti-diabetic,2486,300,3000,tablets,2026-08-10,2026-11-28
PHC-BR-PAT-612,Amlodipine 5mg,DRG-010,Cardiovascular,788,200,2000,tablets,2026-08-14,2027-02-21
PHC-BR-PAT-613,ORS Sachets,DRG-001,Essential,3406,500,5000,sachets,2026-09-09,2027-07-26
PHC-BR-PAT-613,Zinc Sulfate 20mg,DRG-002,Essential,1387,200,2000,tablets,2026-09-15,2026-12-02
PHC-BR-PAT-613,Paracetamol 500mg,DRG-003,Analgesic,9569,1000,10000,tablets,2026-09-21,2027-09-06
PHC-BR-PAT-613,Amoxicillin 500mg,DRG-004,Antibiotic,1463,300,3000,capsules,2026-08-21,2027-06-15
PHC-BR-PAT-613,Polyvalent Anti-Snake Venom (ASV),DRG-005,Antivenom,30,10,50,vials,2026-08-09,2027-07-14
PHC-BR-PAT-613,Salbutamol Nebules,DRG-006,Respiratory,155,50,500,ampoules,2026-08-17,2027-07-17
PHC-BR-PAT-613,Doxycycline 100mg,DRG-007,Antibiotic,994,200,2000,tablets,2026-09-17,2027-07-01
PHC-BR-PAT-613,Iron Folic Acid tablets,DRG-008,Supplement,4950,500,5000,tablets,2026-08-13,2027-05-14
PHC-BR-PAT-613,Metformin 500mg,DRG-009,Anti-diabetic,2147,300,3000,tablets,2026-09-02,2026-12-17
PHC-BR-PAT-613,Amlodipine 5mg,DRG-010,Cardiovascular,811,200,2000,tablets,2026-08-20,2027-06-02
PHC-BR-PAT-614,ORS Sachets,DRG-001,Essential,300,500,5000,sachets,2026-09-02,2027-04-28
PHC-BR-PAT-614,Zinc Sulfate 20mg,DRG-002,Essential,77,200,2000,tablets,2026-08-08,2026-11-24
PHC-BR-PAT-614,Paracetamol 500mg,DRG-003,Analgesic,193,1000,10000,tablets,2026-08-09,2027-07-15
PHC-BR-PAT-614,Amoxicillin 500mg,DRG-004,Antibiotic,139,300,3000,capsules,2026-08-07,2027-07-03
PHC-BR-PAT-614,Polyvalent Anti-Snake Venom (ASV),DRG-005,Antivenom,5,10,50,vials,2026-08-19,2027-06-12
PHC-BR-PAT-614,Salbutamol Nebules,DRG-006,Respiratory,17,50,500,ampoules,2026-09-17,2027-08-25
PHC-BR-PAT-614,Doxycycline 100mg,DRG-007,Antibiotic,47,200,2000,tablets,2026-09-20,2027-06-10
PHC-BR-PAT-614,Iron Folic Acid tablets,DRG-008,Supplement,198,500,5000,tablets,2026-09-23,2027-02-09
PHC-BR-PAT-614,Metformin 500mg,DRG-009,Anti-diabetic,236,300,3000,tablets,2026-09-23,2027-05-25
PHC-BR-PAT-614,Amlodipine 5mg,DRG-010,Cardiovascular,159,200,2000,tablets,2026-09-24,2026-12-07
PHC-BR-PAT-615,ORS Sachets,DRG-001,Essential,183,500,5000,sachets,2026-09-01,2027-03-07
PHC-BR-PAT-615,Zinc Sulfate 20mg,DRG-002,Essential,87,200,2000,tablets,2026-08-03,2027-02-23
PHC-BR-PAT-615,Paracetamol 500mg,DRG-003,Analgesic,213,1000,10000,tablets,2026-09-01,2026-12-15
PHC-BR-PAT-615,Amoxicillin 500mg,DRG-004,Antibiotic,51,300,3000,capsules,2026-08-12,2027-05-04
PHC-BR-PAT-615,Polyvalent Anti-Snake Venom (ASV),DRG-005,Antivenom,6,10,50,vials,2026-08-16,2027-09-25
PHC-BR-PAT-615,Salbutamol Nebules,DRG-006,Respiratory,41,50,500,ampoules,2026-09-12,2027-05-20
PHC-BR-PAT-615,Doxycycline 100mg,DRG-007,Antibiotic,86,200,2000,tablets,2026-09-01,2027-09-25
PHC-BR-PAT-615,Iron Folic Acid tablets,DRG-008,Supplement,65,500,5000,tablets,2026-09-22,2027-09-11
PHC-BR-PAT-615,Metformin 500mg,DRG-009,Anti-diabetic,200,300,3000,tablets,2026-08-28,2026-11-12
PHC-BR-PAT-615,Amlodipine 5mg,DRG-010,Cardiovascular,94,200,2000,tablets,2026-08-29,2027-02-17
PHC-BR-PAT-616,ORS Sachets,DRG-001,Essential,1531,500,5000,sachets,2026-07-31,2027-06-11
PHC-BR-PAT-616,Zinc Sulfate 20mg,DRG-002,Essential,1091,200,2000,tablets,2026-09-01,2027-01-08
PHC-BR-PAT-616,Paracetamol 500mg,DRG-003,Analgesic,6992,1000,10000,tablets,2026-08-03,2027-03-13
PHC-BR-PAT-616,Amoxicillin 500mg,DRG-004,Antibiotic,847,300,3000,capsules,2026-09-08,2027-03-26
PHC-BR-PAT-616,Polyvalent Anti-Snake Venom (ASV),DRG-005,Antivenom,28,10,50,vials,2026-09-19,2027-04-09
PHC-BR-PAT-616,Salbutamol Nebules,DRG-006,Respiratory,140,50,500,ampoules,2026-09-10,2027-01-18
PHC-BR-PAT-616,Doxycycline 100mg,DRG-007,Antibiotic,375,200,2000,tablets,2026-08-30,2027-02-07
PHC-BR-PAT-616,Iron Folic Acid tablets,DRG-008,Supplement,676,500,5000,tablets,2026-08-25,2027-01-16
PHC-BR-PAT-616,Metformin 500mg,DRG-009,Anti-diabetic,1944,300,3000,tablets,2026-08-20,2026-12-27
PHC-BR-PAT-616,Amlodipine 5mg,DRG-010,Cardiovascular,1124,200,2000,tablets,2026-08-19,2027-02-10
PHC-BR-PAT-617,ORS Sachets,DRG-001,Essential,4841,500,5000,sachets,2026-09-22,2027-09-08
PHC-BR-PAT-617,Zinc Sulfate 20mg,DRG-002,Essential,1675,200,2000,tablets,2026-09-15,2027-08-18
PHC-BR-PAT-617,Paracetamol 500mg,DRG-003,Analgesic,3560,1000,10000,tablets,2026-09-23,2027-03-01
PHC-BR-PAT-617,Amoxicillin 500mg,DRG-004,Antibiotic,2592,300,3000,capsules,2026-08-02,2027-01-15
PHC-BR-PAT-617,Polyvalent Anti-Snake Venom (ASV),DRG-005,Antivenom,40,10,50,vials,2026-08-27,2027-08-04
PHC-BR-PAT-617,Salbutamol Nebules,DRG-006,Respiratory,276,50,500,ampoules,2026-09-07,2027-03-28
PHC-BR-PAT-617,Doxycycline 100mg,DRG-007,Antibiotic,441,200,2000,tablets,2026-09-13,2027-07-08
PHC-BR-PAT-617,Iron Folic Acid tablets,DRG-008,Supplement,1871,500,5000,tablets,2026-08-23,2026-12-18
PHC-BR-PAT-617,Metformin 500mg,DRG-009,Anti-diabetic,445,300,3000,tablets,2026-09-15,2026-12-17
PHC-BR-PAT-617,Amlodipine 5mg,DRG-010,Cardiovascular,862,200,2000,tablets,2026-09-22,2027-08-11
PHC-BR-PAT-618,ORS Sachets,DRG-001,Essential,20,500,5000,sachets,2026-09-01,2027-08-31
PHC-BR-PAT-618,Zinc Sulfate 20mg,DRG-002,Essential,28,200,2000,tablets,2026-08-21,2027-05-31
PHC-BR-PAT-618,Paracetamol 500mg,DRG-003,Analgesic,63,1000,10000,tablets,2026-08-15,2027-08-28
PHC-BR-PAT-618,Amoxicillin 500mg,DRG-004,Antibiotic,27,300,3000,capsules,2026-08-29,2027-07-08
PHC-BR-PAT-618,Polyvalent Anti-Snake Venom (ASV),DRG-005,Antivenom,0,10,50,vials,2026-09-16,2027-01-24
PHC-BR-PAT-618,Salbutamol Nebules,DRG-006,Respiratory,5,50,500,ampoules,2026-07-31,2027-01-05
PHC-BR-PAT-618,Doxycycline 100mg,DRG-007,Antibiotic,17,200,2000,tablets,2026-08-24,2027-08-09
PHC-BR-PAT-618,Iron Folic Acid tablets,DRG-008,Supplement,10,500,5000,tablets,2026-09-19,2026-11-07
PHC-BR-PAT-618,Metformin 500mg,DRG-009,Anti-diabetic,42,300,3000,tablets,2026-09-03,2027-05-23
PHC-BR-PAT-618,Amlodipine 5mg,DRG-010,Cardiovascular,27,200,2000,tablets,2026-08-03,2027-09-01
PHC-BR-PAT-619,ORS Sachets,DRG-001,Essential,2531,500,5000,sachets,2026-08-10,2026-11-17
PHC-BR-PAT-619,Zinc Sulfate 20mg,DRG-002,Essential,1449,200,2000,tablets,2026-08-25,2027-03-15
PHC-BR-PAT-619,Paracetamol 500mg,DRG-003,Analgesic,9399,1000,10000,tablets,2026-09-09,2027-08-25
PHC-BR-PAT-619,Amoxicillin 500mg,DRG-004,Antibiotic,2455,300,3000,capsules,2026-09-18,2027-03-11
PHC-BR-PAT-619,Polyvalent Anti-Snake Venom (ASV),DRG-005,Antivenom,12,10,50,vials,2026-08-10,2027-02-21
PHC-BR-PAT-619,Salbutamol Nebules,DRG-006,Respiratory,160,50,500,ampoules,2026-08-11,2027-01-06
PHC-BR-PAT-619,Doxycycline 100mg,DRG-007,Antibiotic,1831,200,2000,tablets,2026-08-17,2027-09-16
PHC-BR-PAT-619,Iron Folic Acid tablets,DRG-008,Supplement,4478,500,5000,tablets,2026-09-12,2026-11-08
PHC-BR-PAT-619,Metformin 500mg,DRG-009,Anti-diabetic,1132,300,3000,tablets,2026-08-03,2027-03-26
PHC-BR-PAT-619,Amlodipine 5mg,DRG-010,Cardiovascular,389,200,2000,tablets,2026-08-15,2027-08-01
PHC-BR-PAT-620,ORS Sachets,DRG-001,Essential,4698,500,5000,sachets,2026-08-27,2027-08-16
PHC-BR-PAT-620,Zinc Sulfate 20mg,DRG-002,Essential,1334,200,2000,tablets,2026-08-23,2027-04-13
PHC-BR-PAT-620,Paracetamol 500mg,DRG-003,Analgesic,5163,1000,10000,tablets,2026-08-24,2026-12-10
PHC-BR-PAT-620,Amoxicillin 500mg,DRG-004,Antibiotic,2607,300,3000,capsules,2026-09-06,2027-06-10
PHC-BR-PAT-620,Polyvalent Anti-Snake Venom (ASV),DRG-005,Antivenom,26,10,50,vials,2026-09-24,2027-04-22
PHC-BR-PAT-620,Salbutamol Nebules,DRG-006,Respiratory,478,50,500,ampoules,2026-08-30,2027-02-28
PHC-BR-PAT-620,Doxycycline 100mg,DRG-007,Antibiotic,350,200,2000,tablets,2026-08-31,2027-06-30
PHC-BR-PAT-620,Iron Folic Acid tablets,DRG-008,Supplement,823,500,5000,tablets,2026-09-11,2027-01-16
PHC-BR-PAT-620,Metformin 500mg,DRG-009,Anti-diabetic,351,300,3000,tablets,2026-08-31,2027-08-22
PHC-BR-PAT-620,Amlodipine 5mg,DRG-010,Cardiovascular,967,200,2000,tablets,2026-08-16,2026-11-25
PHC-BR-PAT-621,ORS Sachets,DRG-001,Essential,16,500,5000,sachets,2026-08-13,2027-03-18
PHC-BR-PAT-621,Zinc Sulfate 20mg,DRG-002,Essential,122,200,2000,tablets,2026-08-27,2027-08-27
PHC-BR-PAT-621,Paracetamol 500mg,DRG-003,Analgesic,435,1000,10000,tablets,2026-09-19,2027-09-17
PHC-BR-PAT-621,Amoxicillin 500mg,DRG-004,Antibiotic,253,300,3000,capsules,2026-09-17,2027-02-19
PHC-BR-PAT-621,Polyvalent Anti-Snake Venom (ASV),DRG-005,Antivenom,7,10,50,vials,2026-08-19,2027-02-16
PHC-BR-PAT-621,Salbutamol Nebules,DRG-006,Respiratory,38,50,500,ampoules,2026-09-22,2027-02-08
PHC-BR-PAT-621,Doxycycline 100mg,DRG-007,Antibiotic,147,200,2000,tablets,2026-08-08,2027-03-18
PHC-BR-PAT-621,Iron Folic Acid tablets,DRG-008,Supplement,203,500,5000,tablets,2026-09-24,2027-04-23
PHC-BR-PAT-621,Metformin 500mg,DRG-009,Anti-diabetic,256,300,3000,tablets,2026-09-08,2027-01-01
PHC-BR-PAT-621,Amlodipine 5mg,DRG-010,Cardiovascular,161,200,2000,tablets,2026-08-22,2026-12-15
PHC-BR-PAT-622,ORS Sachets,DRG-001,Essential,3670,500,5000,sachets,2026-09-23,2027-03-31
PHC-BR-PAT-622,Zinc Sulfate 20mg,DRG-002,Essential,265,200,2000,tablets,2026-08-10,2027-07-25
PHC-BR-PAT-622,Paracetamol 500mg,DRG-003,Analgesic,2700,1000,10000,tablets,2026-09-07,2026-11-24
PHC-BR-PAT-622,Amoxicillin 500mg,DRG-004,Antibiotic,464,300,3000,capsules,2026-09-02,2027-03-07
PHC-BR-PAT-622,Polyvalent Anti-Snake Venom (ASV),DRG-005,Antivenom,22,10,50,vials,2026-08-27,2027-07-29
PHC-BR-PAT-622,Salbutamol Nebules,DRG-006,Respiratory,57,50,500,ampoules,2026-08-19,2027-06-14
PHC-BR-PAT-622,Doxycycline 100mg,DRG-007,Antibiotic,1742,200,2000,tablets,2026-09-20,2027-01-17
PHC-BR-PAT-622,Iron Folic Acid tablets,DRG-008,Supplement,1530,500,5000,tablets,2026-08-02,2027-07-09
PHC-BR-PAT-622,Metformin 500mg,DRG-009,Anti-diabetic,302,300,3000,tablets,2026-09-06,2027-03-27
PHC-BR-PAT-622,Amlodipine 5mg,DRG-010,Cardiovascular,947,200,2000,tablets,2026-09-16,2027-07-08
PHC-BR-PAT-623,ORS Sachets,DRG-001,Essential,397,500,5000,sachets,2026-08-29,2027-01-22
PHC-BR-PAT-623,Zinc Sulfate 20mg,DRG-002,Essential,200,200,2000,tablets,2026-09-03,2026-11-18
PHC-BR-PAT-623,Paracetamol 500mg,DRG-003,Analgesic,632,1000,10000,tablets,2026-09-23,2027-06-05
PHC-BR-PAT-623,Amoxicillin 500mg,DRG-004,Antibiotic,68,300,3000,capsules,2026-08-08,2027-01-26
PHC-BR-PAT-623,Polyvalent Anti-Snake Venom (ASV),DRG-005,Antivenom,1,10,50,vials,2026-09-11,2027-08-07
PHC-BR-PAT-623,Salbutamol Nebules,DRG-006,Respiratory,5,50,500,ampoules,2026-08-30,2026-10-31
PHC-BR-PAT-623,Doxycycline 100mg,DRG-007,Antibiotic,52,200,2000,tablets,2026-09-03,2027-03-11
PHC-BR-PAT-623,Iron Folic Acid tablets,DRG-008,Supplement,492,500,5000,tablets,2026-08-16,2027-05-14
PHC-BR-PAT-623,Metformin 500mg,DRG-009,Anti-diabetic,101,300,3000,tablets,2026-08-02,2027-06-06
PHC-BR-PAT-623,Amlodipine 5mg,DRG-010,Cardiovascular,27,200,2000,tablets,2026-08-21,2027-01-02
PHC-BR-PAT-624,ORS Sachets,DRG-001,Essential,1118,500,5000,sachets,2026-08-18,2027-08-26
PHC-BR-PAT-624,Zinc Sulfate 20mg,DRG-002,Essential,1863,200,2000,tablets,2026-08-28,2027-03-03
PHC-BR-PAT-624,Paracetamol 500mg,DRG-003,Analgesic,9338,1000,10000,tablets,2026-08-28,2027-04-23
PHC-BR-PAT-624,Amoxicillin 500mg,DRG-004,Antibiotic,2116,300,3000,capsules,2026-08-24,2027-04-25
PHC-BR-PAT-624,Polyvalent Anti-Snake Venom (ASV),DRG-005,Antivenom,16,10,50,vials,2026-09-14,2027-03-23
PHC-BR-PAT-624,Salbutamol Nebules,DRG-006,Respiratory,63,50,500,ampoules,2026-09-15,2027-04-26
PHC-BR-PAT-624,Doxycycline 100mg,DRG-007,Antibiotic,1023,200,2000,tablets,2026-09-22,2027-09-16
PHC-BR-PAT-624,Iron Folic Acid tablets,DRG-008,Supplement,2407,500,5000,tablets,2026-08-28,2027-08-07
PHC-BR-PAT-624,Metformin 500mg,DRG-009,Anti-diabetic,669,300,3000,tablets,2026-09-24,2027-08-16
PHC-BR-PAT-624,Amlodipine 5mg,DRG-010,Cardiovascular,996,200,2000,tablets,2026-08-26,2027-02-12
PHC-BR-PAT-625,ORS Sachets,DRG-001,Essential,3697,500,5000,sachets,2026-09-05,2027-03-13
PHC-BR-PAT-625,Zinc Sulfate 20mg,DRG-002,Essential,924,200,2000,tablets,2026-08-22,2027-05-28
PHC-BR-PAT-625,Paracetamol 500mg,DRG-003,Analgesic,7313,1000,10000,tablets,2026-09-22,2027-08-28
PHC-BR-PAT-625,Amoxicillin 500mg,DRG-004,Antibiotic,1260,300,3000,capsules,2026-08-05,2027-06-26
PHC-BR-PAT-625,Polyvalent Anti-Snake Venom (ASV),DRG-005,Antivenom,41,10,50,vials,2026-09-05,2027-03-24
PHC-BR-PAT-625,Salbutamol Nebules,DRG-006,Respiratory,415,50,500,ampoules,2026-08-10,2027-03-05
PHC-BR-PAT-625,Doxycycline 100mg,DRG-007,Antibiotic,891,200,2000,tablets,2026-09-12,2027-03-14
PHC-BR-PAT-625,Iron Folic Acid tablets,DRG-008,Supplement,4850,500,5000,tablets,2026-09-14,2026-12-28
PHC-BR-PAT-625,Metformin 500mg,DRG-009,Anti-diabetic,2097,300,3000,tablets,2026-08-03,2026-12-05
PHC-BR-PAT-625,Amlodipine 5mg,DRG-010,Cardiovascular,1200,200,2000,tablets,2026-08-27,2027-09-04
PHC-BR-PAT-626,ORS Sachets,DRG-001,Essential,2469,500,5000,sachets,2026-08-07,2027-08-05
PHC-BR-PAT-626,Zinc Sulfate 20mg,DRG-002,Essential,202,200,2000,tablets,2026-08-29,2027-01-01
PHC-BR-PAT-626,Paracetamol 500mg,DRG-003,Analgesic,6273,1000,10000,tablets,2026-08-22,2026-11-23
PHC-BR-PAT-626,Amoxicillin 500mg,DRG-004,Antibiotic,2753,300,3000,capsules,2026-08-23,2026-11-21
PHC-BR-PAT-626,Polyvalent Anti-Snake Venom (ASV),DRG-005,Antivenom,29,10,50,vials,2026-07-31,2027-01-14
PHC-BR-PAT-626,Salbutamol Nebules,DRG-006,Respiratory,376,50,500,ampoules,2026-08-24,2027-09-18
PHC-BR-PAT-626,Doxycycline 100mg,DRG-007,Antibiotic,332,200,2000,tablets,2026-08-19,2027-01-02
PHC-BR-PAT-626,Iron Folic Acid tablets,DRG-008,Supplement,1473,500,5000,tablets,2026-08-02,2027-05-21
PHC-BR-PAT-626,Metformin 500mg,DRG-009,Anti-diabetic,687,300,3000,tablets,2026-08-25,2027-07-03
PHC-BR-PAT-626,Amlodipine 5mg,DRG-010,Cardiovascular,570,200,2000,tablets,2026-08-18,2027-05-09
PHC-BR-PAT-627,ORS Sachets,DRG-001,Essential,3710,500,5000,sachets,2026-08-12,2027-08-23
PHC-BR-PAT-627,Zinc Sulfate 20mg,DRG-002,Essential,912,200,2000,tablets,2026-08-05,2027-03-10
PHC-BR-PAT-627,Paracetamol 500mg,DRG-003,Analgesic,1894,1000,10000,tablets,2026-08-26,2027-04-17
PHC-BR-PAT-627,Amoxicillin 500mg,DRG-004,Antibiotic,2420,300,3000,capsules,2026-08-06,2027-05-18
PHC-BR-PAT-627,Polyvalent Anti-Snake Venom (ASV),DRG-005,Antivenom,30,10,50,vials,2026-08-05,2027-01-11
PHC-BR-PAT-627,Salbutamol Nebules,DRG-006,Respiratory,229,50,500,ampoules,2026-08-25,2027-03-27
PHC-BR-PAT-627,Doxycycline 100mg,DRG-007,Antibiotic,1868,200,2000,tablets,2026-08-24,2027-07-08
PHC-BR-PAT-627,Iron Folic Acid tablets,DRG-008,Supplement,2573,500,5000,tablets,2026-09-24,2027-09-28
PHC-BR-PAT-627,Metformin 500mg,DRG-009,Anti-diabetic,1310,300,3000,tablets,2026-09-18,2027-09-28
PHC-BR-PAT-627,Amlodipine 5mg,DRG-010,Cardiovascular,979,200,2000,tablets,2026-08-05,2027-03-17
PHC-BR-PAT-628,ORS Sachets,DRG-001,Essential,287,500,5000,sachets,2026-09-19,2027-01-29
PHC-BR-PAT-628,Zinc Sulfate 20mg,DRG-002,Essential,169,200,2000,tablets,2026-08-11,2027-07-14
PHC-BR-PAT-628,Paracetamol 500mg,DRG-003,Analgesic,907,1000,10000,tablets,2026-08-25,2027-04-10
PHC-BR-PAT-628,Amoxicillin 500mg,DRG-004,Antibiotic,87,300,3000,capsules,2026-08-21,2026-11-12
PHC-BR-PAT-628,Polyvalent Anti-Snake Venom (ASV),DRG-005,Antivenom,6,10,50,vials,2026-08-15,2027-06-18
PHC-BR-PAT-628,Salbutamol Nebules,DRG-006,Respiratory,26,50,500,ampoules,2026-08-21,2026-11-18
PHC-BR-PAT-628,Doxycycline 100mg,DRG-007,Antibiotic,37,200,2000,tablets,2026-09-02,2026-11-24
PHC-BR-PAT-628,Iron Folic Acid tablets,DRG-008,Supplement,88,500,5000,tablets,2026-09-23,2027-03-18
PHC-BR-PAT-628,Metformin 500mg,DRG-009,Anti-diabetic,278,300,3000,tablets,2026-09-07,2027-08-27
PHC-BR-PAT-628,Amlodipine 5mg,DRG-010,Cardiovascular,98,200,2000,tablets,2026-08-27,2027-03-25
PHC-BR-PAT-629,ORS Sachets,DRG-001,Essential,805,500,5000,sachets,2026-08-20,2027-05-21
PHC-BR-PAT-629,Zinc Sulfate 20mg,DRG-002,Essential,890,200,2000,tablets,2026-08-16,2027-09-08
PHC-BR-PAT-629,Paracetamol 500mg,DRG-003,Analgesic,6584,1000,10000,tablets,2026-08-25,2027-08-10
PHC-BR-PAT-629,Amoxicillin 500mg,DRG-004,Antibiotic,781,300,3000,capsules,2026-09-15,2026-11-21
PHC-BR-PAT-629,Polyvalent Anti-Snake Venom (ASV),DRG-005,Antivenom,12,10,50,vials,2026-09-04,2027-04-30
PHC-BR-PAT-629,Salbutamol Nebules,DRG-006,Respiratory,305,50,500,ampoules,2026-08-03,2026-11-30
PHC-BR-PAT-629,Doxycycline 100mg,DRG-007,Antibiotic,634,200,2000,tablets,2026-08-26,2027-09-05
PHC-BR-PAT-629,Iron Folic Acid tablets,DRG-008,Supplement,3240,500,5000,tablets,2026-08-26,2027-07-01
PHC-BR-PAT-629,Metformin 500mg,DRG-009,Anti-diabetic,2941,300,3000,tablets,2026-08-27,2027-03-31
PHC-BR-PAT-629,Amlodipine 5mg,DRG-010,Cardiovascular,721,200,2000,tablets,2026-08-22,2027-08-29
PHC-BR-PAT-630,ORS Sachets,DRG-001,Essential,1868,500,5000,sachets,2026-08-18,2027-01-05
PHC-BR-PAT-630,Zinc Sulfate 20mg,DRG-002,Essential,831,200,2000,tablets,2026-08-08,2027-07-15
PHC-BR-PAT-630,Paracetamol 500mg,DRG-003,Analgesic,5871,1000,10000,tablets,2026-08-10,2027-01-10
PHC-BR-PAT-630,Amoxicillin 500mg,DRG-004,Antibiotic,812,300,3000,capsules,2026-08-09,2027-05-14
PHC-BR-PAT-630,Polyvalent Anti-Snake Venom (ASV),DRG-005,Antivenom,45,10,50,vials,2026-09-01,2027-06-28
PHC-BR-PAT-630,Salbutamol Nebules,DRG-006,Respiratory,356,50,500,ampoules,2026-09-09,2027-02-27
PHC-BR-PAT-630,Doxycycline 100mg,DRG-007,Antibiotic,1501,200,2000,tablets,2026-08-27,2026-12-28
PHC-BR-PAT-630,Iron Folic Acid tablets,DRG-008,Supplement,1221,500,5000,tablets,2026-08-21,2027-06-02
PHC-BR-PAT-630,Metformin 500mg,DRG-009,Anti-diabetic,823,300,3000,tablets,2026-08-31,2027-01-09
PHC-BR-PAT-630,Amlodipine 5mg,DRG-010,Cardiovascular,594,200,2000,tablets,2026-08-15,2027-08-09
PHC-BR-GAY-631,ORS Sachets,DRG-001,Essential,2115,500,5000,sachets,2026-09-10,2027-04-10
PHC-BR-GAY-631,Zinc Sulfate 20mg,DRG-002,Essential,1220,200,2000,tablets,2026-08-04,2027-04-03
PHC-BR-GAY-631,Paracetamol 500mg,DRG-003,Analgesic,3222,1000,10000,tablets,2026-08-30,2027-08-28
PHC-BR-GAY-631,Amoxicillin 500mg,DRG-004,Antibiotic,2232,300,3000,capsules,2026-08-14,2027-09-16
PHC-BR-GAY-631,Polyvalent Anti-Snake Venom (ASV),DRG-005,Antivenom,14,10,50,vials,2026-08-04,2027-05-27
PHC-BR-GAY-631,Salbutamol Nebules,DRG-006,Respiratory,156,50,500,ampoules,2026-09-12,2027-09-21
PHC-BR-GAY-631,Doxycycline 100mg,DRG-007,Antibiotic,1439,200,2000,tablets,2026-08-16,2026-12-29
PHC-BR-GAY-631,Iron Folic Acid tablets,DRG-008,Supplement,932,500,5000,tablets,2026-08-24,2027-05-11
PHC-BR-GAY-631,Metformin 500mg,DRG-009,Anti-diabetic,1480,300,3000,tablets,2026-09-10,2026-12-24
PHC-BR-GAY-631,Amlodipine 5mg,DRG-010,Cardiovascular,1498,200,2000,tablets,2026-09-13,2027-03-05
PHC-BR-GAY-632,ORS Sachets,DRG-001,Essential,4468,500,5000,sachets,2026-08-14,2027-06-28
PHC-BR-GAY-632,Zinc Sulfate 20mg,DRG-002,Essential,649,200,2000,tablets,2026-07-31,2026-11-12
PHC-BR-GAY-632,Paracetamol 500mg,DRG-003,Analgesic,4557,1000,10000,tablets,2026-08-13,2027-07-26
PHC-BR-GAY-632,Amoxicillin 500mg,DRG-004,Antibiotic,359,300,3000,capsules,2026-09-04,2027-02-01
PHC-BR-GAY-632,Polyvalent Anti-Snake Venom (ASV),DRG-005,Antivenom,31,10,50,vials,2026-09-19,2027-06-06
PHC-BR-GAY-632,Salbutamol Nebules,DRG-006,Respiratory,351,50,500,ampoules,2026-08-13,2027-05-06
PHC-BR-GAY-632,Doxycycline 100mg,DRG-007,Antibiotic,1516,200,2000,tablets,2026-08-06,2027-06-25
PHC-BR-GAY-632,Iron Folic Acid tablets,DRG-008,Supplement,2785,500,5000,tablets,2026-08-16,2027-06-04
PHC-BR-GAY-632,Metformin 500mg,DRG-009,Anti-diabetic,630,300,3000,tablets,2026-08-22,2027-07-25
PHC-BR-GAY-632,Amlodipine 5mg,DRG-010,Cardiovascular,1764,200,2000,tablets,2026-08-30,2027-04-25
PHC-BR-GAY-633,ORS Sachets,DRG-001,Essential,4668,500,5000,sachets,2026-09-10,2026-11-13
PHC-BR-GAY-633,Zinc Sulfate 20mg,DRG-002,Essential,1407,200,2000,tablets,2026-09-22,2026-11-20
PHC-BR-GAY-633,Paracetamol 500mg,DRG-003,Analgesic,6507,1000,10000,tablets,2026-08-07,2027-08-13
PHC-BR-GAY-633,Amoxicillin 500mg,DRG-004,Antibiotic,604,300,3000,capsules,2026-08-23,2027-01-06
PHC-BR-GAY-633,Polyvalent Anti-Snake Venom (ASV),DRG-005,Antivenom,40,10,50,vials,2026-09-23,2027-04-23
PHC-BR-GAY-633,Salbutamol Nebules,DRG-006,Respiratory,332,50,500,ampoules,2026-08-07,2027-07-16
PHC-BR-GAY-633,Doxycycline 100mg,DRG-007,Antibiotic,686,200,2000,tablets,2026-09-23,2027-09-25
PHC-BR-GAY-633,Iron Folic Acid tablets,DRG-008,Supplement,4255,500,5000,tablets,2026-08-02,2027-02-26
PHC-BR-GAY-633,Metformin 500mg,DRG-009,Anti-diabetic,1523,300,3000,tablets,2026-08-16,2027-02-28
PHC-BR-GAY-633,Amlodipine 5mg,DRG-010,Cardiovascular,1796,200,2000,tablets,2026-09-10,2027-06-20
PHC-BR-GAY-634,ORS Sachets,DRG-001,Essential,3750,500,5000,sachets,2026-08-31,2027-03-23
PHC-BR-GAY-634,Zinc Sulfate 20mg,DRG-002,Essential,266,200,2000,tablets,2026-08-13,2027-08-10
PHC-BR-GAY-634,Paracetamol 500mg,DRG-003,Analgesic,3318,1000,10000,tablets,2026-09-01,2027-06-25
PHC-BR-GAY-634,Amoxicillin 500mg,DRG-004,Antibiotic,2323,300,3000,capsules,2026-09-22,2027-09-08
PHC-BR-GAY-634,Polyvalent Anti-Snake Venom (ASV),DRG-005,Antivenom,22,10,50,vials,2026-08-22,2026-11-25
PHC-BR-GAY-634,Salbutamol Nebules,DRG-006,Respiratory,168,50,500,ampoules,2026-09-20,2026-10-31
PHC-BR-GAY-634,Doxycycline 100mg,DRG-007,Antibiotic,1312,200,2000,tablets,2026-09-17,2027-03-21
PHC-BR-GAY-634,Iron Folic Acid tablets,DRG-008,Supplement,1734,500,5000,tablets,2026-08-31,2027-02-14
PHC-BR-GAY-634,Metformin 500mg,DRG-009,Anti-diabetic,1649,300,3000,tablets,2026-09-08,2026-12-16
PHC-BR-GAY-634,Amlodipine 5mg,DRG-010,Cardiovascular,270,200,2000,tablets,2026-09-05,2027-06-08
PHC-BR-GAY-635,ORS Sachets,DRG-001,Essential,3755,500,5000,sachets,2026-09-10,2027-01-25
PHC-BR-GAY-635,Zinc Sulfate 20mg,DRG-002,Essential,1181,200,2000,tablets,2026-09-04,2027-08-26
PHC-BR-GAY-635,Paracetamol 500mg,DRG-003,Analgesic,9522,1000,10000,tablets,2026-09-08,2027-05-25
PHC-BR-GAY-635,Amoxicillin 500mg,DRG-004,Antibiotic,1746,300,3000,capsules,2026-09-04,2027-06-11
PHC-BR-GAY-635,Polyvalent Anti-Snake Venom (ASV),DRG-005,Antivenom,45,10,50,vials,2026-08-16,2027-06-24
PHC-BR-GAY-635,Salbutamol Nebules,DRG-006,Respiratory,348,50,500,ampoules,2026-08-10,2027-09-27
PHC-BR-GAY-635,Doxycycline 100mg,DRG-007,Antibiotic,1597,200,2000,tablets,2026-08-28,2026-12-08
PHC-BR-GAY-635,Iron Folic Acid tablets,DRG-008,Supplement,3756,500,5000,tablets,2026-08-04,2027-02-11
PHC-BR-GAY-635,Metformin 500mg,DRG-009,Anti-diabetic,2588,300,3000,tablets,2026-09-23,2027-06-24
PHC-BR-GAY-635,Amlodipine 5mg,DRG-010,Cardiovascular,434,200,2000,tablets,2026-09-21,2027-03-17
PHC-BR-GAY-636,ORS Sachets,DRG-001,Essential,4878,500,5000,sachets,2026-08-19,2026-12-15
PHC-BR-GAY-636,Zinc Sulfate 20mg,DRG-002,Essential,1280,200,2000,tablets,2026-09-20,2027-05-30
PHC-BR-GAY-636,Paracetamol 500mg,DRG-003,Analgesic,6914,1000,10000,tablets,2026-09-20,2027-07-03
PHC-BR-GAY-636,Amoxicillin 500mg,DRG-004,Antibiotic,1600,300,3000,capsules,2026-08-02,2026-11-10
PHC-BR-GAY-636,Polyvalent Anti-Snake Venom (ASV),DRG-005,Antivenom,47,10,50,vials,2026-08-09,2026-11-24
PHC-BR-GAY-636,Salbutamol Nebules,DRG-006,Respiratory,178,50,500,ampoules,2026-08-28,2027-01-26
PHC-BR-GAY-636,Doxycycline 100mg,DRG-007,Antibiotic,1978,200,2000,tablets,2026-09-18,2026-12-28
PHC-BR-GAY-636,Iron Folic Acid tablets,DRG-008,Supplement,2830,500,5000,tablets,2026-08-12,2027-09-15
PHC-BR-GAY-636,Metformin 500mg,DRG-009,Anti-diabetic,1653,300,3000,tablets,2026-08-30,2027-01-05
PHC-BR-GAY-636,Amlodipine 5mg,DRG-010,Cardiovascular,1058,200,2000,tablets,2026-09-02,2027-02-22
PHC-BR-GAY-637,ORS Sachets,DRG-001,Essential,3042,500,5000,sachets,2026-08-23,2026-12-13
PHC-BR-GAY-637,Zinc Sulfate 20mg,DRG-002,Essential,1616,200,2000,tablets,2026-08-31,2027-05-03
PHC-BR-GAY-637,Paracetamol 500mg,DRG-003,Analgesic,5325,1000,10000,tablets,2026-08-14,2026-11-08
PHC-BR-GAY-637,Amoxicillin 500mg,DRG-004,Antibiotic,2031,300,3000,capsules,2026-08-22,2027-01-08
PHC-BR-GAY-637,Polyvalent Anti-Snake Venom (ASV),DRG-005,Antivenom,38,10,50,vials,2026-08-15,2027-05-19
PHC-BR-GAY-637,Salbutamol Nebules,DRG-006,Respiratory,444,50,500,ampoules,2026-09-08,2027-02-11
PHC-BR-GAY-637,Doxycycline 100mg,DRG-007,Antibiotic,1741,200,2000,tablets,2026-08-09,2027-03-22
PHC-BR-GAY-637,Iron Folic Acid tablets,DRG-008,Supplement,4685,500,5000,tablets,2026-08-20,2026-12-04
PHC-BR-GAY-637,Metformin 500mg,DRG-009,Anti-diabetic,1351,300,3000,tablets,2026-09-22,2027-02-01
PHC-BR-GAY-637,Amlodipine 5mg,DRG-010,Cardiovascular,717,200,2000,tablets,2026-08-11,2027-01-14
PHC-BR-GAY-638,ORS Sachets,DRG-001,Essential,4988,500,5000,sachets,2026-08-28,2026-12-24
PHC-BR-GAY-638,Zinc Sulfate 20mg,DRG-002,Essential,737,200,2000,tablets,2026-09-01,2027-07-30
PHC-BR-GAY-638,Paracetamol 500mg,DRG-003,Analgesic,1804,1000,10000,tablets,2026-09-20,2026-12-06
PHC-BR-GAY-638,Amoxicillin 500mg,DRG-004,Antibiotic,1988,300,3000,capsules,2026-08-11,2027-05-31
PHC-BR-GAY-638,Polyvalent Anti-Snake Venom (ASV),DRG-005,Antivenom,32,10,50,vials,2026-08-13,2027-04-08
PHC-BR-GAY-638,Salbutamol Nebules,DRG-006,Respiratory,277,50,500,ampoules,2026-08-17,2026-11-14
PHC-BR-GAY-638,Doxycycline 100mg,DRG-007,Antibiotic,1746,200,2000,tablets,2026-08-06,2027-08-04
PHC-BR-GAY-638,Iron Folic Acid tablets,DRG-008,Supplement,3916,500,5000,tablets,2026-08-01,2027-03-03
PHC-BR-GAY-638,Metformin 500mg,DRG-009,Anti-diabetic,2042,300,3000,tablets,2026-08-07,2027-02-10
PHC-BR-GAY-638,Amlodipine 5mg,DRG-010,Cardiovascular,834,200,2000,tablets,2026-09-01,2027-04-17
PHC-BR-GAY-639,ORS Sachets,DRG-001,Essential,165,500,5000,sachets,2026-08-20,2027-08-25
PHC-BR-GAY-639,Zinc Sulfate 20mg,DRG-002,Essential,16,200,2000,tablets,2026-09-17,2027-04-24
PHC-BR-GAY-639,Paracetamol 500mg,DRG-003,Analgesic,482,1000,10000,tablets,2026-09-17,2027-06-07
PHC-BR-GAY-639,Amoxicillin 500mg,DRG-004,Antibiotic,209,300,3000,capsules,2026-08-01,2027-01-22
PHC-BR-GAY-639,Polyvalent Anti-Snake Venom (ASV),DRG-005,Antivenom,4,10,50,vials,2026-08-30,2027-06-29
PHC-BR-GAY-639,Salbutamol Nebules,DRG-006,Respiratory,6,50,500,ampoules,2026-08-22,2027-06-28
PHC-BR-GAY-639,Doxycycline 100mg,DRG-007,Antibiotic,146,200,2000,tablets,2026-08-27,2027-06-09
PHC-BR-GAY-639,Iron Folic Acid tablets,DRG-008,Supplement,379,500,5000,tablets,2026-08-11,2027-07-18
PHC-BR-GAY-639,Metformin 500mg,DRG-009,Anti-diabetic,264,300,3000,tablets,2026-08-31,2026-11-18
PHC-BR-GAY-639,Amlodipine 5mg,DRG-010,Cardiovascular,74,200,2000,tablets,2026-09-02,2026-11-30
PHC-BR-GAY-640,ORS Sachets,DRG-001,Essential,535,500,5000,sachets,2026-09-13,2026-12-08
PHC-BR-GAY-640,Zinc Sulfate 20mg,DRG-002,Essential,508,200,2000,tablets,2026-08-31,2027-06-24
PHC-BR-GAY-640,Paracetamol 500mg,DRG-003,Analgesic,8447,1000,10000,tablets,2026-08-14,2027-04-23
PHC-BR-GAY-640,Amoxicillin 500mg,DRG-004,Antibiotic,1387,300,3000,capsules,2026-08-21,2027-07-17
PHC-BR-GAY-640,Polyvalent Anti-Snake Venom (ASV),DRG-005,Antivenom,31,10,50,vials,2026-09-08,2027-01-15
PHC-BR-GAY-640,Salbutamol Nebules,DRG-006,Respiratory,450,50,500,ampoules,2026-08-10,2027-06-11
PHC-BR-GAY-640,Doxycycline 100mg,DRG-007,Antibiotic,308,200,2000,tablets,2026-08-16,2027-02-05
PHC-BR-GAY-640,Iron Folic Acid tablets,DRG-008,Supplement,4824,500,5000,tablets,2026-08-13,2027-04-11
PHC-BR-GAY-640,Metformin 500mg,DRG-009,Anti-diabetic,1565,300,3000,tablets,2026-08-16,2027-09-11
PHC-BR-GAY-640,Amlodipine 5mg,DRG-010,Cardiovascular,668,200,2000,tablets,2026-08-24,2027-08-23
PHC-BR-GAY-641,ORS Sachets,DRG-001,Essential,427,500,5000,sachets,2026-09-18,2027-09-12
PHC-BR-GAY-641,Zinc Sulfate 20mg,DRG-002,Essential,37,200,2000,tablets,2026-09-22,2027-08-13
PHC-BR-GAY-641,Paracetamol 500mg,DRG-003,Analgesic,262,1000,10000,tablets,2026-08-22,2027-05-30
PHC-BR-GAY-641,Amoxicillin 500mg,DRG-004,Antibiotic,22,300,3000,capsules,2026-09-10,2027-03-03
PHC-BR-GAY-641,Polyvalent Anti-Snake Venom (ASV),DRG-005,Antivenom,3,10,50,vials,2026-08-30,2027-05-17
PHC-BR-GAY-641,Salbutamol Nebules,DRG-006,Respiratory,11,50,500,ampoules,2026-08-04,2027-04-29
PHC-BR-GAY-641,Doxycycline 100mg,DRG-007,Antibiotic,113,200,2000,tablets,2026-09-03,2027-09-28
PHC-BR-GAY-641,Iron Folic Acid tablets,DRG-008,Supplement,468,500,5000,tablets,2026-09-04,2027-05-22
PHC-BR-GAY-641,Metformin 500mg,DRG-009,Anti-diabetic,258,300,3000,tablets,2026-09-17,2027-08-17
PHC-BR-GAY-641,Amlodipine 5mg,DRG-010,Cardiovascular,108,200,2000,tablets,2026-09-15,2026-11-05
PHC-BR-GAY-642,ORS Sachets,DRG-001,Essential,12,500,5000,sachets,2026-09-06,2027-04-10
PHC-BR-GAY-642,Zinc Sulfate 20mg,DRG-002,Essential,181,200,2000,tablets,2026-08-17,2027-09-07
PHC-BR-GAY-642,Paracetamol 500mg,DRG-003,Analgesic,467,1000,10000,tablets,2026-09-20,2027-09-19
PHC-BR-GAY-642,Amoxicillin 500mg,DRG-004,Antibiotic,257,300,3000,capsules,2026-08-10,2027-08-01
PHC-BR-GAY-642,Polyvalent Anti-Snake Venom (ASV),DRG-005,Antivenom,10,10,50,vials,2026-08-20,2027-07-20
PHC-BR-GAY-642,Salbutamol Nebules,DRG-006,Respiratory,30,50,500,ampoules,2026-09-01,2027-09-15
PHC-BR-GAY-642,Doxycycline 100mg,DRG-007,Antibiotic,99,200,2000,tablets,2026-08-12,2027-03-08
PHC-BR-GAY-642,Iron Folic Acid tablets,DRG-008,Supplement,126,500,5000,tablets,2026-08-13,2027-09-19
PHC-BR-GAY-642,Metformin 500mg,DRG-009,Anti-diabetic,21,300,3000,tablets,2026-08-20,2026-11-28
PHC-BR-GAY-642,Amlodipine 5mg,DRG-010,Cardiovascular,78,200,2000,tablets,2026-07-31,2027-04-02
PHC-BR-GAY-643,ORS Sachets,DRG-001,Essential,2048,500,5000,sachets,2026-09-07,2027-07-17
PHC-BR-GAY-643,Zinc Sulfate 20mg,DRG-002,Essential,360,200,2000,tablets,2026-08-11,2027-01-26
PHC-BR-GAY-643,Paracetamol 500mg,DRG-003,Analgesic,5862,1000,10000,tablets,2026-08-11,2026-11-22
PHC-BR-GAY-643,Amoxicillin 500mg,DRG-004,Antibiotic,2222,300,3000,capsules,2026-08-31,2027-07-15
PHC-BR-GAY-643,Polyvalent Anti-Snake Venom (ASV),DRG-005,Antivenom,27,10,50,vials,2026-09-14,2027-08-29
PHC-BR-GAY-643,Salbutamol Nebules,DRG-006,Respiratory,450,50,500,ampoules,2026-09-04,2027-09-17
PHC-BR-GAY-643,Doxycycline 100mg,DRG-007,Antibiotic,510,200,2000,tablets,2026-09-15,2026-11-27
PHC-BR-GAY-643,Iron Folic Acid tablets,DRG-008,Supplement,3105,500,5000,tablets,2026-09-20,2027-08-14
PHC-BR-GAY-643,Metformin 500mg,DRG-009,Anti-diabetic,2930,300,3000,tablets,2026-08-12,2026-11-22
PHC-BR-GAY-643,Amlodipine 5mg,DRG-010,Cardiovascular,928,200,2000,tablets,2026-09-08,2027-06-06
PHC-BR-GAY-644,ORS Sachets,DRG-001,Essential,192,500,5000,sachets,2026-08-22,2027-04-06
PHC-BR-GAY-644,Zinc Sulfate 20mg,DRG-002,Essential,18,200,2000,tablets,2026-08-01,2027-06-15
PHC-BR-GAY-644,Paracetamol 500mg,DRG-003,Analgesic,801,1000,10000,tablets,2026-08-05,2027-07-25
PHC-BR-GAY-644,Amoxicillin 500mg,DRG-004,Antibiotic,129,300,3000,capsules,2026-08-26,2026-11-03
PHC-BR-GAY-644,Polyvalent Anti-Snake Venom (ASV),DRG-005,Antivenom,3,10,50,vials,2026-09-05,2026-12-11
PHC-BR-GAY-644,Salbutamol Nebules,DRG-006,Respiratory,31,50,500,ampoules,2026-09-21,2027-06-11
PHC-BR-GAY-644,Doxycycline 100mg,DRG-007,Antibiotic,55,200,2000,tablets,2026-09-20,2027-01-19
PHC-BR-GAY-644,Iron Folic Acid tablets,DRG-008,Supplement,360,500,5000,tablets,2026-08-12,2026-12-18
PHC-BR-GAY-644,Metformin 500mg,DRG-009,Anti-diabetic,257,300,3000,tablets,2026-08-21,2027-05-12
PHC-BR-GAY-644,Amlodipine 5mg,DRG-010,Cardiovascular,184,200,2000,tablets,2026-08-16,2026-11-09
PHC-BR-GAY-645,ORS Sachets,DRG-001,Essential,1587,500,5000,sachets,2026-09-09,2027-08-05
PHC-BR-GAY-645,Zinc Sulfate 20mg,DRG-002,Essential,814,200,2000,tablets,2026-09-24,2027-03-16
PHC-BR-GAY-645,Paracetamol 500mg,DRG-003,Analgesic,2172,1000,10000,tablets,2026-08-19,2027-04-24
PHC-BR-GAY-645,Amoxicillin 500mg,DRG-004,Antibiotic,2235,300,3000,capsules,2026-08-27,2027-04-21
PHC-BR-GAY-645,Polyvalent Anti-Snake Venom (ASV),DRG-005,Antivenom,11,10,50,vials,2026-08-26,2027-02-25
PHC-BR-GAY-645,Salbutamol Nebules,DRG-006,Respiratory,338,50,500,ampoules,2026-09-05,2027-03-21
PHC-BR-GAY-645,Doxycycline 100mg,DRG-007,Antibiotic,1771,200,2000,tablets,2026-08-11,2027-03-03
PHC-BR-GAY-645,Iron Folic Acid tablets,DRG-008,Supplement,1871,500,5000,tablets,2026-09-04,2027-03-16
PHC-BR-GAY-645,Metformin 500mg,DRG-009,Anti-diabetic,2038,300,3000,tablets,2026-09-23,2026-11-11
PHC-BR-GAY-645,Amlodipine 5mg,DRG-010,Cardiovascular,1078,200,2000,tablets,2026-09-11,2027-05-17
PHC-BR-GAY-646,ORS Sachets,DRG-001,Essential,4197,500,5000,sachets,2026-09-23,2027-02-13
PHC-BR-GAY-646,Zinc Sulfate 20mg,DRG-002,Essential,301,200,2000,tablets,2026-09-07,2027-05-09
PHC-BR-GAY-646,Paracetamol 500mg,DRG-003,Analgesic,5927,1000,10000,tablets,2026-09-18,2027-03-20
PHC-BR-GAY-646,Amoxicillin 500mg,DRG-004,Antibiotic,836,300,3000,capsules,2026-08-12,2027-04-11
PHC-BR-GAY-646,Polyvalent Anti-Snake Venom (ASV),DRG-005,Antivenom,48,10,50,vials,2026-09-04,2027-03-20
PHC-BR-GAY-646,Salbutamol Nebules,DRG-006,Respiratory,391,50,500,ampoules,2026-08-21,2027-07-17
PHC-BR-GAY-646,Doxycycline 100mg,DRG-007,Antibiotic,1160,200,2000,tablets,2026-09-03,2026-11-14
PHC-BR-GAY-646,Iron Folic Acid tablets,DRG-008,Supplement,2895,500,5000,tablets,2026-09-07,2027-03-07
PHC-BR-GAY-646,Metformin 500mg,DRG-009,Anti-diabetic,1905,300,3000,tablets,2026-09-08,2026-11-17
PHC-BR-GAY-646,Amlodipine 5mg,DRG-010,Cardiovascular,460,200,2000,tablets,2026-08-08,2027-02-06
PHC-BR-GAY-647,ORS Sachets,DRG-001,Essential,220,500,5000,sachets,2026-08-31,2027-07-03
PHC-BR-GAY-647,Zinc Sulfate 20mg,DRG-002,Essential,115,200,2000,tablets,2026-08-30,2027-02-03
PHC-BR-GAY-647,Paracetamol 500mg,DRG-003,Analgesic,715,1000,10000,tablets,2026-09-17,2027-09-16
PHC-BR-GAY-647,Amoxicillin 500mg,DRG-004,Antibiotic,199,300,3000,capsules,2026-08-29,2027-07-27
PHC-BR-GAY-647,Polyvalent Anti-Snake Venom (ASV),DRG-005,Antivenom,3,10,50,vials,2026-08-06,2027-09-01
PHC-BR-GAY-647,Salbutamol Nebules,DRG-006,Respiratory,36,50,500,ampoules,2026-08-26,2027-07-29
PHC-BR-GAY-647,Doxycycline 100mg,DRG-007,Antibiotic,54,200,2000,tablets,2026-09-18,2027-02-16
PHC-BR-GAY-647,Iron Folic Acid tablets,DRG-008,Supplement,93,500,5000,tablets,2026-09-04,2027-09-23
PHC-BR-GAY-647,Metformin 500mg,DRG-009,Anti-diabetic,114,300,3000,tablets,2026-09-13,2027-08-10
PHC-BR-GAY-647,Amlodipine 5mg,DRG-010,Cardiovascular,197,200,2000,tablets,2026-09-16,2026-12-12
PHC-BR-GAY-648,ORS Sachets,DRG-001,Essential,2372,500,5000,sachets,2026-09-05,2027-08-07
PHC-BR-GAY-648,Zinc Sulfate 20mg,DRG-002,Essential,1604,200,2000,tablets,2026-09-20,2027-03-27
PHC-BR-GAY-648,Paracetamol 500mg,DRG-003,Analgesic,5779,1000,10000,tablets,2026-08-23,2027-07-31
PHC-BR-GAY-648,Amoxicillin 500mg,DRG-004,Antibiotic,625,300,3000,capsules,2026-08-01,2027-08-16
PHC-BR-GAY-648,Polyvalent Anti-Snake Venom (ASV),DRG-005,Antivenom,25,10,50,vials,2026-09-13,2027-03-05
PHC-BR-GAY-648,Salbutamol Nebules,DRG-006,Respiratory,119,50,500,ampoules,2026-09-07,2027-02-12
PHC-BR-GAY-648,Doxycycline 100mg,DRG-007,Antibiotic,1347,200,2000,tablets,2026-09-07,2027-09-27
PHC-BR-GAY-648,Iron Folic Acid tablets,DRG-008,Supplement,2264,500,5000,tablets,2026-09-08,2026-12-02
PHC-BR-GAY-648,Metformin 500mg,DRG-009,Anti-diabetic,2990,300,3000,tablets,2026-09-02,2027-07-09
PHC-BR-GAY-648,Amlodipine 5mg,DRG-010,Cardiovascular,1799,200,2000,tablets,2026-08-04,2027-09-18
PHC-BR-GAY-649,ORS Sachets,DRG-001,Essential,2576,500,5000,sachets,2026-08-31,2027-08-04
PHC-BR-GAY-649,Zinc Sulfate 20mg,DRG-002,Essential,1219,200,2000,tablets,2026-08-22,2026-11-04
PHC-BR-GAY-649,Paracetamol 500mg,DRG-003,Analgesic,2660,1000,10000,tablets,2026-08-23,2026-10-29
PHC-BR-GAY-649,Amoxicillin 500mg,DRG-004,Antibiotic,1968,300,3000,capsules,2026-09-14,2027-07-05
PHC-BR-GAY-649,Polyvalent Anti-Snake Venom (ASV),DRG-005,Antivenom,38,10,50,vials,2026-08-10,2027-05-17
PHC-BR-GAY-649,Salbutamol Nebules,DRG-006,Respiratory,145,50,500,ampoules,2026-08-15,2027-03-27
PHC-BR-GAY-649,Doxycycline 100mg,DRG-007,Antibiotic,740,200,2000,tablets,2026-09-03,2027-04-28
PHC-BR-GAY-649,Iron Folic Acid tablets,DRG-008,Supplement,3424,500,5000,tablets,2026-09-06,2027-01-25
PHC-BR-GAY-649,Metformin 500mg,DRG-009,Anti-diabetic,2839,300,3000,tablets,2026-08-07,2027-07-31
PHC-BR-GAY-649,Amlodipine 5mg,DRG-010,Cardiovascular,391,200,2000,tablets,2026-09-15,2027-03-12
PHC-BR-GAY-650,ORS Sachets,DRG-001,Essential,2754,500,5000,sachets,2026-07-31,2027-06-10
PHC-BR-GAY-650,Zinc Sulfate 20mg,DRG-002,Essential,608,200,2000,tablets,2026-09-17,2027-04-25
PHC-BR-GAY-650,Paracetamol 500mg,DRG-003,Analgesic,7610,1000,10000,tablets,2026-09-15,2027-01-20
PHC-BR-GAY-650,Amoxicillin 500mg,DRG-004,Antibiotic,2692,300,3000,capsules,2026-09-17,2026-12-14
PHC-BR-GAY-650,Polyvalent Anti-Snake Venom (ASV),DRG-005,Antivenom,40,10,50,vials,2026-08-04,2027-07-22
PHC-BR-GAY-650,Salbutamol Nebules,DRG-006,Respiratory,451,50,500,ampoules,2026-09-15,2026-12-08
PHC-BR-GAY-650,Doxycycline 100mg,DRG-007,Antibiotic,1926,200,2000,tablets,2026-08-07,2027-03-12
PHC-BR-GAY-650,Iron Folic Acid tablets,DRG-008,Supplement,3103,500,5000,tablets,2026-08-09,2027-08-02
PHC-BR-GAY-650,Metformin 500mg,DRG-009,Anti-diabetic,1481,300,3000,tablets,2026-09-15,2026-11-08
PHC-BR-GAY-650,Amlodipine 5mg,DRG-010,Cardiovascular,647,200,2000,tablets,2026-09-03,2027-08-21
PHC-BR-GAY-651,ORS Sachets,DRG-001,Essential,4704,500,5000,sachets,2026-09-13,2027-03-03
PHC-BR-GAY-651,Zinc Sulfate 20mg,DRG-002,Essential,1412,200,2000,tablets,2026-08-23,2027-01-22
PHC-BR-GAY-651,Paracetamol 500mg,DRG-003,Analgesic,2384,1000,10000,tablets,2026-08-18,2027-07-24
PHC-BR-GAY-651,Amoxicillin 500mg,DRG-004,Antibiotic,1466,300,3000,capsules,2026-08-18,2027-07-20
PHC-BR-GAY-651,Polyvalent Anti-Snake Venom (ASV),DRG-005,Antivenom,13,10,50,vials,2026-08-26,2027-03-30
PHC-BR-GAY-651,Salbutamol Nebules,DRG-006,Respiratory,467,50,500,ampoules,2026-08-24,2027-05-22
PHC-BR-GAY-651,Doxycycline 100mg,DRG-007,Antibiotic,1694,200,2000,tablets,2026-09-19,2027-07-07
PHC-BR-GAY-651,Iron Folic Acid tablets,DRG-008,Supplement,4561,500,5000,tablets,2026-08-05,2027-01-19
PHC-BR-GAY-651,Metformin 500mg,DRG-009,Anti-diabetic,2560,300,3000,tablets,2026-09-01,2027-06-24
PHC-BR-GAY-651,Amlodipine 5mg,DRG-010,Cardiovascular,1894,200,2000,tablets,2026-08-15,2026-11-08
PHC-BR-MUZ-652,ORS Sachets,DRG-001,Essential,2566,500,5000,sachets,2026-08-01,2027-03-21
PHC-BR-MUZ-652,Zinc Sulfate 20mg,DRG-002,Essential,603,200,2000,tablets,2026-09-23,2027-02-03
PHC-BR-MUZ-652,Paracetamol 500mg,DRG-003,Analgesic,9924,1000,10000,tablets,2026-09-09,2027-09-12
PHC-BR-MUZ-652,Amoxicillin 500mg,DRG-004,Antibiotic,1814,300,3000,capsules,2026-09-04,2027-01-07
PHC-BR-MUZ-652,Polyvalent Anti-Snake Venom (ASV),DRG-005,Antivenom,17,10,50,vials,2026-08-03,2027-09-14
PHC-BR-MUZ-652,Salbutamol Nebules,DRG-006,Respiratory,220,50,500,ampoules,2026-08-01,2027-04-04
PHC-BR-MUZ-652,Doxycycline 100mg,DRG-007,Antibiotic,1482,200,2000,tablets,2026-09-02,2027-09-09
PHC-BR-MUZ-652,Iron Folic Acid tablets,DRG-008,Supplement,3678,500,5000,tablets,2026-08-19,2027-08-23
PHC-BR-MUZ-652,Metformin 500mg,DRG-009,Anti-diabetic,1857,300,3000,tablets,2026-09-12,2026-12-15
PHC-BR-MUZ-652,Amlodipine 5mg,DRG-010,Cardiovascular,1228,200,2000,tablets,2026-08-08,2026-11-29
PHC-BR-MUZ-653,ORS Sachets,DRG-001,Essential,832,500,5000,sachets,2026-08-19,2027-08-07
PHC-BR-MUZ-653,Zinc Sulfate 20mg,DRG-002,Essential,1171,200,2000,tablets,2026-08-05,2027-09-28
PHC-BR-MUZ-653,Paracetamol 500mg,DRG-003,Analgesic,7186,1000,10000,tablets,2026-08-03,2027-05-29
PHC-BR-MUZ-653,Amoxicillin 500mg,DRG-004,Antibiotic,1635,300,3000,capsules,2026-08-20,2026-11-09
PHC-BR-MUZ-653,Polyvalent Anti-Snake Venom (ASV),DRG-005,Antivenom,46,10,50,vials,2026-08-04,2026-11-14
PHC-BR-MUZ-653,Salbutamol Nebules,DRG-006,Respiratory,297,50,500,ampoules,2026-09-13,2027-07-06
PHC-BR-MUZ-653,Doxycycline 100mg,DRG-007,Antibiotic,295,200,2000,tablets,2026-08-11,2027-05-20
PHC-BR-MUZ-653,Iron Folic Acid tablets,DRG-008,Supplement,4643,500,5000,tablets,2026-09-18,2027-02-15
PHC-BR-MUZ-653,Metformin 500mg,DRG-009,Anti-diabetic,374,300,3000,tablets,2026-09-04,2027-03-27
PHC-BR-MUZ-653,Amlodipine 5mg,DRG-010,Cardiovascular,1377,200,2000,tablets,2026-09-15,2027-03-09
PHC-BR-MUZ-654,ORS Sachets,DRG-001,Essential,870,500,5000,sachets,2026-08-24,2027-08-27
PHC-BR-MUZ-654,Zinc Sulfate 20mg,DRG-002,Essential,1663,200,2000,tablets,2026-08-19,2027-01-15
PHC-BR-MUZ-654,Paracetamol 500mg,DRG-003,Analgesic,2928,1000,10000,tablets,2026-09-15,2027-01-25
PHC-BR-MUZ-654,Amoxicillin 500mg,DRG-004,Antibiotic,2563,300,3000,capsules,2026-08-04,2027-05-21
PHC-BR-MUZ-654,Polyvalent Anti-Snake Venom (ASV),DRG-005,Antivenom,20,10,50,vials,2026-08-14,2027-04-30
PHC-BR-MUZ-654,Salbutamol Nebules,DRG-006,Respiratory,276,50,500,ampoules,2026-08-11,2027-04-26
PHC-BR-MUZ-654,Doxycycline 100mg,DRG-007,Antibiotic,1206,200,2000,tablets,2026-09-19,2027-08-18
PHC-BR-MUZ-654,Iron Folic Acid tablets,DRG-008,Supplement,2785,500,5000,tablets,2026-07-31,2027-05-12
PHC-BR-MUZ-654,Metformin 500mg,DRG-009,Anti-diabetic,1611,300,3000,tablets,2026-08-26,2027-02-02
PHC-BR-MUZ-654,Amlodipine 5mg,DRG-010,Cardiovascular,1033,200,2000,tablets,2026-08-04,2027-03-04
PHC-BR-MUZ-655,ORS Sachets,DRG-001,Essential,4866,500,5000,sachets,2026-09-20,2027-05-06
PHC-BR-MUZ-655,Zinc Sulfate 20mg,DRG-002,Essential,1496,200,2000,tablets,2026-09-24,2026-11-20
PHC-BR-MUZ-655,Paracetamol 500mg,DRG-003,Analgesic,8510,1000,10000,tablets,2026-09-18,2027-05-26
PHC-BR-MUZ-655,Amoxicillin 500mg,DRG-004,Antibiotic,1126,300,3000,capsules,2026-09-07,2027-02-27
PHC-BR-MUZ-655,Polyvalent Anti-Snake Venom (ASV),DRG-005,Antivenom,40,10,50,vials,2026-09-09,2027-03-02
PHC-BR-MUZ-655,Salbutamol Nebules,DRG-006,Respiratory,329,50,500,ampoules,2026-09-07,2027-04-21
PHC-BR-MUZ-655,Doxycycline 100mg,DRG-007,Antibiotic,725,200,2000,tablets,2026-08-31,2027-06-25
PHC-BR-MUZ-655,Iron Folic Acid tablets,DRG-008,Supplement,1561,500,5000,tablets,2026-08-18,2027-09-10
PHC-BR-MUZ-655,Metformin 500mg,DRG-009,Anti-diabetic,1740,300,3000,tablets,2026-08-24,2027-03-26
PHC-BR-MUZ-655,Amlodipine 5mg,DRG-010,Cardiovascular,895,200,2000,tablets,2026-08-08,2027-06-13
PHC-BR-MUZ-656,ORS Sachets,DRG-001,Essential,4120,500,5000,sachets,2026-08-06,2027-01-21
PHC-BR-MUZ-656,Zinc Sulfate 20mg,DRG-002,Essential,472,200,2000,tablets,2026-08-08,2027-06-28
PHC-BR-MUZ-656,Paracetamol 500mg,DRG-003,Analgesic,7776,1000,10000,tablets,2026-08-12,2027-08-03
PHC-BR-MUZ-656,Amoxicillin 500mg,DRG-004,Antibiotic,1135,300,3000,capsules,2026-09-03,2027-02-07
PHC-BR-MUZ-656,Polyvalent Anti-Snake Venom (ASV),DRG-005,Antivenom,25,10,50,vials,2026-09-04,2027-01-20
PHC-BR-MUZ-656,Salbutamol Nebules,DRG-006,Respiratory,377,50,500,ampoules,2026-08-12,2026-12-04
PHC-BR-MUZ-656,Doxycycline 100mg,DRG-007,Antibiotic,1843,200,2000,tablets,2026-08-16,2026-12-27
PHC-BR-MUZ-656,Iron Folic Acid tablets,DRG-008,Supplement,3575,500,5000,tablets,2026-08-24,2027-01-20
PHC-BR-MUZ-656,Metformin 500mg,DRG-009,Anti-diabetic,2610,300,3000,tablets,2026-09-04,2027-02-24
PHC-BR-MUZ-656,Amlodipine 5mg,DRG-010,Cardiovascular,451,200,2000,tablets,2026-08-13,2027-01-06
PHC-BR-MUZ-657,ORS Sachets,DRG-001,Essential,2084,500,5000,sachets,2026-09-01,2027-06-25
PHC-BR-MUZ-657,Zinc Sulfate 20mg,DRG-002,Essential,845,200,2000,tablets,2026-08-04,2027-09-10
PHC-BR-MUZ-657,Paracetamol 500mg,DRG-003,Analgesic,9078,1000,10000,tablets,2026-08-08,2027-08-26
PHC-BR-MUZ-657,Amoxicillin 500mg,DRG-004,Antibiotic,530,300,3000,capsules,2026-08-03,2027-03-30
PHC-BR-MUZ-657,Polyvalent Anti-Snake Venom (ASV),DRG-005,Antivenom,11,10,50,vials,2026-08-30,2027-04-25
PHC-BR-MUZ-657,Salbutamol Nebules,DRG-006,Respiratory,294,50,500,ampoules,2026-08-29,2026-12-28
PHC-BR-MUZ-657,Doxycycline 100mg,DRG-007,Antibiotic,1207,200,2000,tablets,2026-09-11,2027-02-17
PHC-BR-MUZ-657,Iron Folic Acid tablets,DRG-008,Supplement,4965,500,5000,tablets,2026-08-03,2027-03-20
PHC-BR-MUZ-657,Metformin 500mg,DRG-009,Anti-diabetic,1171,300,3000,tablets,2026-08-04,2027-04-14
PHC-BR-MUZ-657,Amlodipine 5mg,DRG-010,Cardiovascular,1926,200,2000,tablets,2026-08-03,2027-05-13
PHC-BR-MUZ-658,ORS Sachets,DRG-001,Essential,3304,500,5000,sachets,2026-09-14,2027-07-06
PHC-BR-MUZ-658,Zinc Sulfate 20mg,DRG-002,Essential,276,200,2000,tablets,2026-09-15,2026-12-12
PHC-BR-MUZ-658,Paracetamol 500mg,DRG-003,Analgesic,8236,1000,10000,tablets,2026-09-07,2027-01-09
PHC-BR-MUZ-658,Amoxicillin 500mg,DRG-004,Antibiotic,820,300,3000,capsules,2026-08-06,2027-01-29
PHC-BR-MUZ-658,Polyvalent Anti-Snake Venom (ASV),DRG-005,Antivenom,26,10,50,vials,2026-08-07,2027-08-06
PHC-BR-MUZ-658,Salbutamol Nebules,DRG-006,Respiratory,293,50,500,ampoules,2026-08-09,2026-11-24
PHC-BR-MUZ-658,Doxycycline 100mg,DRG-007,Antibiotic,245,200,2000,tablets,2026-08-17,2027-06-01
PHC-BR-MUZ-658,Iron Folic Acid tablets,DRG-008,Supplement,1525,500,5000,tablets,2026-09-23,2027-01-12
PHC-BR-MUZ-658,Metformin 500mg,DRG-009,Anti-diabetic,2150,300,3000,tablets,2026-08-25,2027-03-19
PHC-BR-MUZ-658,Amlodipine 5mg,DRG-010,Cardiovascular,1044,200,2000,tablets,2026-08-29,2027-02-26
PHC-BR-MUZ-659,ORS Sachets,DRG-001,Essential,3204,500,5000,sachets,2026-08-12,2027-04-17
PHC-BR-MUZ-659,Zinc Sulfate 20mg,DRG-002,Essential,578,200,2000,tablets,2026-09-05,2027-02-07
PHC-BR-MUZ-659,Paracetamol 500mg,DRG-003,Analgesic,9270,1000,10000,tablets,2026-09-02,2027-06-14
PHC-BR-MUZ-659,Amoxicillin 500mg,DRG-004,Antibiotic,2679,300,3000,capsules,2026-09-16,2027-07-09
PHC-BR-MUZ-659,Polyvalent Anti-Snake Venom (ASV),DRG-005,Antivenom,14,10,50,vials,2026-09-14,2027-05-01
PHC-BR-MUZ-659,Salbutamol Nebules,DRG-006,Respiratory,62,50,500,ampoules,2026-08-30,2027-09-08
PHC-BR-MUZ-659,Doxycycline 100mg,DRG-007,Antibiotic,1715,200,2000,tablets,2026-08-13,2027-02-14
PHC-BR-MUZ-659,Iron Folic Acid tablets,DRG-008,Supplement,2417,500,5000,tablets,2026-09-16,2027-01-30
PHC-BR-MUZ-659,Metformin 500mg,DRG-009,Anti-diabetic,2908,300,3000,tablets,2026-08-13,2027-04-10
PHC-BR-MUZ-659,Amlodipine 5mg,DRG-010,Cardiovascular,1712,200,2000,tablets,2026-09-10,2027-04-12
PHC-BR-MUZ-660,ORS Sachets,DRG-001,Essential,4576,500,5000,sachets,2026-08-30,2027-05-21
PHC-BR-MUZ-660,Zinc Sulfate 20mg,DRG-002,Essential,693,200,2000,tablets,2026-09-13,2027-07-02
PHC-BR-MUZ-660,Paracetamol 500mg,DRG-003,Analgesic,7760,1000,10000,tablets,2026-09-07,2027-03-15
PHC-BR-MUZ-660,Amoxicillin 500mg,DRG-004,Antibiotic,2118,300,3000,capsules,2026-09-22,2027-06-08
PHC-BR-MUZ-660,Polyvalent Anti-Snake Venom (ASV),DRG-005,Antivenom,19,10,50,vials,2026-09-04,2027-07-03
PHC-BR-MUZ-660,Salbutamol Nebules,DRG-006,Respiratory,399,50,500,ampoules,2026-08-01,2027-07-03
PHC-BR-MUZ-660,Doxycycline 100mg,DRG-007,Antibiotic,311,200,2000,tablets,2026-08-30,2027-09-11
PHC-BR-MUZ-660,Iron Folic Acid tablets,DRG-008,Supplement,4068,500,5000,tablets,2026-09-23,2027-04-10
PHC-BR-MUZ-660,Metformin 500mg,DRG-009,Anti-diabetic,1317,300,3000,tablets,2026-08-31,2027-09-02
PHC-BR-MUZ-660,Amlodipine 5mg,DRG-010,Cardiovascular,1871,200,2000,tablets,2026-09-18,2026-11-16
PHC-BR-MUZ-661,ORS Sachets,DRG-001,Essential,3514,500,5000,sachets,2026-09-15,2027-03-27
PHC-BR-MUZ-661,Zinc Sulfate 20mg,DRG-002,Essential,1719,200,2000,tablets,2026-09-14,2026-12-25
PHC-BR-MUZ-661,Paracetamol 500mg,DRG-003,Analgesic,1336,1000,10000,tablets,2026-09-06,2026-12-11
PHC-BR-MUZ-661,Amoxicillin 500mg,DRG-004,Antibiotic,1694,300,3000,capsules,2026-09-24,2027-07-06
PHC-BR-MUZ-661,Polyvalent Anti-Snake Venom (ASV),DRG-005,Antivenom,15,10,50,vials,2026-08-10,2027-07-06
PHC-BR-MUZ-661,Salbutamol Nebules,DRG-006,Respiratory,398,50,500,ampoules,2026-08-05,2027-05-19
PHC-BR-MUZ-661,Doxycycline 100mg,DRG-007,Antibiotic,1178,200,2000,tablets,2026-08-19,2027-08-16
PHC-BR-MUZ-661,Iron Folic Acid tablets,DRG-008,Supplement,2735,500,5000,tablets,2026-08-01,2026-12-31
PHC-BR-MUZ-661,Metformin 500mg,DRG-009,Anti-diabetic,1817,300,3000,tablets,2026-08-11,2027-02-01
PHC-BR-MUZ-661,Amlodipine 5mg,DRG-010,Cardiovascular,1335,200,2000,tablets,2026-09-10,2027-01-18
PHC-BR-MUZ-662,ORS Sachets,DRG-001,Essential,4384,500,5000,sachets,2026-08-16,2027-09-29
PHC-BR-MUZ-662,Zinc Sulfate 20mg,DRG-002,Essential,657,200,2000,tablets,2026-09-02,2027-04-05
PHC-BR-MUZ-662,Paracetamol 500mg,DRG-003,Analgesic,8773,1000,10000,tablets,2026-08-26,2027-03-27
PHC-BR-MUZ-662,Amoxicillin 500mg,DRG-004,Antibiotic,2524,300,3000,capsules,2026-09-05,2027-08-31
PHC-BR-MUZ-662,Polyvalent Anti-Snake Venom (ASV),DRG-005,Antivenom,21,10,50,vials,2026-08-13,2027-08-08
PHC-BR-MUZ-662,Salbutamol Nebules,DRG-006,Respiratory,442,50,500,ampoules,2026-08-26,2027-01-18
PHC-BR-MUZ-662,Doxycycline 100mg,DRG-007,Antibiotic,776,200,2000,tablets,2026-09-15,2027-07-01
PHC-BR-MUZ-662,Iron Folic Acid tablets,DRG-008,Supplement,2648,500,5000,tablets,2026-08-01,2027-05-16
PHC-BR-MUZ-662,Metformin 500mg,DRG-009,Anti-diabetic,424,300,3000,tablets,2026-08-31,2026-11-27
PHC-BR-MUZ-662,Amlodipine 5mg,DRG-010,Cardiovascular,431,200,2000,tablets,2026-08-05,2027-09-23
PHC-BR-MUZ-663,ORS Sachets,DRG-001,Essential,4498,500,5000,sachets,2026-08-15,2027-01-10
PHC-BR-MUZ-663,Zinc Sulfate 20mg,DRG-002,Essential,1424,200,2000,tablets,2026-09-16,2027-08-05
PHC-BR-MUZ-663,Paracetamol 500mg,DRG-003,Analgesic,9356,1000,10000,tablets,2026-09-05,2026-12-11
PHC-BR-MUZ-663,Amoxicillin 500mg,DRG-004,Antibiotic,2023,300,3000,capsules,2026-08-10,2027-01-02
PHC-BR-MUZ-663,Polyvalent Anti-Snake Venom (ASV),DRG-005,Antivenom,29,10,50,vials,2026-09-05,2027-06-15
PHC-BR-MUZ-663,Salbutamol Nebules,DRG-006,Respiratory,367,50,500,ampoules,2026-08-08,2027-09-02
PHC-BR-MUZ-663,Doxycycline 100mg,DRG-007,Antibiotic,779,200,2000,tablets,2026-08-13,2027-08-17
PHC-BR-MUZ-663,Iron Folic Acid tablets,DRG-008,Supplement,2766,500,5000,tablets,2026-08-08,2027-01-28
PHC-BR-MUZ-663,Metformin 500mg,DRG-009,Anti-diabetic,1978,300,3000,tablets,2026-09-16,2027-09-06
PHC-BR-MUZ-663,Amlodipine 5mg,DRG-010,Cardiovascular,1003,200,2000,tablets,2026-08-04,2027-05-09
PHC-BR-MUZ-664,ORS Sachets,DRG-001,Essential,3127,500,5000,sachets,2026-08-16,2027-03-17
PHC-BR-MUZ-664,Zinc Sulfate 20mg,DRG-002,Essential,480,200,2000,tablets,2026-09-12,2026-11-04
PHC-BR-MUZ-664,Paracetamol 500mg,DRG-003,Analgesic,4624,1000,10000,tablets,2026-08-28,2027-09-07
PHC-BR-MUZ-664,Amoxicillin 500mg,DRG-004,Antibiotic,1039,300,3000,capsules,2026-08-14,2027-06-28
PHC-BR-MUZ-664,Polyvalent Anti-Snake Venom (ASV),DRG-005,Antivenom,29,10,50,vials,2026-08-20,2027-07-16
PHC-BR-MUZ-664,Salbutamol Nebules,DRG-006,Respiratory,138,50,500,ampoules,2026-09-01,2027-01-22
PHC-BR-MUZ-664,Doxycycline 100mg,DRG-007,Antibiotic,1439,200,2000,tablets,2026-08-31,2027-07-24
PHC-BR-MUZ-664,Iron Folic Acid tablets,DRG-008,Supplement,2627,500,5000,tablets,2026-09-17,2027-09-14
PHC-BR-MUZ-664,Metformin 500mg,DRG-009,Anti-diabetic,702,300,3000,tablets,2026-08-04,2027-06-21
PHC-BR-MUZ-664,Amlodipine 5mg,DRG-010,Cardiovascular,1052,200,2000,tablets,2026-08-01,2026-11-15
PHC-BR-MUZ-665,ORS Sachets,DRG-001,Essential,3973,500,5000,sachets,2026-08-12,2026-12-06
PHC-BR-MUZ-665,Zinc Sulfate 20mg,DRG-002,Essential,1004,200,2000,tablets,2026-09-22,2027-09-20
PHC-BR-MUZ-665,Paracetamol 500mg,DRG-003,Analgesic,7247,1000,10000,tablets,2026-08-07,2027-07-18
PHC-BR-MUZ-665,Amoxicillin 500mg,DRG-004,Antibiotic,2973,300,3000,capsules,2026-08-26,2027-08-29
PHC-BR-MUZ-665,Polyvalent Anti-Snake Venom (ASV),DRG-005,Antivenom,33,10,50,vials,2026-09-19,2027-08-29
PHC-BR-MUZ-665,Salbutamol Nebules,DRG-006,Respiratory,139,50,500,ampoules,2026-08-23,2027-05-18
PHC-BR-MUZ-665,Doxycycline 100mg,DRG-007,Antibiotic,888,200,2000,tablets,2026-09-02,2026-11-13
PHC-BR-MUZ-665,Iron Folic Acid tablets,DRG-008,Supplement,2174,500,5000,tablets,2026-08-06,2026-11-05
PHC-BR-MUZ-665,Metformin 500mg,DRG-009,Anti-diabetic,2968,300,3000,tablets,2026-07-31,2027-07-22
PHC-BR-MUZ-665,Amlodipine 5mg,DRG-010,Cardiovascular,1870,200,2000,tablets,2026-08-20,2027-05-22
PHC-BR-MUZ-666,ORS Sachets,DRG-001,Essential,32,500,5000,sachets,2026-08-19,2027-08-29
PHC-BR-MUZ-666,Zinc Sulfate 20mg,DRG-002,Essential,30,200,2000,tablets,2026-09-18,2027-06-30
PHC-BR-MUZ-666,Paracetamol 500mg,DRG-003,Analgesic,9,1000,10000,tablets,2026-08-28,2027-07-28
PHC-BR-MUZ-666,Amoxicillin 500mg,DRG-004,Antibiotic,8,300,3000,capsules,2026-08-27,2026-12-03
PHC-BR-MUZ-666,Polyvalent Anti-Snake Venom (ASV),DRG-005,Antivenom,2,10,50,vials,2026-09-11,2027-05-10
PHC-BR-MUZ-666,Salbutamol Nebules,DRG-006,Respiratory,3,50,500,ampoules,2026-09-15,2026-11-28
PHC-BR-MUZ-666,Doxycycline 100mg,DRG-007,Antibiotic,22,200,2000,tablets,2026-09-14,2027-06-09
PHC-BR-MUZ-666,Iron Folic Acid tablets,DRG-008,Supplement,56,500,5000,tablets,2026-08-18,2027-08-18
PHC-BR-MUZ-666,Metformin 500mg,DRG-009,Anti-diabetic,27,300,3000,tablets,2026-08-24,2027-05-24
PHC-BR-MUZ-666,Amlodipine 5mg,DRG-010,Cardiovascular,31,200,2000,tablets,2026-08-10,2027-07-19
PHC-BR-MUZ-667,ORS Sachets,DRG-001,Essential,1749,500,5000,sachets,2026-08-01,2027-07-18
PHC-BR-MUZ-667,Zinc Sulfate 20mg,DRG-002,Essential,1721,200,2000,tablets,2026-09-02,2027-02-02
PHC-BR-MUZ-667,Paracetamol 500mg,DRG-003,Analgesic,8965,1000,10000,tablets,2026-08-27,2027-04-05
PHC-BR-MUZ-667,Amoxicillin 500mg,DRG-004,Antibiotic,1329,300,3000,capsules,2026-08-24,2027-01-07
PHC-BR-MUZ-667,Polyvalent Anti-Snake Venom (ASV),DRG-005,Antivenom,19,10,50,vials,2026-08-14,2027-03-14
PHC-BR-MUZ-667,Salbutamol Nebules,DRG-006,Respiratory,136,50,500,ampoules,2026-08-30,2027-03-22
PHC-BR-MUZ-667,Doxycycline 100mg,DRG-007,Antibiotic,803,200,2000,tablets,2026-08-19,2027-06-12
PHC-BR-MUZ-667,Iron Folic Acid tablets,DRG-008,Supplement,4009,500,5000,tablets,2026-08-04,2027-02-04
PHC-BR-MUZ-667,Metformin 500mg,DRG-009,Anti-diabetic,2222,300,3000,tablets,2026-08-04,2026-11-28
PHC-BR-MUZ-667,Amlodipine 5mg,DRG-010,Cardiovascular,1809,200,2000,tablets,2026-08-01,2027-01-16
PHC-BR-MUZ-668,ORS Sachets,DRG-001,Essential,1099,500,5000,sachets,2026-08-08,2027-09-15
PHC-BR-MUZ-668,Zinc Sulfate 20mg,DRG-002,Essential,279,200,2000,tablets,2026-08-02,2027-02-11
PHC-BR-MUZ-668,Paracetamol 500mg,DRG-003,Analgesic,8556,1000,10000,tablets,2026-09-02,2027-06-07
PHC-BR-MUZ-668,Amoxicillin 500mg,DRG-004,Antibiotic,2623,300,3000,capsules,2026-08-03,2026-12-30
PHC-BR-MUZ-668,Polyvalent Anti-Snake Venom (ASV),DRG-005,Antivenom,21,10,50,vials,2026-09-10,2026-12-11
PHC-BR-MUZ-668,Salbutamol Nebules,DRG-006,Respiratory,399,50,500,ampoules,2026-08-28,2027-02-12
PHC-BR-MUZ-668,Doxycycline 100mg,DRG-007,Antibiotic,1456,200,2000,tablets,2026-08-05,2026-12-30
PHC-BR-MUZ-668,Iron Folic Acid tablets,DRG-008,Supplement,1283,500,5000,tablets,2026-08-20,2027-01-27
PHC-BR-MUZ-668,Metformin 500mg,DRG-009,Anti-diabetic,1801,300,3000,tablets,2026-08-27,2027-09-06
PHC-BR-MUZ-668,Amlodipine 5mg,DRG-010,Cardiovascular,1427,200,2000,tablets,2026-08-11,2027-03-17
PHC-BR-MUZ-669,ORS Sachets,DRG-001,Essential,1026,500,5000,sachets,2026-09-01,2027-03-01
PHC-BR-MUZ-669,Zinc Sulfate 20mg,DRG-002,Essential,1011,200,2000,tablets,2026-09-03,2027-01-08
PHC-BR-MUZ-669,Paracetamol 500mg,DRG-003,Analgesic,8755,1000,10000,tablets,2026-08-04,2027-08-02
PHC-BR-MUZ-669,Amoxicillin 500mg,DRG-004,Antibiotic,1228,300,3000,capsules,2026-09-06,2027-05-07
PHC-BR-MUZ-669,Polyvalent Anti-Snake Venom (ASV),DRG-005,Antivenom,13,10,50,vials,2026-08-01,2027-07-25
PHC-BR-MUZ-669,Salbutamol Nebules,DRG-006,Respiratory,61,50,500,ampoules,2026-09-03,2027-08-08
PHC-BR-MUZ-669,Doxycycline 100mg,DRG-007,Antibiotic,1084,200,2000,tablets,2026-09-08,2027-04-14
PHC-BR-MUZ-669,Iron Folic Acid tablets,DRG-008,Supplement,2263,500,5000,tablets,2026-08-01,2027-06-11
PHC-BR-MUZ-669,Metformin 500mg,DRG-009,Anti-diabetic,2427,300,3000,tablets,2026-08-20,2026-11-16
PHC-BR-MUZ-669,Amlodipine 5mg,DRG-010,Cardiovascular,1264,200,2000,tablets,2026-09-12,2027-04-03
PHC-BR-MUZ-670,ORS Sachets,DRG-001,Essential,4694,500,5000,sachets,2026-08-07,2027-05-12
PHC-BR-MUZ-670,Zinc Sulfate 20mg,DRG-002,Essential,1133,200,2000,tablets,2026-08-05,2027-07-25
PHC-BR-MUZ-670,Paracetamol 500mg,DRG-003,Analgesic,9169,1000,10000,tablets,2026-08-01,2026-11-17
PHC-BR-MUZ-670,Amoxicillin 500mg,DRG-004,Antibiotic,345,300,3000,capsules,2026-08-05,2027-04-01
PHC-BR-MUZ-670,Polyvalent Anti-Snake Venom (ASV),DRG-005,Antivenom,31,10,50,vials,2026-09-12,2026-10-31
PHC-BR-MUZ-670,Salbutamol Nebules,DRG-006,Respiratory,411,50,500,ampoules,2026-08-18,2027-06-15
PHC-BR-MUZ-670,Doxycycline 100mg,DRG-007,Antibiotic,1305,200,2000,tablets,2026-09-16,2026-11-01
PHC-BR-MUZ-670,Iron Folic Acid tablets,DRG-008,Supplement,2948,500,5000,tablets,2026-08-13,2027-07-18
PHC-BR-MUZ-670,Metformin 500mg,DRG-009,Anti-diabetic,2872,300,3000,tablets,2026-09-22,2027-03-03
PHC-BR-MUZ-670,Amlodipine 5mg,DRG-010,Cardiovascular,1914,200,2000,tablets,2026-09-08,2027-03-22
PHC-BR-MUZ-671,ORS Sachets,DRG-001,Essential,1397,500,5000,sachets,2026-08-07,2027-02-28
PHC-BR-MUZ-671,Zinc Sulfate 20mg,DRG-002,Essential,553,200,2000,tablets,2026-09-06,2026-12-25
PHC-BR-MUZ-671,Paracetamol 500mg,DRG-003,Analgesic,7729,1000,10000,tablets,2026-08-16,2027-04-08
PHC-BR-MUZ-671,Amoxicillin 500mg,DRG-004,Antibiotic,420,300,3000,capsules,2026-09-07,2027-03-01
PHC-BR-MUZ-671,Polyvalent Anti-Snake Venom (ASV),DRG-005,Antivenom,17,10,50,vials,2026-09-03,2027-04-29
PHC-BR-MUZ-671,Salbutamol Nebules,DRG-006,Respiratory,322,50,500,ampoules,2026-08-24,2027-05-21
PHC-BR-MUZ-671,Doxycycline 100mg,DRG-007,Antibiotic,293,200,2000,tablets,2026-08-23,2026-11-15
PHC-BR-MUZ-671,Iron Folic Acid tablets,DRG-008,Supplement,722,500,5000,tablets,2026-08-24,2027-01-20
PHC-BR-MUZ-671,Metformin 500mg,DRG-009,Anti-diabetic,968,300,3000,tablets,2026-09-11,2027-03-03
PHC-BR-MUZ-671,Amlodipine 5mg,DRG-010,Cardiovascular,1222,200,2000,tablets,2026-08-05,2027-02-20
PHC-BR-MUZ-672,ORS Sachets,DRG-001,Essential,19,500,5000,sachets,2026-09-20,2027-03-01
PHC-BR-MUZ-672,Zinc Sulfate 20mg,DRG-002,Essential,20,200,2000,tablets,2026-07-31,2027-09-07
PHC-BR-MUZ-672,Paracetamol 500mg,DRG-003,Analgesic,52,1000,10000,tablets,2026-09-01,2027-06-16
PHC-BR-MUZ-672,Amoxicillin 500mg,DRG-004,Antibiotic,48,300,3000,capsules,2026-08-30,2027-06-19
PHC-BR-MUZ-672,Polyvalent Anti-Snake Venom (ASV),DRG-005,Antivenom,2,10,50,vials,2026-09-09,2027-02-18
PHC-BR-MUZ-672,Salbutamol Nebules,DRG-006,Respiratory,0,50,500,ampoules,2026-08-03,2027-01-28
PHC-BR-MUZ-672,Doxycycline 100mg,DRG-007,Antibiotic,21,200,2000,tablets,2026-09-03,2026-11-20
PHC-BR-MUZ-672,Iron Folic Acid tablets,DRG-008,Supplement,93,500,5000,tablets,2026-08-08,2027-01-29
PHC-BR-MUZ-672,Metformin 500mg,DRG-009,Anti-diabetic,60,300,3000,tablets,2026-09-18,2027-08-19
PHC-BR-MUZ-672,Amlodipine 5mg,DRG-010,Cardiovascular,31,200,2000,tablets,2026-09-05,2027-04-24
PHC-BR-BHA-673,ORS Sachets,DRG-001,Essential,463,500,5000,sachets,2026-08-20,2027-07-14
PHC-BR-BHA-673,Zinc Sulfate 20mg,DRG-002,Essential,141,200,2000,tablets,2026-09-16,2027-02-15
PHC-BR-BHA-673,Paracetamol 500mg,DRG-003,Analgesic,789,1000,10000,tablets,2026-08-23,2027-04-23
PHC-BR-BHA-673,Amoxicillin 500mg,DRG-004,Antibiotic,294,300,3000,capsules,2026-08-06,2027-03-26
PHC-BR-BHA-673,Polyvalent Anti-Snake Venom (ASV),DRG-005,Antivenom,7,10,50,vials,2026-09-18,2027-08-04
PHC-BR-BHA-673,Salbutamol Nebules,DRG-006,Respiratory,18,50,500,ampoules,2026-08-01,2027-03-02
PHC-BR-BHA-673,Doxycycline 100mg,DRG-007,Antibiotic,25,200,2000,tablets,2026-09-17,2027-03-16
PHC-BR-BHA-673,Iron Folic Acid tablets,DRG-008,Supplement,89,500,5000,tablets,2026-09-16,2027-09-15
PHC-BR-BHA-673,Metformin 500mg,DRG-009,Anti-diabetic,253,300,3000,tablets,2026-08-24,2027-06-08
PHC-BR-BHA-673,Amlodipine 5mg,DRG-010,Cardiovascular,195,200,2000,tablets,2026-08-26,2026-11-19
PHC-BR-BHA-674,ORS Sachets,DRG-001,Essential,4838,500,5000,sachets,2026-08-18,2027-03-24
PHC-BR-BHA-674,Zinc Sulfate 20mg,DRG-002,Essential,672,200,2000,tablets,2026-09-21,2027-05-06
PHC-BR-BHA-674,Paracetamol 500mg,DRG-003,Analgesic,9646,1000,10000,tablets,2026-08-17,2026-12-03
PHC-BR-BHA-674,Amoxicillin 500mg,DRG-004,Antibiotic,730,300,3000,capsules,2026-08-09,2027-05-19
PHC-BR-BHA-674,Polyvalent Anti-Snake Venom (ASV),DRG-005,Antivenom,11,10,50,vials,2026-08-20,2027-09-06
PHC-BR-BHA-674,Salbutamol Nebules,DRG-006,Respiratory,348,50,500,ampoules,2026-08-08,2027-02-06
PHC-BR-BHA-674,Doxycycline 100mg,DRG-007,Antibiotic,449,200,2000,tablets,2026-08-24,2027-06-19
PHC-BR-BHA-674,Iron Folic Acid tablets,DRG-008,Supplement,4038,500,5000,tablets,2026-09-11,2027-03-27
PHC-BR-BHA-674,Metformin 500mg,DRG-009,Anti-diabetic,1480,300,3000,tablets,2026-09-24,2026-10-29
PHC-BR-BHA-674,Amlodipine 5mg,DRG-010,Cardiovascular,1759,200,2000,tablets,2026-09-07,2027-05-17
PHC-BR-BHA-675,ORS Sachets,DRG-001,Essential,746,500,5000,sachets,2026-09-23,2027-05-30
PHC-BR-BHA-675,Zinc Sulfate 20mg,DRG-002,Essential,1275,200,2000,tablets,2026-08-15,2027-03-02
PHC-BR-BHA-675,Paracetamol 500mg,DRG-003,Analgesic,5080,1000,10000,tablets,2026-08-06,2027-05-24
PHC-BR-BHA-675,Amoxicillin 500mg,DRG-004,Antibiotic,1879,300,3000,capsules,2026-08-20,2027-05-14
PHC-BR-BHA-675,Polyvalent Anti-Snake Venom (ASV),DRG-005,Antivenom,19,10,50,vials,2026-09-21,2027-09-12
PHC-BR-BHA-675,Salbutamol Nebules,DRG-006,Respiratory,130,50,500,ampoules,2026-09-02,2027-05-25
PHC-BR-BHA-675,Doxycycline 100mg,DRG-007,Antibiotic,274,200,2000,tablets,2026-09-12,2027-03-24
PHC-BR-BHA-675,Iron Folic Acid tablets,DRG-008,Supplement,3250,500,5000,tablets,2026-08-23,2027-04-30
PHC-BR-BHA-675,Metformin 500mg,DRG-009,Anti-diabetic,1746,300,3000,tablets,2026-09-12,2027-01-24
PHC-BR-BHA-675,Amlodipine 5mg,DRG-010,Cardiovascular,1500,200,2000,tablets,2026-09-21,2027-04-16
PHC-BR-BHA-676,ORS Sachets,DRG-001,Essential,4551,500,5000,sachets,2026-08-12,2027-08-28
PHC-BR-BHA-676,Zinc Sulfate 20mg,DRG-002,Essential,1125,200,2000,tablets,2026-08-19,2027-01-02
PHC-BR-BHA-676,Paracetamol 500mg,DRG-003,Analgesic,2547,1000,10000,tablets,2026-09-20,2027-09-07
PHC-BR-BHA-676,Amoxicillin 500mg,DRG-004,Antibiotic,1869,300,3000,capsules,2026-09-09,2027-04-16
PHC-BR-BHA-676,Polyvalent Anti-Snake Venom (ASV),DRG-005,Antivenom,34,10,50,vials,2026-09-17,2027-05-05
PHC-BR-BHA-676,Salbutamol Nebules,DRG-006,Respiratory,417,50,500,ampoules,2026-08-23,2027-08-09
PHC-BR-BHA-676,Doxycycline 100mg,DRG-007,Antibiotic,390,200,2000,tablets,2026-08-14,2027-02-28
PHC-BR-BHA-676,Iron Folic Acid tablets,DRG-008,Supplement,3539,500,5000,tablets,2026-08-28,2027-05-31
PHC-BR-BHA-676,Metformin 500mg,DRG-009,Anti-diabetic,1323,300,3000,tablets,2026-08-12,2027-06-15
PHC-BR-BHA-676,Amlodipine 5mg,DRG-010,Cardiovascular,1448,200,2000,tablets,2026-08-15,2027-03-19
PHC-BR-BHA-677,ORS Sachets,DRG-001,Essential,6,500,5000,sachets,2026-08-04,2027-02-17
PHC-BR-BHA-677,Zinc Sulfate 20mg,DRG-002,Essential,38,200,2000,tablets,2026-09-11,2027-09-19
PHC-BR-BHA-677,Paracetamol 500mg,DRG-003,Analgesic,186,1000,10000,tablets,2026-08-26,2026-11-30
PHC-BR-BHA-677,Amoxicillin 500mg,DRG-004,Antibiotic,44,300,3000,capsules,2026-09-10,2026-11-09
PHC-BR-BHA-677,Polyvalent Anti-Snake Venom (ASV),DRG-005,Antivenom,1,10,50,vials,2026-08-27,2027-09-27
PHC-BR-BHA-677,Salbutamol Nebules,DRG-006,Respiratory,8,50,500,ampoules,2026-08-21,2027-06-10
PHC-BR-BHA-677,Doxycycline 100mg,DRG-007,Antibiotic,9,200,2000,tablets,2026-08-05,2026-11-15
PHC-BR-BHA-677,Iron Folic Acid tablets,DRG-008,Supplement,54,500,5000,tablets,2026-08-16,2027-07-09
PHC-BR-BHA-677,Metformin 500mg,DRG-009,Anti-diabetic,32,300,3000,tablets,2026-09-07,2026-12-11
PHC-BR-BHA-677,Amlodipine 5mg,DRG-010,Cardiovascular,0,200,2000,tablets,2026-08-11,2027-03-30
PHC-BR-BHA-678,ORS Sachets,DRG-001,Essential,1756,500,5000,sachets,2026-09-05,2027-09-09
PHC-BR-BHA-678,Zinc Sulfate 20mg,DRG-002,Essential,559,200,2000,tablets,2026-08-27,2027-05-07
PHC-BR-BHA-678,Paracetamol 500mg,DRG-003,Analgesic,5427,1000,10000,tablets,2026-08-27,2027-03-30
PHC-BR-BHA-678,Amoxicillin 500mg,DRG-004,Antibiotic,2212,300,3000,capsules,2026-09-16,2027-09-07
PHC-BR-BHA-678,Polyvalent Anti-Snake Venom (ASV),DRG-005,Antivenom,11,10,50,vials,2026-08-04,2026-12-08
PHC-BR-BHA-678,Salbutamol Nebules,DRG-006,Respiratory,359,50,500,ampoules,2026-09-24,2027-07-04
PHC-BR-BHA-678,Doxycycline 100mg,DRG-007,Antibiotic,1697,200,2000,tablets,2026-09-18,2027-05-09
PHC-BR-BHA-678,Iron Folic Acid tablets,DRG-008,Supplement,4919,500,5000,tablets,2026-08-12,2027-01-06
PHC-BR-BHA-678,Metformin 500mg,DRG-009,Anti-diabetic,1566,300,3000,tablets,2026-09-20,2026-12-02
PHC-BR-BHA-678,Amlodipine 5mg,DRG-010,Cardiovascular,1504,200,2000,tablets,2026-08-04,2027-04-22
PHC-BR-BHA-679,ORS Sachets,DRG-001,Essential,1500,500,5000,sachets,2026-09-05,2027-04-22
PHC-BR-BHA-679,Zinc Sulfate 20mg,DRG-002,Essential,1650,200,2000,tablets,2026-09-24,2027-03-22
PHC-BR-BHA-679,Paracetamol 500mg,DRG-003,Analgesic,3894,1000,10000,tablets,2026-09-01,2027-04-16
PHC-BR-BHA-679,Amoxicillin 500mg,DRG-004,Antibiotic,1341,300,3000,capsules,2026-09-09,2027-06-18
PHC-BR-BHA-679,Polyvalent Anti-Snake Venom (ASV),DRG-005,Antivenom,35,10,50,vials,2026-09-14,2027-08-14
PHC-BR-BHA-679,Salbutamol Nebules,DRG-006,Respiratory,282,50,500,ampoules,2026-09-02,2027-08-11
PHC-BR-BHA-679,Doxycycline 100mg,DRG-007,Antibiotic,1645,200,2000,tablets,2026-08-10,2027-09-18
PHC-BR-BHA-679,Iron Folic Acid tablets,DRG-008,Supplement,1419,500,5000,tablets,2026-09-21,2027-08-30
PHC-BR-BHA-679,Metformin 500mg,DRG-009,Anti-diabetic,548,300,3000,tablets,2026-09-20,2027-01-12
PHC-BR-BHA-679,Amlodipine 5mg,DRG-010,Cardiovascular,1131,200,2000,tablets,2026-08-09,2027-03-22
PHC-BR-BHA-680,ORS Sachets,DRG-001,Essential,1531,500,5000,sachets,2026-09-22,2027-02-10
PHC-BR-BHA-680,Zinc Sulfate 20mg,DRG-002,Essential,1458,200,2000,tablets,2026-08-14,2027-05-26
PHC-BR-BHA-680,Paracetamol 500mg,DRG-003,Analgesic,8608,1000,10000,tablets,2026-09-03,2027-07-08
PHC-BR-BHA-680,Amoxicillin 500mg,DRG-004,Antibiotic,2227,300,3000,capsules,2026-08-17,2027-02-17
PHC-BR-BHA-680,Polyvalent Anti-Snake Venom (ASV),DRG-005,Antivenom,30,10,50,vials,2026-08-29,2027-03-14
PHC-BR-BHA-680,Salbutamol Nebules,DRG-006,Respiratory,310,50,500,ampoules,2026-09-14,2027-01-14
PHC-BR-BHA-680,Doxycycline 100mg,DRG-007,Antibiotic,798,200,2000,tablets,2026-09-17,2027-07-09
PHC-BR-BHA-680,Iron Folic Acid tablets,DRG-008,Supplement,2619,500,5000,tablets,2026-08-31,2027-07-02
PHC-BR-BHA-680,Metformin 500mg,DRG-009,Anti-diabetic,1110,300,3000,tablets,2026-08-03,2026-10-31
PHC-BR-BHA-680,Amlodipine 5mg,DRG-010,Cardiovascular,1340,200,2000,tablets,2026-08-07,2027-02-08
PHC-BR-BHA-681,ORS Sachets,DRG-001,Essential,3708,500,5000,sachets,2026-09-02,2027-03-24
PHC-BR-BHA-681,Zinc Sulfate 20mg,DRG-002,Essential,235,200,2000,tablets,2026-09-01,2026-12-26
PHC-BR-BHA-681,Paracetamol 500mg,DRG-003,Analgesic,3163,1000,10000,tablets,2026-09-13,2027-04-14
PHC-BR-BHA-681,Amoxicillin 500mg,DRG-004,Antibiotic,2701,300,3000,capsules,2026-09-16,2027-01-17
PHC-BR-BHA-681,Polyvalent Anti-Snake Venom (ASV),DRG-005,Antivenom,34,10,50,vials,2026-09-07,2027-06-04
PHC-BR-BHA-681,Salbutamol Nebules,DRG-006,Respiratory,357,50,500,ampoules,2026-08-23,2027-04-06
PHC-BR-BHA-681,Doxycycline 100mg,DRG-007,Antibiotic,1651,200,2000,tablets,2026-08-11,2027-03-13
PHC-BR-BHA-681,Iron Folic Acid tablets,DRG-008,Supplement,4189,500,5000,tablets,2026-09-12,2026-11-30
PHC-BR-BHA-681,Metformin 500mg,DRG-009,Anti-diabetic,2504,300,3000,tablets,2026-09-05,2027-03-08
PHC-BR-BHA-681,Amlodipine 5mg,DRG-010,Cardiovascular,1815,200,2000,tablets,2026-09-15,2027-08-23
PHC-BR-BHA-682,ORS Sachets,DRG-001,Essential,4862,500,5000,sachets,2026-08-21,2027-08-16
PHC-BR-BHA-682,Zinc Sulfate 20mg,DRG-002,Essential,631,200,2000,tablets,2026-09-02,2027-03-28
PHC-BR-BHA-682,Paracetamol 500mg,DRG-003,Analgesic,3290,1000,10000,tablets,2026-09-01,2026-12-04
PHC-BR-BHA-682,Amoxicillin 500mg,DRG-004,Antibiotic,633,300,3000,capsules,2026-09-07,2027-03-20
PHC-BR-BHA-682,Polyvalent Anti-Snake Venom (ASV),DRG-005,Antivenom,26,10,50,vials,2026-09-19,2026-10-31
PHC-BR-BHA-682,Salbutamol Nebules,DRG-006,Respiratory,86,50,500,ampoules,2026-09-19,2027-01-04
PHC-BR-BHA-682,Doxycycline 100mg,DRG-007,Antibiotic,1182,200,2000,tablets,2026-08-26,2027-01-11
PHC-BR-BHA-682,Iron Folic Acid tablets,DRG-008,Supplement,3579,500,5000,tablets,2026-08-26,2027-09-11
PHC-BR-BHA-682,Metformin 500mg,DRG-009,Anti-diabetic,779,300,3000,tablets,2026-09-24,2027-01-09
PHC-BR-BHA-682,Amlodipine 5mg,DRG-010,Cardiovascular,1640,200,2000,tablets,2026-09-15,2027-02-08
PHC-BR-BHA-683,ORS Sachets,DRG-001,Essential,3713,500,5000,sachets,2026-09-12,2027-02-18
PHC-BR-BHA-683,Zinc Sulfate 20mg,DRG-002,Essential,512,200,2000,tablets,2026-09-22,2027-07-25
PHC-BR-BHA-683,Paracetamol 500mg,DRG-003,Analgesic,9788,1000,10000,tablets,2026-08-03,2027-05-04
PHC-BR-BHA-683,Amoxicillin 500mg,DRG-004,Antibiotic,921,300,3000,capsules,2026-09-12,2027-04-29
PHC-BR-BHA-683,Polyvalent Anti-Snake Venom (ASV),DRG-005,Antivenom,30,10,50,vials,2026-09-10,2027-04-06
PHC-BR-BHA-683,Salbutamol Nebules,DRG-006,Respiratory,217,50,500,ampoules,2026-09-22,2027-03-01
PHC-BR-BHA-683,Doxycycline 100mg,DRG-007,Antibiotic,775,200,2000,tablets,2026-09-10,2027-03-21
PHC-BR-BHA-683,Iron Folic Acid tablets,DRG-008,Supplement,2229,500,5000,tablets,2026-09-12,2027-02-10
PHC-BR-BHA-683,Metformin 500mg,DRG-009,Anti-diabetic,979,300,3000,tablets,2026-08-23,2026-12-17
PHC-BR-BHA-683,Amlodipine 5mg,DRG-010,Cardiovascular,1759,200,2000,tablets,2026-09-24,2027-05-22
PHC-BR-BHA-684,ORS Sachets,DRG-001,Essential,1910,500,5000,sachets,2026-08-11,2027-03-23
PHC-BR-BHA-684,Zinc Sulfate 20mg,DRG-002,Essential,497,200,2000,tablets,2026-08-18,2026-12-23
PHC-BR-BHA-684,Paracetamol 500mg,DRG-003,Analgesic,9883,1000,10000,tablets,2026-09-19,2027-06-10
PHC-BR-BHA-684,Amoxicillin 500mg,DRG-004,Antibiotic,1153,300,3000,capsules,2026-09-14,2026-12-08
PHC-BR-BHA-684,Polyvalent Anti-Snake Venom (ASV),DRG-005,Antivenom,30,10,50,vials,2026-09-13,2027-03-08
PHC-BR-BHA-684,Salbutamol Nebules,DRG-006,Respiratory,323,50,500,ampoules,2026-09-16,2026-11-26
PHC-BR-BHA-684,Doxycycline 100mg,DRG-007,Antibiotic,1325,200,2000,tablets,2026-08-04,2026-11-20
PHC-BR-BHA-684,Iron Folic Acid tablets,DRG-008,Supplement,730,500,5000,tablets,2026-09-04,2027-09-18
PHC-BR-BHA-684,Metformin 500mg,DRG-009,Anti-diabetic,814,300,3000,tablets,2026-09-01,2027-03-11
PHC-BR-BHA-684,Amlodipine 5mg,DRG-010,Cardiovascular,1130,200,2000,tablets,2026-08-01,2027-08-04
PHC-BR-BHA-685,ORS Sachets,DRG-001,Essential,4839,500,5000,sachets,2026-09-03,2027-07-16
PHC-BR-BHA-685,Zinc Sulfate 20mg,DRG-002,Essential,1736,200,2000,tablets,2026-08-05,2026-12-27
PHC-BR-BHA-685,Paracetamol 500mg,DRG-003,Analgesic,8408,1000,10000,tablets,2026-08-10,2026-12-28
PHC-BR-BHA-685,Amoxicillin 500mg,DRG-004,Antibiotic,1438,300,3000,capsules,2026-08-27,2027-04-15
PHC-BR-BHA-685,Polyvalent Anti-Snake Venom (ASV),DRG-005,Antivenom,27,10,50,vials,2026-08-07,2027-06-13
PHC-BR-BHA-685,Salbutamol Nebules,DRG-006,Respiratory,400,50,500,ampoules,2026-09-01,2027-02-20
PHC-BR-BHA-685,Doxycycline 100mg,DRG-007,Antibiotic,1283,200,2000,tablets,2026-09-17,2027-01-20
PHC-BR-BHA-685,Iron Folic Acid tablets,DRG-008,Supplement,3408,500,5000,tablets,2026-08-24,2026-11-27
PHC-BR-BHA-685,Metformin 500mg,DRG-009,Anti-diabetic,2662,300,3000,tablets,2026-08-09,2027-08-26
PHC-BR-BHA-685,Amlodipine 5mg,DRG-010,Cardiovascular,1513,200,2000,tablets,2026-09-13,2027-02-03
PHC-BR-BHA-686,ORS Sachets,DRG-001,Essential,500,500,5000,sachets,2026-08-11,2027-06-18
PHC-BR-BHA-686,Zinc Sulfate 20mg,DRG-002,Essential,160,200,2000,tablets,2026-08-17,2027-06-30
PHC-BR-BHA-686,Paracetamol 500mg,DRG-003,Analgesic,241,1000,10000,tablets,2026-09-08,2027-05-07
PHC-BR-BHA-686,Amoxicillin 500mg,DRG-004,Antibiotic,68,300,3000,capsules,2026-08-31,2027-08-20
PHC-BR-BHA-686,Polyvalent Anti-Snake Venom (ASV),DRG-005,Antivenom,2,10,50,vials,2026-09-01,2026-11-15
PHC-BR-BHA-686,Salbutamol Nebules,DRG-006,Respiratory,47,50,500,ampoules,2026-09-17,2027-01-25
PHC-BR-BHA-686,Doxycycline 100mg,DRG-007,Antibiotic,40,200,2000,tablets,2026-09-11,2027-09-17
PHC-BR-BHA-686,Iron Folic Acid tablets,DRG-008,Supplement,5,500,5000,tablets,2026-09-22,2027-02-22
PHC-BR-BHA-686,Metformin 500mg,DRG-009,Anti-diabetic,92,300,3000,tablets,2026-08-05,2026-12-27
PHC-BR-BHA-686,Amlodipine 5mg,DRG-010,Cardiovascular,56,200,2000,tablets,2026-08-11,2026-11-03
PHC-BR-BHA-687,ORS Sachets,DRG-001,Essential,3063,500,5000,sachets,2026-09-24,2027-03-09
PHC-BR-BHA-687,Zinc Sulfate 20mg,DRG-002,Essential,794,200,2000,tablets,2026-08-29,2026-11-05
PHC-BR-BHA-687,Paracetamol 500mg,DRG-003,Analgesic,2102,1000,10000,tablets,2026-08-15,2026-12-06
PHC-BR-BHA-687,Amoxicillin 500mg,DRG-004,Antibiotic,2465,300,3000,capsules,2026-08-01,2027-02-07
PHC-BR-BHA-687,Polyvalent Anti-Snake Venom (ASV),DRG-005,Antivenom,45,10,50,vials,2026-09-10,2027-08-17
PHC-BR-BHA-687,Salbutamol Nebules,DRG-006,Respiratory,326,50,500,ampoules,2026-08-05,2027-04-13
PHC-BR-BHA-687,Doxycycline 100mg,DRG-007,Antibiotic,1615,200,2000,tablets,2026-08-21,2027-03-03
PHC-BR-BHA-687,Iron Folic Acid tablets,DRG-008,Supplement,1665,500,5000,tablets,2026-08-17,2027-02-16
PHC-BR-BHA-687,Metformin 500mg,DRG-009,Anti-diabetic,2889,300,3000,tablets,2026-08-22,2027-06-25
PHC-BR-BHA-687,Amlodipine 5mg,DRG-010,Cardiovascular,1572,200,2000,tablets,2026-08-11,2027-07-24
PHC-BR-BHA-688,ORS Sachets,DRG-001,Essential,169,500,5000,sachets,2026-08-25,2026-12-13
PHC-BR-BHA-688,Zinc Sulfate 20mg,DRG-002,Essential,159,200,2000,tablets,2026-08-03,2027-04-17
PHC-BR-BHA-688,Paracetamol 500mg,DRG-003,Analgesic,657,1000,10000,tablets,2026-08-07,2027-02-01
PHC-BR-BHA-688,Amoxicillin 500mg,DRG-004,Antibiotic,5,300,3000,capsules,2026-08-29,2027-07-08
PHC-BR-BHA-688,Polyvalent Anti-Snake Venom (ASV),DRG-005,Antivenom,3,10,50,vials,2026-08-19,2027-06-04
PHC-BR-BHA-688,Salbutamol Nebules,DRG-006,Respiratory,41,50,500,ampoules,2026-07-31,2027-08-04
PHC-BR-BHA-688,Doxycycline 100mg,DRG-007,Antibiotic,83,200,2000,tablets,2026-08-30,2027-07-20
PHC-BR-BHA-688,Iron Folic Acid tablets,DRG-008,Supplement,22,500,5000,tablets,2026-08-21,2027-03-05
PHC-BR-BHA-688,Metformin 500mg,DRG-009,Anti-diabetic,208,300,3000,tablets,2026-08-17,2027-04-18
PHC-BR-BHA-688,Amlodipine 5mg,DRG-010,Cardiovascular,114,200,2000,tablets,2026-08-06,2027-07-06
PHC-BR-BHA-689,ORS Sachets,DRG-001,Essential,165,500,5000,sachets,2026-07-31,2027-07-08
PHC-BR-BHA-689,Zinc Sulfate 20mg,DRG-002,Essential,30,200,2000,tablets,2026-08-05,2027-07-06
PHC-BR-BHA-689,Paracetamol 500mg,DRG-003,Analgesic,267,1000,10000,tablets,2026-09-21,2027-06-21
PHC-BR-BHA-689,Amoxicillin 500mg,DRG-004,Antibiotic,129,300,3000,capsules,2026-09-11,2027-02-09
PHC-BR-BHA-689,Polyvalent Anti-Snake Venom (ASV),DRG-005,Antivenom,9,10,50,vials,2026-09-06,2027-05-18
PHC-BR-BHA-689,Salbutamol Nebules,DRG-006,Respiratory,6,50,500,ampoules,2026-08-12,2027-05-04
PHC-BR-BHA-689,Doxycycline 100mg,DRG-007,Antibiotic,43,200,2000,tablets,2026-08-28,2027-03-07
PHC-BR-BHA-689,Iron Folic Acid tablets,DRG-008,Supplement,254,500,5000,tablets,2026-09-07,2027-09-25
PHC-BR-BHA-689,Metformin 500mg,DRG-009,Anti-diabetic,59,300,3000,tablets,2026-08-29,2027-09-28
PHC-BR-BHA-689,Amlodipine 5mg,DRG-010,Cardiovascular,129,200,2000,tablets,2026-09-01,2027-01-13
PHC-BR-BHA-690,ORS Sachets,DRG-001,Essential,2582,500,5000,sachets,2026-08-06,2027-07-25
PHC-BR-BHA-690,Zinc Sulfate 20mg,DRG-002,Essential,1028,200,2000,tablets,2026-09-05,2027-03-06
PHC-BR-BHA-690,Paracetamol 500mg,DRG-003,Analgesic,8483,1000,10000,tablets,2026-09-02,2026-10-29
PHC-BR-BHA-690,Amoxicillin 500mg,DRG-004,Antibiotic,968,300,3000,capsules,2026-08-11,2027-01-01
PHC-BR-BHA-690,Polyvalent Anti-Snake Venom (ASV),DRG-005,Antivenom,20,10,50,vials,2026-07-31,2027-01-04
PHC-BR-BHA-690,Salbutamol Nebules,DRG-006,Respiratory,61,50,500,ampoules,2026-08-29,2027-05-08
PHC-BR-BHA-690,Doxycycline 100mg,DRG-007,Antibiotic,1283,200,2000,tablets,2026-09-06,2027-06-24
PHC-BR-BHA-690,Iron Folic Acid tablets,DRG-008,Supplement,705,500,5000,tablets,2026-08-19,2027-07-31
PHC-BR-BHA-690,Metformin 500mg,DRG-009,Anti-diabetic,2828,300,3000,tablets,2026-09-10,2027-05-16
PHC-BR-BHA-690,Amlodipine 5mg,DRG-010,Cardiovascular,552,200,2000,tablets,2026-08-22,2027-09-24
PHC-BR-BHA-691,ORS Sachets,DRG-001,Essential,636,500,5000,sachets,2026-09-01,2026-12-20
PHC-BR-BHA-691,Zinc Sulfate 20mg,DRG-002,Essential,1633,200,2000,tablets,2026-09-06,2027-05-28
PHC-BR-BHA-691,Paracetamol 500mg,DRG-003,Analgesic,4118,1000,10000,tablets,2026-08-30,2027-07-30
PHC-BR-BHA-691,Amoxicillin 500mg,DRG-004,Antibiotic,2970,300,3000,capsules,2026-08-26,2027-08-26
PHC-BR-BHA-691,Polyvalent Anti-Snake Venom (ASV),DRG-005,Antivenom,47,10,50,vials,2026-08-30,2027-04-07
PHC-BR-BHA-691,Salbutamol Nebules,DRG-006,Respiratory,188,50,500,ampoules,2026-09-04,2027-07-03
PHC-BR-BHA-691,Doxycycline 100mg,DRG-007,Antibiotic,1868,200,2000,tablets,2026-08-18,2027-01-06
PHC-BR-BHA-691,Iron Folic Acid tablets,DRG-008,Supplement,1396,500,5000,tablets,2026-08-31,2026-12-10
PHC-BR-BHA-691,Metformin 500mg,DRG-009,Anti-diabetic,311,300,3000,tablets,2026-08-21,2026-12-26
PHC-BR-BHA-691,Amlodipine 5mg,DRG-010,Cardiovascular,795,200,2000,tablets,2026-09-24,2027-06-28
PHC-BR-BHA-692,ORS Sachets,DRG-001,Essential,72,500,5000,sachets,2026-09-12,2027-01-21
PHC-BR-BHA-692,Zinc Sulfate 20mg,DRG-002,Essential,22,200,2000,tablets,2026-09-14,2027-04-21
PHC-BR-BHA-692,Paracetamol 500mg,DRG-003,Analgesic,70,1000,10000,tablets,2026-08-27,2027-03-25
PHC-BR-BHA-692,Amoxicillin 500mg,DRG-004,Antibiotic,45,300,3000,capsules,2026-09-10,2027-08-29
PHC-BR-BHA-692,Polyvalent Anti-Snake Venom (ASV),DRG-005,Antivenom,0,10,50,vials,2026-08-16,2026-12-15
PHC-BR-BHA-692,Salbutamol Nebules,DRG-006,Respiratory,9,50,500,ampoules,2026-08-03,2027-09-27
PHC-BR-BHA-692,Doxycycline 100mg,DRG-007,Antibiotic,12,200,2000,tablets,2026-09-07,2027-09-24
PHC-BR-BHA-692,Iron Folic Acid tablets,DRG-008,Supplement,28,500,5000,tablets,2026-08-29,2027-02-09
PHC-BR-BHA-692,Metformin 500mg,DRG-009,Anti-diabetic,46,300,3000,tablets,2026-08-19,2027-02-07
PHC-BR-BHA-692,Amlodipine 5mg,DRG-010,Cardiovascular,31,200,2000,tablets,2026-09-08,2027-04-26
PHC-BR-BHA-693,ORS Sachets,DRG-001,Essential,81,500,5000,sachets,2026-09-06,2027-06-16
PHC-BR-BHA-693,Zinc Sulfate 20mg,DRG-002,Essential,10,200,2000,tablets,2026-09-04,2027-02-18
PHC-BR-BHA-693,Paracetamol 500mg,DRG-003,Analgesic,61,1000,10000,tablets,2026-09-13,2026-10-31
PHC-BR-BHA-693,Amoxicillin 500mg,DRG-004,Antibiotic,7,300,3000,capsules,2026-09-15,2027-08-09
PHC-BR-BHA-693,Polyvalent Anti-Snake Venom (ASV),DRG-005,Antivenom,1,10,50,vials,2026-08-04,2027-09-02
PHC-BR-BHA-693,Salbutamol Nebules,DRG-006,Respiratory,6,50,500,ampoules,2026-08-07,2026-12-02
PHC-BR-BHA-693,Doxycycline 100mg,DRG-007,Antibiotic,14,200,2000,tablets,2026-07-31,2027-09-15
PHC-BR-BHA-693,Iron Folic Acid tablets,DRG-008,Supplement,74,500,5000,tablets,2026-08-25,2027-08-06
PHC-BR-BHA-693,Metformin 500mg,DRG-009,Anti-diabetic,22,300,3000,tablets,2026-08-10,2027-02-05
PHC-BR-BHA-693,Amlodipine 5mg,DRG-010,Cardiovascular,10,200,2000,tablets,2026-08-02,2027-03-22
PHC-BR-DAR-694,ORS Sachets,DRG-001,Essential,4218,500,5000,sachets,2026-09-12,2027-09-22
PHC-BR-DAR-694,Zinc Sulfate 20mg,DRG-002,Essential,1154,200,2000,tablets,2026-08-30,2027-05-23
PHC-BR-DAR-694,Paracetamol 500mg,DRG-003,Analgesic,9396,1000,10000,tablets,2026-08-28,2027-09-06
PHC-BR-DAR-694,Amoxicillin 500mg,DRG-004,Antibiotic,1030,300,3000,capsules,2026-09-11,2027-03-06
PHC-BR-DAR-694,Polyvalent Anti-Snake Venom (ASV),DRG-005,Antivenom,41,10,50,vials,2026-08-30,2027-04-28
PHC-BR-DAR-694,Salbutamol Nebules,DRG-006,Respiratory,478,50,500,ampoules,2026-08-28,2027-08-04
PHC-BR-DAR-694,Doxycycline 100mg,DRG-007,Antibiotic,543,200,2000,tablets,2026-08-31,2027-07-30
PHC-BR-DAR-694,Iron Folic Acid tablets,DRG-008,Supplement,3679,500,5000,tablets,2026-09-21,2026-12-27
PHC-BR-DAR-694,Metformin 500mg,DRG-009,Anti-diabetic,1130,300,3000,tablets,2026-08-30,2027-07-16
PHC-BR-DAR-694,Amlodipine 5mg,DRG-010,Cardiovascular,495,200,2000,tablets,2026-09-06,2026-11-05
PHC-BR-DAR-695,ORS Sachets,DRG-001,Essential,16,500,5000,sachets,2026-08-14,2027-05-31
PHC-BR-DAR-695,Zinc Sulfate 20mg,DRG-002,Essential,12,200,2000,tablets,2026-09-02,2027-06-18
PHC-BR-DAR-695,Paracetamol 500mg,DRG-003,Analgesic,522,1000,10000,tablets,2026-09-11,2027-07-27
PHC-BR-DAR-695,Amoxicillin 500mg,DRG-004,Antibiotic,123,300,3000,capsules,2026-08-17,2027-08-19
PHC-BR-DAR-695,Polyvalent Anti-Snake Venom (ASV),DRG-005,Antivenom,9,10,50,vials,2026-08-07,2027-09-28
PHC-BR-DAR-695,Salbutamol Nebules,DRG-006,Respiratory,25,50,500,ampoules,2026-09-12,2026-12-30
PHC-BR-DAR-695,Doxycycline 100mg,DRG-007,Antibiotic,108,200,2000,tablets,2026-08-24,2027-06-28
PHC-BR-DAR-695,Iron Folic Acid tablets,DRG-008,Supplement,235,500,5000,tablets,2026-09-03,2027-02-05
PHC-BR-DAR-695,Metformin 500mg,DRG-009,Anti-diabetic,70,300,3000,tablets,2026-08-13,2027-07-10
PHC-BR-DAR-695,Amlodipine 5mg,DRG-010,Cardiovascular,175,200,2000,tablets,2026-07-31,2027-02-05
PHC-BR-DAR-696,ORS Sachets,DRG-001,Essential,4949,500,5000,sachets,2026-08-23,2027-07-11
PHC-BR-DAR-696,Zinc Sulfate 20mg,DRG-002,Essential,1195,200,2000,tablets,2026-08-25,2027-02-15
PHC-BR-DAR-696,Paracetamol 500mg,DRG-003,Analgesic,8925,1000,10000,tablets,2026-09-09,2027-05-06
PHC-BR-DAR-696,Amoxicillin 500mg,DRG-004,Antibiotic,492,300,3000,capsules,2026-09-03,2027-04-23
PHC-BR-DAR-696,Polyvalent Anti-Snake Venom (ASV),DRG-005,Antivenom,40,10,50,vials,2026-08-09,2026-11-07
PHC-BR-DAR-696,Salbutamol Nebules,DRG-006,Respiratory,461,50,500,ampoules,2026-09-21,2027-09-07
PHC-BR-DAR-696,Doxycycline 100mg,DRG-007,Antibiotic,1071,200,2000,tablets,2026-09-21,2026-11-03
PHC-BR-DAR-696,Iron Folic Acid tablets,DRG-008,Supplement,1414,500,5000,tablets,2026-09-16,2027-05-27
PHC-BR-DAR-696,Metformin 500mg,DRG-009,Anti-diabetic,1712,300,3000,tablets,2026-07-31,2027-04-21
PHC-BR-DAR-696,Amlodipine 5mg,DRG-010,Cardiovascular,1402,200,2000,tablets,2026-09-24,2026-11-22
PHC-BR-DAR-697,ORS Sachets,DRG-001,Essential,4797,500,5000,sachets,2026-09-17,2027-03-11
PHC-BR-DAR-697,Zinc Sulfate 20mg,DRG-002,Essential,474,200,2000,tablets,2026-09-11,2027-01-15
PHC-BR-DAR-697,Paracetamol 500mg,DRG-003,Analgesic,9178,1000,10000,tablets,2026-09-02,2027-04-02
PHC-BR-DAR-697,Amoxicillin 500mg,DRG-004,Antibiotic,783,300,3000,capsules,2026-08-09,2026-11-11
PHC-BR-DAR-697,Polyvalent Anti-Snake Venom (ASV),DRG-005,Antivenom,30,10,50,vials,2026-08-25,2026-10-30
PHC-BR-DAR-697,Salbutamol Nebules,DRG-006,Respiratory,406,50,500,ampoules,2026-09-15,2027-04-16
PHC-BR-DAR-697,Doxycycline 100mg,DRG-007,Antibiotic,1298,200,2000,tablets,2026-09-10,2027-02-26
PHC-BR-DAR-697,Iron Folic Acid tablets,DRG-008,Supplement,3718,500,5000,tablets,2026-08-23,2027-09-17
PHC-BR-DAR-697,Metformin 500mg,DRG-009,Anti-diabetic,2944,300,3000,tablets,2026-08-01,2027-07-28
PHC-BR-DAR-697,Amlodipine 5mg,DRG-010,Cardiovascular,286,200,2000,tablets,2026-09-23,2027-06-15
PHC-BR-DAR-698,ORS Sachets,DRG-001,Essential,304,500,5000,sachets,2026-09-22,2027-04-11
PHC-BR-DAR-698,Zinc Sulfate 20mg,DRG-002,Essential,71,200,2000,tablets,2026-09-24,2027-09-15
PHC-BR-DAR-698,Paracetamol 500mg,DRG-003,Analgesic,104,1000,10000,tablets,2026-09-21,2027-08-04
PHC-BR-DAR-698,Amoxicillin 500mg,DRG-004,Antibiotic,284,300,3000,capsules,2026-07-31,2027-03-11
PHC-BR-DAR-698,Polyvalent Anti-Snake Venom (ASV),DRG-005,Antivenom,3,10,50,vials,2026-08-13,2027-05-19
PHC-BR-DAR-698,Salbutamol Nebules,DRG-006,Respiratory,31,50,500,ampoules,2026-08-14,2027-07-09
PHC-BR-DAR-698,Doxycycline 100mg,DRG-007,Antibiotic,58,200,2000,tablets,2026-08-22,2027-08-24
PHC-BR-DAR-698,Iron Folic Acid tablets,DRG-008,Supplement,14,500,5000,tablets,2026-08-11,2027-04-01
PHC-BR-DAR-698,Metformin 500mg,DRG-009,Anti-diabetic,143,300,3000,tablets,2026-09-12,2027-07-09
PHC-BR-DAR-698,Amlodipine 5mg,DRG-010,Cardiovascular,125,200,2000,tablets,2026-09-14,2027-01-16
PHC-BR-DAR-699,ORS Sachets,DRG-001,Essential,82,500,5000,sachets,2026-08-12,2026-11-13
PHC-BR-DAR-699,Zinc Sulfate 20mg,DRG-002,Essential,0,200,2000,tablets,2026-09-24,2027-01-29
PHC-BR-DAR-699,Paracetamol 500mg,DRG-003,Analgesic,92,1000,10000,tablets,2026-08-11,2027-01-19
PHC-BR-DAR-699,Amoxicillin 500mg,DRG-004,Antibiotic,34,300,3000,capsules,2026-09-20,2027-02-10
PHC-BR-DAR-699,Polyvalent Anti-Snake Venom (ASV),DRG-005,Antivenom,1,10,50,vials,2026-09-09,2027-02-10
PHC-BR-DAR-699,Salbutamol Nebules,DRG-006,Respiratory,3,50,500,ampoules,2026-09-09,2027-09-09
PHC-BR-DAR-699,Doxycycline 100mg,DRG-007,Antibiotic,21,200,2000,tablets,2026-08-27,2027-02-26
PHC-BR-DAR-699,Iron Folic Acid tablets,DRG-008,Supplement,71,500,5000,tablets,2026-09-14,2027-04-16
PHC-BR-DAR-699,Metformin 500mg,DRG-009,Anti-diabetic,9,300,3000,tablets,2026-09-14,2027-09-22
PHC-BR-DAR-699,Amlodipine 5mg,DRG-010,Cardiovascular,27,200,2000,tablets,2026-08-09,2027-08-18
PHC-BR-DAR-700,ORS Sachets,DRG-001,Essential,2809,500,5000,sachets,2026-08-11,2027-05-18
PHC-BR-DAR-700,Zinc Sulfate 20mg,DRG-002,Essential,1088,200,2000,tablets,2026-08-13,2026-11-04
PHC-BR-DAR-700,Paracetamol 500mg,DRG-003,Analgesic,6262,1000,10000,tablets,2026-09-24,2027-02-18
PHC-BR-DAR-700,Amoxicillin 500mg,DRG-004,Antibiotic,1040,300,3000,capsules,2026-09-07,2027-07-22
PHC-BR-DAR-700,Polyvalent Anti-Snake Venom (ASV),DRG-005,Antivenom,31,10,50,vials,2026-08-23,2026-11-21
PHC-BR-DAR-700,Salbutamol Nebules,DRG-006,Respiratory,268,50,500,ampoules,2026-09-01,2027-07-03
PHC-BR-DAR-700,Doxycycline 100mg,DRG-007,Antibiotic,1335,200,2000,tablets,2026-08-28,2027-05-12
PHC-BR-DAR-700,Iron Folic Acid tablets,DRG-008,Supplement,2441,500,5000,tablets,2026-08-15,2027-09-18
PHC-BR-DAR-700,Metformin 500mg,DRG-009,Anti-diabetic,2133,300,3000,tablets,2026-09-12,2027-08-02
PHC-BR-DAR-700,Amlodipine 5mg,DRG-010,Cardiovascular,1548,200,2000,tablets,2026-08-19,2027-02-01
PHC-BR-DAR-701,ORS Sachets,DRG-001,Essential,418,500,5000,sachets,2026-09-11,2027-05-09
PHC-BR-DAR-701,Zinc Sulfate 20mg,DRG-002,Essential,184,200,2000,tablets,2026-08-30,2027-08-17
PHC-BR-DAR-701,Paracetamol 500mg,DRG-003,Analgesic,701,1000,10000,tablets,2026-08-26,2027-07-30
PHC-BR-DAR-701,Amoxicillin 500mg,DRG-004,Antibiotic,284,300,3000,capsules,2026-08-08,2027-03-22
PHC-BR-DAR-701,Polyvalent Anti-Snake Venom (ASV),DRG-005,Antivenom,5,10,50,vials,2026-08-01,2027-06-11
PHC-BR-DAR-701,Salbutamol Nebules,DRG-006,Respiratory,28,50,500,ampoules,2026-09-14,2027-05-23
PHC-BR-DAR-701,Doxycycline 100mg,DRG-007,Antibiotic,190,200,2000,tablets,2026-09-20,2027-04-22
PHC-BR-DAR-701,Iron Folic Acid tablets,DRG-008,Supplement,106,500,5000,tablets,2026-08-07,2027-08-07
PHC-BR-DAR-701,Metformin 500mg,DRG-009,Anti-diabetic,121,300,3000,tablets,2026-08-22,2027-03-30
PHC-BR-DAR-701,Amlodipine 5mg,DRG-010,Cardiovascular,108,200,2000,tablets,2026-09-19,2026-11-02
PHC-BR-DAR-702,ORS Sachets,DRG-001,Essential,33,500,5000,sachets,2026-08-25,2027-09-27
PHC-BR-DAR-702,Zinc Sulfate 20mg,DRG-002,Essential,8,200,2000,tablets,2026-09-15,2026-11-21
PHC-BR-DAR-702,Paracetamol 500mg,DRG-003,Analgesic,172,1000,10000,tablets,2026-09-24,2027-02-23
PHC-BR-DAR-702,Amoxicillin 500mg,DRG-004,Antibiotic,16,300,3000,capsules,2026-08-14,2026-12-19
PHC-BR-DAR-702,Polyvalent Anti-Snake Venom (ASV),DRG-005,Antivenom,1,10,50,vials,2026-08-11,2027-05-02
PHC-BR-DAR-702,Salbutamol Nebules,DRG-006,Respiratory,2,50,500,ampoules,2026-09-14,2027-02-21
PHC-BR-DAR-702,Doxycycline 100mg,DRG-007,Antibiotic,22,200,2000,tablets,2026-09-13,2027-08-15
PHC-BR-DAR-702,Iron Folic Acid tablets,DRG-008,Supplement,45,500,5000,tablets,2026-09-18,2027-05-17
PHC-BR-DAR-702,Metformin 500mg,DRG-009,Anti-diabetic,52,300,3000,tablets,2026-09-17,2027-06-23
PHC-BR-DAR-702,Amlodipine 5mg,DRG-010,Cardiovascular,10,200,2000,tablets,2026-09-10,2027-02-25
PHC-BR-DAR-703,ORS Sachets,DRG-001,Essential,1434,500,5000,sachets,2026-08-25,2027-01-25
PHC-BR-DAR-703,Zinc Sulfate 20mg,DRG-002,Essential,1079,200,2000,tablets,2026-08-10,2027-08-10
PHC-BR-DAR-703,Paracetamol 500mg,DRG-003,Analgesic,5099,1000,10000,tablets,2026-08-03,2027-04-26
PHC-BR-DAR-703,Amoxicillin 500mg,DRG-004,Antibiotic,1288,300,3000,capsules,2026-08-02,2027-09-02
PHC-BR-DAR-703,Polyvalent Anti-Snake Venom (ASV),DRG-005,Antivenom,34,10,50,vials,2026-09-24,2026-11-07
PHC-BR-DAR-703,Salbutamol Nebules,DRG-006,Respiratory,312,50,500,ampoules,2026-08-16,2027-06-06
PHC-BR-DAR-703,Doxycycline 100mg,DRG-007,Antibiotic,328,200,2000,tablets,2026-08-21,2027-08-31
PHC-BR-DAR-703,Iron Folic Acid tablets,DRG-008,Supplement,4388,500,5000,tablets,2026-09-18,2027-06-26
PHC-BR-DAR-703,Metformin 500mg,DRG-009,Anti-diabetic,1418,300,3000,tablets,2026-09-04,2026-11-19
PHC-BR-DAR-703,Amlodipine 5mg,DRG-010,Cardiovascular,1527,200,2000,tablets,2026-09-06,2027-08-06
PHC-BR-DAR-704,ORS Sachets,DRG-001,Essential,192,500,5000,sachets,2026-09-14,2027-05-31
PHC-BR-DAR-704,Zinc Sulfate 20mg,DRG-002,Essential,178,200,2000,tablets,2026-09-20,2027-03-01
PHC-BR-DAR-704,Paracetamol 500mg,DRG-003,Analgesic,220,1000,10000,tablets,2026-08-02,2027-04-24
PHC-BR-DAR-704,Amoxicillin 500mg,DRG-004,Antibiotic,272,300,3000,capsules,2026-09-03,2027-05-11
PHC-BR-DAR-704,Polyvalent Anti-Snake Venom (ASV),DRG-005,Antivenom,6,10,50,vials,2026-08-30,2026-11-29
PHC-BR-DAR-704,Salbutamol Nebules,DRG-006,Respiratory,16,50,500,ampoules,2026-09-04,2027-07-28
PHC-BR-DAR-704,Doxycycline 100mg,DRG-007,Antibiotic,168,200,2000,tablets,2026-09-09,2026-12-15
PHC-BR-DAR-704,Iron Folic Acid tablets,DRG-008,Supplement,396,500,5000,tablets,2026-08-18,2027-02-18
PHC-BR-DAR-704,Metformin 500mg,DRG-009,Anti-diabetic,44,300,3000,tablets,2026-08-03,2027-01-09
PHC-BR-DAR-704,Amlodipine 5mg,DRG-010,Cardiovascular,106,200,2000,tablets,2026-08-24,2027-07-26
PHC-BR-DAR-705,ORS Sachets,DRG-001,Essential,3884,500,5000,sachets,2026-08-28,2027-07-02
PHC-BR-DAR-705,Zinc Sulfate 20mg,DRG-002,Essential,751,200,2000,tablets,2026-08-07,2027-08-22
PHC-BR-DAR-705,Paracetamol 500mg,DRG-003,Analgesic,2111,1000,10000,tablets,2026-08-26,2026-12-22
PHC-BR-DAR-705,Amoxicillin 500mg,DRG-004,Antibiotic,849,300,3000,capsules,2026-08-21,2027-02-21
PHC-BR-DAR-705,Polyvalent Anti-Snake Venom (ASV),DRG-005,Antivenom,46,10,50,vials,2026-08-29,2026-12-07
PHC-BR-DAR-705,Salbutamol Nebules,DRG-006,Respiratory,294,50,500,ampoules,2026-08-30,2027-01-07
PHC-BR-DAR-705,Doxycycline 100mg,DRG-007,Antibiotic,765,200,2000,tablets,2026-09-09,2027-01-26
PHC-BR-DAR-705,Iron Folic Acid tablets,DRG-008,Supplement,1374,500,5000,tablets,2026-08-24,2026-11-03
PHC-BR-DAR-705,Metformin 500mg,DRG-009,Anti-diabetic,1060,300,3000,tablets,2026-09-05,2027-09-29
PHC-BR-DAR-705,Amlodipine 5mg,DRG-010,Cardiovascular,1502,200,2000,tablets,2026-08-18,2027-09-01
PHC-BR-DAR-706,ORS Sachets,DRG-001,Essential,3625,500,5000,sachets,2026-09-19,2027-08-06
PHC-BR-DAR-706,Zinc Sulfate 20mg,DRG-002,Essential,1959,200,2000,tablets,2026-08-01,2027-05-15
PHC-BR-DAR-706,Paracetamol 500mg,DRG-003,Analgesic,5869,1000,10000,tablets,2026-08-18,2027-05-01
PHC-BR-DAR-706,Amoxicillin 500mg,DRG-004,Antibiotic,1154,300,3000,capsules,2026-09-14,2026-11-30
PHC-BR-DAR-706,Polyvalent Anti-Snake Venom (ASV),DRG-005,Antivenom,45,10,50,vials,2026-09-02,2026-11-15
PHC-BR-DAR-706,Salbutamol Nebules,DRG-006,Respiratory,73,50,500,ampoules,2026-08-08,2026-12-21
PHC-BR-DAR-706,Doxycycline 100mg,DRG-007,Antibiotic,1322,200,2000,tablets,2026-09-12,2027-06-10
PHC-BR-DAR-706,Iron Folic Acid tablets,DRG-008,Supplement,3913,500,5000,tablets,2026-08-16,2027-04-05
PHC-BR-DAR-706,Metformin 500mg,DRG-009,Anti-diabetic,1646,300,3000,tablets,2026-08-01,2027-01-25
PHC-BR-DAR-706,Amlodipine 5mg,DRG-010,Cardiovascular,1596,200,2000,tablets,2026-09-20,2027-04-27
PHC-BR-DAR-707,ORS Sachets,DRG-001,Essential,3069,500,5000,sachets,2026-08-26,2027-04-14
PHC-BR-DAR-707,Zinc Sulfate 20mg,DRG-002,Essential,1874,200,2000,tablets,2026-07-31,2027-03-15
PHC-BR-DAR-707,Paracetamol 500mg,DRG-003,Analgesic,7098,1000,10000,tablets,2026-09-11,2027-02-15
PHC-BR-DAR-707,Amoxicillin 500mg,DRG-004,Antibiotic,2905,300,3000,capsules,2026-08-18,2027-09-25
PHC-BR-DAR-707,Polyvalent Anti-Snake Venom (ASV),DRG-005,Antivenom,19,10,50,vials,2026-09-14,2027-08-23
PHC-BR-DAR-707,Salbutamol Nebules,DRG-006,Respiratory,85,50,500,ampoules,2026-08-22,2027-02-21
PHC-BR-DAR-707,Doxycycline 100mg,DRG-007,Antibiotic,381,200,2000,tablets,2026-09-17,2027-06-29
PHC-BR-DAR-707,Iron Folic Acid tablets,DRG-008,Supplement,4302,500,5000,tablets,2026-09-14,2027-01-17
PHC-BR-DAR-707,Metformin 500mg,DRG-009,Anti-diabetic,474,300,3000,tablets,2026-08-08,2027-02-22
PHC-BR-DAR-707,Amlodipine 5mg,DRG-010,Cardiovascular,452,200,2000,tablets,2026-08-19,2027-05-07
PHC-BR-DAR-708,ORS Sachets,DRG-001,Essential,851,500,5000,sachets,2026-08-15,2027-04-11
PHC-BR-DAR-708,Zinc Sulfate 20mg,DRG-002,Essential,1456,200,2000,tablets,2026-09-09,2027-01-31
PHC-BR-DAR-708,Paracetamol 500mg,DRG-003,Analgesic,6714,1000,10000,tablets,2026-08-17,2026-12-14
PHC-BR-DAR-708,Amoxicillin 500mg,DRG-004,Antibiotic,2992,300,3000,capsules,2026-08-12,2027-07-10
PHC-BR-DAR-708,Polyvalent Anti-Snake Venom (ASV),DRG-005,Antivenom,40,10,50,vials,2026-09-05,2027-01-22
PHC-BR-DAR-708,Salbutamol Nebules,DRG-006,Respiratory,459,50,500,ampoules,2026-08-14,2027-09-19
PHC-BR-DAR-708,Doxycycline 100mg,DRG-007,Antibiotic,1665,200,2000,tablets,2026-08-06,2027-02-17
PHC-BR-DAR-708,Iron Folic Acid tablets,DRG-008,Supplement,2733,500,5000,tablets,2026-08-09,2027-03-26
PHC-BR-DAR-708,Metformin 500mg,DRG-009,Anti-diabetic,784,300,3000,tablets,2026-08-07,2027-08-16
PHC-BR-DAR-708,Amlodipine 5mg,DRG-010,Cardiovascular,204,200,2000,tablets,2026-09-08,2027-05-23
PHC-BR-DAR-709,ORS Sachets,DRG-001,Essential,2515,500,5000,sachets,2026-08-05,2027-05-13
PHC-BR-DAR-709,Zinc Sulfate 20mg,DRG-002,Essential,266,200,2000,tablets,2026-08-10,2027-07-01
PHC-BR-DAR-709,Paracetamol 500mg,DRG-003,Analgesic,3641,1000,10000,tablets,2026-07-31,2027-01-27
PHC-BR-DAR-709,Amoxicillin 500mg,DRG-004,Antibiotic,1236,300,3000,capsules,2026-08-23,2026-11-08
PHC-BR-DAR-709,Polyvalent Anti-Snake Venom (ASV),DRG-005,Antivenom,34,10,50,vials,2026-08-05,2026-11-13
PHC-BR-DAR-709,Salbutamol Nebules,DRG-006,Respiratory,97,50,500,ampoules,2026-09-21,2027-07-28
PHC-BR-DAR-709,Doxycycline 100mg,DRG-007,Antibiotic,435,200,2000,tablets,2026-08-30,2026-12-04
PHC-BR-DAR-709,Iron Folic Acid tablets,DRG-008,Supplement,1998,500,5000,tablets,2026-09-01,2027-08-28
PHC-BR-DAR-709,Metformin 500mg,DRG-009,Anti-diabetic,1934,300,3000,tablets,2026-08-14,2027-06-26
PHC-BR-DAR-709,Amlodipine 5mg,DRG-010,Cardiovascular,311,200,2000,tablets,2026-08-10,2026-11-11
PHC-BR-DAR-710,ORS Sachets,DRG-001,Essential,34,500,5000,sachets,2026-08-20,2027-06-17
PHC-BR-DAR-710,Zinc Sulfate 20mg,DRG-002,Essential,7,200,2000,tablets,2026-09-01,2027-07-30
PHC-BR-DAR-710,Paracetamol 500mg,DRG-003,Analgesic,858,1000,10000,tablets,2026-08-20,2027-07-01
PHC-BR-DAR-710,Amoxicillin 500mg,DRG-004,Antibiotic,109,300,3000,capsules,2026-08-21,2027-05-23
PHC-BR-DAR-710,Polyvalent Anti-Snake Venom (ASV),DRG-005,Antivenom,4,10,50,vials,2026-09-17,2027-09-20
PHC-BR-DAR-710,Salbutamol Nebules,DRG-006,Respiratory,50,50,500,ampoules,2026-09-03,2027-04-24
PHC-BR-DAR-710,Doxycycline 100mg,DRG-007,Antibiotic,65,200,2000,tablets,2026-08-24,2027-04-13
PHC-BR-DAR-710,Iron Folic Acid tablets,DRG-008,Supplement,160,500,5000,tablets,2026-08-29,2027-05-08
PHC-BR-DAR-710,Metformin 500mg,DRG-009,Anti-diabetic,216,300,3000,tablets,2026-08-22,2027-04-30
PHC-BR-DAR-710,Amlodipine 5mg,DRG-010,Cardiovascular,116,200,2000,tablets,2026-09-15,2027-09-27
PHC-BR-DAR-711,ORS Sachets,DRG-001,Essential,1282,500,5000,sachets,2026-09-14,2027-06-08
PHC-BR-DAR-711,Zinc Sulfate 20mg,DRG-002,Essential,1059,200,2000,tablets,2026-08-24,2027-01-23
PHC-BR-DAR-711,Paracetamol 500mg,DRG-003,Analgesic,8985,1000,10000,tablets,2026-09-09,2027-08-06
PHC-BR-DAR-711,Amoxicillin 500mg,DRG-004,Antibiotic,1552,300,3000,capsules,2026-09-11,2027-07-10
PHC-BR-DAR-711,Polyvalent Anti-Snake Venom (ASV),DRG-005,Antivenom,28,10,50,vials,2026-08-14,2027-09-07
PHC-BR-DAR-711,Salbutamol Nebules,DRG-006,Respiratory,65,50,500,ampoules,2026-09-09,2027-08-21
PHC-BR-DAR-711,Doxycycline 100mg,DRG-007,Antibiotic,1647,200,2000,tablets,2026-09-15,2026-11-11
PHC-BR-DAR-711,Iron Folic Acid tablets,DRG-008,Supplement,1810,500,5000,tablets,2026-09-21,2026-12-08
PHC-BR-DAR-711,Metformin 500mg,DRG-009,Anti-diabetic,1920,300,3000,tablets,2026-08-26,2027-03-12
PHC-BR-DAR-711,Amlodipine 5mg,DRG-010,Cardiovascular,1776,200,2000,tablets,2026-08-12,2027-08-20
PHC-BR-DAR-712,ORS Sachets,DRG-001,Essential,1032,500,5000,sachets,2026-08-24,2027-07-19
PHC-BR-DAR-712,Zinc Sulfate 20mg,DRG-002,Essential,999,200,2000,tablets,2026-08-22,2027-08-28
PHC-BR-DAR-712,Paracetamol 500mg,DRG-003,Analgesic,1503,1000,10000,tablets,2026-08-23,2027-01-02
PHC-BR-DAR-712,Amoxicillin 500mg,DRG-004,Antibiotic,1801,300,3000,capsules,2026-09-13,2027-07-01
PHC-BR-DAR-712,Polyvalent Anti-Snake Venom (ASV),DRG-005,Antivenom,40,10,50,vials,2026-08-13,2027-02-08
PHC-BR-DAR-712,Salbutamol Nebules,DRG-006,Respiratory,272,50,500,ampoules,2026-09-11,2027-05-02
PHC-BR-DAR-712,Doxycycline 100mg,DRG-007,Antibiotic,1624,200,2000,tablets,2026-08-13,2027-02-20
PHC-BR-DAR-712,Iron Folic Acid tablets,DRG-008,Supplement,600,500,5000,tablets,2026-08-05,2027-03-06
PHC-BR-DAR-712,Metformin 500mg,DRG-009,Anti-diabetic,1800,300,3000,tablets,2026-08-26,2027-06-01
PHC-BR-DAR-712,Amlodipine 5mg,DRG-010,Cardiovascular,1189,200,2000,tablets,2026-08-29,2027-04-18
PHC-BR-DAR-713,ORS Sachets,DRG-001,Essential,637,500,5000,sachets,2026-08-11,2027-02-02
PHC-BR-DAR-713,Zinc Sulfate 20mg,DRG-002,Essential,755,200,2000,tablets,2026-08-11,2027-04-01
PHC-BR-DAR-713,Paracetamol 500mg,DRG-003,Analgesic,2273,1000,10000,tablets,2026-08-06,2027-06-07
PHC-BR-DAR-713,Amoxicillin 500mg,DRG-004,Antibiotic,1201,300,3000,capsules,2026-09-04,2027-03-25
PHC-BR-DAR-713,Polyvalent Anti-Snake Venom (ASV),DRG-005,Antivenom,48,10,50,vials,2026-08-03,2027-08-26
PHC-BR-DAR-713,Salbutamol Nebules,DRG-006,Respiratory,193,50,500,ampoules,2026-08-17,2027-01-27
PHC-BR-DAR-713,Doxycycline 100mg,DRG-007,Antibiotic,1539,200,2000,tablets,2026-08-19,2027-01-14
PHC-BR-DAR-713,Iron Folic Acid tablets,DRG-008,Supplement,879,500,5000,tablets,2026-09-20,2026-10-30
PHC-BR-DAR-713,Metformin 500mg,DRG-009,Anti-diabetic,2793,300,3000,tablets,2026-08-15,2026-11-28
PHC-BR-DAR-713,Amlodipine 5mg,DRG-010,Cardiovascular,1096,200,2000,tablets,2026-08-01,2027-08-15
PHC-BR-DAR-714,ORS Sachets,DRG-001,Essential,2830,500,5000,sachets,2026-09-22,2027-05-20
PHC-BR-DAR-714,Zinc Sulfate 20mg,DRG-002,Essential,1422,200,2000,tablets,2026-08-09,2027-03-16
PHC-BR-DAR-714,Paracetamol 500mg,DRG-003,Analgesic,8744,1000,10000,tablets,2026-09-21,2027-05-05
PHC-BR-DAR-714,Amoxicillin 500mg,DRG-004,Antibiotic,1817,300,3000,capsules,2026-09-06,2027-08-12
PHC-BR-DAR-714,Polyvalent Anti-Snake Venom (ASV),DRG-005,Antivenom,40,10,50,vials,2026-09-24,2026-12-24
PHC-BR-DAR-714,Salbutamol Nebules,DRG-006,Respiratory,79,50,500,ampoules,2026-09-20,2027-09-25
PHC-BR-DAR-714,Doxycycline 100mg,DRG-007,Antibiotic,1548,200,2000,tablets,2026-09-21,2026-12-21
PHC-BR-DAR-714,Iron Folic Acid tablets,DRG-008,Supplement,1236,500,5000,tablets,2026-09-02,2027-05-03
PHC-BR-DAR-714,Metformin 500mg,DRG-009,Anti-diabetic,2311,300,3000,tablets,2026-09-16,2027-05-24
PHC-BR-DAR-714,Amlodipine 5mg,DRG-010,Cardiovascular,1327,200,2000,tablets,2026-08-02,2027-03-06
PHC-KA-BEN-715,ORS Sachets,DRG-001,Essential,68,500,5000,sachets,2026-08-16,2027-09-11
PHC-KA-BEN-715,Zinc Sulfate 20mg,DRG-002,Essential,158,200,2000,tablets,2026-08-15,2027-06-05
PHC-KA-BEN-715,Paracetamol 500mg,DRG-003,Analgesic,308,1000,10000,tablets,2026-08-30,2027-09-11
PHC-KA-BEN-715,Amoxicillin 500mg,DRG-004,Antibiotic,215,300,3000,capsules,2026-08-16,2027-02-23
PHC-KA-BEN-715,Polyvalent Anti-Snake Venom (ASV),DRG-005,Antivenom,9,10,50,vials,2026-07-31,2027-06-04
PHC-KA-BEN-715,Salbutamol Nebules,DRG-006,Respiratory,45,50,500,ampoules,2026-08-07,2027-05-08
PHC-KA-BEN-715,Doxycycline 100mg,DRG-007,Antibiotic,153,200,2000,tablets,2026-08-02,2027-01-21
PHC-KA-BEN-715,Iron Folic Acid tablets,DRG-008,Supplement,349,500,5000,tablets,2026-08-18,2027-01-06
PHC-KA-BEN-715,Metformin 500mg,DRG-009,Anti-diabetic,145,300,3000,tablets,2026-09-02,2027-04-23
PHC-KA-BEN-715,Amlodipine 5mg,DRG-010,Cardiovascular,72,200,2000,tablets,2026-09-08,2027-02-13
PHC-KA-BEN-716,ORS Sachets,DRG-001,Essential,401,500,5000,sachets,2026-09-19,2026-11-29
PHC-KA-BEN-716,Zinc Sulfate 20mg,DRG-002,Essential,69,200,2000,tablets,2026-08-14,2026-12-16
PHC-KA-BEN-716,Paracetamol 500mg,DRG-003,Analgesic,479,1000,10000,tablets,2026-08-23,2026-11-15
PHC-KA-BEN-716,Amoxicillin 500mg,DRG-004,Antibiotic,147,300,3000,capsules,2026-08-09,2026-12-04
PHC-KA-BEN-716,Polyvalent Anti-Snake Venom (ASV),DRG-005,Antivenom,9,10,50,vials,2026-08-10,2027-03-01
PHC-KA-BEN-716,Salbutamol Nebules,DRG-006,Respiratory,30,50,500,ampoules,2026-08-07,2027-01-12
PHC-KA-BEN-716,Doxycycline 100mg,DRG-007,Antibiotic,99,200,2000,tablets,2026-08-16,2027-02-25
PHC-KA-BEN-716,Iron Folic Acid tablets,DRG-008,Supplement,11,500,5000,tablets,2026-08-12,2027-02-26
PHC-KA-BEN-716,Metformin 500mg,DRG-009,Anti-diabetic,33,300,3000,tablets,2026-09-11,2027-05-16
PHC-KA-BEN-716,Amlodipine 5mg,DRG-010,Cardiovascular,138,200,2000,tablets,2026-08-24,2027-08-10
PHC-KA-BEN-717,ORS Sachets,DRG-001,Essential,2546,500,5000,sachets,2026-07-31,2027-04-02
PHC-KA-BEN-717,Zinc Sulfate 20mg,DRG-002,Essential,634,200,2000,tablets,2026-08-09,2027-02-13
PHC-KA-BEN-717,Paracetamol 500mg,DRG-003,Analgesic,8653,1000,10000,tablets,2026-08-15,2027-05-23
PHC-KA-BEN-717,Amoxicillin 500mg,DRG-004,Antibiotic,2335,300,3000,capsules,2026-09-03,2027-06-01
PHC-KA-BEN-717,Polyvalent Anti-Snake Venom (ASV),DRG-005,Antivenom,50,10,50,vials,2026-08-27,2027-04-19
PHC-KA-BEN-717,Salbutamol Nebules,DRG-006,Respiratory,420,50,500,ampoules,2026-09-02,2027-06-07
PHC-KA-BEN-717,Doxycycline 100mg,DRG-007,Antibiotic,1224,200,2000,tablets,2026-08-08,2027-05-12
PHC-KA-BEN-717,Iron Folic Acid tablets,DRG-008,Supplement,2588,500,5000,tablets,2026-08-03,2027-03-31
PHC-KA-BEN-717,Metformin 500mg,DRG-009,Anti-diabetic,352,300,3000,tablets,2026-09-08,2027-02-26
PHC-KA-BEN-717,Amlodipine 5mg,DRG-010,Cardiovascular,803,200,2000,tablets,2026-09-10,2026-12-13
PHC-KA-BEN-718,ORS Sachets,DRG-001,Essential,4516,500,5000,sachets,2026-08-17,2027-08-16
PHC-KA-BEN-718,Zinc Sulfate 20mg,DRG-002,Essential,1682,200,2000,tablets,2026-08-20,2026-12-04
PHC-KA-BEN-718,Paracetamol 500mg,DRG-003,Analgesic,5868,1000,10000,tablets,2026-09-14,2027-08-26
PHC-KA-BEN-718,Amoxicillin 500mg,DRG-004,Antibiotic,988,300,3000,capsules,2026-09-07,2027-07-06
PHC-KA-BEN-718,Polyvalent Anti-Snake Venom (ASV),DRG-005,Antivenom,47,10,50,vials,2026-09-17,2026-12-24
PHC-KA-BEN-718,Salbutamol Nebules,DRG-006,Respiratory,73,50,500,ampoules,2026-08-09,2027-06-20
PHC-KA-BEN-718,Doxycycline 100mg,DRG-007,Antibiotic,205,200,2000,tablets,2026-08-24,2027-04-30
PHC-KA-BEN-718,Iron Folic Acid tablets,DRG-008,Supplement,3425,500,5000,tablets,2026-09-16,2027-05-08
PHC-KA-BEN-718,Metformin 500mg,DRG-009,Anti-diabetic,2292,300,3000,tablets,2026-09-16,2027-01-07
PHC-KA-BEN-718,Amlodipine 5mg,DRG-010,Cardiovascular,215,200,2000,tablets,2026-09-03,2027-09-14
PHC-KA-BEN-719,ORS Sachets,DRG-001,Essential,3550,500,5000,sachets,2026-08-17,2026-12-12
PHC-KA-BEN-719,Zinc Sulfate 20mg,DRG-002,Essential,220,200,2000,tablets,2026-08-28,2027-03-23
PHC-KA-BEN-719,Paracetamol 500mg,DRG-003,Analgesic,1636,1000,10000,tablets,2026-09-08,2027-04-25
PHC-KA-BEN-719,Amoxicillin 500mg,DRG-004,Antibiotic,641,300,3000,capsules,2026-08-20,2027-01-08
PHC-KA-BEN-719,Polyvalent Anti-Snake Venom (ASV),DRG-005,Antivenom,21,10,50,vials,2026-09-04,2027-02-03
PHC-KA-BEN-719,Salbutamol Nebules,DRG-006,Respiratory,295,50,500,ampoules,2026-09-03,2027-03-24
PHC-KA-BEN-719,Doxycycline 100mg,DRG-007,Antibiotic,575,200,2000,tablets,2026-09-12,2027-04-30
PHC-KA-BEN-719,Iron Folic Acid tablets,DRG-008,Supplement,1788,500,5000,tablets,2026-08-10,2027-03-11
PHC-KA-BEN-719,Metformin 500mg,DRG-009,Anti-diabetic,1142,300,3000,tablets,2026-09-10,2027-09-28
PHC-KA-BEN-719,Amlodipine 5mg,DRG-010,Cardiovascular,1233,200,2000,tablets,2026-08-31,2027-05-15
PHC-KA-BEN-720,ORS Sachets,DRG-001,Essential,3307,500,5000,sachets,2026-08-15,2026-11-22
PHC-KA-BEN-720,Zinc Sulfate 20mg,DRG-002,Essential,1895,200,2000,tablets,2026-08-19,2027-05-26
PHC-KA-BEN-720,Paracetamol 500mg,DRG-003,Analgesic,1440,1000,10000,tablets,2026-08-02,2027-04-02
PHC-KA-BEN-720,Amoxicillin 500mg,DRG-004,Antibiotic,1857,300,3000,capsules,2026-09-12,2026-11-14
PHC-KA-BEN-720,Polyvalent Anti-Snake Venom (ASV),DRG-005,Antivenom,41,10,50,vials,2026-08-15,2027-06-10
PHC-KA-BEN-720,Salbutamol Nebules,DRG-006,Respiratory,315,50,500,ampoules,2026-08-06,2027-05-23
PHC-KA-BEN-720,Doxycycline 100mg,DRG-007,Antibiotic,1791,200,2000,tablets,2026-08-20,2027-01-13
PHC-KA-BEN-720,Iron Folic Acid tablets,DRG-008,Supplement,1060,500,5000,tablets,2026-09-20,2027-09-24
PHC-KA-BEN-720,Metformin 500mg,DRG-009,Anti-diabetic,2667,300,3000,tablets,2026-09-05,2026-11-11
PHC-KA-BEN-720,Amlodipine 5mg,DRG-010,Cardiovascular,1565,200,2000,tablets,2026-08-28,2027-08-29
PHC-KA-BEN-721,ORS Sachets,DRG-001,Essential,3051,500,5000,sachets,2026-08-11,2027-08-04
PHC-KA-BEN-721,Zinc Sulfate 20mg,DRG-002,Essential,245,200,2000,tablets,2026-08-06,2027-06-08
PHC-KA-BEN-721,Paracetamol 500mg,DRG-003,Analgesic,6697,1000,10000,tablets,2026-09-14,2027-02-02
PHC-KA-BEN-721,Amoxicillin 500mg,DRG-004,Antibiotic,808,300,3000,capsules,2026-08-11,2027-09-16
PHC-KA-BEN-721,Polyvalent Anti-Snake Venom (ASV),DRG-005,Antivenom,49,10,50,vials,2026-09-10,2027-04-23
PHC-KA-BEN-721,Salbutamol Nebules,DRG-006,Respiratory,120,50,500,ampoules,2026-09-09,2027-06-12
PHC-KA-BEN-721,Doxycycline 100mg,DRG-007,Antibiotic,1524,200,2000,tablets,2026-08-04,2027-02-08
PHC-KA-BEN-721,Iron Folic Acid tablets,DRG-008,Supplement,4696,500,5000,tablets,2026-09-22,2027-01-02
PHC-KA-BEN-721,Metformin 500mg,DRG-009,Anti-diabetic,858,300,3000,tablets,2026-09-23,2026-11-06
PHC-KA-BEN-721,Amlodipine 5mg,DRG-010,Cardiovascular,375,200,2000,tablets,2026-08-25,2027-05-10
PHC-KA-BEN-722,ORS Sachets,DRG-001,Essential,2215,500,5000,sachets,2026-08-17,2027-06-06
PHC-KA-BEN-722,Zinc Sulfate 20mg,DRG-002,Essential,1545,200,2000,tablets,2026-09-03,2026-11-24
PHC-KA-BEN-722,Paracetamol 500mg,DRG-003,Analgesic,4536,1000,10000,tablets,2026-09-06,2027-05-01
PHC-KA-BEN-722,Amoxicillin 500mg,DRG-004,Antibiotic,1563,300,3000,capsules,2026-08-09,2027-01-27
PHC-KA-BEN-722,Polyvalent Anti-Snake Venom (ASV),DRG-005,Antivenom,43,10,50,vials,2026-09-21,2026-11-26
PHC-KA-BEN-722,Salbutamol Nebules,DRG-006,Respiratory,209,50,500,ampoules,2026-08-23,2027-07-08
PHC-KA-BEN-722,Doxycycline 100mg,DRG-007,Antibiotic,1028,200,2000,tablets,2026-09-03,2027-04-14
PHC-KA-BEN-722,Iron Folic Acid tablets,DRG-008,Supplement,4759,500,5000,tablets,2026-09-09,2027-07-10
PHC-KA-BEN-722,Metformin 500mg,DRG-009,Anti-diabetic,317,300,3000,tablets,2026-09-17,2027-07-06
PHC-KA-BEN-722,Amlodipine 5mg,DRG-010,Cardiovascular,1555,200,2000,tablets,2026-09-02,2027-08-09
PHC-KA-BEN-723,ORS Sachets,DRG-001,Essential,3607,500,5000,sachets,2026-08-03,2027-01-25
PHC-KA-BEN-723,Zinc Sulfate 20mg,DRG-002,Essential,1267,200,2000,tablets,2026-08-27,2026-12-27
PHC-KA-BEN-723,Paracetamol 500mg,DRG-003,Analgesic,5440,1000,10000,tablets,2026-08-01,2027-07-23
PHC-KA-BEN-723,Amoxicillin 500mg,DRG-004,Antibiotic,544,300,3000,capsules,2026-07-31,2027-06-03
PHC-KA-BEN-723,Polyvalent Anti-Snake Venom (ASV),DRG-005,Antivenom,43,10,50,vials,2026-08-09,2027-06-14
PHC-KA-BEN-723,Salbutamol Nebules,DRG-006,Respiratory,328,50,500,ampoules,2026-08-16,2027-01-16
PHC-KA-BEN-723,Doxycycline 100mg,DRG-007,Antibiotic,1425,200,2000,tablets,2026-09-09,2026-12-27
PHC-KA-BEN-723,Iron Folic Acid tablets,DRG-008,Supplement,1207,500,5000,tablets,2026-09-08,2027-05-13
PHC-KA-BEN-723,Metformin 500mg,DRG-009,Anti-diabetic,1619,300,3000,tablets,2026-08-05,2027-07-08
PHC-KA-BEN-723,Amlodipine 5mg,DRG-010,Cardiovascular,1940,200,2000,tablets,2026-09-19,2027-08-15
PHC-KA-BEN-724,ORS Sachets,DRG-001,Essential,28,500,5000,sachets,2026-09-10,2026-12-20
PHC-KA-BEN-724,Zinc Sulfate 20mg,DRG-002,Essential,37,200,2000,tablets,2026-08-24,2027-07-29
PHC-KA-BEN-724,Paracetamol 500mg,DRG-003,Analgesic,24,1000,10000,tablets,2026-09-06,2027-08-24
PHC-KA-BEN-724,Amoxicillin 500mg,DRG-004,Antibiotic,54,300,3000,capsules,2026-09-16,2027-06-23
PHC-KA-BEN-724,Polyvalent Anti-Snake Venom (ASV),DRG-005,Antivenom,1,10,50,vials,2026-09-11,2027-06-10
PHC-KA-BEN-724,Salbutamol Nebules,DRG-006,Respiratory,10,50,500,ampoules,2026-08-23,2026-11-18
PHC-KA-BEN-724,Doxycycline 100mg,DRG-007,Antibiotic,11,200,2000,tablets,2026-08-07,2027-09-02
PHC-KA-BEN-724,Iron Folic Acid tablets,DRG-008,Supplement,29,500,5000,tablets,2026-09-24,2026-11-01
PHC-KA-BEN-724,Metformin 500mg,DRG-009,Anti-diabetic,54,300,3000,tablets,2026-09-24,2027-02-23
PHC-KA-BEN-724,Amlodipine 5mg,DRG-010,Cardiovascular,3,200,2000,tablets,2026-09-14,2026-11-10
PHC-KA-BEN-725,ORS Sachets,DRG-001,Essential,10,500,5000,sachets,2026-08-08,2027-05-12
PHC-KA-BEN-725,Zinc Sulfate 20mg,DRG-002,Essential,28,200,2000,tablets,2026-09-19,2026-12-01
PHC-KA-BEN-725,Paracetamol 500mg,DRG-003,Analgesic,109,1000,10000,tablets,2026-08-18,2027-02-01
PHC-KA-BEN-725,Amoxicillin 500mg,DRG-004,Antibiotic,5,300,3000,capsules,2026-08-02,2027-04-10
PHC-KA-BEN-725,Polyvalent Anti-Snake Venom (ASV),DRG-005,Antivenom,2,10,50,vials,2026-09-14,2027-05-04
PHC-KA-BEN-725,Salbutamol Nebules,DRG-006,Respiratory,3,50,500,ampoules,2026-09-04,2026-11-15
PHC-KA-BEN-725,Doxycycline 100mg,DRG-007,Antibiotic,21,200,2000,tablets,2026-08-16,2027-03-29
PHC-KA-BEN-725,Iron Folic Acid tablets,DRG-008,Supplement,100,500,5000,tablets,2026-08-31,2027-04-10
PHC-KA-BEN-725,Metformin 500mg,DRG-009,Anti-diabetic,53,300,3000,tablets,2026-08-26,2027-09-29
PHC-KA-BEN-725,Amlodipine 5mg,DRG-010,Cardiovascular,13,200,2000,tablets,2026-08-02,2027-06-22
PHC-KA-BEN-726,ORS Sachets,DRG-001,Essential,2525,500,5000,sachets,2026-09-01,2027-04-19
PHC-KA-BEN-726,Zinc Sulfate 20mg,DRG-002,Essential,1353,200,2000,tablets,2026-08-18,2027-07-06
PHC-KA-BEN-726,Paracetamol 500mg,DRG-003,Analgesic,3992,1000,10000,tablets,2026-08-29,2027-04-17
PHC-KA-BEN-726,Amoxicillin 500mg,DRG-004,Antibiotic,1304,300,3000,capsules,2026-08-24,2027-07-16
PHC-KA-BEN-726,Polyvalent Anti-Snake Venom (ASV),DRG-005,Antivenom,11,10,50,vials,2026-08-18,2027-09-14
PHC-KA-BEN-726,Salbutamol Nebules,DRG-006,Respiratory,71,50,500,ampoules,2026-09-02,2026-11-16
PHC-KA-BEN-726,Doxycycline 100mg,DRG-007,Antibiotic,1514,200,2000,tablets,2026-08-05,2027-01-12
PHC-KA-BEN-726,Iron Folic Acid tablets,DRG-008,Supplement,3167,500,5000,tablets,2026-08-03,2027-05-19
PHC-KA-BEN-726,Metformin 500mg,DRG-009,Anti-diabetic,602,300,3000,tablets,2026-08-25,2027-06-04
PHC-KA-BEN-726,Amlodipine 5mg,DRG-010,Cardiovascular,640,200,2000,tablets,2026-08-22,2026-11-02
PHC-KA-BEN-727,ORS Sachets,DRG-001,Essential,2652,500,5000,sachets,2026-08-29,2027-05-19
PHC-KA-BEN-727,Zinc Sulfate 20mg,DRG-002,Essential,871,200,2000,tablets,2026-08-04,2027-02-26
PHC-KA-BEN-727,Paracetamol 500mg,DRG-003,Analgesic,8397,1000,10000,tablets,2026-09-10,2027-07-13
PHC-KA-BEN-727,Amoxicillin 500mg,DRG-004,Antibiotic,1453,300,3000,capsules,2026-08-31,2027-02-17
PHC-KA-BEN-727,Polyvalent Anti-Snake Venom (ASV),DRG-005,Antivenom,13,10,50,vials,2026-09-12,2027-03-06
PHC-KA-BEN-727,Salbutamol Nebules,DRG-006,Respiratory,385,50,500,ampoules,2026-09-11,2027-04-15
PHC-KA-BEN-727,Doxycycline 100mg,DRG-007,Antibiotic,852,200,2000,tablets,2026-08-06,2027-05-26
PHC-KA-BEN-727,Iron Folic Acid tablets,DRG-008,Supplement,3449,500,5000,tablets,2026-08-24,2027-03-30
PHC-KA-BEN-727,Metformin 500mg,DRG-009,Anti-diabetic,1884,300,3000,tablets,2026-08-23,2026-12-11
PHC-KA-BEN-727,Amlodipine 5mg,DRG-010,Cardiovascular,1685,200,2000,tablets,2026-09-16,2027-08-06
PHC-KA-BEN-728,ORS Sachets,DRG-001,Essential,2243,500,5000,sachets,2026-08-28,2027-05-03
PHC-KA-BEN-728,Zinc Sulfate 20mg,DRG-002,Essential,1723,200,2000,tablets,2026-08-24,2026-11-01
PHC-KA-BEN-728,Paracetamol 500mg,DRG-003,Analgesic,4485,1000,10000,tablets,2026-08-03,2026-11-05
PHC-KA-BEN-728,Amoxicillin 500mg,DRG-004,Antibiotic,2394,300,3000,capsules,2026-08-15,2027-02-11
PHC-KA-BEN-728,Polyvalent Anti-Snake Venom (ASV),DRG-005,Antivenom,44,10,50,vials,2026-09-15,2027-03-09
PHC-KA-BEN-728,Salbutamol Nebules,DRG-006,Respiratory,265,50,500,ampoules,2026-08-13,2027-08-04
PHC-KA-BEN-728,Doxycycline 100mg,DRG-007,Antibiotic,1537,200,2000,tablets,2026-08-04,2027-04-11
PHC-KA-BEN-728,Iron Folic Acid tablets,DRG-008,Supplement,1085,500,5000,tablets,2026-08-09,2027-01-03
PHC-KA-BEN-728,Metformin 500mg,DRG-009,Anti-diabetic,643,300,3000,tablets,2026-08-04,2027-04-04
PHC-KA-BEN-728,Amlodipine 5mg,DRG-010,Cardiovascular,202,200,2000,tablets,2026-09-01,2027-01-22
PHC-KA-BEN-729,ORS Sachets,DRG-001,Essential,3660,500,5000,sachets,2026-08-06,2027-04-13
PHC-KA-BEN-729,Zinc Sulfate 20mg,DRG-002,Essential,561,200,2000,tablets,2026-08-01,2027-05-04
PHC-KA-BEN-729,Paracetamol 500mg,DRG-003,Analgesic,1768,1000,10000,tablets,2026-09-11,2027-05-27
PHC-KA-BEN-729,Amoxicillin 500mg,DRG-004,Antibiotic,945,300,3000,capsules,2026-09-01,2026-11-06
PHC-KA-BEN-729,Polyvalent Anti-Snake Venom (ASV),DRG-005,Antivenom,37,10,50,vials,2026-09-23,2027-06-17
PHC-KA-BEN-729,Salbutamol Nebules,DRG-006,Respiratory,386,50,500,ampoules,2026-09-02,2027-02-25
PHC-KA-BEN-729,Doxycycline 100mg,DRG-007,Antibiotic,459,200,2000,tablets,2026-09-02,2027-04-10
PHC-KA-BEN-729,Iron Folic Acid tablets,DRG-008,Supplement,4587,500,5000,tablets,2026-09-14,2026-12-31
PHC-KA-BEN-729,Metformin 500mg,DRG-009,Anti-diabetic,302,300,3000,tablets,2026-09-22,2026-12-22
PHC-KA-BEN-729,Amlodipine 5mg,DRG-010,Cardiovascular,1535,200,2000,tablets,2026-08-22,2027-06-18
PHC-KA-BEN-730,ORS Sachets,DRG-001,Essential,3959,500,5000,sachets,2026-08-09,2027-02-10
PHC-KA-BEN-730,Zinc Sulfate 20mg,DRG-002,Essential,449,200,2000,tablets,2026-09-06,2027-04-09
PHC-KA-BEN-730,Paracetamol 500mg,DRG-003,Analgesic,8152,1000,10000,tablets,2026-08-01,2027-04-13
PHC-KA-BEN-730,Amoxicillin 500mg,DRG-004,Antibiotic,1131,300,3000,capsules,2026-08-05,2027-04-13
PHC-KA-BEN-730,Polyvalent Anti-Snake Venom (ASV),DRG-005,Antivenom,49,10,50,vials,2026-08-23,2026-12-31
PHC-KA-BEN-730,Salbutamol Nebules,DRG-006,Respiratory,258,50,500,ampoules,2026-09-18,2026-12-24
PHC-KA-BEN-730,Doxycycline 100mg,DRG-007,Antibiotic,904,200,2000,tablets,2026-08-10,2027-01-01
PHC-KA-BEN-730,Iron Folic Acid tablets,DRG-008,Supplement,4380,500,5000,tablets,2026-09-17,2027-07-27
PHC-KA-BEN-730,Metformin 500mg,DRG-009,Anti-diabetic,2395,300,3000,tablets,2026-08-29,2026-11-17
PHC-KA-BEN-730,Amlodipine 5mg,DRG-010,Cardiovascular,1739,200,2000,tablets,2026-09-11,2027-09-26
PHC-KA-BEN-731,ORS Sachets,DRG-001,Essential,4760,500,5000,sachets,2026-08-07,2026-11-06
PHC-KA-BEN-731,Zinc Sulfate 20mg,DRG-002,Essential,1025,200,2000,tablets,2026-09-22,2027-02-01
PHC-KA-BEN-731,Paracetamol 500mg,DRG-003,Analgesic,7542,1000,10000,tablets,2026-08-04,2026-12-06
PHC-KA-BEN-731,Amoxicillin 500mg,DRG-004,Antibiotic,406,300,3000,capsules,2026-09-14,2027-09-17
PHC-KA-BEN-731,Polyvalent Anti-Snake Venom (ASV),DRG-005,Antivenom,14,10,50,vials,2026-08-07,2026-11-24
PHC-KA-BEN-731,Salbutamol Nebules,DRG-006,Respiratory,296,50,500,ampoules,2026-09-05,2027-09-22
PHC-KA-BEN-731,Doxycycline 100mg,DRG-007,Antibiotic,1227,200,2000,tablets,2026-08-11,2027-05-21
PHC-KA-BEN-731,Iron Folic Acid tablets,DRG-008,Supplement,1428,500,5000,tablets,2026-09-12,2026-12-11
PHC-KA-BEN-731,Metformin 500mg,DRG-009,Anti-diabetic,2449,300,3000,tablets,2026-09-15,2027-05-31
PHC-KA-BEN-731,Amlodipine 5mg,DRG-010,Cardiovascular,1769,200,2000,tablets,2026-09-03,2027-05-15
PHC-KA-BEN-732,ORS Sachets,DRG-001,Essential,154,500,5000,sachets,2026-09-07,2026-12-26
PHC-KA-BEN-732,Zinc Sulfate 20mg,DRG-002,Essential,10,200,2000,tablets,2026-09-21,2027-05-11
PHC-KA-BEN-732,Paracetamol 500mg,DRG-003,Analgesic,571,1000,10000,tablets,2026-09-20,2027-09-11
PHC-KA-BEN-732,Amoxicillin 500mg,DRG-004,Antibiotic,256,300,3000,capsules,2026-08-31,2026-11-13
PHC-KA-BEN-732,Polyvalent Anti-Snake Venom (ASV),DRG-005,Antivenom,3,10,50,vials,2026-08-11,2026-11-06
PHC-KA-BEN-732,Salbutamol Nebules,DRG-006,Respiratory,34,50,500,ampoules,2026-08-04,2027-03-14
PHC-KA-BEN-732,Doxycycline 100mg,DRG-007,Antibiotic,11,200,2000,tablets,2026-09-23,2027-07-10
PHC-KA-BEN-732,Iron Folic Acid tablets,DRG-008,Supplement,112,500,5000,tablets,2026-08-11,2027-01-06
PHC-KA-BEN-732,Metformin 500mg,DRG-009,Anti-diabetic,37,300,3000,tablets,2026-08-02,2027-03-05
PHC-KA-BEN-732,Amlodipine 5mg,DRG-010,Cardiovascular,30,200,2000,tablets,2026-09-24,2027-03-08
PHC-KA-BEN-733,ORS Sachets,DRG-001,Essential,59,500,5000,sachets,2026-08-13,2026-12-11
PHC-KA-BEN-733,Zinc Sulfate 20mg,DRG-002,Essential,23,200,2000,tablets,2026-09-11,2027-05-24
PHC-KA-BEN-733,Paracetamol 500mg,DRG-003,Analgesic,128,1000,10000,tablets,2026-08-29,2027-09-11
PHC-KA-BEN-733,Amoxicillin 500mg,DRG-004,Antibiotic,34,300,3000,capsules,2026-09-22,2027-06-19
PHC-KA-BEN-733,Polyvalent Anti-Snake Venom (ASV),DRG-005,Antivenom,1,10,50,vials,2026-09-07,2027-02-25
PHC-KA-BEN-733,Salbutamol Nebules,DRG-006,Respiratory,1,50,500,ampoules,2026-08-23,2027-01-06
PHC-KA-BEN-733,Doxycycline 100mg,DRG-007,Antibiotic,34,200,2000,tablets,2026-07-31,2027-04-01
PHC-KA-BEN-733,Iron Folic Acid tablets,DRG-008,Supplement,94,500,5000,tablets,2026-09-23,2027-05-08
PHC-KA-BEN-733,Metformin 500mg,DRG-009,Anti-diabetic,38,300,3000,tablets,2026-09-04,2027-05-20
PHC-KA-BEN-733,Amlodipine 5mg,DRG-010,Cardiovascular,19,200,2000,tablets,2026-09-14,2027-07-28
PHC-KA-BEN-734,ORS Sachets,DRG-001,Essential,4751,500,5000,sachets,2026-09-12,2026-12-22
PHC-KA-BEN-734,Zinc Sulfate 20mg,DRG-002,Essential,1886,200,2000,tablets,2026-08-15,2026-11-27
PHC-KA-BEN-734,Paracetamol 500mg,DRG-003,Analgesic,5345,1000,10000,tablets,2026-08-20,2027-06-09
PHC-KA-BEN-734,Amoxicillin 500mg,DRG-004,Antibiotic,2979,300,3000,capsules,2026-09-11,2027-08-21
PHC-KA-BEN-734,Polyvalent Anti-Snake Venom (ASV),DRG-005,Antivenom,15,10,50,vials,2026-09-21,2027-06-10
PHC-KA-BEN-734,Salbutamol Nebules,DRG-006,Respiratory,364,50,500,ampoules,2026-08-17,2026-12-31
PHC-KA-BEN-734,Doxycycline 100mg,DRG-007,Antibiotic,1768,200,2000,tablets,2026-08-21,2027-05-29
PHC-KA-BEN-734,Iron Folic Acid tablets,DRG-008,Supplement,4105,500,5000,tablets,2026-09-07,2027-03-06
PHC-KA-BEN-734,Metformin 500mg,DRG-009,Anti-diabetic,2010,300,3000,tablets,2026-08-20,2027-09-10
PHC-KA-BEN-734,Amlodipine 5mg,DRG-010,Cardiovascular,548,200,2000,tablets,2026-09-15,2026-10-31
PHC-KA-BEN-735,ORS Sachets,DRG-001,Essential,662,500,5000,sachets,2026-08-11,2026-11-05
PHC-KA-BEN-735,Zinc Sulfate 20mg,DRG-002,Essential,1065,200,2000,tablets,2026-08-15,2027-07-30
PHC-KA-BEN-735,Paracetamol 500mg,DRG-003,Analgesic,5731,1000,10000,tablets,2026-08-15,2027-06-13
PHC-KA-BEN-735,Amoxicillin 500mg,DRG-004,Antibiotic,2016,300,3000,capsules,2026-09-05,2027-03-10
PHC-KA-BEN-735,Polyvalent Anti-Snake Venom (ASV),DRG-005,Antivenom,41,10,50,vials,2026-08-25,2027-02-22
PHC-KA-BEN-735,Salbutamol Nebules,DRG-006,Respiratory,315,50,500,ampoules,2026-09-20,2027-02-13
PHC-KA-BEN-735,Doxycycline 100mg,DRG-007,Antibiotic,550,200,2000,tablets,2026-09-01,2027-04-25
PHC-KA-BEN-735,Iron Folic Acid tablets,DRG-008,Supplement,657,500,5000,tablets,2026-09-22,2027-01-30
PHC-KA-BEN-735,Metformin 500mg,DRG-009,Anti-diabetic,1827,300,3000,tablets,2026-08-21,2027-01-11
PHC-KA-BEN-735,Amlodipine 5mg,DRG-010,Cardiovascular,756,200,2000,tablets,2026-09-16,2027-09-28
PHC-KA-MYS-736,ORS Sachets,DRG-001,Essential,4745,500,5000,sachets,2026-09-12,2027-02-01
PHC-KA-MYS-736,Zinc Sulfate 20mg,DRG-002,Essential,1977,200,2000,tablets,2026-09-04,2027-05-04
PHC-KA-MYS-736,Paracetamol 500mg,DRG-003,Analgesic,4844,1000,10000,tablets,2026-08-07,2027-07-24
PHC-KA-MYS-736,Amoxicillin 500mg,DRG-004,Antibiotic,562,300,3000,capsules,2026-08-28,2026-11-29
PHC-KA-MYS-736,Polyvalent Anti-Snake Venom (ASV),DRG-005,Antivenom,42,10,50,vials,2026-09-18,2027-02-03
PHC-KA-MYS-736,Salbutamol Nebules,DRG-006,Respiratory,327,50,500,ampoules,2026-09-06,2027-07-13
PHC-KA-MYS-736,Doxycycline 100mg,DRG-007,Antibiotic,637,200,2000,tablets,2026-08-02,2027-08-02
PHC-KA-MYS-736,Iron Folic Acid tablets,DRG-008,Supplement,4951,500,5000,tablets,2026-09-07,2027-07-07
PHC-KA-MYS-736,Metformin 500mg,DRG-009,Anti-diabetic,2181,300,3000,tablets,2026-08-10,2027-04-07
PHC-KA-MYS-736,Amlodipine 5mg,DRG-010,Cardiovascular,1582,200,2000,tablets,2026-09-15,2027-04-23
PHC-KA-MYS-737,ORS Sachets,DRG-001,Essential,607,500,5000,sachets,2026-09-08,2027-08-12
PHC-KA-MYS-737,Zinc Sulfate 20mg,DRG-002,Essential,1620,200,2000,tablets,2026-09-16,2027-09-29
PHC-KA-MYS-737,Paracetamol 500mg,DRG-003,Analgesic,1516,1000,10000,tablets,2026-08-01,2027-08-23
PHC-KA-MYS-737,Amoxicillin 500mg,DRG-004,Antibiotic,1129,300,3000,capsules,2026-08-31,2026-11-09
PHC-KA-MYS-737,Polyvalent Anti-Snake Venom (ASV),DRG-005,Antivenom,30,10,50,vials,2026-08-09,2027-09-03
PHC-KA-MYS-737,Salbutamol Nebules,DRG-006,Respiratory,421,50,500,ampoules,2026-08-16,2027-03-16
PHC-KA-MYS-737,Doxycycline 100mg,DRG-007,Antibiotic,619,200,2000,tablets,2026-08-09,2026-11-06
PHC-KA-MYS-737,Iron Folic Acid tablets,DRG-008,Supplement,545,500,5000,tablets,2026-09-10,2027-05-11
PHC-KA-MYS-737,Metformin 500mg,DRG-009,Anti-diabetic,2824,300,3000,tablets,2026-09-13,2027-08-04
PHC-KA-MYS-737,Amlodipine 5mg,DRG-010,Cardiovascular,1277,200,2000,tablets,2026-08-25,2027-03-27
PHC-KA-MYS-738,ORS Sachets,DRG-001,Essential,3754,500,5000,sachets,2026-07-31,2027-03-05
PHC-KA-MYS-738,Zinc Sulfate 20mg,DRG-002,Essential,1126,200,2000,tablets,2026-09-09,2027-03-15
PHC-KA-MYS-738,Paracetamol 500mg,DRG-003,Analgesic,3510,1000,10000,tablets,2026-08-04,2027-09-01
PHC-KA-MYS-738,Amoxicillin 500mg,DRG-004,Antibiotic,873,300,3000,capsules,2026-08-04,2027-07-13
PHC-KA-MYS-738,Polyvalent Anti-Snake Venom (ASV),DRG-005,Antivenom,19,10,50,vials,2026-08-16,2027-07-25
PHC-KA-MYS-738,Salbutamol Nebules,DRG-006,Respiratory,167,50,500,ampoules,2026-08-07,2027-08-02
PHC-KA-MYS-738,Doxycycline 100mg,DRG-007,Antibiotic,708,200,2000,tablets,2026-08-14,2026-11-02
PHC-KA-MYS-738,Iron Folic Acid tablets,DRG-008,Supplement,1760,500,5000,tablets,2026-09-18,2026-12-21
PHC-KA-MYS-738,Metformin 500mg,DRG-009,Anti-diabetic,629,300,3000,tablets,2026-08-07,2027-03-01
PHC-KA-MYS-738,Amlodipine 5mg,DRG-010,Cardiovascular,996,200,2000,tablets,2026-08-20,2027-04-28
PHC-KA-MYS-739,ORS Sachets,DRG-001,Essential,379,500,5000,sachets,2026-08-17,2027-04-02
PHC-KA-MYS-739,Zinc Sulfate 20mg,DRG-002,Essential,98,200,2000,tablets,2026-08-29,2027-06-26
PHC-KA-MYS-739,Paracetamol 500mg,DRG-003,Analgesic,274,1000,10000,tablets,2026-08-09,2027-04-12
PHC-KA-MYS-739,Amoxicillin 500mg,DRG-004,Antibiotic,41,300,3000,capsules,2026-08-04,2027-09-16
PHC-KA-MYS-739,Polyvalent Anti-Snake Venom (ASV),DRG-005,Antivenom,8,10,50,vials,2026-08-24,2027-04-06
PHC-KA-MYS-739,Salbutamol Nebules,DRG-006,Respiratory,40,50,500,ampoules,2026-09-13,2027-06-12
PHC-KA-MYS-739,Doxycycline 100mg,DRG-007,Antibiotic,14,200,2000,tablets,2026-09-07,2027-06-14
PHC-KA-MYS-739,Iron Folic Acid tablets,DRG-008,Supplement,154,500,5000,tablets,2026-08-07,2027-04-28
PHC-KA-MYS-739,Metformin 500mg,DRG-009,Anti-diabetic,118,300,3000,tablets,2026-09-02,2027-03-29
PHC-KA-MYS-739,Amlodipine 5mg,DRG-010,Cardiovascular,31,200,2000,tablets,2026-08-23,2027-07-01
PHC-KA-MYS-740,ORS Sachets,DRG-001,Essential,47,500,5000,sachets,2026-08-22,2027-01-13
PHC-KA-MYS-740,Zinc Sulfate 20mg,DRG-002,Essential,32,200,2000,tablets,2026-08-19,2027-04-16
PHC-KA-MYS-740,Paracetamol 500mg,DRG-003,Analgesic,959,1000,10000,tablets,2026-08-17,2026-11-05
PHC-KA-MYS-740,Amoxicillin 500mg,DRG-004,Antibiotic,34,300,3000,capsules,2026-08-16,2027-03-15
PHC-KA-MYS-740,Polyvalent Anti-Snake Venom (ASV),DRG-005,Antivenom,5,10,50,vials,2026-08-14,2027-07-01
PHC-KA-MYS-740,Salbutamol Nebules,DRG-006,Respiratory,16,50,500,ampoules,2026-09-23,2027-05-31
PHC-KA-MYS-740,Doxycycline 100mg,DRG-007,Antibiotic,72,200,2000,tablets,2026-08-16,2027-06-28
PHC-KA-MYS-740,Iron Folic Acid tablets,DRG-008,Supplement,387,500,5000,tablets,2026-07-31,2027-01-08
PHC-KA-MYS-740,Metformin 500mg,DRG-009,Anti-diabetic,192,300,3000,tablets,2026-08-23,2027-07-01
PHC-KA-MYS-740,Amlodipine 5mg,DRG-010,Cardiovascular,193,200,2000,tablets,2026-09-06,2027-08-10
PHC-KA-MYS-741,ORS Sachets,DRG-001,Essential,2542,500,5000,sachets,2026-08-14,2027-01-29
PHC-KA-MYS-741,Zinc Sulfate 20mg,DRG-002,Essential,573,200,2000,tablets,2026-08-13,2027-07-03
PHC-KA-MYS-741,Paracetamol 500mg,DRG-003,Analgesic,1425,1000,10000,tablets,2026-09-12,2027-05-27
PHC-KA-MYS-741,Amoxicillin 500mg,DRG-004,Antibiotic,2478,300,3000,capsules,2026-09-04,2027-01-21
PHC-KA-MYS-741,Polyvalent Anti-Snake Venom (ASV),DRG-005,Antivenom,31,10,50,vials,2026-09-24,2027-01-22
PHC-KA-MYS-741,Salbutamol Nebules,DRG-006,Respiratory,208,50,500,ampoules,2026-08-03,2027-04-13
PHC-KA-MYS-741,Doxycycline 100mg,DRG-007,Antibiotic,305,200,2000,tablets,2026-08-09,2027-09-25
PHC-KA-MYS-741,Iron Folic Acid tablets,DRG-008,Supplement,4923,500,5000,tablets,2026-07-31,2027-02-23
PHC-KA-MYS-741,Metformin 500mg,DRG-009,Anti-diabetic,1751,300,3000,tablets,2026-08-26,2027-08-06
PHC-KA-MYS-741,Amlodipine 5mg,DRG-010,Cardiovascular,874,200,2000,tablets,2026-09-06,2027-05-27
PHC-KA-MYS-742,ORS Sachets,DRG-001,Essential,518,500,5000,sachets,2026-08-25,2027-02-05
PHC-KA-MYS-742,Zinc Sulfate 20mg,DRG-002,Essential,391,200,2000,tablets,2026-09-03,2026-11-01
PHC-KA-MYS-742,Paracetamol 500mg,DRG-003,Analgesic,7128,1000,10000,tablets,2026-08-17,2027-08-19
PHC-KA-MYS-742,Amoxicillin 500mg,DRG-004,Antibiotic,2749,300,3000,capsules,2026-09-07,2027-02-08
PHC-KA-MYS-742,Polyvalent Anti-Snake Venom (ASV),DRG-005,Antivenom,37,10,50,vials,2026-09-23,2027-03-06
PHC-KA-MYS-742,Salbutamol Nebules,DRG-006,Respiratory,281,50,500,ampoules,2026-08-03,2027-08-17
PHC-KA-MYS-742,Doxycycline 100mg,DRG-007,Antibiotic,1549,200,2000,tablets,2026-08-19,2027-01-17
PHC-KA-MYS-742,Iron Folic Acid tablets,DRG-008,Supplement,1383,500,5000,tablets,2026-09-20,2027-02-12
PHC-KA-MYS-742,Metformin 500mg,DRG-009,Anti-diabetic,2239,300,3000,tablets,2026-09-21,2027-02-21
PHC-KA-MYS-742,Amlodipine 5mg,DRG-010,Cardiovascular,1735,200,2000,tablets,2026-09-01,2027-02-05
PHC-KA-MYS-743,ORS Sachets,DRG-001,Essential,3950,500,5000,sachets,2026-09-14,2026-11-01
PHC-KA-MYS-743,Zinc Sulfate 20mg,DRG-002,Essential,1452,200,2000,tablets,2026-09-02,2027-07-25
PHC-KA-MYS-743,Paracetamol 500mg,DRG-003,Analgesic,3263,1000,10000,tablets,2026-08-19,2027-05-08
PHC-KA-MYS-743,Amoxicillin 500mg,DRG-004,Antibiotic,2757,300,3000,capsules,2026-09-13,2027-05-11
PHC-KA-MYS-743,Polyvalent Anti-Snake Venom (ASV),DRG-005,Antivenom,40,10,50,vials,2026-08-30,2027-09-06
PHC-KA-MYS-743,Salbutamol Nebules,DRG-006,Respiratory,302,50,500,ampoules,2026-08-01,2026-12-16
PHC-KA-MYS-743,Doxycycline 100mg,DRG-007,Antibiotic,469,200,2000,tablets,2026-08-12,2027-08-06
PHC-KA-MYS-743,Iron Folic Acid tablets,DRG-008,Supplement,3718,500,5000,tablets,2026-08-21,2027-07-10
PHC-KA-MYS-743,Metformin 500mg,DRG-009,Anti-diabetic,2166,300,3000,tablets,2026-08-12,2027-07-15
PHC-KA-MYS-743,Amlodipine 5mg,DRG-010,Cardiovascular,1644,200,2000,tablets,2026-09-19,2027-07-30
PHC-KA-MYS-744,ORS Sachets,DRG-001,Essential,1776,500,5000,sachets,2026-08-11,2027-07-31
PHC-KA-MYS-744,Zinc Sulfate 20mg,DRG-002,Essential,1373,200,2000,tablets,2026-08-28,2027-01-06
PHC-KA-MYS-744,Paracetamol 500mg,DRG-003,Analgesic,2793,1000,10000,tablets,2026-09-18,2027-04-03
PHC-KA-MYS-744,Amoxicillin 500mg,DRG-004,Antibiotic,2859,300,3000,capsules,2026-08-30,2027-05-22
PHC-KA-MYS-744,Polyvalent Anti-Snake Venom (ASV),DRG-005,Antivenom,45,10,50,vials,2026-08-14,2027-02-06
PHC-KA-MYS-744,Salbutamol Nebules,DRG-006,Respiratory,173,50,500,ampoules,2026-09-20,2027-04-11
PHC-KA-MYS-744,Doxycycline 100mg,DRG-007,Antibiotic,1576,200,2000,tablets,2026-08-27,2027-04-05
PHC-KA-MYS-744,Iron Folic Acid tablets,DRG-008,Supplement,851,500,5000,tablets,2026-09-16,2027-08-28
PHC-KA-MYS-744,Metformin 500mg,DRG-009,Anti-diabetic,2232,300,3000,tablets,2026-09-19,2027-02-12
PHC-KA-MYS-744,Amlodipine 5mg,DRG-010,Cardiovascular,1187,200,2000,tablets,2026-09-06,2027-08-24
PHC-KA-MYS-745,ORS Sachets,DRG-001,Essential,28,500,5000,sachets,2026-09-19,2027-06-21
PHC-KA-MYS-745,Zinc Sulfate 20mg,DRG-002,Essential,16,200,2000,tablets,2026-08-14,2027-03-22
PHC-KA-MYS-745,Paracetamol 500mg,DRG-003,Analgesic,197,1000,10000,tablets,2026-08-09,2027-04-19
PHC-KA-MYS-745,Amoxicillin 500mg,DRG-004,Antibiotic,52,300,3000,capsules,2026-08-29,2027-04-20
PHC-KA-MYS-745,Polyvalent Anti-Snake Venom (ASV),DRG-005,Antivenom,1,10,50,vials,2026-09-05,2027-02-02
PHC-KA-MYS-745,Salbutamol Nebules,DRG-006,Respiratory,1,50,500,ampoules,2026-09-13,2027-07-27
PHC-KA-MYS-745,Doxycycline 100mg,DRG-007,Antibiotic,10,200,2000,tablets,2026-08-23,2027-04-02
PHC-KA-MYS-745,Iron Folic Acid tablets,DRG-008,Supplement,44,500,5000,tablets,2026-08-02,2027-01-07
PHC-KA-MYS-745,Metformin 500mg,DRG-009,Anti-diabetic,29,300,3000,tablets,2026-08-10,2027-01-05
PHC-KA-MYS-745,Amlodipine 5mg,DRG-010,Cardiovascular,23,200,2000,tablets,2026-09-01,2027-04-22
PHC-KA-MYS-746,ORS Sachets,DRG-001,Essential,4681,500,5000,sachets,2026-08-27,2027-05-04
PHC-KA-MYS-746,Zinc Sulfate 20mg,DRG-002,Essential,1489,200,2000,tablets,2026-08-22,2027-04-08
PHC-KA-MYS-746,Paracetamol 500mg,DRG-003,Analgesic,3808,1000,10000,tablets,2026-09-22,2026-12-11
PHC-KA-MYS-746,Amoxicillin 500mg,DRG-004,Antibiotic,2830,300,3000,capsules,2026-08-22,2027-07-05
PHC-KA-MYS-746,Polyvalent Anti-Snake Venom (ASV),DRG-005,Antivenom,37,10,50,vials,2026-08-23,2027-03-31
PHC-KA-MYS-746,Salbutamol Nebules,DRG-006,Respiratory,136,50,500,ampoules,2026-09-20,2026-12-07
PHC-KA-MYS-746,Doxycycline 100mg,DRG-007,Antibiotic,701,200,2000,tablets,2026-08-04,2027-05-18
PHC-KA-MYS-746,Iron Folic Acid tablets,DRG-008,Supplement,907,500,5000,tablets,2026-09-20,2026-11-08
PHC-KA-MYS-746,Metformin 500mg,DRG-009,Anti-diabetic,2855,300,3000,tablets,2026-08-10,2027-04-21
PHC-KA-MYS-746,Amlodipine 5mg,DRG-010,Cardiovascular,666,200,2000,tablets,2026-09-13,2027-05-19
PHC-KA-MYS-747,ORS Sachets,DRG-001,Essential,1044,500,5000,sachets,2026-09-02,2027-06-24
PHC-KA-MYS-747,Zinc Sulfate 20mg,DRG-002,Essential,260,200,2000,tablets,2026-09-09,2027-01-22
PHC-KA-MYS-747,Paracetamol 500mg,DRG-003,Analgesic,7032,1000,10000,tablets,2026-08-07,2027-08-29
PHC-KA-MYS-747,Amoxicillin 500mg,DRG-004,Antibiotic,2146,300,3000,capsules,2026-09-23,2027-05-02
PHC-KA-MYS-747,Polyvalent Anti-Snake Venom (ASV),DRG-005,Antivenom,37,10,50,vials,2026-08-05,2027-02-08
PHC-KA-MYS-747,Salbutamol Nebules,DRG-006,Respiratory,428,50,500,ampoules,2026-08-27,2027-05-11
PHC-KA-MYS-747,Doxycycline 100mg,DRG-007,Antibiotic,799,200,2000,tablets,2026-08-15,2026-10-29
PHC-KA-MYS-747,Iron Folic Acid tablets,DRG-008,Supplement,1840,500,5000,tablets,2026-09-24,2026-11-11
PHC-KA-MYS-747,Metformin 500mg,DRG-009,Anti-diabetic,1322,300,3000,tablets,2026-08-18,2027-09-08
PHC-KA-MYS-747,Amlodipine 5mg,DRG-010,Cardiovascular,1560,200,2000,tablets,2026-09-24,2027-04-24
PHC-KA-MYS-748,ORS Sachets,DRG-001,Essential,3728,500,5000,sachets,2026-08-07,2027-07-13
PHC-KA-MYS-748,Zinc Sulfate 20mg,DRG-002,Essential,1718,200,2000,tablets,2026-09-11,2027-08-09
PHC-KA-MYS-748,Paracetamol 500mg,DRG-003,Analgesic,8330,1000,10000,tablets,2026-09-04,2027-02-05
PHC-KA-MYS-748,Amoxicillin 500mg,DRG-004,Antibiotic,1958,300,3000,capsules,2026-08-04,2027-02-19
PHC-KA-MYS-748,Polyvalent Anti-Snake Venom (ASV),DRG-005,Antivenom,22,10,50,vials,2026-08-06,2027-07-16
PHC-KA-MYS-748,Salbutamol Nebules,DRG-006,Respiratory,311,50,500,ampoules,2026-08-13,2027-01-18
PHC-KA-MYS-748,Doxycycline 100mg,DRG-007,Antibiotic,1764,200,2000,tablets,2026-09-19,2027-07-15
PHC-KA-MYS-748,Iron Folic Acid tablets,DRG-008,Supplement,543,500,5000,tablets,2026-08-11,2027-07-11
PHC-KA-MYS-748,Metformin 500mg,DRG-009,Anti-diabetic,1305,300,3000,tablets,2026-09-19,2026-11-14
PHC-KA-MYS-748,Amlodipine 5mg,DRG-010,Cardiovascular,601,200,2000,tablets,2026-08-24,2027-08-18
PHC-KA-MYS-749,ORS Sachets,DRG-001,Essential,22,500,5000,sachets,2026-08-23,2027-06-16
PHC-KA-MYS-749,Zinc Sulfate 20mg,DRG-002,Essential,22,200,2000,tablets,2026-09-03,2027-02-17
PHC-KA-MYS-749,Paracetamol 500mg,DRG-003,Analgesic,142,1000,10000,tablets,2026-08-26,2027-09-16
PHC-KA-MYS-749,Amoxicillin 500mg,DRG-004,Antibiotic,53,300,3000,capsules,2026-08-17,2026-12-10
PHC-KA-MYS-749,Polyvalent Anti-Snake Venom (ASV),DRG-005,Antivenom,1,10,50,vials,2026-08-05,2027-09-29
PHC-KA-MYS-749,Salbutamol Nebules,DRG-006,Respiratory,7,50,500,ampoules,2026-09-16,2027-07-08
PHC-KA-MYS-749,Doxycycline 100mg,DRG-007,Antibiotic,33,200,2000,tablets,2026-08-25,2027-04-02
PHC-KA-MYS-749,Iron Folic Acid tablets,DRG-008,Supplement,23,500,5000,tablets,2026-09-02,2027-04-14
PHC-KA-MYS-749,Metformin 500mg,DRG-009,Anti-diabetic,26,300,3000,tablets,2026-08-08,2027-07-18
PHC-KA-MYS-749,Amlodipine 5mg,DRG-010,Cardiovascular,35,200,2000,tablets,2026-09-18,2027-02-25
PHC-KA-MYS-750,ORS Sachets,DRG-001,Essential,1627,500,5000,sachets,2026-08-30,2027-01-23
PHC-KA-MYS-750,Zinc Sulfate 20mg,DRG-002,Essential,890,200,2000,tablets,2026-09-03,2027-05-12
PHC-KA-MYS-750,Paracetamol 500mg,DRG-003,Analgesic,4115,1000,10000,tablets,2026-08-20,2027-09-17
PHC-KA-MYS-750,Amoxicillin 500mg,DRG-004,Antibiotic,1777,300,3000,capsules,2026-09-23,2027-05-04
PHC-KA-MYS-750,Polyvalent Anti-Snake Venom (ASV),DRG-005,Antivenom,23,10,50,vials,2026-09-05,2027-04-07
PHC-KA-MYS-750,Salbutamol Nebules,DRG-006,Respiratory,235,50,500,ampoules,2026-08-31,2027-01-09
PHC-KA-MYS-750,Doxycycline 100mg,DRG-007,Antibiotic,1882,200,2000,tablets,2026-08-09,2027-02-02
PHC-KA-MYS-750,Iron Folic Acid tablets,DRG-008,Supplement,3617,500,5000,tablets,2026-08-14,2026-12-23
PHC-KA-MYS-750,Metformin 500mg,DRG-009,Anti-diabetic,1550,300,3000,tablets,2026-09-01,2027-02-11
PHC-KA-MYS-750,Amlodipine 5mg,DRG-010,Cardiovascular,1649,200,2000,tablets,2026-08-10,2027-07-23
PHC-KA-MYS-751,ORS Sachets,DRG-001,Essential,3664,500,5000,sachets,2026-08-27,2026-11-22
PHC-KA-MYS-751,Zinc Sulfate 20mg,DRG-002,Essential,441,200,2000,tablets,2026-09-23,2027-04-26
PHC-KA-MYS-751,Paracetamol 500mg,DRG-003,Analgesic,2502,1000,10000,tablets,2026-09-18,2027-05-26
PHC-KA-MYS-751,Amoxicillin 500mg,DRG-004,Antibiotic,2949,300,3000,capsules,2026-08-15,2027-05-15
PHC-KA-MYS-751,Polyvalent Anti-Snake Venom (ASV),DRG-005,Antivenom,12,10,50,vials,2026-08-14,2027-08-23
PHC-KA-MYS-751,Salbutamol Nebules,DRG-006,Respiratory,222,50,500,ampoules,2026-08-29,2027-03-12
PHC-KA-MYS-751,Doxycycline 100mg,DRG-007,Antibiotic,1232,200,2000,tablets,2026-09-17,2027-08-29
PHC-KA-MYS-751,Iron Folic Acid tablets,DRG-008,Supplement,4234,500,5000,tablets,2026-08-29,2027-07-18
PHC-KA-MYS-751,Metformin 500mg,DRG-009,Anti-diabetic,2824,300,3000,tablets,2026-08-26,2027-09-26
PHC-KA-MYS-751,Amlodipine 5mg,DRG-010,Cardiovascular,544,200,2000,tablets,2026-08-10,2027-09-11
PHC-KA-MYS-752,ORS Sachets,DRG-001,Essential,19,500,5000,sachets,2026-09-21,2026-12-28
PHC-KA-MYS-752,Zinc Sulfate 20mg,DRG-002,Essential,2,200,2000,tablets,2026-09-16,2027-07-26
PHC-KA-MYS-752,Paracetamol 500mg,DRG-003,Analgesic,189,1000,10000,tablets,2026-08-15,2027-08-31
PHC-KA-MYS-752,Amoxicillin 500mg,DRG-004,Antibiotic,35,300,3000,capsules,2026-08-09,2027-07-31
PHC-KA-MYS-752,Polyvalent Anti-Snake Venom (ASV),DRG-005,Antivenom,1,10,50,vials,2026-08-17,2027-08-29
PHC-KA-MYS-752,Salbutamol Nebules,DRG-006,Respiratory,4,50,500,ampoules,2026-08-04,2027-07-27
PHC-KA-MYS-752,Doxycycline 100mg,DRG-007,Antibiotic,28,200,2000,tablets,2026-08-30,2027-01-15
PHC-KA-MYS-752,Iron Folic Acid tablets,DRG-008,Supplement,32,500,5000,tablets,2026-09-11,2027-09-25
PHC-KA-MYS-752,Metformin 500mg,DRG-009,Anti-diabetic,23,300,3000,tablets,2026-08-09,2027-02-27
PHC-KA-MYS-752,Amlodipine 5mg,DRG-010,Cardiovascular,34,200,2000,tablets,2026-09-12,2027-04-28
PHC-KA-MYS-753,ORS Sachets,DRG-001,Essential,14,500,5000,sachets,2026-08-25,2027-02-12
PHC-KA-MYS-753,Zinc Sulfate 20mg,DRG-002,Essential,13,200,2000,tablets,2026-08-31,2027-09-24
PHC-KA-MYS-753,Paracetamol 500mg,DRG-003,Analgesic,68,1000,10000,tablets,2026-08-14,2027-08-22
PHC-KA-MYS-753,Amoxicillin 500mg,DRG-004,Antibiotic,59,300,3000,capsules,2026-08-21,2026-12-05
PHC-KA-MYS-753,Polyvalent Anti-Snake Venom (ASV),DRG-005,Antivenom,0,10,50,vials,2026-09-15,2027-08-23
PHC-KA-MYS-753,Salbutamol Nebules,DRG-006,Respiratory,1,50,500,ampoules,2026-08-20,2027-05-09
PHC-KA-MYS-753,Doxycycline 100mg,DRG-007,Antibiotic,24,200,2000,tablets,2026-09-06,2027-01-13
PHC-KA-MYS-753,Iron Folic Acid tablets,DRG-008,Supplement,72,500,5000,tablets,2026-08-09,2026-12-27
PHC-KA-MYS-753,Metformin 500mg,DRG-009,Anti-diabetic,37,300,3000,tablets,2026-09-21,2026-12-22
PHC-KA-MYS-753,Amlodipine 5mg,DRG-010,Cardiovascular,16,200,2000,tablets,2026-08-14,2027-06-05
PHC-KA-MYS-754,ORS Sachets,DRG-001,Essential,1671,500,5000,sachets,2026-09-20,2027-04-01
PHC-KA-MYS-754,Zinc Sulfate 20mg,DRG-002,Essential,1693,200,2000,tablets,2026-08-26,2026-10-29
PHC-KA-MYS-754,Paracetamol 500mg,DRG-003,Analgesic,5521,1000,10000,tablets,2026-08-21,2027-08-19
PHC-KA-MYS-754,Amoxicillin 500mg,DRG-004,Antibiotic,806,300,3000,capsules,2026-08-19,2027-09-11
PHC-KA-MYS-754,Polyvalent Anti-Snake Venom (ASV),DRG-005,Antivenom,33,10,50,vials,2026-08-25,2027-07-30
PHC-KA-MYS-754,Salbutamol Nebules,DRG-006,Respiratory,446,50,500,ampoules,2026-09-24,2027-07-06
PHC-KA-MYS-754,Doxycycline 100mg,DRG-007,Antibiotic,272,200,2000,tablets,2026-09-07,2027-09-06
PHC-KA-MYS-754,Iron Folic Acid tablets,DRG-008,Supplement,2163,500,5000,tablets,2026-08-01,2027-09-10
PHC-KA-MYS-754,Metformin 500mg,DRG-009,Anti-diabetic,2553,300,3000,tablets,2026-09-15,2026-11-12
PHC-KA-MYS-754,Amlodipine 5mg,DRG-010,Cardiovascular,770,200,2000,tablets,2026-08-25,2027-07-25
PHC-KA-MYS-755,ORS Sachets,DRG-001,Essential,4046,500,5000,sachets,2026-08-19,2026-11-17
PHC-KA-MYS-755,Zinc Sulfate 20mg,DRG-002,Essential,472,200,2000,tablets,2026-08-29,2027-03-15
PHC-KA-MYS-755,Paracetamol 500mg,DRG-003,Analgesic,1999,1000,10000,tablets,2026-09-16,2027-04-27
PHC-KA-MYS-755,Amoxicillin 500mg,DRG-004,Antibiotic,561,300,3000,capsules,2026-08-28,2027-05-14
PHC-KA-MYS-755,Polyvalent Anti-Snake Venom (ASV),DRG-005,Antivenom,37,10,50,vials,2026-09-15,2027-09-23
PHC-KA-MYS-755,Salbutamol Nebules,DRG-006,Respiratory,365,50,500,ampoules,2026-09-04,2027-03-24
PHC-KA-MYS-755,Doxycycline 100mg,DRG-007,Antibiotic,1849,200,2000,tablets,2026-09-02,2027-02-16
PHC-KA-MYS-755,Iron Folic Acid tablets,DRG-008,Supplement,4688,500,5000,tablets,2026-09-07,2026-12-15
PHC-KA-MYS-755,Metformin 500mg,DRG-009,Anti-diabetic,2033,300,3000,tablets,2026-08-12,2027-04-21
PHC-KA-MYS-755,Amlodipine 5mg,DRG-010,Cardiovascular,1739,200,2000,tablets,2026-09-09,2027-03-27
PHC-KA-MYS-756,ORS Sachets,DRG-001,Essential,1431,500,5000,sachets,2026-09-10,2026-12-26
PHC-KA-MYS-756,Zinc Sulfate 20mg,DRG-002,Essential,1040,200,2000,tablets,2026-08-25,2027-02-01
PHC-KA-MYS-756,Paracetamol 500mg,DRG-003,Analgesic,1122,1000,10000,tablets,2026-08-03,2027-08-17
PHC-KA-MYS-756,Amoxicillin 500mg,DRG-004,Antibiotic,1303,300,3000,capsules,2026-09-24,2027-04-06
PHC-KA-MYS-756,Polyvalent Anti-Snake Venom (ASV),DRG-005,Antivenom,32,10,50,vials,2026-09-16,2027-06-06
PHC-KA-MYS-756,Salbutamol Nebules,DRG-006,Respiratory,449,50,500,ampoules,2026-09-17,2027-01-16
PHC-KA-MYS-756,Doxycycline 100mg,DRG-007,Antibiotic,1493,200,2000,tablets,2026-09-19,2027-09-07
PHC-KA-MYS-756,Iron Folic Acid tablets,DRG-008,Supplement,3777,500,5000,tablets,2026-09-08,2027-07-25
PHC-KA-MYS-756,Metformin 500mg,DRG-009,Anti-diabetic,1563,300,3000,tablets,2026-08-10,2027-04-29
PHC-KA-MYS-756,Amlodipine 5mg,DRG-010,Cardiovascular,262,200,2000,tablets,2026-08-21,2027-09-10
PHC-KA-HUB-757,ORS Sachets,DRG-001,Essential,616,500,5000,sachets,2026-07-31,2027-07-27
PHC-KA-HUB-757,Zinc Sulfate 20mg,DRG-002,Essential,1307,200,2000,tablets,2026-08-24,2027-06-15
PHC-KA-HUB-757,Paracetamol 500mg,DRG-003,Analgesic,5593,1000,10000,tablets,2026-09-03,2027-08-05
PHC-KA-HUB-757,Amoxicillin 500mg,DRG-004,Antibiotic,880,300,3000,capsules,2026-08-15,2027-07-04
PHC-KA-HUB-757,Polyvalent Anti-Snake Venom (ASV),DRG-005,Antivenom,47,10,50,vials,2026-09-22,2026-11-18
PHC-KA-HUB-757,Salbutamol Nebules,DRG-006,Respiratory,429,50,500,ampoules,2026-08-14,2026-12-21
PHC-KA-HUB-757,Doxycycline 100mg,DRG-007,Antibiotic,903,200,2000,tablets,2026-08-01,2026-11-28
PHC-KA-HUB-757,Iron Folic Acid tablets,DRG-008,Supplement,4375,500,5000,tablets,2026-09-09,2027-02-03
PHC-KA-HUB-757,Metformin 500mg,DRG-009,Anti-diabetic,383,300,3000,tablets,2026-09-20,2027-03-27
PHC-KA-HUB-757,Amlodipine 5mg,DRG-010,Cardiovascular,1697,200,2000,tablets,2026-09-10,2027-04-12
PHC-KA-HUB-758,ORS Sachets,DRG-001,Essential,3787,500,5000,sachets,2026-08-19,2026-12-25
PHC-KA-HUB-758,Zinc Sulfate 20mg,DRG-002,Essential,1530,200,2000,tablets,2026-08-29,2027-08-10
PHC-KA-HUB-758,Paracetamol 500mg,DRG-003,Analgesic,9684,1000,10000,tablets,2026-09-05,2027-04-09
PHC-KA-HUB-758,Amoxicillin 500mg,DRG-004,Antibiotic,2720,300,3000,capsules,2026-09-04,2026-11-23
PHC-KA-HUB-758,Polyvalent Anti-Snake Venom (ASV),DRG-005,Antivenom,28,10,50,vials,2026-09-19,2027-03-06
PHC-KA-HUB-758,Salbutamol Nebules,DRG-006,Respiratory,58,50,500,ampoules,2026-09-07,2027-09-28
PHC-KA-HUB-758,Doxycycline 100mg,DRG-007,Antibiotic,1261,200,2000,tablets,2026-09-09,2027-05-17
PHC-KA-HUB-758,Iron Folic Acid tablets,DRG-008,Supplement,4786,500,5000,tablets,2026-09-12,2027-09-24
PHC-KA-HUB-758,Metformin 500mg,DRG-009,Anti-diabetic,2447,300,3000,tablets,2026-08-26,2027-05-26
PHC-KA-HUB-758,Amlodipine 5mg,DRG-010,Cardiovascular,1147,200,2000,tablets,2026-08-10,2027-08-10
PHC-KA-HUB-759,ORS Sachets,DRG-001,Essential,2841,500,5000,sachets,2026-08-18,2027-02-17
PHC-KA-HUB-759,Zinc Sulfate 20mg,DRG-002,Essential,1565,200,2000,tablets,2026-08-27,2026-11-11
PHC-KA-HUB-759,Paracetamol 500mg,DRG-003,Analgesic,8114,1000,10000,tablets,2026-09-14,2026-11-02
PHC-KA-HUB-759,Amoxicillin 500mg,DRG-004,Antibiotic,1541,300,3000,capsules,2026-07-31,2027-01-11
PHC-KA-HUB-759,Polyvalent Anti-Snake Venom (ASV),DRG-005,Antivenom,15,10,50,vials,2026-09-17,2027-04-07
PHC-KA-HUB-759,Salbutamol Nebules,DRG-006,Respiratory,203,50,500,ampoules,2026-09-09,2027-07-23
PHC-KA-HUB-759,Doxycycline 100mg,DRG-007,Antibiotic,1128,200,2000,tablets,2026-08-03,2027-03-05
PHC-KA-HUB-759,Iron Folic Acid tablets,DRG-008,Supplement,836,500,5000,tablets,2026-09-20,2026-11-05
PHC-KA-HUB-759,Metformin 500mg,DRG-009,Anti-diabetic,1113,300,3000,tablets,2026-08-08,2027-01-01
PHC-KA-HUB-759,Amlodipine 5mg,DRG-010,Cardiovascular,1406,200,2000,tablets,2026-08-17,2027-09-23
PHC-KA-HUB-760,ORS Sachets,DRG-001,Essential,1259,500,5000,sachets,2026-09-06,2027-01-10
PHC-KA-HUB-760,Zinc Sulfate 20mg,DRG-002,Essential,631,200,2000,tablets,2026-08-27,2027-02-05
PHC-KA-HUB-760,Paracetamol 500mg,DRG-003,Analgesic,2411,1000,10000,tablets,2026-09-11,2026-12-18
PHC-KA-HUB-760,Amoxicillin 500mg,DRG-004,Antibiotic,2130,300,3000,capsules,2026-08-17,2027-06-21
PHC-KA-HUB-760,Polyvalent Anti-Snake Venom (ASV),DRG-005,Antivenom,28,10,50,vials,2026-08-09,2027-09-29
PHC-KA-HUB-760,Salbutamol Nebules,DRG-006,Respiratory,448,50,500,ampoules,2026-08-14,2027-04-26
PHC-KA-HUB-760,Doxycycline 100mg,DRG-007,Antibiotic,966,200,2000,tablets,2026-08-27,2027-08-06
PHC-KA-HUB-760,Iron Folic Acid tablets,DRG-008,Supplement,3080,500,5000,tablets,2026-08-02,2026-11-28
PHC-KA-HUB-760,Metformin 500mg,DRG-009,Anti-diabetic,320,300,3000,tablets,2026-09-15,2027-04-11
PHC-KA-HUB-760,Amlodipine 5mg,DRG-010,Cardiovascular,1385,200,2000,tablets,2026-09-12,2027-07-13
PHC-KA-HUB-761,ORS Sachets,DRG-001,Essential,4928,500,5000,sachets,2026-09-18,2027-07-26
PHC-KA-HUB-761,Zinc Sulfate 20mg,DRG-002,Essential,1689,200,2000,tablets,2026-08-16,2027-04-08
PHC-KA-HUB-761,Paracetamol 500mg,DRG-003,Analgesic,8954,1000,10000,tablets,2026-08-03,2027-02-05
PHC-KA-HUB-761,Amoxicillin 500mg,DRG-004,Antibiotic,2629,300,3000,capsules,2026-09-11,2027-03-25
PHC-KA-HUB-761,Polyvalent Anti-Snake Venom (ASV),DRG-005,Antivenom,41,10,50,vials,2026-08-02,2027-04-05
PHC-KA-HUB-761,Salbutamol Nebules,DRG-006,Respiratory,64,50,500,ampoules,2026-08-05,2027-06-12
PHC-KA-HUB-761,Doxycycline 100mg,DRG-007,Antibiotic,354,200,2000,tablets,2026-08-19,2027-05-07
PHC-KA-HUB-761,Iron Folic Acid tablets,DRG-008,Supplement,3956,500,5000,tablets,2026-08-24,2027-02-17
PHC-KA-HUB-761,Metformin 500mg,DRG-009,Anti-diabetic,1905,300,3000,tablets,2026-08-18,2027-08-01
PHC-KA-HUB-761,Amlodipine 5mg,DRG-010,Cardiovascular,318,200,2000,tablets,2026-08-21,2027-04-09
PHC-KA-HUB-762,ORS Sachets,DRG-001,Essential,76,500,5000,sachets,2026-08-09,2027-01-02
PHC-KA-HUB-762,Zinc Sulfate 20mg,DRG-002,Essential,38,200,2000,tablets,2026-08-28,2027-07-22
PHC-KA-HUB-762,Paracetamol 500mg,DRG-003,Analgesic,93,1000,10000,tablets,2026-09-16,2027-04-11
PHC-KA-HUB-762,Amoxicillin 500mg,DRG-004,Antibiotic,34,300,3000,capsules,2026-08-25,2027-02-11
PHC-KA-HUB-762,Polyvalent Anti-Snake Venom (ASV),DRG-005,Antivenom,0,10,50,vials,2026-09-01,2027-05-30
PHC-KA-HUB-762,Salbutamol Nebules,DRG-006,Respiratory,3,50,500,ampoules,2026-09-12,2027-05-12
PHC-KA-HUB-762,Doxycycline 100mg,DRG-007,Antibiotic,12,200,2000,tablets,2026-08-09,2027-06-02
PHC-KA-HUB-762,Iron Folic Acid tablets,DRG-008,Supplement,75,500,5000,tablets,2026-08-29,2026-11-29
PHC-KA-HUB-762,Metformin 500mg,DRG-009,Anti-diabetic,24,300,3000,tablets,2026-09-13,2026-11-23
PHC-KA-HUB-762,Amlodipine 5mg,DRG-010,Cardiovascular,1,200,2000,tablets,2026-09-22,2026-11-05
PHC-KA-HUB-763,ORS Sachets,DRG-001,Essential,258,500,5000,sachets,2026-08-16,2027-06-25
PHC-KA-HUB-763,Zinc Sulfate 20mg,DRG-002,Essential,10,200,2000,tablets,2026-08-12,2027-08-23
PHC-KA-HUB-763,Paracetamol 500mg,DRG-003,Analgesic,255,1000,10000,tablets,2026-08-24,2027-02-07
PHC-KA-HUB-763,Amoxicillin 500mg,DRG-004,Antibiotic,112,300,3000,capsules,2026-09-05,2027-04-21
PHC-KA-HUB-763,Polyvalent Anti-Snake Venom (ASV),DRG-005,Antivenom,3,10,50,vials,2026-08-02,2027-02-11
PHC-KA-HUB-763,Salbutamol Nebules,DRG-006,Respiratory,21,50,500,ampoules,2026-09-10,2027-06-09
PHC-KA-HUB-763,Doxycycline 100mg,DRG-007,Antibiotic,163,200,2000,tablets,2026-08-22,2026-11-29
PHC-KA-HUB-763,Iron Folic Acid tablets,DRG-008,Supplement,463,500,5000,tablets,2026-08-18,2027-08-06
PHC-KA-HUB-763,Metformin 500mg,DRG-009,Anti-diabetic,173,300,3000,tablets,2026-09-22,2026-12-23
PHC-KA-HUB-763,Amlodipine 5mg,DRG-010,Cardiovascular,183,200,2000,tablets,2026-09-07,2026-12-04
PHC-KA-HUB-764,ORS Sachets,DRG-001,Essential,1610,500,5000,sachets,2026-09-02,2027-06-02
PHC-KA-HUB-764,Zinc Sulfate 20mg,DRG-002,Essential,1794,200,2000,tablets,2026-08-26,2027-08-09
PHC-KA-HUB-764,Paracetamol 500mg,DRG-003,Analgesic,9440,1000,10000,tablets,2026-08-12,2027-07-21
PHC-KA-HUB-764,Amoxicillin 500mg,DRG-004,Antibiotic,2852,300,3000,capsules,2026-08-03,2027-08-02
PHC-KA-HUB-764,Polyvalent Anti-Snake Venom (ASV),DRG-005,Antivenom,32,10,50,vials,2026-08-03,2026-12-04
PHC-KA-HUB-764,Salbutamol Nebules,DRG-006,Respiratory,337,50,500,ampoules,2026-09-23,2026-11-21
PHC-KA-HUB-764,Doxycycline 100mg,DRG-007,Antibiotic,792,200,2000,tablets,2026-09-07,2027-03-08
PHC-KA-HUB-764,Iron Folic Acid tablets,DRG-008,Supplement,4302,500,5000,tablets,2026-09-17,2027-03-14
PHC-KA-HUB-764,Metformin 500mg,DRG-009,Anti-diabetic,1363,300,3000,tablets,2026-09-24,2027-05-16
PHC-KA-HUB-764,Amlodipine 5mg,DRG-010,Cardiovascular,1364,200,2000,tablets,2026-08-18,2027-09-15
PHC-KA-HUB-765,ORS Sachets,DRG-001,Essential,1281,500,5000,sachets,2026-08-05,2027-03-22
PHC-KA-HUB-765,Zinc Sulfate 20mg,DRG-002,Essential,295,200,2000,tablets,2026-09-08,2027-01-21
PHC-KA-HUB-765,Paracetamol 500mg,DRG-003,Analgesic,8803,1000,10000,tablets,2026-08-11,2027-06-18
PHC-KA-HUB-765,Amoxicillin 500mg,DRG-004,Antibiotic,1919,300,3000,capsules,2026-08-02,2027-08-24
PHC-KA-HUB-765,Polyvalent Anti-Snake Venom (ASV),DRG-005,Antivenom,26,10,50,vials,2026-09-24,2027-06-09
PHC-KA-HUB-765,Salbutamol Nebules,DRG-006,Respiratory,429,50,500,ampoules,2026-09-15,2027-04-29
PHC-KA-HUB-765,Doxycycline 100mg,DRG-007,Antibiotic,778,200,2000,tablets,2026-08-22,2026-12-05
PHC-KA-HUB-765,Iron Folic Acid tablets,DRG-008,Supplement,2854,500,5000,tablets,2026-08-24,2027-01-11
PHC-KA-HUB-765,Metformin 500mg,DRG-009,Anti-diabetic,701,300,3000,tablets,2026-08-05,2026-11-12
PHC-KA-HUB-765,Amlodipine 5mg,DRG-010,Cardiovascular,823,200,2000,tablets,2026-08-23,2027-03-03
PHC-KA-HUB-766,ORS Sachets,DRG-001,Essential,3096,500,5000,sachets,2026-09-20,2026-11-05
PHC-KA-HUB-766,Zinc Sulfate 20mg,DRG-002,Essential,767,200,2000,tablets,2026-09-08,2027-02-04
PHC-KA-HUB-766,Paracetamol 500mg,DRG-003,Analgesic,6838,1000,10000,tablets,2026-09-16,2027-07-19
PHC-KA-HUB-766,Amoxicillin 500mg,DRG-004,Antibiotic,756,300,3000,capsules,2026-08-27,2027-04-26
PHC-KA-HUB-766,Polyvalent Anti-Snake Venom (ASV),DRG-005,Antivenom,35,10,50,vials,2026-09-09,2026-12-18
PHC-KA-HUB-766,Salbutamol Nebules,DRG-006,Respiratory,490,50,500,ampoules,2026-09-15,2027-02-17
PHC-KA-HUB-766,Doxycycline 100mg,DRG-007,Antibiotic,1397,200,2000,tablets,2026-09-15,2027-07-29
PHC-KA-HUB-766,Iron Folic Acid tablets,DRG-008,Supplement,2276,500,5000,tablets,2026-08-20,2027-01-31
PHC-KA-HUB-766,Metformin 500mg,DRG-009,Anti-diabetic,2602,300,3000,tablets,2026-08-21,2026-11-26
PHC-KA-HUB-766,Amlodipine 5mg,DRG-010,Cardiovascular,1961,200,2000,tablets,2026-08-10,2027-08-22
PHC-KA-HUB-767,ORS Sachets,DRG-001,Essential,4126,500,5000,sachets,2026-08-19,2026-12-17
PHC-KA-HUB-767,Zinc Sulfate 20mg,DRG-002,Essential,1531,200,2000,tablets,2026-09-17,2026-11-19
PHC-KA-HUB-767,Paracetamol 500mg,DRG-003,Analgesic,4983,1000,10000,tablets,2026-08-10,2027-08-21
PHC-KA-HUB-767,Amoxicillin 500mg,DRG-004,Antibiotic,2740,300,3000,capsules,2026-08-29,2027-09-25
PHC-KA-HUB-767,Polyvalent Anti-Snake Venom (ASV),DRG-005,Antivenom,30,10,50,vials,2026-08-07,2027-01-10
PHC-KA-HUB-767,Salbutamol Nebules,DRG-006,Respiratory,147,50,500,ampoules,2026-09-12,2027-02-12
PHC-KA-HUB-767,Doxycycline 100mg,DRG-007,Antibiotic,1024,200,2000,tablets,2026-08-09,2026-11-03
PHC-KA-HUB-767,Iron Folic Acid tablets,DRG-008,Supplement,4414,500,5000,tablets,2026-08-14,2027-08-20
PHC-KA-HUB-767,Metformin 500mg,DRG-009,Anti-diabetic,317,300,3000,tablets,2026-09-04,2027-05-27
PHC-KA-HUB-767,Amlodipine 5mg,DRG-010,Cardiovascular,1367,200,2000,tablets,2026-08-18,2027-01-03
PHC-KA-HUB-768,ORS Sachets,DRG-001,Essential,4898,500,5000,sachets,2026-08-02,2027-07-31
PHC-KA-HUB-768,Zinc Sulfate 20mg,DRG-002,Essential,692,200,2000,tablets,2026-09-15,2027-09-19
PHC-KA-HUB-768,Paracetamol 500mg,DRG-003,Analgesic,1332,1000,10000,tablets,2026-09-03,2027-06-21
PHC-KA-HUB-768,Amoxicillin 500mg,DRG-004,Antibiotic,1311,300,3000,capsules,2026-08-05,2027-09-01
PHC-KA-HUB-768,Polyvalent Anti-Snake Venom (ASV),DRG-005,Antivenom,30,10,50,vials,2026-08-14,2027-01-11
PHC-KA-HUB-768,Salbutamol Nebules,DRG-006,Respiratory,338,50,500,ampoules,2026-09-06,2026-12-08
PHC-KA-HUB-768,Doxycycline 100mg,DRG-007,Antibiotic,449,200,2000,tablets,2026-09-12,2027-02-05
PHC-KA-HUB-768,Iron Folic Acid tablets,DRG-008,Supplement,4752,500,5000,tablets,2026-09-11,2026-12-07
PHC-KA-HUB-768,Metformin 500mg,DRG-009,Anti-diabetic,1334,300,3000,tablets,2026-09-22,2027-04-22
PHC-KA-HUB-768,Amlodipine 5mg,DRG-010,Cardiovascular,1647,200,2000,tablets,2026-08-21,2027-02-03
PHC-KA-HUB-769,ORS Sachets,DRG-001,Essential,159,500,5000,sachets,2026-08-03,2027-05-21
PHC-KA-HUB-769,Zinc Sulfate 20mg,DRG-002,Essential,58,200,2000,tablets,2026-08-09,2027-04-24
PHC-KA-HUB-769,Paracetamol 500mg,DRG-003,Analgesic,641,1000,10000,tablets,2026-08-04,2027-06-16
PHC-KA-HUB-769,Amoxicillin 500mg,DRG-004,Antibiotic,44,300,3000,capsules,2026-08-31,2027-04-05
PHC-KA-HUB-769,Polyvalent Anti-Snake Venom (ASV),DRG-005,Antivenom,10,10,50,vials,2026-08-15,2027-03-16
PHC-KA-HUB-769,Salbutamol Nebules,DRG-006,Respiratory,48,50,500,ampoules,2026-07-31,2027-09-12
PHC-KA-HUB-769,Doxycycline 100mg,DRG-007,Antibiotic,6,200,2000,tablets,2026-08-01,2027-02-10
PHC-KA-HUB-769,Iron Folic Acid tablets,DRG-008,Supplement,13,500,5000,tablets,2026-09-08,2027-07-13
PHC-KA-HUB-769,Metformin 500mg,DRG-009,Anti-diabetic,283,300,3000,tablets,2026-08-08,2026-12-21
PHC-KA-HUB-769,Amlodipine 5mg,DRG-010,Cardiovascular,93,200,2000,tablets,2026-09-03,2027-04-02
PHC-KA-HUB-770,ORS Sachets,DRG-001,Essential,221,500,5000,sachets,2026-08-25,2027-02-22
PHC-KA-HUB-770,Zinc Sulfate 20mg,DRG-002,Essential,197,200,2000,tablets,2026-08-31,2027-07-09
PHC-KA-HUB-770,Paracetamol 500mg,DRG-003,Analgesic,835,1000,10000,tablets,2026-09-18,2027-08-11
PHC-KA-HUB-770,Amoxicillin 500mg,DRG-004,Antibiotic,134,300,3000,capsules,2026-09-14,2026-11-01
PHC-KA-HUB-770,Polyvalent Anti-Snake Venom (ASV),DRG-005,Antivenom,7,10,50,vials,2026-08-14,2027-03-22
PHC-KA-HUB-770,Salbutamol Nebules,DRG-006,Respiratory,22,50,500,ampoules,2026-09-01,2026-12-27
PHC-KA-HUB-770,Doxycycline 100mg,DRG-007,Antibiotic,188,200,2000,tablets,2026-09-13,2027-04-23
PHC-KA-HUB-770,Iron Folic Acid tablets,DRG-008,Supplement,301,500,5000,tablets,2026-08-05,2027-01-18
PHC-KA-HUB-770,Metformin 500mg,DRG-009,Anti-diabetic,118,300,3000,tablets,2026-08-28,2027-06-08
PHC-KA-HUB-770,Amlodipine 5mg,DRG-010,Cardiovascular,4,200,2000,tablets,2026-08-29,2027-09-18
PHC-KA-HUB-771,ORS Sachets,DRG-001,Essential,1769,500,5000,sachets,2026-08-13,2026-12-26
PHC-KA-HUB-771,Zinc Sulfate 20mg,DRG-002,Essential,1135,200,2000,tablets,2026-08-12,2027-06-11
PHC-KA-HUB-771,Paracetamol 500mg,DRG-003,Analgesic,4494,1000,10000,tablets,2026-08-03,2027-08-12
PHC-KA-HUB-771,Amoxicillin 500mg,DRG-004,Antibiotic,2329,300,3000,capsules,2026-09-23,2027-05-21
PHC-KA-HUB-771,Polyvalent Anti-Snake Venom (ASV),DRG-005,Antivenom,46,10,50,vials,2026-08-04,2026-11-17
PHC-KA-HUB-771,Salbutamol Nebules,DRG-006,Respiratory,165,50,500,ampoules,2026-08-19,2027-02-17
PHC-KA-HUB-771,Doxycycline 100mg,DRG-007,Antibiotic,1930,200,2000,tablets,2026-08-19,2027-07-07
PHC-KA-HUB-771,Iron Folic Acid tablets,DRG-008,Supplement,1775,500,5000,tablets,2026-09-01,2027-05-29
PHC-KA-HUB-771,Metformin 500mg,DRG-009,Anti-diabetic,2404,300,3000,tablets,2026-09-01,2026-11-23
PHC-KA-HUB-771,Amlodipine 5mg,DRG-010,Cardiovascular,412,200,2000,tablets,2026-08-24,2026-12-24
PHC-KA-HUB-772,ORS Sachets,DRG-001,Essential,3584,500,5000,sachets,2026-08-05,2027-04-10
PHC-KA-HUB-772,Zinc Sulfate 20mg,DRG-002,Essential,1549,200,2000,tablets,2026-09-10,2027-09-29
PHC-KA-HUB-772,Paracetamol 500mg,DRG-003,Analgesic,3431,1000,10000,tablets,2026-08-19,2026-11-12
PHC-KA-HUB-772,Amoxicillin 500mg,DRG-004,Antibiotic,1084,300,3000,capsules,2026-08-19,2026-10-31
PHC-KA-HUB-772,Polyvalent Anti-Snake Venom (ASV),DRG-005,Antivenom,34,10,50,vials,2026-08-10,2026-10-29
PHC-KA-HUB-772,Salbutamol Nebules,DRG-006,Respiratory,421,50,500,ampoules,2026-09-05,2027-05-15
PHC-KA-HUB-772,Doxycycline 100mg,DRG-007,Antibiotic,610,200,2000,tablets,2026-08-12,2026-12-06
PHC-KA-HUB-772,Iron Folic Acid tablets,DRG-008,Supplement,3519,500,5000,tablets,2026-09-24,2027-07-10
PHC-KA-HUB-772,Metformin 500mg,DRG-009,Anti-diabetic,1445,300,3000,tablets,2026-09-07,2027-07-27
PHC-KA-HUB-772,Amlodipine 5mg,DRG-010,Cardiovascular,966,200,2000,tablets,2026-08-02,2027-08-08
PHC-KA-HUB-773,ORS Sachets,DRG-001,Essential,1199,500,5000,sachets,2026-09-24,2027-08-06
PHC-KA-HUB-773,Zinc Sulfate 20mg,DRG-002,Essential,234,200,2000,tablets,2026-08-15,2026-11-02
PHC-KA-HUB-773,Paracetamol 500mg,DRG-003,Analgesic,1906,1000,10000,tablets,2026-08-09,2027-07-29
PHC-KA-HUB-773,Amoxicillin 500mg,DRG-004,Antibiotic,402,300,3000,capsules,2026-08-18,2026-12-10
PHC-KA-HUB-773,Polyvalent Anti-Snake Venom (ASV),DRG-005,Antivenom,30,10,50,vials,2026-08-28,2027-07-04
PHC-KA-HUB-773,Salbutamol Nebules,DRG-006,Respiratory,475,50,500,ampoules,2026-08-11,2027-02-01
PHC-KA-HUB-773,Doxycycline 100mg,DRG-007,Antibiotic,811,200,2000,tablets,2026-08-22,2027-07-19
PHC-KA-HUB-773,Iron Folic Acid tablets,DRG-008,Supplement,3419,500,5000,tablets,2026-08-05,2027-02-07
PHC-KA-HUB-773,Metformin 500mg,DRG-009,Anti-diabetic,2211,300,3000,tablets,2026-09-03,2026-11-12
PHC-KA-HUB-773,Amlodipine 5mg,DRG-010,Cardiovascular,1211,200,2000,tablets,2026-08-06,2027-04-23
PHC-KA-HUB-774,ORS Sachets,DRG-001,Essential,156,500,5000,sachets,2026-08-28,2027-09-07
PHC-KA-HUB-774,Zinc Sulfate 20mg,DRG-002,Essential,12,200,2000,tablets,2026-08-18,2027-07-14
PHC-KA-HUB-774,Paracetamol 500mg,DRG-003,Analgesic,365,1000,10000,tablets,2026-09-08,2027-03-17
PHC-KA-HUB-774,Amoxicillin 500mg,DRG-004,Antibiotic,211,300,3000,capsules,2026-08-30,2027-08-13
PHC-KA-HUB-774,Polyvalent Anti-Snake Venom (ASV),DRG-005,Antivenom,3,10,50,vials,2026-09-19,2026-12-10
PHC-KA-HUB-774,Salbutamol Nebules,DRG-006,Respiratory,1,50,500,ampoules,2026-09-01,2027-05-18
PHC-KA-HUB-774,Doxycycline 100mg,DRG-007,Antibiotic,47,200,2000,tablets,2026-09-22,2027-09-11
PHC-KA-HUB-774,Iron Folic Acid tablets,DRG-008,Supplement,346,500,5000,tablets,2026-08-13,2027-05-23
PHC-KA-HUB-774,Metformin 500mg,DRG-009,Anti-diabetic,159,300,3000,tablets,2026-09-23,2027-04-22
PHC-KA-HUB-774,Amlodipine 5mg,DRG-010,Cardiovascular,122,200,2000,tablets,2026-08-01,2027-03-02
PHC-KA-HUB-775,ORS Sachets,DRG-001,Essential,459,500,5000,sachets,2026-09-16,2027-04-26
PHC-KA-HUB-775,Zinc Sulfate 20mg,DRG-002,Essential,19,200,2000,tablets,2026-09-18,2027-08-26
PHC-KA-HUB-775,Paracetamol 500mg,DRG-003,Analgesic,737,1000,10000,tablets,2026-08-28,2027-04-24
PHC-KA-HUB-775,Amoxicillin 500mg,DRG-004,Antibiotic,288,300,3000,capsules,2026-08-17,2026-11-18
PHC-KA-HUB-775,Polyvalent Anti-Snake Venom (ASV),DRG-005,Antivenom,1,10,50,vials,2026-08-06,2027-05-11
PHC-KA-HUB-775,Salbutamol Nebules,DRG-006,Respiratory,20,50,500,ampoules,2026-09-21,2027-09-06
PHC-KA-HUB-775,Doxycycline 100mg,DRG-007,Antibiotic,49,200,2000,tablets,2026-09-04,2027-09-29
PHC-KA-HUB-775,Iron Folic Acid tablets,DRG-008,Supplement,393,500,5000,tablets,2026-08-19,2027-08-16
PHC-KA-HUB-775,Metformin 500mg,DRG-009,Anti-diabetic,96,300,3000,tablets,2026-08-25,2027-03-12
PHC-KA-HUB-775,Amlodipine 5mg,DRG-010,Cardiovascular,126,200,2000,tablets,2026-09-17,2027-07-02
PHC-KA-HUB-776,ORS Sachets,DRG-001,Essential,3580,500,5000,sachets,2026-08-27,2027-07-13
PHC-KA-HUB-776,Zinc Sulfate 20mg,DRG-002,Essential,1215,200,2000,tablets,2026-08-02,2027-01-03
PHC-KA-HUB-776,Paracetamol 500mg,DRG-003,Analgesic,4374,1000,10000,tablets,2026-08-14,2027-06-25
PHC-KA-HUB-776,Amoxicillin 500mg,DRG-004,Antibiotic,925,300,3000,capsules,2026-09-06,2027-01-28
PHC-KA-HUB-776,Polyvalent Anti-Snake Venom (ASV),DRG-005,Antivenom,20,10,50,vials,2026-09-05,2027-04-21
PHC-KA-HUB-776,Salbutamol Nebules,DRG-006,Respiratory,223,50,500,ampoules,2026-08-24,2027-03-20
PHC-KA-HUB-776,Doxycycline 100mg,DRG-007,Antibiotic,1558,200,2000,tablets,2026-08-09,2027-06-18
PHC-KA-HUB-776,Iron Folic Acid tablets,DRG-008,Supplement,3442,500,5000,tablets,2026-09-04,2027-09-09
PHC-KA-HUB-776,Metformin 500mg,DRG-009,Anti-diabetic,1468,300,3000,tablets,2026-08-03,2027-05-01
PHC-KA-HUB-776,Amlodipine 5mg,DRG-010,Cardiovascular,463,200,2000,tablets,2026-08-05,2027-07-12
PHC-KA-HUB-777,ORS Sachets,DRG-001,Essential,80,500,5000,sachets,2026-09-19,2027-01-20
PHC-KA-HUB-777,Zinc Sulfate 20mg,DRG-002,Essential,7,200,2000,tablets,2026-08-09,2027-01-17
PHC-KA-HUB-777,Paracetamol 500mg,DRG-003,Analgesic,21,1000,10000,tablets,2026-08-19,2027-02-09
PHC-KA-HUB-777,Amoxicillin 500mg,DRG-004,Antibiotic,35,300,3000,capsules,2026-09-09,2027-03-23
PHC-KA-HUB-777,Polyvalent Anti-Snake Venom (ASV),DRG-005,Antivenom,0,10,50,vials,2026-08-15,2027-05-14
PHC-KA-HUB-777,Salbutamol Nebules,DRG-006,Respiratory,6,50,500,ampoules,2026-09-16,2027-01-17
PHC-KA-HUB-777,Doxycycline 100mg,DRG-007,Antibiotic,21,200,2000,tablets,2026-08-09,2027-06-26
PHC-KA-HUB-777,Iron Folic Acid tablets,DRG-008,Supplement,43,500,5000,tablets,2026-08-02,2027-05-16
PHC-KA-HUB-777,Metformin 500mg,DRG-009,Anti-diabetic,58,300,3000,tablets,2026-08-29,2026-12-24
PHC-KA-HUB-777,Amlodipine 5mg,DRG-010,Cardiovascular,3,200,2000,tablets,2026-09-12,2027-02-16
PHC-KA-MAN-778,ORS Sachets,DRG-001,Essential,3866,500,5000,sachets,2026-08-12,2027-03-13
PHC-KA-MAN-778,Zinc Sulfate 20mg,DRG-002,Essential,1494,200,2000,tablets,2026-09-22,2027-06-12
PHC-KA-MAN-778,Paracetamol 500mg,DRG-003,Analgesic,2075,1000,10000,tablets,2026-08-19,2027-06-27
PHC-KA-MAN-778,Amoxicillin 500mg,DRG-004,Antibiotic,2467,300,3000,capsules,2026-08-06,2027-02-14
PHC-KA-MAN-778,Polyvalent Anti-Snake Venom (ASV),DRG-005,Antivenom,12,10,50,vials,2026-08-31,2026-11-17
PHC-KA-MAN-778,Salbutamol Nebules,DRG-006,Respiratory,215,50,500,ampoules,2026-09-15,2027-04-25
PHC-KA-MAN-778,Doxycycline 100mg,DRG-007,Antibiotic,1216,200,2000,tablets,2026-09-23,2027-04-02
PHC-KA-MAN-778,Iron Folic Acid tablets,DRG-008,Supplement,2163,500,5000,tablets,2026-08-09,2027-03-25
PHC-KA-MAN-778,Metformin 500mg,DRG-009,Anti-diabetic,1874,300,3000,tablets,2026-08-15,2026-12-04
PHC-KA-MAN-778,Amlodipine 5mg,DRG-010,Cardiovascular,1147,200,2000,tablets,2026-08-12,2027-06-15
PHC-KA-MAN-779,ORS Sachets,DRG-001,Essential,1881,500,5000,sachets,2026-08-06,2027-06-15
PHC-KA-MAN-779,Zinc Sulfate 20mg,DRG-002,Essential,775,200,2000,tablets,2026-09-08,2027-07-05
PHC-KA-MAN-779,Paracetamol 500mg,DRG-003,Analgesic,9745,1000,10000,tablets,2026-09-21,2027-08-19
PHC-KA-MAN-779,Amoxicillin 500mg,DRG-004,Antibiotic,1595,300,3000,capsules,2026-08-30,2027-02-24
PHC-KA-MAN-779,Polyvalent Anti-Snake Venom (ASV),DRG-005,Antivenom,13,10,50,vials,2026-09-06,2027-09-22
PHC-KA-MAN-779,Salbutamol Nebules,DRG-006,Respiratory,444,50,500,ampoules,2026-09-07,2027-03-11
PHC-KA-MAN-779,Doxycycline 100mg,DRG-007,Antibiotic,233,200,2000,tablets,2026-09-14,2026-12-07
PHC-KA-MAN-779,Iron Folic Acid tablets,DRG-008,Supplement,1520,500,5000,tablets,2026-08-29,2026-12-14
PHC-KA-MAN-779,Metformin 500mg,DRG-009,Anti-diabetic,1206,300,3000,tablets,2026-08-18,2027-04-11
PHC-KA-MAN-779,Amlodipine 5mg,DRG-010,Cardiovascular,415,200,2000,tablets,2026-08-18,2027-09-16
PHC-KA-MAN-780,ORS Sachets,DRG-001,Essential,2603,500,5000,sachets,2026-08-25,2027-09-02
PHC-KA-MAN-780,Zinc Sulfate 20mg,DRG-002,Essential,399,200,2000,tablets,2026-09-16,2027-09-06
PHC-KA-MAN-780,Paracetamol 500mg,DRG-003,Analgesic,6296,1000,10000,tablets,2026-08-19,2027-03-30
PHC-KA-MAN-780,Amoxicillin 500mg,DRG-004,Antibiotic,2954,300,3000,capsules,2026-08-24,2027-07-24
PHC-KA-MAN-780,Polyvalent Anti-Snake Venom (ASV),DRG-005,Antivenom,42,10,50,vials,2026-09-01,2026-11-24
PHC-KA-MAN-780,Salbutamol Nebules,DRG-006,Respiratory,254,50,500,ampoules,2026-08-06,2027-03-09
PHC-KA-MAN-780,Doxycycline 100mg,DRG-007,Antibiotic,516,200,2000,tablets,2026-08-07,2027-04-29
PHC-KA-MAN-780,Iron Folic Acid tablets,DRG-008,Supplement,2038,500,5000,tablets,2026-08-22,2027-05-14
PHC-KA-MAN-780,Metformin 500mg,DRG-009,Anti-diabetic,719,300,3000,tablets,2026-09-08,2027-09-01
PHC-KA-MAN-780,Amlodipine 5mg,DRG-010,Cardiovascular,343,200,2000,tablets,2026-09-22,2027-01-21
PHC-KA-MAN-781,ORS Sachets,DRG-001,Essential,1392,500,5000,sachets,2026-08-06,2027-01-23
PHC-KA-MAN-781,Zinc Sulfate 20mg,DRG-002,Essential,1210,200,2000,tablets,2026-08-09,2027-02-01
PHC-KA-MAN-781,Paracetamol 500mg,DRG-003,Analgesic,7852,1000,10000,tablets,2026-08-01,2027-02-08
PHC-KA-MAN-781,Amoxicillin 500mg,DRG-004,Antibiotic,1026,300,3000,capsules,2026-08-17,2027-09-04
PHC-KA-MAN-781,Polyvalent Anti-Snake Venom (ASV),DRG-005,Antivenom,23,10,50,vials,2026-08-24,2026-11-16
PHC-KA-MAN-781,Salbutamol Nebules,DRG-006,Respiratory,465,50,500,ampoules,2026-08-03,2027-01-24
PHC-KA-MAN-781,Doxycycline 100mg,DRG-007,Antibiotic,1906,200,2000,tablets,2026-09-02,2027-09-10
PHC-KA-MAN-781,Iron Folic Acid tablets,DRG-008,Supplement,4761,500,5000,tablets,2026-09-11,2027-02-11
PHC-KA-MAN-781,Metformin 500mg,DRG-009,Anti-diabetic,2074,300,3000,tablets,2026-08-02,2027-01-19
PHC-KA-MAN-781,Amlodipine 5mg,DRG-010,Cardiovascular,1881,200,2000,tablets,2026-08-13,2027-03-03
PHC-KA-MAN-782,ORS Sachets,DRG-001,Essential,3301,500,5000,sachets,2026-08-12,2027-01-18
PHC-KA-MAN-782,Zinc Sulfate 20mg,DRG-002,Essential,1335,200,2000,tablets,2026-08-02,2026-12-20
PHC-KA-MAN-782,Paracetamol 500mg,DRG-003,Analgesic,2998,1000,10000,tablets,2026-09-03,2026-12-02
PHC-KA-MAN-782,Amoxicillin 500mg,DRG-004,Antibiotic,406,300,3000,capsules,2026-09-22,2027-03-05
PHC-KA-MAN-782,Polyvalent Anti-Snake Venom (ASV),DRG-005,Antivenom,36,10,50,vials,2026-09-16,2026-11-16
PHC-KA-MAN-782,Salbutamol Nebules,DRG-006,Respiratory,404,50,500,ampoules,2026-08-29,2027-07-18
PHC-KA-MAN-782,Doxycycline 100mg,DRG-007,Antibiotic,1384,200,2000,tablets,2026-08-30,2027-02-20
PHC-KA-MAN-782,Iron Folic Acid tablets,DRG-008,Supplement,1799,500,5000,tablets,2026-08-25,2026-11-08
PHC-KA-MAN-782,Metformin 500mg,DRG-009,Anti-diabetic,569,300,3000,tablets,2026-08-03,2027-06-15
PHC-KA-MAN-782,Amlodipine 5mg,DRG-010,Cardiovascular,668,200,2000,tablets,2026-09-12,2026-12-05
PHC-KA-MAN-783,ORS Sachets,DRG-001,Essential,73,500,5000,sachets,2026-08-07,2027-03-11
PHC-KA-MAN-783,Zinc Sulfate 20mg,DRG-002,Essential,19,200,2000,tablets,2026-08-21,2027-04-21
PHC-KA-MAN-783,Paracetamol 500mg,DRG-003,Analgesic,179,1000,10000,tablets,2026-08-15,2027-07-17
PHC-KA-MAN-783,Amoxicillin 500mg,DRG-004,Antibiotic,56,300,3000,capsules,2026-09-21,2027-06-01
PHC-KA-MAN-783,Polyvalent Anti-Snake Venom (ASV),DRG-005,Antivenom,0,10,50,vials,2026-08-04,2026-12-10
PHC-KA-MAN-783,Salbutamol Nebules,DRG-006,Respiratory,10,50,500,ampoules,2026-09-09,2027-05-10
PHC-KA-MAN-783,Doxycycline 100mg,DRG-007,Antibiotic,21,200,2000,tablets,2026-09-09,2027-05-29
PHC-KA-MAN-783,Iron Folic Acid tablets,DRG-008,Supplement,66,500,5000,tablets,2026-08-23,2026-11-13
PHC-KA-MAN-783,Metformin 500mg,DRG-009,Anti-diabetic,40,300,3000,tablets,2026-09-11,2026-10-29
PHC-KA-MAN-783,Amlodipine 5mg,DRG-010,Cardiovascular,39,200,2000,tablets,2026-08-11,2026-12-30
PHC-KA-MAN-784,ORS Sachets,DRG-001,Essential,3518,500,5000,sachets,2026-09-03,2027-08-20
PHC-KA-MAN-784,Zinc Sulfate 20mg,DRG-002,Essential,1395,200,2000,tablets,2026-08-17,2027-05-17
PHC-KA-MAN-784,Paracetamol 500mg,DRG-003,Analgesic,2429,1000,10000,tablets,2026-08-10,2027-07-31
PHC-KA-MAN-784,Amoxicillin 500mg,DRG-004,Antibiotic,649,300,3000,capsules,2026-09-23,2027-01-18
PHC-KA-MAN-784,Polyvalent Anti-Snake Venom (ASV),DRG-005,Antivenom,23,10,50,vials,2026-09-24,2027-04-17
PHC-KA-MAN-784,Salbutamol Nebules,DRG-006,Respiratory,79,50,500,ampoules,2026-09-09,2027-09-20
PHC-KA-MAN-784,Doxycycline 100mg,DRG-007,Antibiotic,1521,200,2000,tablets,2026-08-24,2027-01-12
PHC-KA-MAN-784,Iron Folic Acid tablets,DRG-008,Supplement,1979,500,5000,tablets,2026-08-01,2027-03-02
PHC-KA-MAN-784,Metformin 500mg,DRG-009,Anti-diabetic,2112,300,3000,tablets,2026-09-16,2027-08-09
PHC-KA-MAN-784,Amlodipine 5mg,DRG-010,Cardiovascular,940,200,2000,tablets,2026-08-23,2027-04-28
PHC-KA-MAN-785,ORS Sachets,DRG-001,Essential,4231,500,5000,sachets,2026-09-19,2027-08-06
PHC-KA-MAN-785,Zinc Sulfate 20mg,DRG-002,Essential,1377,200,2000,tablets,2026-08-13,2027-02-02
PHC-KA-MAN-785,Paracetamol 500mg,DRG-003,Analgesic,8774,1000,10000,tablets,2026-09-09,2027-09-27
PHC-KA-MAN-785,Amoxicillin 500mg,DRG-004,Antibiotic,2637,300,3000,capsules,2026-09-09,2027-08-16
PHC-KA-MAN-785,Polyvalent Anti-Snake Venom (ASV),DRG-005,Antivenom,35,10,50,vials,2026-09-02,2027-07-31
PHC-KA-MAN-785,Salbutamol Nebules,DRG-006,Respiratory,264,50,500,ampoules,2026-09-10,2026-12-24
PHC-KA-MAN-785,Doxycycline 100mg,DRG-007,Antibiotic,487,200,2000,tablets,2026-09-18,2027-05-11
PHC-KA-MAN-785,Iron Folic Acid tablets,DRG-008,Supplement,4751,500,5000,tablets,2026-09-01,2027-08-18
PHC-KA-MAN-785,Metformin 500mg,DRG-009,Anti-diabetic,1199,300,3000,tablets,2026-08-28,2026-11-21
PHC-KA-MAN-785,Amlodipine 5mg,DRG-010,Cardiovascular,568,200,2000,tablets,2026-09-21,2027-02-13
PHC-KA-MAN-786,ORS Sachets,DRG-001,Essential,2301,500,5000,sachets,2026-08-16,2027-02-21
PHC-KA-MAN-786,Zinc Sulfate 20mg,DRG-002,Essential,250,200,2000,tablets,2026-09-09,2027-03-05
PHC-KA-MAN-786,Paracetamol 500mg,DRG-003,Analgesic,7616,1000,10000,tablets,2026-09-20,2026-11-05
PHC-KA-MAN-786,Amoxicillin 500mg,DRG-004,Antibiotic,326,300,3000,capsules,2026-08-04,2027-05-17
PHC-KA-MAN-786,Polyvalent Anti-Snake Venom (ASV),DRG-005,Antivenom,22,10,50,vials,2026-09-16,2027-03-26
PHC-KA-MAN-786,Salbutamol Nebules,DRG-006,Respiratory,471,50,500,ampoules,2026-08-25,2026-12-06
PHC-KA-MAN-786,Doxycycline 100mg,DRG-007,Antibiotic,1221,200,2000,tablets,2026-08-09,2027-09-11
PHC-KA-MAN-786,Iron Folic Acid tablets,DRG-008,Supplement,776,500,5000,tablets,2026-08-05,2027-02-10
PHC-KA-MAN-786,Metformin 500mg,DRG-009,Anti-diabetic,609,300,3000,tablets,2026-08-11,2027-01-24
PHC-KA-MAN-786,Amlodipine 5mg,DRG-010,Cardiovascular,1565,200,2000,tablets,2026-07-31,2027-05-27
PHC-KA-MAN-787,ORS Sachets,DRG-001,Essential,2926,500,5000,sachets,2026-09-11,2027-04-21
PHC-KA-MAN-787,Zinc Sulfate 20mg,DRG-002,Essential,1519,200,2000,tablets,2026-08-07,2027-01-10
PHC-KA-MAN-787,Paracetamol 500mg,DRG-003,Analgesic,5484,1000,10000,tablets,2026-09-15,2027-07-25
PHC-KA-MAN-787,Amoxicillin 500mg,DRG-004,Antibiotic,2789,300,3000,capsules,2026-08-09,2027-03-15
PHC-KA-MAN-787,Polyvalent Anti-Snake Venom (ASV),DRG-005,Antivenom,42,10,50,vials,2026-09-10,2027-05-16
PHC-KA-MAN-787,Salbutamol Nebules,DRG-006,Respiratory,140,50,500,ampoules,2026-08-17,2026-11-06
PHC-KA-MAN-787,Doxycycline 100mg,DRG-007,Antibiotic,1134,200,2000,tablets,2026-08-10,2027-03-07
PHC-KA-MAN-787,Iron Folic Acid tablets,DRG-008,Supplement,4071,500,5000,tablets,2026-08-03,2027-07-18
PHC-KA-MAN-787,Metformin 500mg,DRG-009,Anti-diabetic,1667,300,3000,tablets,2026-08-12,2027-04-20
PHC-KA-MAN-787,Amlodipine 5mg,DRG-010,Cardiovascular,1631,200,2000,tablets,2026-09-07,2026-12-20
PHC-KA-MAN-788,ORS Sachets,DRG-001,Essential,1999,500,5000,sachets,2026-08-08,2027-04-02
PHC-KA-MAN-788,Zinc Sulfate 20mg,DRG-002,Essential,386,200,2000,tablets,2026-07-31,2027-04-23
PHC-KA-MAN-788,Paracetamol 500mg,DRG-003,Analgesic,4126,1000,10000,tablets,2026-08-09,2026-11-20
PHC-KA-MAN-788,Amoxicillin 500mg,DRG-004,Antibiotic,1738,300,3000,capsules,2026-08-17,2027-06-10
PHC-KA-MAN-788,Polyvalent Anti-Snake Venom (ASV),DRG-005,Antivenom,18,10,50,vials,2026-08-06,2027-05-23
PHC-KA-MAN-788,Salbutamol Nebules,DRG-006,Respiratory,167,50,500,ampoules,2026-08-07,2027-03-22
PHC-KA-MAN-788,Doxycycline 100mg,DRG-007,Antibiotic,1862,200,2000,tablets,2026-07-31,2027-07-07
PHC-KA-MAN-788,Iron Folic Acid tablets,DRG-008,Supplement,2000,500,5000,tablets,2026-08-19,2027-01-29
PHC-KA-MAN-788,Metformin 500mg,DRG-009,Anti-diabetic,2281,300,3000,tablets,2026-08-17,2027-07-24
PHC-KA-MAN-788,Amlodipine 5mg,DRG-010,Cardiovascular,233,200,2000,tablets,2026-09-17,2027-08-13
PHC-KA-MAN-789,ORS Sachets,DRG-001,Essential,1933,500,5000,sachets,2026-08-25,2027-01-19
PHC-KA-MAN-789,Zinc Sulfate 20mg,DRG-002,Essential,1858,200,2000,tablets,2026-08-27,2027-08-02
PHC-KA-MAN-789,Paracetamol 500mg,DRG-003,Analgesic,3713,1000,10000,tablets,2026-08-14,2027-07-17
PHC-KA-MAN-789,Amoxicillin 500mg,DRG-004,Antibiotic,1287,300,3000,capsules,2026-08-06,2027-04-28
PHC-KA-MAN-789,Polyvalent Anti-Snake Venom (ASV),DRG-005,Antivenom,43,10,50,vials,2026-08-10,2027-05-14
PHC-KA-MAN-789,Salbutamol Nebules,DRG-006,Respiratory,455,50,500,ampoules,2026-08-07,2026-12-05
PHC-KA-MAN-789,Doxycycline 100mg,DRG-007,Antibiotic,1494,200,2000,tablets,2026-08-27,2026-12-18
PHC-KA-MAN-789,Iron Folic Acid tablets,DRG-008,Supplement,4066,500,5000,tablets,2026-08-05,2027-04-17
PHC-KA-MAN-789,Metformin 500mg,DRG-009,Anti-diabetic,2119,300,3000,tablets,2026-08-04,2026-11-17
PHC-KA-MAN-789,Amlodipine 5mg,DRG-010,Cardiovascular,1229,200,2000,tablets,2026-09-15,2027-04-12
PHC-KA-MAN-790,ORS Sachets,DRG-001,Essential,1521,500,5000,sachets,2026-09-01,2027-07-28
PHC-KA-MAN-790,Zinc Sulfate 20mg,DRG-002,Essential,1976,200,2000,tablets,2026-08-17,2026-11-02
PHC-KA-MAN-790,Paracetamol 500mg,DRG-003,Analgesic,2181,1000,10000,tablets,2026-09-21,2027-06-14
PHC-KA-MAN-790,Amoxicillin 500mg,DRG-004,Antibiotic,2500,300,3000,capsules,2026-08-01,2027-02-20
PHC-KA-MAN-790,Polyvalent Anti-Snake Venom (ASV),DRG-005,Antivenom,11,10,50,vials,2026-09-23,2026-12-03
PHC-KA-MAN-790,Salbutamol Nebules,DRG-006,Respiratory,207,50,500,ampoules,2026-08-04,2027-08-07
PHC-KA-MAN-790,Doxycycline 100mg,DRG-007,Antibiotic,670,200,2000,tablets,2026-09-23,2027-07-15
PHC-KA-MAN-790,Iron Folic Acid tablets,DRG-008,Supplement,1470,500,5000,tablets,2026-08-15,2027-07-16
PHC-KA-MAN-790,Metformin 500mg,DRG-009,Anti-diabetic,1254,300,3000,tablets,2026-08-03,2027-06-18
PHC-KA-MAN-790,Amlodipine 5mg,DRG-010,Cardiovascular,1866,200,2000,tablets,2026-09-12,2027-01-22
PHC-KA-MAN-791,ORS Sachets,DRG-001,Essential,4434,500,5000,sachets,2026-08-09,2027-02-10
PHC-KA-MAN-791,Zinc Sulfate 20mg,DRG-002,Essential,1068,200,2000,tablets,2026-09-13,2027-01-30
PHC-KA-MAN-791,Paracetamol 500mg,DRG-003,Analgesic,9212,1000,10000,tablets,2026-08-18,2026-12-21
PHC-KA-MAN-791,Amoxicillin 500mg,DRG-004,Antibiotic,1742,300,3000,capsules,2026-09-22,2027-04-06
PHC-KA-MAN-791,Polyvalent Anti-Snake Venom (ASV),DRG-005,Antivenom,27,10,50,vials,2026-08-19,2026-12-14
PHC-KA-MAN-791,Salbutamol Nebules,DRG-006,Respiratory,311,50,500,ampoules,2026-07-31,2027-06-21
PHC-KA-MAN-791,Doxycycline 100mg,DRG-007,Antibiotic,1103,200,2000,tablets,2026-08-24,2027-03-21
PHC-KA-MAN-791,Iron Folic Acid tablets,DRG-008,Supplement,1774,500,5000,tablets,2026-08-03,2027-03-17
PHC-KA-MAN-791,Metformin 500mg,DRG-009,Anti-diabetic,2199,300,3000,tablets,2026-09-07,2026-12-27
PHC-KA-MAN-791,Amlodipine 5mg,DRG-010,Cardiovascular,1516,200,2000,tablets,2026-09-24,2027-06-26
PHC-KA-MAN-792,ORS Sachets,DRG-001,Essential,1745,500,5000,sachets,2026-08-03,2027-08-08
PHC-KA-MAN-792,Zinc Sulfate 20mg,DRG-002,Essential,212,200,2000,tablets,2026-08-16,2026-12-09
PHC-KA-MAN-792,Paracetamol 500mg,DRG-003,Analgesic,5718,1000,10000,tablets,2026-09-08,2027-02-15
PHC-KA-MAN-792,Amoxicillin 500mg,DRG-004,Antibiotic,2024,300,3000,capsules,2026-08-06,2027-03-11
PHC-KA-MAN-792,Polyvalent Anti-Snake Venom (ASV),DRG-005,Antivenom,44,10,50,vials,2026-08-11,2027-01-26
PHC-KA-MAN-792,Salbutamol Nebules,DRG-006,Respiratory,237,50,500,ampoules,2026-08-23,2027-02-13
PHC-KA-MAN-792,Doxycycline 100mg,DRG-007,Antibiotic,1080,200,2000,tablets,2026-08-27,2027-06-02
PHC-KA-MAN-792,Iron Folic Acid tablets,DRG-008,Supplement,1244,500,5000,tablets,2026-09-10,2027-04-05
PHC-KA-MAN-792,Metformin 500mg,DRG-009,Anti-diabetic,1097,300,3000,tablets,2026-08-14,2027-06-06
PHC-KA-MAN-792,Amlodipine 5mg,DRG-010,Cardiovascular,785,200,2000,tablets,2026-09-18,2027-03-07
PHC-KA-MAN-793,ORS Sachets,DRG-001,Essential,3946,500,5000,sachets,2026-08-15,2027-04-25
PHC-KA-MAN-793,Zinc Sulfate 20mg,DRG-002,Essential,1823,200,2000,tablets,2026-08-30,2027-09-24
PHC-KA-MAN-793,Paracetamol 500mg,DRG-003,Analgesic,3798,1000,10000,tablets,2026-08-27,2026-12-14
PHC-KA-MAN-793,Amoxicillin 500mg,DRG-004,Antibiotic,1671,300,3000,capsules,2026-09-23,2027-02-04
PHC-KA-MAN-793,Polyvalent Anti-Snake Venom (ASV),DRG-005,Antivenom,49,10,50,vials,2026-08-09,2027-08-31
PHC-KA-MAN-793,Salbutamol Nebules,DRG-006,Respiratory,156,50,500,ampoules,2026-09-09,2027-04-21
PHC-KA-MAN-793,Doxycycline 100mg,DRG-007,Antibiotic,1639,200,2000,tablets,2026-09-24,2026-12-06
PHC-KA-MAN-793,Iron Folic Acid tablets,DRG-008,Supplement,4945,500,5000,tablets,2026-07-31,2027-04-20
PHC-KA-MAN-793,Metformin 500mg,DRG-009,Anti-diabetic,2930,300,3000,tablets,2026-09-24,2027-03-29
PHC-KA-MAN-793,Amlodipine 5mg,DRG-010,Cardiovascular,350,200,2000,tablets,2026-09-02,2027-08-15
PHC-KA-MAN-794,ORS Sachets,DRG-001,Essential,2945,500,5000,sachets,2026-08-06,2027-03-05
PHC-KA-MAN-794,Zinc Sulfate 20mg,DRG-002,Essential,506,200,2000,tablets,2026-08-05,2027-07-19
PHC-KA-MAN-794,Paracetamol 500mg,DRG-003,Analgesic,9477,1000,10000,tablets,2026-08-14,2026-11-13
PHC-KA-MAN-794,Amoxicillin 500mg,DRG-004,Antibiotic,1264,300,3000,capsules,2026-09-11,2027-02-25
PHC-KA-MAN-794,Polyvalent Anti-Snake Venom (ASV),DRG-005,Antivenom,21,10,50,vials,2026-08-10,2026-11-14
PHC-KA-MAN-794,Salbutamol Nebules,DRG-006,Respiratory,339,50,500,ampoules,2026-08-12,2027-06-28
PHC-KA-MAN-794,Doxycycline 100mg,DRG-007,Antibiotic,364,200,2000,tablets,2026-09-03,2027-04-22
PHC-KA-MAN-794,Iron Folic Acid tablets,DRG-008,Supplement,2045,500,5000,tablets,2026-08-18,2026-12-16
PHC-KA-MAN-794,Metformin 500mg,DRG-009,Anti-diabetic,1526,300,3000,tablets,2026-08-22,2027-08-09
PHC-KA-MAN-794,Amlodipine 5mg,DRG-010,Cardiovascular,1761,200,2000,tablets,2026-09-03,2027-08-15
PHC-KA-MAN-795,ORS Sachets,DRG-001,Essential,2985,500,5000,sachets,2026-09-03,2027-01-03
PHC-KA-MAN-795,Zinc Sulfate 20mg,DRG-002,Essential,203,200,2000,tablets,2026-09-05,2027-06-10
PHC-KA-MAN-795,Paracetamol 500mg,DRG-003,Analgesic,2028,1000,10000,tablets,2026-08-22,2026-12-14
PHC-KA-MAN-795,Amoxicillin 500mg,DRG-004,Antibiotic,1565,300,3000,capsules,2026-09-03,2027-04-19
PHC-KA-MAN-795,Polyvalent Anti-Snake Venom (ASV),DRG-005,Antivenom,15,10,50,vials,2026-08-29,2027-09-14
PHC-KA-MAN-795,Salbutamol Nebules,DRG-006,Respiratory,101,50,500,ampoules,2026-08-02,2027-09-06
PHC-KA-MAN-795,Doxycycline 100mg,DRG-007,Antibiotic,781,200,2000,tablets,2026-09-07,2027-05-06
PHC-KA-MAN-795,Iron Folic Acid tablets,DRG-008,Supplement,520,500,5000,tablets,2026-08-16,2026-12-12
PHC-KA-MAN-795,Metformin 500mg,DRG-009,Anti-diabetic,658,300,3000,tablets,2026-08-01,2027-01-28
PHC-KA-MAN-795,Amlodipine 5mg,DRG-010,Cardiovascular,924,200,2000,tablets,2026-09-13,2027-08-01
PHC-KA-MAN-796,ORS Sachets,DRG-001,Essential,3287,500,5000,sachets,2026-09-06,2026-12-20
PHC-KA-MAN-796,Zinc Sulfate 20mg,DRG-002,Essential,369,200,2000,tablets,2026-08-07,2027-03-04
PHC-KA-MAN-796,Paracetamol 500mg,DRG-003,Analgesic,9825,1000,10000,tablets,2026-08-19,2027-03-11
PHC-KA-MAN-796,Amoxicillin 500mg,DRG-004,Antibiotic,1504,300,3000,capsules,2026-08-02,2027-09-20
PHC-KA-MAN-796,Polyvalent Anti-Snake Venom (ASV),DRG-005,Antivenom,48,10,50,vials,2026-08-19,2026-11-12
PHC-KA-MAN-796,Salbutamol Nebules,DRG-006,Respiratory,312,50,500,ampoules,2026-08-31,2027-04-18
PHC-KA-MAN-796,Doxycycline 100mg,DRG-007,Antibiotic,1370,200,2000,tablets,2026-09-09,2027-07-13
PHC-KA-MAN-796,Iron Folic Acid tablets,DRG-008,Supplement,4621,500,5000,tablets,2026-08-25,2027-06-23
PHC-KA-MAN-796,Metformin 500mg,DRG-009,Anti-diabetic,501,300,3000,tablets,2026-08-17,2027-09-26
PHC-KA-MAN-796,Amlodipine 5mg,DRG-010,Cardiovascular,1952,200,2000,tablets,2026-08-10,2027-05-06
PHC-KA-MAN-797,ORS Sachets,DRG-001,Essential,144,500,5000,sachets,2026-08-15,2027-08-03
PHC-KA-MAN-797,Zinc Sulfate 20mg,DRG-002,Essential,132,200,2000,tablets,2026-09-18,2027-04-20
PHC-KA-MAN-797,Paracetamol 500mg,DRG-003,Analgesic,576,1000,10000,tablets,2026-08-03,2027-05-01
PHC-KA-MAN-797,Amoxicillin 500mg,DRG-004,Antibiotic,63,300,3000,capsules,2026-08-05,2027-04-08
PHC-KA-MAN-797,Polyvalent Anti-Snake Venom (ASV),DRG-005,Antivenom,10,10,50,vials,2026-09-17,2026-12-08
PHC-KA-MAN-797,Salbutamol Nebules,DRG-006,Respiratory,6,50,500,ampoules,2026-09-14,2026-11-20
PHC-KA-MAN-797,Doxycycline 100mg,DRG-007,Antibiotic,98,200,2000,tablets,2026-08-12,2027-07-26
PHC-KA-MAN-797,Iron Folic Acid tablets,DRG-008,Supplement,138,500,5000,tablets,2026-08-02,2027-01-11
PHC-KA-MAN-797,Metformin 500mg,DRG-009,Anti-diabetic,186,300,3000,tablets,2026-08-10,2027-02-07
PHC-KA-MAN-797,Amlodipine 5mg,DRG-010,Cardiovascular,180,200,2000,tablets,2026-08-30,2027-08-14
PHC-KA-MAN-798,ORS Sachets,DRG-001,Essential,60,500,5000,sachets,2026-08-19,2027-06-18
PHC-KA-MAN-798,Zinc Sulfate 20mg,DRG-002,Essential,182,200,2000,tablets,2026-08-31,2027-08-19
PHC-KA-MAN-798,Paracetamol 500mg,DRG-003,Analgesic,108,1000,10000,tablets,2026-08-27,2027-02-27
PHC-KA-MAN-798,Amoxicillin 500mg,DRG-004,Antibiotic,66,300,3000,capsules,2026-09-04,2027-09-24
PHC-KA-MAN-798,Polyvalent Anti-Snake Venom (ASV),DRG-005,Antivenom,1,10,50,vials,2026-08-22,2027-09-19
PHC-KA-MAN-798,Salbutamol Nebules,DRG-006,Respiratory,5,50,500,ampoules,2026-09-21,2026-11-25
PHC-KA-MAN-798,Doxycycline 100mg,DRG-007,Antibiotic,99,200,2000,tablets,2026-09-23,2026-10-30
PHC-KA-MAN-798,Iron Folic Acid tablets,DRG-008,Supplement,384,500,5000,tablets,2026-09-08,2026-12-07
PHC-KA-MAN-798,Metformin 500mg,DRG-009,Anti-diabetic,83,300,3000,tablets,2026-08-15,2027-04-11
PHC-KA-MAN-798,Amlodipine 5mg,DRG-010,Cardiovascular,51,200,2000,tablets,2026-08-31,2027-03-12
PHC-KA-BEL-799,ORS Sachets,DRG-001,Essential,1115,500,5000,sachets,2026-08-24,2027-03-06
PHC-KA-BEL-799,Zinc Sulfate 20mg,DRG-002,Essential,1471,200,2000,tablets,2026-08-28,2027-08-12
PHC-KA-BEL-799,Paracetamol 500mg,DRG-003,Analgesic,8427,1000,10000,tablets,2026-09-21,2027-06-09
PHC-KA-BEL-799,Amoxicillin 500mg,DRG-004,Antibiotic,1938,300,3000,capsules,2026-09-01,2027-04-19
PHC-KA-BEL-799,Polyvalent Anti-Snake Venom (ASV),DRG-005,Antivenom,45,10,50,vials,2026-09-06,2027-08-25
PHC-KA-BEL-799,Salbutamol Nebules,DRG-006,Respiratory,435,50,500,ampoules,2026-09-10,2026-11-20
PHC-KA-BEL-799,Doxycycline 100mg,DRG-007,Antibiotic,1242,200,2000,tablets,2026-09-13,2027-07-16
PHC-KA-BEL-799,Iron Folic Acid tablets,DRG-008,Supplement,609,500,5000,tablets,2026-08-25,2027-08-27
PHC-KA-BEL-799,Metformin 500mg,DRG-009,Anti-diabetic,392,300,3000,tablets,2026-08-30,2027-01-28
PHC-KA-BEL-799,Amlodipine 5mg,DRG-010,Cardiovascular,1554,200,2000,tablets,2026-09-24,2027-02-15
PHC-KA-BEL-800,ORS Sachets,DRG-001,Essential,95,500,5000,sachets,2026-08-09,2027-03-28
PHC-KA-BEL-800,Zinc Sulfate 20mg,DRG-002,Essential,194,200,2000,tablets,2026-08-07,2027-05-31
PHC-KA-BEL-800,Paracetamol 500mg,DRG-003,Analgesic,999,1000,10000,tablets,2026-09-20,2027-07-11
PHC-KA-BEL-800,Amoxicillin 500mg,DRG-004,Antibiotic,50,300,3000,capsules,2026-09-20,2027-05-24
PHC-KA-BEL-800,Polyvalent Anti-Snake Venom (ASV),DRG-005,Antivenom,6,10,50,vials,2026-09-17,2027-04-21
PHC-KA-BEL-800,Salbutamol Nebules,DRG-006,Respiratory,29,50,500,ampoules,2026-08-04,2027-08-05
PHC-KA-BEL-800,Doxycycline 100mg,DRG-007,Antibiotic,193,200,2000,tablets,2026-08-27,2027-07-26
PHC-KA-BEL-800,Iron Folic Acid tablets,DRG-008,Supplement,306,500,5000,tablets,2026-09-22,2027-04-10
PHC-KA-BEL-800,Metformin 500mg,DRG-009,Anti-diabetic,87,300,3000,tablets,2026-08-17,2027-07-30
PHC-KA-BEL-800,Amlodipine 5mg,DRG-010,Cardiovascular,190,200,2000,tablets,2026-09-07,2027-03-30
PHC-KA-BEL-801,ORS Sachets,DRG-001,Essential,91,500,5000,sachets,2026-09-17,2026-11-06
PHC-KA-BEL-801,Zinc Sulfate 20mg,DRG-002,Essential,25,200,2000,tablets,2026-08-24,2027-05-23
PHC-KA-BEL-801,Paracetamol 500mg,DRG-003,Analgesic,39,1000,10000,tablets,2026-08-13,2027-09-09
PHC-KA-BEL-801,Amoxicillin 500mg,DRG-004,Antibiotic,71,300,3000,capsules,2026-08-19,2026-11-03
PHC-KA-BEL-801,Polyvalent Anti-Snake Venom (ASV),DRG-005,Antivenom,4,10,50,vials,2026-08-06,2026-10-29
PHC-KA-BEL-801,Salbutamol Nebules,DRG-006,Respiratory,25,50,500,ampoules,2026-08-27,2027-08-10
PHC-KA-BEL-801,Doxycycline 100mg,DRG-007,Antibiotic,85,200,2000,tablets,2026-08-13,2026-11-27
PHC-KA-BEL-801,Iron Folic Acid tablets,DRG-008,Supplement,78,500,5000,tablets,2026-08-19,2027-09-02
PHC-KA-BEL-801,Metformin 500mg,DRG-009,Anti-diabetic,241,300,3000,tablets,2026-08-06,2027-01-14
PHC-KA-BEL-801,Amlodipine 5mg,DRG-010,Cardiovascular,126,200,2000,tablets,2026-09-04,2027-09-13
PHC-KA-BEL-802,ORS Sachets,DRG-001,Essential,38,500,5000,sachets,2026-08-30,2026-11-24
PHC-KA-BEL-802,Zinc Sulfate 20mg,DRG-002,Essential,58,200,2000,tablets,2026-08-16,2027-01-08
PHC-KA-BEL-802,Paracetamol 500mg,DRG-003,Analgesic,559,1000,10000,tablets,2026-08-13,2027-04-12
PHC-KA-BEL-802,Amoxicillin 500mg,DRG-004,Antibiotic,293,300,3000,capsules,2026-08-04,2027-03-20
PHC-KA-BEL-802,Polyvalent Anti-Snake Venom (ASV),DRG-005,Antivenom,6,10,50,vials,2026-08-08,2027-09-22
PHC-KA-BEL-802,Salbutamol Nebules,DRG-006,Respiratory,23,50,500,ampoules,2026-09-19,2027-05-05
PHC-KA-BEL-802,Doxycycline 100mg,DRG-007,Antibiotic,11,200,2000,tablets,2026-09-11,2027-05-17
PHC-KA-BEL-802,Iron Folic Acid tablets,DRG-008,Supplement,292,500,5000,tablets,2026-08-19,2027-01-18
PHC-KA-BEL-802,Metformin 500mg,DRG-009,Anti-diabetic,124,300,3000,tablets,2026-08-22,2027-07-20
PHC-KA-BEL-802,Amlodipine 5mg,DRG-010,Cardiovascular,121,200,2000,tablets,2026-08-06,2026-11-29
PHC-KA-BEL-803,ORS Sachets,DRG-001,Essential,3262,500,5000,sachets,2026-09-14,2026-12-02
PHC-KA-BEL-803,Zinc Sulfate 20mg,DRG-002,Essential,410,200,2000,tablets,2026-09-15,2027-06-01
PHC-KA-BEL-803,Paracetamol 500mg,DRG-003,Analgesic,2803,1000,10000,tablets,2026-09-12,2027-07-21
PHC-KA-BEL-803,Amoxicillin 500mg,DRG-004,Antibiotic,755,300,3000,capsules,2026-09-05,2026-11-09
PHC-KA-BEL-803,Polyvalent Anti-Snake Venom (ASV),DRG-005,Antivenom,41,10,50,vials,2026-08-13,2027-07-16
PHC-KA-BEL-803,Salbutamol Nebules,DRG-006,Respiratory,219,50,500,ampoules,2026-08-05,2026-11-03
PHC-KA-BEL-803,Doxycycline 100mg,DRG-007,Antibiotic,1191,200,2000,tablets,2026-08-16,2027-02-18
PHC-KA-BEL-803,Iron Folic Acid tablets,DRG-008,Supplement,4162,500,5000,tablets,2026-08-25,2027-02-03
PHC-KA-BEL-803,Metformin 500mg,DRG-009,Anti-diabetic,1065,300,3000,tablets,2026-09-14,2027-01-30
PHC-KA-BEL-803,Amlodipine 5mg,DRG-010,Cardiovascular,306,200,2000,tablets,2026-09-02,2027-09-06
PHC-KA-BEL-804,ORS Sachets,DRG-001,Essential,333,500,5000,sachets,2026-08-18,2027-02-04
PHC-KA-BEL-804,Zinc Sulfate 20mg,DRG-002,Essential,44,200,2000,tablets,2026-09-04,2027-07-07
PHC-KA-BEL-804,Paracetamol 500mg,DRG-003,Analgesic,778,1000,10000,tablets,2026-08-30,2026-11-18
PHC-KA-BEL-804,Amoxicillin 500mg,DRG-004,Antibiotic,124,300,3000,capsules,2026-09-24,2026-12-08
PHC-KA-BEL-804,Polyvalent Anti-Snake Venom (ASV),DRG-005,Antivenom,3,10,50,vials,2026-08-29,2026-12-09
PHC-KA-BEL-804,Salbutamol Nebules,DRG-006,Respiratory,48,50,500,ampoules,2026-08-18,2027-02-12
PHC-KA-BEL-804,Doxycycline 100mg,DRG-007,Antibiotic,5,200,2000,tablets,2026-07-31,2026-12-04
PHC-KA-BEL-804,Iron Folic Acid tablets,DRG-008,Supplement,121,500,5000,tablets,2026-09-10,2027-09-07
PHC-KA-BEL-804,Metformin 500mg,DRG-009,Anti-diabetic,289,300,3000,tablets,2026-09-20,2026-12-07
PHC-KA-BEL-804,Amlodipine 5mg,DRG-010,Cardiovascular,74,200,2000,tablets,2026-09-08,2027-01-29
PHC-KA-BEL-805,ORS Sachets,DRG-001,Essential,2615,500,5000,sachets,2026-08-03,2027-01-27
PHC-KA-BEL-805,Zinc Sulfate 20mg,DRG-002,Essential,1526,200,2000,tablets,2026-09-13,2027-01-01
PHC-KA-BEL-805,Paracetamol 500mg,DRG-003,Analgesic,6092,1000,10000,tablets,2026-09-02,2027-08-19
PHC-KA-BEL-805,Amoxicillin 500mg,DRG-004,Antibiotic,1479,300,3000,capsules,2026-08-04,2026-11-04
PHC-KA-BEL-805,Polyvalent Anti-Snake Venom (ASV),DRG-005,Antivenom,13,10,50,vials,2026-09-09,2027-06-20
PHC-KA-BEL-805,Salbutamol Nebules,DRG-006,Respiratory,372,50,500,ampoules,2026-08-15,2027-05-31
PHC-KA-BEL-805,Doxycycline 100mg,DRG-007,Antibiotic,684,200,2000,tablets,2026-08-08,2027-02-10
PHC-KA-BEL-805,Iron Folic Acid tablets,DRG-008,Supplement,3111,500,5000,tablets,2026-08-06,2027-08-16
PHC-KA-BEL-805,Metformin 500mg,DRG-009,Anti-diabetic,567,300,3000,tablets,2026-08-13,2026-11-22
PHC-KA-BEL-805,Amlodipine 5mg,DRG-010,Cardiovascular,322,200,2000,tablets,2026-08-22,2027-02-27
PHC-KA-BEL-806,ORS Sachets,DRG-001,Essential,57,500,5000,sachets,2026-08-17,2027-01-09
PHC-KA-BEL-806,Zinc Sulfate 20mg,DRG-002,Essential,33,200,2000,tablets,2026-08-10,2027-04-15
PHC-KA-BEL-806,Paracetamol 500mg,DRG-003,Analgesic,112,1000,10000,tablets,2026-09-02,2027-01-27
PHC-KA-BEL-806,Amoxicillin 500mg,DRG-004,Antibiotic,50,300,3000,capsules,2026-09-05,2027-06-06
PHC-KA-BEL-806,Polyvalent Anti-Snake Venom (ASV),DRG-005,Antivenom,1,10,50,vials,2026-09-05,2027-08-26
PHC-KA-BEL-806,Salbutamol Nebules,DRG-006,Respiratory,0,50,500,ampoules,2026-08-08,2027-02-21
PHC-KA-BEL-806,Doxycycline 100mg,DRG-007,Antibiotic,12,200,2000,tablets,2026-08-06,2027-06-20
PHC-KA-BEL-806,Iron Folic Acid tablets,DRG-008,Supplement,70,500,5000,tablets,2026-09-03,2027-02-12
PHC-KA-BEL-806,Metformin 500mg,DRG-009,Anti-diabetic,12,300,3000,tablets,2026-08-15,2027-09-26
PHC-KA-BEL-806,Amlodipine 5mg,DRG-010,Cardiovascular,13,200,2000,tablets,2026-09-01,2027-01-06
PHC-KA-BEL-807,ORS Sachets,DRG-001,Essential,3686,500,5000,sachets,2026-08-17,2027-02-24
PHC-KA-BEL-807,Zinc Sulfate 20mg,DRG-002,Essential,1751,200,2000,tablets,2026-08-02,2027-07-20
PHC-KA-BEL-807,Paracetamol 500mg,DRG-003,Analgesic,4267,1000,10000,tablets,2026-08-31,2027-03-11
PHC-KA-BEL-807,Amoxicillin 500mg,DRG-004,Antibiotic,765,300,3000,capsules,2026-08-23,2027-05-03
PHC-KA-BEL-807,Polyvalent Anti-Snake Venom (ASV),DRG-005,Antivenom,22,10,50,vials,2026-08-04,2027-05-14
PHC-KA-BEL-807,Salbutamol Nebules,DRG-006,Respiratory,69,50,500,ampoules,2026-09-03,2027-06-27
PHC-KA-BEL-807,Doxycycline 100mg,DRG-007,Antibiotic,400,200,2000,tablets,2026-09-17,2026-11-22
PHC-KA-BEL-807,Iron Folic Acid tablets,DRG-008,Supplement,3132,500,5000,tablets,2026-08-15,2026-12-08
PHC-KA-BEL-807,Metformin 500mg,DRG-009,Anti-diabetic,962,300,3000,tablets,2026-08-31,2026-12-14
PHC-KA-BEL-807,Amlodipine 5mg,DRG-010,Cardiovascular,1150,200,2000,tablets,2026-08-20,2027-01-28
PHC-KA-BEL-808,ORS Sachets,DRG-001,Essential,2435,500,5000,sachets,2026-09-02,2027-07-02
PHC-KA-BEL-808,Zinc Sulfate 20mg,DRG-002,Essential,954,200,2000,tablets,2026-08-12,2027-08-31
PHC-KA-BEL-808,Paracetamol 500mg,DRG-003,Analgesic,9935,1000,10000,tablets,2026-09-16,2026-11-25
PHC-KA-BEL-808,Amoxicillin 500mg,DRG-004,Antibiotic,1878,300,3000,capsules,2026-09-11,2026-10-31
PHC-KA-BEL-808,Polyvalent Anti-Snake Venom (ASV),DRG-005,Antivenom,42,10,50,vials,2026-09-05,2027-02-06
PHC-KA-BEL-808,Salbutamol Nebules,DRG-006,Respiratory,305,50,500,ampoules,2026-09-06,2027-08-30
PHC-KA-BEL-808,Doxycycline 100mg,DRG-007,Antibiotic,863,200,2000,tablets,2026-08-03,2027-06-29
PHC-KA-BEL-808,Iron Folic Acid tablets,DRG-008,Supplement,4207,500,5000,tablets,2026-08-11,2027-08-28
PHC-KA-BEL-808,Metformin 500mg,DRG-009,Anti-diabetic,2450,300,3000,tablets,2026-08-29,2026-12-23
PHC-KA-BEL-808,Amlodipine 5mg,DRG-010,Cardiovascular,909,200,2000,tablets,2026-09-10,2027-01-09
PHC-KA-BEL-809,ORS Sachets,DRG-001,Essential,2069,500,5000,sachets,2026-09-01,2026-12-10
PHC-KA-BEL-809,Zinc Sulfate 20mg,DRG-002,Essential,1006,200,2000,tablets,2026-09-20,2027-05-15
PHC-KA-BEL-809,Paracetamol 500mg,DRG-003,Analgesic,5341,1000,10000,tablets,2026-08-10,2026-12-23
PHC-KA-BEL-809,Amoxicillin 500mg,DRG-004,Antibiotic,1549,300,3000,capsules,2026-08-22,2026-11-28
PHC-KA-BEL-809,Polyvalent Anti-Snake Venom (ASV),DRG-005,Antivenom,25,10,50,vials,2026-08-24,2027-04-08
PHC-KA-BEL-809,Salbutamol Nebules,DRG-006,Respiratory,227,50,500,ampoules,2026-09-13,2027-02-01
PHC-KA-BEL-809,Doxycycline 100mg,DRG-007,Antibiotic,892,200,2000,tablets,2026-08-22,2027-09-21
PHC-KA-BEL-809,Iron Folic Acid tablets,DRG-008,Supplement,3810,500,5000,tablets,2026-09-06,2027-09-18
PHC-KA-BEL-809,Metformin 500mg,DRG-009,Anti-diabetic,912,300,3000,tablets,2026-08-05,2027-09-02
PHC-KA-BEL-809,Amlodipine 5mg,DRG-010,Cardiovascular,1622,200,2000,tablets,2026-08-24,2027-06-17
PHC-KA-BEL-810,ORS Sachets,DRG-001,Essential,2761,500,5000,sachets,2026-09-03,2027-01-03
PHC-KA-BEL-810,Zinc Sulfate 20mg,DRG-002,Essential,1105,200,2000,tablets,2026-09-24,2026-11-09
PHC-KA-BEL-810,Paracetamol 500mg,DRG-003,Analgesic,2880,1000,10000,tablets,2026-08-24,2027-06-29
PHC-KA-BEL-810,Amoxicillin 500mg,DRG-004,Antibiotic,755,300,3000,capsules,2026-08-24,2026-12-23
PHC-KA-BEL-810,Polyvalent Anti-Snake Venom (ASV),DRG-005,Antivenom,35,10,50,vials,2026-08-10,2027-04-02
PHC-KA-BEL-810,Salbutamol Nebules,DRG-006,Respiratory,473,50,500,ampoules,2026-08-15,2026-12-28
PHC-KA-BEL-810,Doxycycline 100mg,DRG-007,Antibiotic,1400,200,2000,tablets,2026-09-18,2026-12-23
PHC-KA-BEL-810,Iron Folic Acid tablets,DRG-008,Supplement,2814,500,5000,tablets,2026-09-13,2027-07-29
PHC-KA-BEL-810,Metformin 500mg,DRG-009,Anti-diabetic,1314,300,3000,tablets,2026-09-13,2027-07-29
PHC-KA-BEL-810,Amlodipine 5mg,DRG-010,Cardiovascular,1040,200,2000,tablets,2026-07-31,2027-06-13
PHC-KA-BEL-811,ORS Sachets,DRG-001,Essential,225,500,5000,sachets,2026-08-15,2027-05-23
PHC-KA-BEL-811,Zinc Sulfate 20mg,DRG-002,Essential,139,200,2000,tablets,2026-08-02,2026-12-01
PHC-KA-BEL-811,Paracetamol 500mg,DRG-003,Analgesic,381,1000,10000,tablets,2026-09-24,2027-01-09
PHC-KA-BEL-811,Amoxicillin 500mg,DRG-004,Antibiotic,272,300,3000,capsules,2026-08-26,2027-08-17
PHC-KA-BEL-811,Polyvalent Anti-Snake Venom (ASV),DRG-005,Antivenom,1,10,50,vials,2026-08-19,2027-07-09
PHC-KA-BEL-811,Salbutamol Nebules,DRG-006,Respiratory,25,50,500,ampoules,2026-08-03,2027-01-11
PHC-KA-BEL-811,Doxycycline 100mg,DRG-007,Antibiotic,140,200,2000,tablets,2026-08-18,2026-12-25
PHC-KA-BEL-811,Iron Folic Acid tablets,DRG-008,Supplement,29,500,5000,tablets,2026-09-10,2027-03-10
PHC-KA-BEL-811,Metformin 500mg,DRG-009,Anti-diabetic,20,300,3000,tablets,2026-08-24,2027-07-04
PHC-KA-BEL-811,Amlodipine 5mg,DRG-010,Cardiovascular,113,200,2000,tablets,2026-08-05,2027-04-05
PHC-KA-BEL-812,ORS Sachets,DRG-001,Essential,4507,500,5000,sachets,2026-08-24,2027-04-19
PHC-KA-BEL-812,Zinc Sulfate 20mg,DRG-002,Essential,869,200,2000,tablets,2026-08-19,2027-06-04
PHC-KA-BEL-812,Paracetamol 500mg,DRG-003,Analgesic,3765,1000,10000,tablets,2026-09-02,2027-04-06
PHC-KA-BEL-812,Amoxicillin 500mg,DRG-004,Antibiotic,2529,300,3000,capsules,2026-08-02,2027-05-23
PHC-KA-BEL-812,Polyvalent Anti-Snake Venom (ASV),DRG-005,Antivenom,22,10,50,vials,2026-08-28,2027-04-04
PHC-KA-BEL-812,Salbutamol Nebules,DRG-006,Respiratory,258,50,500,ampoules,2026-08-22,2027-07-08
PHC-KA-BEL-812,Doxycycline 100mg,DRG-007,Antibiotic,1234,200,2000,tablets,2026-08-18,2027-09-05
PHC-KA-BEL-812,Iron Folic Acid tablets,DRG-008,Supplement,4853,500,5000,tablets,2026-09-05,2026-11-29
PHC-KA-BEL-812,Metformin 500mg,DRG-009,Anti-diabetic,1401,300,3000,tablets,2026-08-08,2027-07-31
PHC-KA-BEL-812,Amlodipine 5mg,DRG-010,Cardiovascular,447,200,2000,tablets,2026-09-02,2026-12-22
PHC-KA-BEL-813,ORS Sachets,DRG-001,Essential,2866,500,5000,sachets,2026-08-10,2026-11-17
PHC-KA-BEL-813,Zinc Sulfate 20mg,DRG-002,Essential,1692,200,2000,tablets,2026-09-06,2027-06-20
PHC-KA-BEL-813,Paracetamol 500mg,DRG-003,Analgesic,5799,1000,10000,tablets,2026-08-21,2027-04-17
PHC-KA-BEL-813,Amoxicillin 500mg,DRG-004,Antibiotic,972,300,3000,capsules,2026-09-12,2027-03-22
PHC-KA-BEL-813,Polyvalent Anti-Snake Venom (ASV),DRG-005,Antivenom,37,10,50,vials,2026-09-23,2027-09-01
PHC-KA-BEL-813,Salbutamol Nebules,DRG-006,Respiratory,375,50,500,ampoules,2026-08-27,2027-06-11
PHC-KA-BEL-813,Doxycycline 100mg,DRG-007,Antibiotic,697,200,2000,tablets,2026-08-07,2027-08-07
PHC-KA-BEL-813,Iron Folic Acid tablets,DRG-008,Supplement,3458,500,5000,tablets,2026-08-13,2027-01-03
PHC-KA-BEL-813,Metformin 500mg,DRG-009,Anti-diabetic,1795,300,3000,tablets,2026-08-21,2027-09-08
PHC-KA-BEL-813,Amlodipine 5mg,DRG-010,Cardiovascular,1675,200,2000,tablets,2026-09-21,2027-01-13
PHC-KA-BEL-814,ORS Sachets,DRG-001,Essential,227,500,5000,sachets,2026-09-21,2027-08-18
PHC-KA-BEL-814,Zinc Sulfate 20mg,DRG-002,Essential,95,200,2000,tablets,2026-08-22,2027-02-22
PHC-KA-BEL-814,Paracetamol 500mg,DRG-003,Analgesic,455,1000,10000,tablets,2026-08-15,2026-12-24
PHC-KA-BEL-814,Amoxicillin 500mg,DRG-004,Antibiotic,89,300,3000,capsules,2026-09-16,2027-08-14
PHC-KA-BEL-814,Polyvalent Anti-Snake Venom (ASV),DRG-005,Antivenom,3,10,50,vials,2026-08-08,2027-02-12
PHC-KA-BEL-814,Salbutamol Nebules,DRG-006,Respiratory,40,50,500,ampoules,2026-08-18,2027-07-14
PHC-KA-BEL-814,Doxycycline 100mg,DRG-007,Antibiotic,89,200,2000,tablets,2026-08-06,2027-06-08
PHC-KA-BEL-814,Iron Folic Acid tablets,DRG-008,Supplement,14,500,5000,tablets,2026-08-02,2027-01-15
PHC-KA-BEL-814,Metformin 500mg,DRG-009,Anti-diabetic,34,300,3000,tablets,2026-08-07,2027-02-27
PHC-KA-BEL-814,Amlodipine 5mg,DRG-010,Cardiovascular,103,200,2000,tablets,2026-09-06,2027-03-26
PHC-KA-BEL-815,ORS Sachets,DRG-001,Essential,2856,500,5000,sachets,2026-09-24,2026-11-09
PHC-KA-BEL-815,Zinc Sulfate 20mg,DRG-002,Essential,203,200,2000,tablets,2026-08-13,2027-05-10
PHC-KA-BEL-815,Paracetamol 500mg,DRG-003,Analgesic,1264,1000,10000,tablets,2026-09-23,2027-07-26
PHC-KA-BEL-815,Amoxicillin 500mg,DRG-004,Antibiotic,2037,300,3000,capsules,2026-09-09,2027-08-30
PHC-KA-BEL-815,Polyvalent Anti-Snake Venom (ASV),DRG-005,Antivenom,25,10,50,vials,2026-09-20,2027-01-20
PHC-KA-BEL-815,Salbutamol Nebules,DRG-006,Respiratory,96,50,500,ampoules,2026-08-28,2027-09-28
PHC-KA-BEL-815,Doxycycline 100mg,DRG-007,Antibiotic,665,200,2000,tablets,2026-08-06,2026-11-05
PHC-KA-BEL-815,Iron Folic Acid tablets,DRG-008,Supplement,4083,500,5000,tablets,2026-09-05,2027-03-14
PHC-KA-BEL-815,Metformin 500mg,DRG-009,Anti-diabetic,711,300,3000,tablets,2026-08-23,2026-10-31
PHC-KA-BEL-815,Amlodipine 5mg,DRG-010,Cardiovascular,1585,200,2000,tablets,2026-08-29,2027-07-22
PHC-KA-BEL-816,ORS Sachets,DRG-001,Essential,4291,500,5000,sachets,2026-08-19,2027-03-01
PHC-KA-BEL-816,Zinc Sulfate 20mg,DRG-002,Essential,1594,200,2000,tablets,2026-08-19,2027-06-04
PHC-KA-BEL-816,Paracetamol 500mg,DRG-003,Analgesic,3318,1000,10000,tablets,2026-09-14,2026-12-09
PHC-KA-BEL-816,Amoxicillin 500mg,DRG-004,Antibiotic,657,300,3000,capsules,2026-09-13,2027-06-03
PHC-KA-BEL-816,Polyvalent Anti-Snake Venom (ASV),DRG-005,Antivenom,14,10,50,vials,2026-09-19,2027-04-12
PHC-KA-BEL-816,Salbutamol Nebules,DRG-006,Respiratory,395,50,500,ampoules,2026-09-24,2027-04-23
PHC-KA-BEL-816,Doxycycline 100mg,DRG-007,Antibiotic,1282,200,2000,tablets,2026-08-14,2027-08-10
PHC-KA-BEL-816,Iron Folic Acid tablets,DRG-008,Supplement,3173,500,5000,tablets,2026-08-26,2027-09-27
PHC-KA-BEL-816,Metformin 500mg,DRG-009,Anti-diabetic,432,300,3000,tablets,2026-08-14,2027-05-17
PHC-KA-BEL-816,Amlodipine 5mg,DRG-010,Cardiovascular,1991,200,2000,tablets,2026-08-01,2027-09-27
PHC-KA-BEL-817,ORS Sachets,DRG-001,Essential,2649,500,5000,sachets,2026-09-19,2027-02-25
PHC-KA-BEL-817,Zinc Sulfate 20mg,DRG-002,Essential,275,200,2000,tablets,2026-07-31,2027-01-27
PHC-KA-BEL-817,Paracetamol 500mg,DRG-003,Analgesic,1988,1000,10000,tablets,2026-09-10,2027-01-01
PHC-KA-BEL-817,Amoxicillin 500mg,DRG-004,Antibiotic,2108,300,3000,capsules,2026-09-08,2027-06-21
PHC-KA-BEL-817,Polyvalent Anti-Snake Venom (ASV),DRG-005,Antivenom,46,10,50,vials,2026-09-02,2027-01-30
PHC-KA-BEL-817,Salbutamol Nebules,DRG-006,Respiratory,149,50,500,ampoules,2026-09-06,2027-03-25
PHC-KA-BEL-817,Doxycycline 100mg,DRG-007,Antibiotic,1953,200,2000,tablets,2026-08-04,2027-09-06
PHC-KA-BEL-817,Iron Folic Acid tablets,DRG-008,Supplement,1356,500,5000,tablets,2026-08-27,2026-11-22
PHC-KA-BEL-817,Metformin 500mg,DRG-009,Anti-diabetic,1739,300,3000,tablets,2026-08-14,2026-12-25
PHC-KA-BEL-817,Amlodipine 5mg,DRG-010,Cardiovascular,1193,200,2000,tablets,2026-09-12,2027-03-03
PHC-KA-BEL-818,ORS Sachets,DRG-001,Essential,158,500,5000,sachets,2026-08-28,2027-07-03
PHC-KA-BEL-818,Zinc Sulfate 20mg,DRG-002,Essential,83,200,2000,tablets,2026-09-10,2026-11-25
PHC-KA-BEL-818,Paracetamol 500mg,DRG-003,Analgesic,224,1000,10000,tablets,2026-09-13,2027-08-19
PHC-KA-BEL-818,Amoxicillin 500mg,DRG-004,Antibiotic,240,300,3000,capsules,2026-07-31,2026-12-11
PHC-KA-BEL-818,Polyvalent Anti-Snake Venom (ASV),DRG-005,Antivenom,6,10,50,vials,2026-08-10,2027-09-23
PHC-KA-BEL-818,Salbutamol Nebules,DRG-006,Respiratory,14,50,500,ampoules,2026-09-13,2027-02-27
PHC-KA-BEL-818,Doxycycline 100mg,DRG-007,Antibiotic,29,200,2000,tablets,2026-08-19,2027-06-11
PHC-KA-BEL-818,Iron Folic Acid tablets,DRG-008,Supplement,129,500,5000,tablets,2026-08-31,2027-07-19
PHC-KA-BEL-818,Metformin 500mg,DRG-009,Anti-diabetic,14,300,3000,tablets,2026-07-31,2027-07-10
PHC-KA-BEL-818,Amlodipine 5mg,DRG-010,Cardiovascular,96,200,2000,tablets,2026-09-09,2027-03-20
PHC-KA-BEL-819,ORS Sachets,DRG-001,Essential,409,500,5000,sachets,2026-09-16,2027-03-21
PHC-KA-BEL-819,Zinc Sulfate 20mg,DRG-002,Essential,167,200,2000,tablets,2026-09-02,2027-01-01
PHC-KA-BEL-819,Paracetamol 500mg,DRG-003,Analgesic,162,1000,10000,tablets,2026-09-15,2027-09-08
PHC-KA-BEL-819,Amoxicillin 500mg,DRG-004,Antibiotic,242,300,3000,capsules,2026-08-24,2027-05-22
PHC-KA-BEL-819,Polyvalent Anti-Snake Venom (ASV),DRG-005,Antivenom,3,10,50,vials,2026-09-13,2027-03-06
PHC-KA-BEL-819,Salbutamol Nebules,DRG-006,Respiratory,28,50,500,ampoules,2026-09-23,2027-03-24
PHC-KA-BEL-819,Doxycycline 100mg,DRG-007,Antibiotic,199,200,2000,tablets,2026-08-13,2027-05-06
PHC-KA-BEL-819,Iron Folic Acid tablets,DRG-008,Supplement,217,500,5000,tablets,2026-08-22,2027-01-26
PHC-KA-BEL-819,Metformin 500mg,DRG-009,Anti-diabetic,239,300,3000,tablets,2026-08-17,2027-04-29
PHC-KA-BEL-819,Amlodipine 5mg,DRG-010,Cardiovascular,49,200,2000,tablets,2026-09-24,2027-07-17
PHC-MP-BHO-820,ORS Sachets,DRG-001,Essential,1694,500,5000,sachets,2026-09-21,2027-01-30
PHC-MP-BHO-820,Zinc Sulfate 20mg,DRG-002,Essential,1547,200,2000,tablets,2026-08-10,2027-02-13
PHC-MP-BHO-820,Paracetamol 500mg,DRG-003,Analgesic,3214,1000,10000,tablets,2026-08-28,2027-08-19
PHC-MP-BHO-820,Amoxicillin 500mg,DRG-004,Antibiotic,944,300,3000,capsules,2026-09-14,2026-11-22
PHC-MP-BHO-820,Polyvalent Anti-Snake Venom (ASV),DRG-005,Antivenom,43,10,50,vials,2026-09-17,2027-04-08
PHC-MP-BHO-820,Salbutamol Nebules,DRG-006,Respiratory,106,50,500,ampoules,2026-09-12,2027-07-02
PHC-MP-BHO-820,Doxycycline 100mg,DRG-007,Antibiotic,694,200,2000,tablets,2026-09-22,2027-09-07
PHC-MP-BHO-820,Iron Folic Acid tablets,DRG-008,Supplement,3108,500,5000,tablets,2026-08-23,2026-11-25
PHC-MP-BHO-820,Metformin 500mg,DRG-009,Anti-diabetic,1598,300,3000,tablets,2026-09-16,2027-03-16
PHC-MP-BHO-820,Amlodipine 5mg,DRG-010,Cardiovascular,1247,200,2000,tablets,2026-09-05,2027-05-20
PHC-MP-BHO-821,ORS Sachets,DRG-001,Essential,4602,500,5000,sachets,2026-08-08,2027-08-15
PHC-MP-BHO-821,Zinc Sulfate 20mg,DRG-002,Essential,1095,200,2000,tablets,2026-09-19,2027-06-11
PHC-MP-BHO-821,Paracetamol 500mg,DRG-003,Analgesic,6578,1000,10000,tablets,2026-08-02,2027-07-14
PHC-MP-BHO-821,Amoxicillin 500mg,DRG-004,Antibiotic,1742,300,3000,capsules,2026-09-07,2027-01-30
PHC-MP-BHO-821,Polyvalent Anti-Snake Venom (ASV),DRG-005,Antivenom,15,10,50,vials,2026-09-06,2027-04-20
PHC-MP-BHO-821,Salbutamol Nebules,DRG-006,Respiratory,456,50,500,ampoules,2026-08-19,2027-01-25
PHC-MP-BHO-821,Doxycycline 100mg,DRG-007,Antibiotic,349,200,2000,tablets,2026-08-14,2027-02-08
PHC-MP-BHO-821,Iron Folic Acid tablets,DRG-008,Supplement,1616,500,5000,tablets,2026-09-18,2027-01-28
PHC-MP-BHO-821,Metformin 500mg,DRG-009,Anti-diabetic,754,300,3000,tablets,2026-08-10,2027-01-16
PHC-MP-BHO-821,Amlodipine 5mg,DRG-010,Cardiovascular,1190,200,2000,tablets,2026-09-16,2027-06-23
PHC-MP-BHO-822,ORS Sachets,DRG-001,Essential,279,500,5000,sachets,2026-09-17,2027-01-25
PHC-MP-BHO-822,Zinc Sulfate 20mg,DRG-002,Essential,23,200,2000,tablets,2026-08-03,2027-08-08
PHC-MP-BHO-822,Paracetamol 500mg,DRG-003,Analgesic,703,1000,10000,tablets,2026-09-21,2026-12-25
PHC-MP-BHO-822,Amoxicillin 500mg,DRG-004,Antibiotic,149,300,3000,capsules,2026-09-09,2027-03-25
PHC-MP-BHO-822,Polyvalent Anti-Snake Venom (ASV),DRG-005,Antivenom,2,10,50,vials,2026-09-18,2027-09-13
PHC-MP-BHO-822,Salbutamol Nebules,DRG-006,Respiratory,33,50,500,ampoules,2026-08-13,2027-07-01
PHC-MP-BHO-822,Doxycycline 100mg,DRG-007,Antibiotic,107,200,2000,tablets,2026-08-17,2027-07-12
PHC-MP-BHO-822,Iron Folic Acid tablets,DRG-008,Supplement,191,500,5000,tablets,2026-08-27,2027-07-27
PHC-MP-BHO-822,Metformin 500mg,DRG-009,Anti-diabetic,274,300,3000,tablets,2026-08-22,2026-11-23
PHC-MP-BHO-822,Amlodipine 5mg,DRG-010,Cardiovascular,18,200,2000,tablets,2026-08-17,2027-07-06
PHC-MP-BHO-823,ORS Sachets,DRG-001,Essential,53,500,5000,sachets,2026-08-15,2027-06-03
PHC-MP-BHO-823,Zinc Sulfate 20mg,DRG-002,Essential,23,200,2000,tablets,2026-08-13,2026-11-06
PHC-MP-BHO-823,Paracetamol 500mg,DRG-003,Analgesic,49,1000,10000,tablets,2026-08-05,2027-04-03
PHC-MP-BHO-823,Amoxicillin 500mg,DRG-004,Antibiotic,9,300,3000,capsules,2026-08-29,2026-11-24
PHC-MP-BHO-823,Polyvalent Anti-Snake Venom (ASV),DRG-005,Antivenom,2,10,50,vials,2026-08-13,2027-01-09
PHC-MP-BHO-823,Salbutamol Nebules,DRG-006,Respiratory,9,50,500,ampoules,2026-08-03,2027-01-05
PHC-MP-BHO-823,Doxycycline 100mg,DRG-007,Antibiotic,36,200,2000,tablets,2026-09-23,2026-10-30
PHC-MP-BHO-823,Iron Folic Acid tablets,DRG-008,Supplement,83,500,5000,tablets,2026-08-11,2027-08-31
PHC-MP-BHO-823,Metformin 500mg,DRG-009,Anti-diabetic,24,300,3000,tablets,2026-09-03,2026-11-22
PHC-MP-BHO-823,Amlodipine 5mg,DRG-010,Cardiovascular,2,200,2000,tablets,2026-08-10,2027-07-07
PHC-MP-BHO-824,ORS Sachets,DRG-001,Essential,1400,500,5000,sachets,2026-09-10,2027-05-25
PHC-MP-BHO-824,Zinc Sulfate 20mg,DRG-002,Essential,1454,200,2000,tablets,2026-08-14,2027-01-26
PHC-MP-BHO-824,Paracetamol 500mg,DRG-003,Analgesic,3284,1000,10000,tablets,2026-08-12,2027-02-26
PHC-MP-BHO-824,Amoxicillin 500mg,DRG-004,Antibiotic,1107,300,3000,capsules,2026-08-24,2027-03-07
PHC-MP-BHO-824,Polyvalent Anti-Snake Venom (ASV),DRG-005,Antivenom,45,10,50,vials,2026-08-19,2027-03-15
PHC-MP-BHO-824,Salbutamol Nebules,DRG-006,Respiratory,236,50,500,ampoules,2026-09-18,2026-11-19
PHC-MP-BHO-824,Doxycycline 100mg,DRG-007,Antibiotic,1785,200,2000,tablets,2026-09-02,2026-12-26
PHC-MP-BHO-824,Iron Folic Acid tablets,DRG-008,Supplement,2354,500,5000,tablets,2026-08-26,2026-12-06
PHC-MP-BHO-824,Metformin 500mg,DRG-009,Anti-diabetic,2384,300,3000,tablets,2026-08-11,2027-07-20
PHC-MP-BHO-824,Amlodipine 5mg,DRG-010,Cardiovascular,1039,200,2000,tablets,2026-08-22,2027-07-03
PHC-MP-BHO-825,ORS Sachets,DRG-001,Essential,1923,500,5000,sachets,2026-09-15,2026-11-03
PHC-MP-BHO-825,Zinc Sulfate 20mg,DRG-002,Essential,220,200,2000,tablets,2026-08-01,2027-04-17
PHC-MP-BHO-825,Paracetamol 500mg,DRG-003,Analgesic,9637,1000,10000,tablets,2026-08-11,2027-08-06
PHC-MP-BHO-825,Amoxicillin 500mg,DRG-004,Antibiotic,2444,300,3000,capsules,2026-09-21,2027-07-10
PHC-MP-BHO-825,Polyvalent Anti-Snake Venom (ASV),DRG-005,Antivenom,35,10,50,vials,2026-09-02,2027-08-06
PHC-MP-BHO-825,Salbutamol Nebules,DRG-006,Respiratory,149,50,500,ampoules,2026-08-23,2027-02-01
PHC-MP-BHO-825,Doxycycline 100mg,DRG-007,Antibiotic,1949,200,2000,tablets,2026-09-01,2027-04-16
PHC-MP-BHO-825,Iron Folic Acid tablets,DRG-008,Supplement,3221,500,5000,tablets,2026-09-24,2027-06-10
PHC-MP-BHO-825,Metformin 500mg,DRG-009,Anti-diabetic,1928,300,3000,tablets,2026-09-20,2027-07-22
PHC-MP-BHO-825,Amlodipine 5mg,DRG-010,Cardiovascular,694,200,2000,tablets,2026-08-26,2027-01-07
PHC-MP-BHO-826,ORS Sachets,DRG-001,Essential,1891,500,5000,sachets,2026-08-13,2027-03-20
PHC-MP-BHO-826,Zinc Sulfate 20mg,DRG-002,Essential,580,200,2000,tablets,2026-09-05,2027-08-06
PHC-MP-BHO-826,Paracetamol 500mg,DRG-003,Analgesic,3117,1000,10000,tablets,2026-09-04,2027-05-02
PHC-MP-BHO-826,Amoxicillin 500mg,DRG-004,Antibiotic,2413,300,3000,capsules,2026-09-02,2026-10-30
PHC-MP-BHO-826,Polyvalent Anti-Snake Venom (ASV),DRG-005,Antivenom,14,10,50,vials,2026-09-05,2027-09-22
PHC-MP-BHO-826,Salbutamol Nebules,DRG-006,Respiratory,335,50,500,ampoules,2026-08-05,2027-06-17
PHC-MP-BHO-826,Doxycycline 100mg,DRG-007,Antibiotic,1483,200,2000,tablets,2026-08-30,2027-03-28
PHC-MP-BHO-826,Iron Folic Acid tablets,DRG-008,Supplement,622,500,5000,tablets,2026-08-31,2027-03-16
PHC-MP-BHO-826,Metformin 500mg,DRG-009,Anti-diabetic,2245,300,3000,tablets,2026-09-02,2027-05-09
PHC-MP-BHO-826,Amlodipine 5mg,DRG-010,Cardiovascular,503,200,2000,tablets,2026-08-01,2027-06-14
PHC-MP-BHO-827,ORS Sachets,DRG-001,Essential,2791,500,5000,sachets,2026-08-12,2027-07-28
PHC-MP-BHO-827,Zinc Sulfate 20mg,DRG-002,Essential,950,200,2000,tablets,2026-09-16,2027-02-25
PHC-MP-BHO-827,Paracetamol 500mg,DRG-003,Analgesic,6415,1000,10000,tablets,2026-09-19,2026-10-29
PHC-MP-BHO-827,Amoxicillin 500mg,DRG-004,Antibiotic,728,300,3000,capsules,2026-09-22,2026-11-11
PHC-MP-BHO-827,Polyvalent Anti-Snake Venom (ASV),DRG-005,Antivenom,21,10,50,vials,2026-09-12,2027-06-04
PHC-MP-BHO-827,Salbutamol Nebules,DRG-006,Respiratory,460,50,500,ampoules,2026-08-22,2027-08-19
PHC-MP-BHO-827,Doxycycline 100mg,DRG-007,Antibiotic,1591,200,2000,tablets,2026-08-20,2027-06-04
PHC-MP-BHO-827,Iron Folic Acid tablets,DRG-008,Supplement,4884,500,5000,tablets,2026-09-20,2027-01-18
PHC-MP-BHO-827,Metformin 500mg,DRG-009,Anti-diabetic,2911,300,3000,tablets,2026-08-04,2027-06-30
PHC-MP-BHO-827,Amlodipine 5mg,DRG-010,Cardiovascular,854,200,2000,tablets,2026-08-15,2027-08-02
PHC-MP-BHO-828,ORS Sachets,DRG-001,Essential,4392,500,5000,sachets,2026-08-17,2027-01-15
PHC-MP-BHO-828,Zinc Sulfate 20mg,DRG-002,Essential,1219,200,2000,tablets,2026-09-01,2027-01-24
PHC-MP-BHO-828,Paracetamol 500mg,DRG-003,Analgesic,4289,1000,10000,tablets,2026-09-17,2027-04-28
PHC-MP-BHO-828,Amoxicillin 500mg,DRG-004,Antibiotic,2707,300,3000,capsules,2026-09-03,2027-06-29
PHC-MP-BHO-828,Polyvalent Anti-Snake Venom (ASV),DRG-005,Antivenom,48,10,50,vials,2026-08-15,2027-07-27
PHC-MP-BHO-828,Salbutamol Nebules,DRG-006,Respiratory,357,50,500,ampoules,2026-08-12,2027-07-24
PHC-MP-BHO-828,Doxycycline 100mg,DRG-007,Antibiotic,609,200,2000,tablets,2026-08-04,2027-03-05
PHC-MP-BHO-828,Iron Folic Acid tablets,DRG-008,Supplement,4256,500,5000,tablets,2026-09-15,2027-01-16
PHC-MP-BHO-828,Metformin 500mg,DRG-009,Anti-diabetic,707,300,3000,tablets,2026-09-07,2027-06-21
PHC-MP-BHO-828,Amlodipine 5mg,DRG-010,Cardiovascular,1063,200,2000,tablets,2026-08-03,2027-01-18
PHC-MP-BHO-829,ORS Sachets,DRG-001,Essential,48,500,5000,sachets,2026-08-28,2027-09-03
PHC-MP-BHO-829,Zinc Sulfate 20mg,DRG-002,Essential,7,200,2000,tablets,2026-08-06,2026-11-09
PHC-MP-BHO-829,Paracetamol 500mg,DRG-003,Analgesic,905,1000,10000,tablets,2026-09-11,2026-11-02
PHC-MP-BHO-829,Amoxicillin 500mg,DRG-004,Antibiotic,95,300,3000,capsules,2026-09-16,2026-12-06
PHC-MP-BHO-829,Polyvalent Anti-Snake Venom (ASV),DRG-005,Antivenom,9,10,50,vials,2026-08-07,2027-02-24
PHC-MP-BHO-829,Salbutamol Nebules,DRG-006,Respiratory,1,50,500,ampoules,2026-09-04,2027-06-05
PHC-MP-BHO-829,Doxycycline 100mg,DRG-007,Antibiotic,151,200,2000,tablets,2026-08-07,2027-05-09
PHC-MP-BHO-829,Iron Folic Acid tablets,DRG-008,Supplement,408,500,5000,tablets,2026-09-07,2026-11-26
PHC-MP-BHO-829,Metformin 500mg,DRG-009,Anti-diabetic,145,300,3000,tablets,2026-08-22,2026-12-17
PHC-MP-BHO-829,Amlodipine 5mg,DRG-010,Cardiovascular,159,200,2000,tablets,2026-09-17,2027-01-02
PHC-MP-BHO-830,ORS Sachets,DRG-001,Essential,35,500,5000,sachets,2026-08-18,2027-08-04
PHC-MP-BHO-830,Zinc Sulfate 20mg,DRG-002,Essential,3,200,2000,tablets,2026-08-16,2027-05-30
PHC-MP-BHO-830,Paracetamol 500mg,DRG-003,Analgesic,195,1000,10000,tablets,2026-09-22,2027-01-31
PHC-MP-BHO-830,Amoxicillin 500mg,DRG-004,Antibiotic,6,300,3000,capsules,2026-08-13,2027-09-13
PHC-MP-BHO-830,Polyvalent Anti-Snake Venom (ASV),DRG-005,Antivenom,2,10,50,vials,2026-08-12,2027-08-31
PHC-MP-BHO-830,Salbutamol Nebules,DRG-006,Respiratory,7,50,500,ampoules,2026-09-06,2026-11-23
PHC-MP-BHO-830,Doxycycline 100mg,DRG-007,Antibiotic,1,200,2000,tablets,2026-09-05,2027-09-18
PHC-MP-BHO-830,Iron Folic Acid tablets,DRG-008,Supplement,46,500,5000,tablets,2026-08-13,2027-05-25
PHC-MP-BHO-830,Metformin 500mg,DRG-009,Anti-diabetic,22,300,3000,tablets,2026-08-25,2027-08-17
PHC-MP-BHO-830,Amlodipine 5mg,DRG-010,Cardiovascular,38,200,2000,tablets,2026-08-03,2027-01-25
PHC-MP-BHO-831,ORS Sachets,DRG-001,Essential,98,500,5000,sachets,2026-09-17,2027-05-01
PHC-MP-BHO-831,Zinc Sulfate 20mg,DRG-002,Essential,24,200,2000,tablets,2026-08-23,2027-01-07
PHC-MP-BHO-831,Paracetamol 500mg,DRG-003,Analgesic,199,1000,10000,tablets,2026-09-11,2027-08-13
PHC-MP-BHO-831,Amoxicillin 500mg,DRG-004,Antibiotic,31,300,3000,capsules,2026-08-26,2026-11-14
PHC-MP-BHO-831,Polyvalent Anti-Snake Venom (ASV),DRG-005,Antivenom,1,10,50,vials,2026-08-27,2026-12-11
PHC-MP-BHO-831,Salbutamol Nebules,DRG-006,Respiratory,6,50,500,ampoules,2026-08-30,2027-04-22
PHC-MP-BHO-831,Doxycycline 100mg,DRG-007,Antibiotic,14,200,2000,tablets,2026-09-11,2027-06-20
PHC-MP-BHO-831,Iron Folic Acid tablets,DRG-008,Supplement,92,500,5000,tablets,2026-09-05,2027-07-16
PHC-MP-BHO-831,Metformin 500mg,DRG-009,Anti-diabetic,40,300,3000,tablets,2026-09-10,2027-01-15
PHC-MP-BHO-831,Amlodipine 5mg,DRG-010,Cardiovascular,6,200,2000,tablets,2026-08-21,2027-08-18
PHC-MP-BHO-832,ORS Sachets,DRG-001,Essential,2829,500,5000,sachets,2026-08-31,2027-09-18
PHC-MP-BHO-832,Zinc Sulfate 20mg,DRG-002,Essential,1372,200,2000,tablets,2026-09-19,2027-05-25
PHC-MP-BHO-832,Paracetamol 500mg,DRG-003,Analgesic,2686,1000,10000,tablets,2026-08-14,2026-11-01
PHC-MP-BHO-832,Amoxicillin 500mg,DRG-004,Antibiotic,2116,300,3000,capsules,2026-09-21,2027-08-23
PHC-MP-BHO-832,Polyvalent Anti-Snake Venom (ASV),DRG-005,Antivenom,24,10,50,vials,2026-08-21,2027-03-03
PHC-MP-BHO-832,Salbutamol Nebules,DRG-006,Respiratory,362,50,500,ampoules,2026-09-24,2026-12-16
PHC-MP-BHO-832,Doxycycline 100mg,DRG-007,Antibiotic,1675,200,2000,tablets,2026-08-03,2027-06-21
PHC-MP-BHO-832,Iron Folic Acid tablets,DRG-008,Supplement,3507,500,5000,tablets,2026-09-01,2027-01-02
PHC-MP-BHO-832,Metformin 500mg,DRG-009,Anti-diabetic,1375,300,3000,tablets,2026-08-31,2027-04-16
PHC-MP-BHO-832,Amlodipine 5mg,DRG-010,Cardiovascular,686,200,2000,tablets,2026-08-02,2027-01-15
PHC-MP-BHO-833,ORS Sachets,DRG-001,Essential,3123,500,5000,sachets,2026-08-27,2027-04-16
PHC-MP-BHO-833,Zinc Sulfate 20mg,DRG-002,Essential,1024,200,2000,tablets,2026-09-12,2027-02-28
PHC-MP-BHO-833,Paracetamol 500mg,DRG-003,Analgesic,7609,1000,10000,tablets,2026-08-23,2027-07-16
PHC-MP-BHO-833,Amoxicillin 500mg,DRG-004,Antibiotic,2944,300,3000,capsules,2026-09-17,2027-08-30
PHC-MP-BHO-833,Polyvalent Anti-Snake Venom (ASV),DRG-005,Antivenom,21,10,50,vials,2026-09-03,2027-04-24
PHC-MP-BHO-833,Salbutamol Nebules,DRG-006,Respiratory,268,50,500,ampoules,2026-09-10,2027-07-12
PHC-MP-BHO-833,Doxycycline 100mg,DRG-007,Antibiotic,908,200,2000,tablets,2026-08-30,2027-03-21
PHC-MP-BHO-833,Iron Folic Acid tablets,DRG-008,Supplement,3350,500,5000,tablets,2026-08-27,2026-12-03
PHC-MP-BHO-833,Metformin 500mg,DRG-009,Anti-diabetic,1243,300,3000,tablets,2026-09-22,2027-04-29
PHC-MP-BHO-833,Amlodipine 5mg,DRG-010,Cardiovascular,1901,200,2000,tablets,2026-08-24,2027-05-09
PHC-MP-BHO-834,ORS Sachets,DRG-001,Essential,4901,500,5000,sachets,2026-09-21,2026-11-20
PHC-MP-BHO-834,Zinc Sulfate 20mg,DRG-002,Essential,1650,200,2000,tablets,2026-09-15,2027-01-06
PHC-MP-BHO-834,Paracetamol 500mg,DRG-003,Analgesic,8588,1000,10000,tablets,2026-09-14,2027-02-23
PHC-MP-BHO-834,Amoxicillin 500mg,DRG-004,Antibiotic,557,300,3000,capsules,2026-08-05,2026-10-31
PHC-MP-BHO-834,Polyvalent Anti-Snake Venom (ASV),DRG-005,Antivenom,14,10,50,vials,2026-09-10,2026-10-31
PHC-MP-BHO-834,Salbutamol Nebules,DRG-006,Respiratory,383,50,500,ampoules,2026-08-19,2027-02-02
PHC-MP-BHO-834,Doxycycline 100mg,DRG-007,Antibiotic,535,200,2000,tablets,2026-08-29,2027-07-06
PHC-MP-BHO-834,Iron Folic Acid tablets,DRG-008,Supplement,4838,500,5000,tablets,2026-09-14,2027-07-30
PHC-MP-BHO-834,Metformin 500mg,DRG-009,Anti-diabetic,385,300,3000,tablets,2026-09-01,2027-07-09
PHC-MP-BHO-834,Amlodipine 5mg,DRG-010,Cardiovascular,965,200,2000,tablets,2026-09-13,2027-07-17
PHC-MP-BHO-835,ORS Sachets,DRG-001,Essential,98,500,5000,sachets,2026-09-01,2027-04-08
PHC-MP-BHO-835,Zinc Sulfate 20mg,DRG-002,Essential,34,200,2000,tablets,2026-08-04,2027-02-20
PHC-MP-BHO-835,Paracetamol 500mg,DRG-003,Analgesic,187,1000,10000,tablets,2026-09-17,2026-11-22
PHC-MP-BHO-835,Amoxicillin 500mg,DRG-004,Antibiotic,25,300,3000,capsules,2026-08-28,2027-01-29
PHC-MP-BHO-835,Polyvalent Anti-Snake Venom (ASV),DRG-005,Antivenom,0,10,50,vials,2026-08-20,2026-11-17
PHC-MP-BHO-835,Salbutamol Nebules,DRG-006,Respiratory,10,50,500,ampoules,2026-08-23,2027-01-19
PHC-MP-BHO-835,Doxycycline 100mg,DRG-007,Antibiotic,32,200,2000,tablets,2026-08-18,2027-07-28
PHC-MP-BHO-835,Iron Folic Acid tablets,DRG-008,Supplement,28,500,5000,tablets,2026-09-07,2027-06-25
PHC-MP-BHO-835,Metformin 500mg,DRG-009,Anti-diabetic,36,300,3000,tablets,2026-08-06,2027-05-07
PHC-MP-BHO-835,Amlodipine 5mg,DRG-010,Cardiovascular,20,200,2000,tablets,2026-08-05,2027-01-24
PHC-MP-BHO-836,ORS Sachets,DRG-001,Essential,2391,500,5000,sachets,2026-09-06,2027-08-23
PHC-MP-BHO-836,Zinc Sulfate 20mg,DRG-002,Essential,558,200,2000,tablets,2026-08-29,2027-06-19
PHC-MP-BHO-836,Paracetamol 500mg,DRG-003,Analgesic,4448,1000,10000,tablets,2026-08-22,2027-06-16
PHC-MP-BHO-836,Amoxicillin 500mg,DRG-004,Antibiotic,1499,300,3000,capsules,2026-09-12,2027-05-24
PHC-MP-BHO-836,Polyvalent Anti-Snake Venom (ASV),DRG-005,Antivenom,49,10,50,vials,2026-08-06,2027-01-31
PHC-MP-BHO-836,Salbutamol Nebules,DRG-006,Respiratory,123,50,500,ampoules,2026-09-23,2027-09-29
PHC-MP-BHO-836,Doxycycline 100mg,DRG-007,Antibiotic,1747,200,2000,tablets,2026-08-28,2026-12-31
PHC-MP-BHO-836,Iron Folic Acid tablets,DRG-008,Supplement,4867,500,5000,tablets,2026-09-09,2027-08-04
PHC-MP-BHO-836,Metformin 500mg,DRG-009,Anti-diabetic,745,300,3000,tablets,2026-08-01,2027-02-17
PHC-MP-BHO-836,Amlodipine 5mg,DRG-010,Cardiovascular,875,200,2000,tablets,2026-08-27,2026-12-31
PHC-MP-BHO-837,ORS Sachets,DRG-001,Essential,2043,500,5000,sachets,2026-09-16,2027-08-03
PHC-MP-BHO-837,Zinc Sulfate 20mg,DRG-002,Essential,1620,200,2000,tablets,2026-08-18,2026-12-06
PHC-MP-BHO-837,Paracetamol 500mg,DRG-003,Analgesic,2868,1000,10000,tablets,2026-08-21,2027-07-02
PHC-MP-BHO-837,Amoxicillin 500mg,DRG-004,Antibiotic,2611,300,3000,capsules,2026-09-17,2027-05-26
PHC-MP-BHO-837,Polyvalent Anti-Snake Venom (ASV),DRG-005,Antivenom,24,10,50,vials,2026-08-25,2027-06-25
PHC-MP-BHO-837,Salbutamol Nebules,DRG-006,Respiratory,239,50,500,ampoules,2026-09-21,2027-04-26
PHC-MP-BHO-837,Doxycycline 100mg,DRG-007,Antibiotic,1279,200,2000,tablets,2026-08-21,2026-12-05
PHC-MP-BHO-837,Iron Folic Acid tablets,DRG-008,Supplement,3841,500,5000,tablets,2026-08-17,2027-07-30
PHC-MP-BHO-837,Metformin 500mg,DRG-009,Anti-diabetic,2001,300,3000,tablets,2026-08-29,2027-07-29
PHC-MP-BHO-837,Amlodipine 5mg,DRG-010,Cardiovascular,845,200,2000,tablets,2026-08-15,2027-08-14
PHC-MP-BHO-838,ORS Sachets,DRG-001,Essential,2213,500,5000,sachets,2026-09-12,2027-05-04
PHC-MP-BHO-838,Zinc Sulfate 20mg,DRG-002,Essential,1342,200,2000,tablets,2026-09-10,2027-06-24
PHC-MP-BHO-838,Paracetamol 500mg,DRG-003,Analgesic,6797,1000,10000,tablets,2026-09-05,2027-08-13
PHC-MP-BHO-838,Amoxicillin 500mg,DRG-004,Antibiotic,1556,300,3000,capsules,2026-09-19,2027-08-28
PHC-MP-BHO-838,Polyvalent Anti-Snake Venom (ASV),DRG-005,Antivenom,30,10,50,vials,2026-08-28,2027-01-19
PHC-MP-BHO-838,Salbutamol Nebules,DRG-006,Respiratory,193,50,500,ampoules,2026-09-06,2027-05-12
PHC-MP-BHO-838,Doxycycline 100mg,DRG-007,Antibiotic,1626,200,2000,tablets,2026-09-02,2027-07-09
PHC-MP-BHO-838,Iron Folic Acid tablets,DRG-008,Supplement,1928,500,5000,tablets,2026-09-15,2027-06-17
PHC-MP-BHO-838,Metformin 500mg,DRG-009,Anti-diabetic,1984,300,3000,tablets,2026-09-11,2026-11-02
PHC-MP-BHO-838,Amlodipine 5mg,DRG-010,Cardiovascular,638,200,2000,tablets,2026-09-21,2027-04-10
PHC-MP-BHO-839,ORS Sachets,DRG-001,Essential,520,500,5000,sachets,2026-08-06,2027-04-17
PHC-MP-BHO-839,Zinc Sulfate 20mg,DRG-002,Essential,1943,200,2000,tablets,2026-08-22,2027-02-24
PHC-MP-BHO-839,Paracetamol 500mg,DRG-003,Analgesic,1130,1000,10000,tablets,2026-09-20,2027-05-02
PHC-MP-BHO-839,Amoxicillin 500mg,DRG-004,Antibiotic,1035,300,3000,capsules,2026-08-20,2027-09-10
PHC-MP-BHO-839,Polyvalent Anti-Snake Venom (ASV),DRG-005,Antivenom,38,10,50,vials,2026-08-25,2026-11-22
PHC-MP-BHO-839,Salbutamol Nebules,DRG-006,Respiratory,410,50,500,ampoules,2026-09-20,2027-01-27
PHC-MP-BHO-839,Doxycycline 100mg,DRG-007,Antibiotic,1400,200,2000,tablets,2026-09-04,2027-06-23
PHC-MP-BHO-839,Iron Folic Acid tablets,DRG-008,Supplement,4129,500,5000,tablets,2026-09-15,2027-02-21
PHC-MP-BHO-839,Metformin 500mg,DRG-009,Anti-diabetic,2459,300,3000,tablets,2026-09-13,2027-06-09
PHC-MP-BHO-839,Amlodipine 5mg,DRG-010,Cardiovascular,1662,200,2000,tablets,2026-09-24,2027-03-09
PHC-MP-BHO-840,ORS Sachets,DRG-001,Essential,304,500,5000,sachets,2026-08-30,2027-02-01
PHC-MP-BHO-840,Zinc Sulfate 20mg,DRG-002,Essential,164,200,2000,tablets,2026-08-29,2027-04-14
PHC-MP-BHO-840,Paracetamol 500mg,DRG-003,Analgesic,406,1000,10000,tablets,2026-08-12,2027-05-28
PHC-MP-BHO-840,Amoxicillin 500mg,DRG-004,Antibiotic,1,300,3000,capsules,2026-09-05,2027-07-09
PHC-MP-BHO-840,Polyvalent Anti-Snake Venom (ASV),DRG-005,Antivenom,3,10,50,vials,2026-09-09,2027-01-14
PHC-MP-BHO-840,Salbutamol Nebules,DRG-006,Respiratory,49,50,500,ampoules,2026-08-16,2027-04-03
PHC-MP-BHO-840,Doxycycline 100mg,DRG-007,Antibiotic,17,200,2000,tablets,2026-08-19,2027-06-03
PHC-MP-BHO-840,Iron Folic Acid tablets,DRG-008,Supplement,94,500,5000,tablets,2026-09-05,2027-02-14
PHC-MP-BHO-840,Metformin 500mg,DRG-009,Anti-diabetic,119,300,3000,tablets,2026-09-24,2027-03-03
PHC-MP-BHO-840,Amlodipine 5mg,DRG-010,Cardiovascular,49,200,2000,tablets,2026-08-24,2027-04-27
PHC-MP-IND-841,ORS Sachets,DRG-001,Essential,3424,500,5000,sachets,2026-08-18,2027-08-30
PHC-MP-IND-841,Zinc Sulfate 20mg,DRG-002,Essential,1835,200,2000,tablets,2026-09-03,2027-07-21
PHC-MP-IND-841,Paracetamol 500mg,DRG-003,Analgesic,5056,1000,10000,tablets,2026-07-31,2027-03-26
PHC-MP-IND-841,Amoxicillin 500mg,DRG-004,Antibiotic,1558,300,3000,capsules,2026-09-20,2026-11-06
PHC-MP-IND-841,Polyvalent Anti-Snake Venom (ASV),DRG-005,Antivenom,36,10,50,vials,2026-09-03,2027-02-22
PHC-MP-IND-841,Salbutamol Nebules,DRG-006,Respiratory,141,50,500,ampoules,2026-09-15,2027-04-02
PHC-MP-IND-841,Doxycycline 100mg,DRG-007,Antibiotic,1690,200,2000,tablets,2026-09-05,2027-08-03
PHC-MP-IND-841,Iron Folic Acid tablets,DRG-008,Supplement,1299,500,5000,tablets,2026-08-28,2026-12-07
PHC-MP-IND-841,Metformin 500mg,DRG-009,Anti-diabetic,732,300,3000,tablets,2026-09-10,2026-11-19
PHC-MP-IND-841,Amlodipine 5mg,DRG-010,Cardiovascular,977,200,2000,tablets,2026-08-02,2027-03-16
PHC-MP-IND-842,ORS Sachets,DRG-001,Essential,1529,500,5000,sachets,2026-08-24,2027-08-20
PHC-MP-IND-842,Zinc Sulfate 20mg,DRG-002,Essential,1540,200,2000,tablets,2026-09-08,2027-09-28
PHC-MP-IND-842,Paracetamol 500mg,DRG-003,Analgesic,7552,1000,10000,tablets,2026-08-18,2027-01-10
PHC-MP-IND-842,Amoxicillin 500mg,DRG-004,Antibiotic,674,300,3000,capsules,2026-08-20,2027-03-05
PHC-MP-IND-842,Polyvalent Anti-Snake Venom (ASV),DRG-005,Antivenom,14,10,50,vials,2026-08-08,2027-01-19
PHC-MP-IND-842,Salbutamol Nebules,DRG-006,Respiratory,174,50,500,ampoules,2026-08-25,2027-06-22
PHC-MP-IND-842,Doxycycline 100mg,DRG-007,Antibiotic,1444,200,2000,tablets,2026-08-05,2027-09-11
PHC-MP-IND-842,Iron Folic Acid tablets,DRG-008,Supplement,2668,500,5000,tablets,2026-09-24,2026-11-12
PHC-MP-IND-842,Metformin 500mg,DRG-009,Anti-diabetic,764,300,3000,tablets,2026-08-03,2027-05-18
PHC-MP-IND-842,Amlodipine 5mg,DRG-010,Cardiovascular,1684,200,2000,tablets,2026-09-22,2026-12-30
PHC-MP-IND-843,ORS Sachets,DRG-001,Essential,1401,500,5000,sachets,2026-09-18,2027-04-15
PHC-MP-IND-843,Zinc Sulfate 20mg,DRG-002,Essential,1288,200,2000,tablets,2026-08-07,2027-08-21
PHC-MP-IND-843,Paracetamol 500mg,DRG-003,Analgesic,9610,1000,10000,tablets,2026-08-25,2027-05-06
PHC-MP-IND-843,Amoxicillin 500mg,DRG-004,Antibiotic,935,300,3000,capsules,2026-08-15,2027-09-25
PHC-MP-IND-843,Polyvalent Anti-Snake Venom (ASV),DRG-005,Antivenom,16,10,50,vials,2026-08-05,2027-01-08
PHC-MP-IND-843,Salbutamol Nebules,DRG-006,Respiratory,205,50,500,ampoules,2026-08-11,2027-09-10
PHC-MP-IND-843,Doxycycline 100mg,DRG-007,Antibiotic,814,200,2000,tablets,2026-08-03,2026-11-27
PHC-MP-IND-843,Iron Folic Acid tablets,DRG-008,Supplement,3037,500,5000,tablets,2026-09-10,2027-01-09
PHC-MP-IND-843,Metformin 500mg,DRG-009,Anti-diabetic,2813,300,3000,tablets,2026-09-15,2027-01-19
PHC-MP-IND-843,Amlodipine 5mg,DRG-010,Cardiovascular,700,200,2000,tablets,2026-09-06,2027-07-02
PHC-MP-IND-844,ORS Sachets,DRG-001,Essential,302,500,5000,sachets,2026-08-01,2027-09-04
PHC-MP-IND-844,Zinc Sulfate 20mg,DRG-002,Essential,176,200,2000,tablets,2026-08-10,2027-08-31
PHC-MP-IND-844,Paracetamol 500mg,DRG-003,Analgesic,553,1000,10000,tablets,2026-08-05,2027-04-16
PHC-MP-IND-844,Amoxicillin 500mg,DRG-004,Antibiotic,283,300,3000,capsules,2026-09-16,2027-08-24
PHC-MP-IND-844,Polyvalent Anti-Snake Venom (ASV),DRG-005,Antivenom,5,10,50,vials,2026-08-05,2026-11-15
PHC-MP-IND-844,Salbutamol Nebules,DRG-006,Respiratory,42,50,500,ampoules,2026-09-21,2027-03-01
PHC-MP-IND-844,Doxycycline 100mg,DRG-007,Antibiotic,120,200,2000,tablets,2026-08-26,2026-11-07
PHC-MP-IND-844,Iron Folic Acid tablets,DRG-008,Supplement,407,500,5000,tablets,2026-09-03,2026-12-01
PHC-MP-IND-844,Metformin 500mg,DRG-009,Anti-diabetic,122,300,3000,tablets,2026-08-12,2027-09-23
PHC-MP-IND-844,Amlodipine 5mg,DRG-010,Cardiovascular,86,200,2000,tablets,2026-08-19,2026-12-18
PHC-MP-IND-845,ORS Sachets,DRG-001,Essential,3320,500,5000,sachets,2026-08-03,2027-03-10
PHC-MP-IND-845,Zinc Sulfate 20mg,DRG-002,Essential,1762,200,2000,tablets,2026-09-17,2027-06-22
PHC-MP-IND-845,Paracetamol 500mg,DRG-003,Analgesic,2726,1000,10000,tablets,2026-09-14,2027-07-30
PHC-MP-IND-845,Amoxicillin 500mg,DRG-004,Antibiotic,592,300,3000,capsules,2026-08-31,2027-09-16
PHC-MP-IND-845,Polyvalent Anti-Snake Venom (ASV),DRG-005,Antivenom,32,10,50,vials,2026-08-17,2027-08-20
PHC-MP-IND-845,Salbutamol Nebules,DRG-006,Respiratory,237,50,500,ampoules,2026-08-25,2026-12-29
PHC-MP-IND-845,Doxycycline 100mg,DRG-007,Antibiotic,1275,200,2000,tablets,2026-09-20,2027-01-16
PHC-MP-IND-845,Iron Folic Acid tablets,DRG-008,Supplement,3974,500,5000,tablets,2026-08-17,2027-04-14
PHC-MP-IND-845,Metformin 500mg,DRG-009,Anti-diabetic,2542,300,3000,tablets,2026-09-11,2027-06-17
PHC-MP-IND-845,Amlodipine 5mg,DRG-010,Cardiovascular,1226,200,2000,tablets,2026-09-01,2027-07-24
PHC-MP-IND-846,ORS Sachets,DRG-001,Essential,4263,500,5000,sachets,2026-08-17,2026-12-09
PHC-MP-IND-846,Zinc Sulfate 20mg,DRG-002,Essential,303,200,2000,tablets,2026-08-21,2027-02-02
PHC-MP-IND-846,Paracetamol 500mg,DRG-003,Analgesic,1926,1000,10000,tablets,2026-08-15,2027-07-16
PHC-MP-IND-846,Amoxicillin 500mg,DRG-004,Antibiotic,1119,300,3000,capsules,2026-09-19,2027-07-30
PHC-MP-IND-846,Polyvalent Anti-Snake Venom (ASV),DRG-005,Antivenom,37,10,50,vials,2026-09-23,2027-06-07
PHC-MP-IND-846,Salbutamol Nebules,DRG-006,Respiratory,344,50,500,ampoules,2026-08-09,2027-09-26
PHC-MP-IND-846,Doxycycline 100mg,DRG-007,Antibiotic,1263,200,2000,tablets,2026-08-29,2027-03-29
PHC-MP-IND-846,Iron Folic Acid tablets,DRG-008,Supplement,845,500,5000,tablets,2026-08-12,2027-09-07
PHC-MP-IND-846,Metformin 500mg,DRG-009,Anti-diabetic,1944,300,3000,tablets,2026-09-15,2026-12-25
PHC-MP-IND-846,Amlodipine 5mg,DRG-010,Cardiovascular,1880,200,2000,tablets,2026-08-16,2027-08-27
PHC-MP-IND-847,ORS Sachets,DRG-001,Essential,4415,500,5000,sachets,2026-09-10,2027-05-20
PHC-MP-IND-847,Zinc Sulfate 20mg,DRG-002,Essential,1393,200,2000,tablets,2026-08-16,2027-04-30
PHC-MP-IND-847,Paracetamol 500mg,DRG-003,Analgesic,3274,1000,10000,tablets,2026-09-13,2027-01-11
PHC-MP-IND-847,Amoxicillin 500mg,DRG-004,Antibiotic,2437,300,3000,capsules,2026-08-13,2027-07-27
PHC-MP-IND-847,Polyvalent Anti-Snake Venom (ASV),DRG-005,Antivenom,42,10,50,vials,2026-08-06,2027-04-23
PHC-MP-IND-847,Salbutamol Nebules,DRG-006,Respiratory,407,50,500,ampoules,2026-09-18,2027-06-08
PHC-MP-IND-847,Doxycycline 100mg,DRG-007,Antibiotic,536,200,2000,tablets,2026-08-07,2026-11-12
PHC-MP-IND-847,Iron Folic Acid tablets,DRG-008,Supplement,4471,500,5000,tablets,2026-09-08,2027-07-31
PHC-MP-IND-847,Metformin 500mg,DRG-009,Anti-diabetic,1469,300,3000,tablets,2026-08-20,2027-02-14
PHC-MP-IND-847,Amlodipine 5mg,DRG-010,Cardiovascular,1203,200,2000,tablets,2026-08-18,2026-12-16
PHC-MP-IND-848,ORS Sachets,DRG-001,Essential,100,500,5000,sachets,2026-09-10,2027-04-11
PHC-MP-IND-848,Zinc Sulfate 20mg,DRG-002,Essential,14,200,2000,tablets,2026-09-21,2027-03-04
PHC-MP-IND-848,Paracetamol 500mg,DRG-003,Analgesic,115,1000,10000,tablets,2026-09-16,2027-03-18
PHC-MP-IND-848,Amoxicillin 500mg,DRG-004,Antibiotic,26,300,3000,capsules,2026-08-11,2027-06-21
PHC-MP-IND-848,Polyvalent Anti-Snake Venom (ASV),DRG-005,Antivenom,1,10,50,vials,2026-08-13,2027-06-11
PHC-MP-IND-848,Salbutamol Nebules,DRG-006,Respiratory,5,50,500,ampoules,2026-08-08,2027-07-10
PHC-MP-IND-848,Doxycycline 100mg,DRG-007,Antibiotic,13,200,2000,tablets,2026-08-26,2026-12-26
PHC-MP-IND-848,Iron Folic Acid tablets,DRG-008,Supplement,0,500,5000,tablets,2026-07-31,2027-07-20
PHC-MP-IND-848,Metformin 500mg,DRG-009,Anti-diabetic,0,300,3000,tablets,2026-08-23,2027-01-23
PHC-MP-IND-848,Amlodipine 5mg,DRG-010,Cardiovascular,14,200,2000,tablets,2026-09-03,2027-07-31
PHC-MP-IND-849,ORS Sachets,DRG-001,Essential,88,500,5000,sachets,2026-08-19,2026-11-26
PHC-MP-IND-849,Zinc Sulfate 20mg,DRG-002,Essential,27,200,2000,tablets,2026-08-01,2027-02-24
PHC-MP-IND-849,Paracetamol 500mg,DRG-003,Analgesic,174,1000,10000,tablets,2026-08-05,2026-12-16
PHC-MP-IND-849,Amoxicillin 500mg,DRG-004,Antibiotic,287,300,3000,capsules,2026-08-21,2027-04-15
PHC-MP-IND-849,Polyvalent Anti-Snake Venom (ASV),DRG-005,Antivenom,8,10,50,vials,2026-09-11,2027-01-15
PHC-MP-IND-849,Salbutamol Nebules,DRG-006,Respiratory,3,50,500,ampoules,2026-09-19,2027-03-17
PHC-MP-IND-849,Doxycycline 100mg,DRG-007,Antibiotic,192,200,2000,tablets,2026-08-09,2027-05-29
PHC-MP-IND-849,Iron Folic Acid tablets,DRG-008,Supplement,139,500,5000,tablets,2026-08-04,2026-11-09
PHC-MP-IND-849,Metformin 500mg,DRG-009,Anti-diabetic,268,300,3000,tablets,2026-08-18,2026-11-03
PHC-MP-IND-849,Amlodipine 5mg,DRG-010,Cardiovascular,27,200,2000,tablets,2026-08-13,2027-04-24
PHC-MP-IND-850,ORS Sachets,DRG-001,Essential,427,500,5000,sachets,2026-08-04,2027-01-29
PHC-MP-IND-850,Zinc Sulfate 20mg,DRG-002,Essential,138,200,2000,tablets,2026-09-05,2027-09-19
PHC-MP-IND-850,Paracetamol 500mg,DRG-003,Analgesic,102,1000,10000,tablets,2026-08-30,2027-05-04
PHC-MP-IND-850,Amoxicillin 500mg,DRG-004,Antibiotic,194,300,3000,capsules,2026-08-26,2027-01-16
PHC-MP-IND-850,Polyvalent Anti-Snake Venom (ASV),DRG-005,Antivenom,2,10,50,vials,2026-08-31,2027-09-09
PHC-MP-IND-850,Salbutamol Nebules,DRG-006,Respiratory,7,50,500,ampoules,2026-08-24,2027-09-10
PHC-MP-IND-850,Doxycycline 100mg,DRG-007,Antibiotic,152,200,2000,tablets,2026-09-14,2027-02-14
PHC-MP-IND-850,Iron Folic Acid tablets,DRG-008,Supplement,403,500,5000,tablets,2026-09-22,2026-12-14
PHC-MP-IND-850,Metformin 500mg,DRG-009,Anti-diabetic,224,300,3000,tablets,2026-09-02,2027-07-14
PHC-MP-IND-850,Amlodipine 5mg,DRG-010,Cardiovascular,6,200,2000,tablets,2026-08-23,2027-09-02
PHC-MP-IND-851,ORS Sachets,DRG-001,Essential,2811,500,5000,sachets,2026-08-13,2027-06-24
PHC-MP-IND-851,Zinc Sulfate 20mg,DRG-002,Essential,1779,200,2000,tablets,2026-08-20,2027-03-08
PHC-MP-IND-851,Paracetamol 500mg,DRG-003,Analgesic,1943,1000,10000,tablets,2026-08-07,2026-12-06
PHC-MP-IND-851,Amoxicillin 500mg,DRG-004,Antibiotic,1285,300,3000,capsules,2026-08-02,2027-06-03
PHC-MP-IND-851,Polyvalent Anti-Snake Venom (ASV),DRG-005,Antivenom,30,10,50,vials,2026-09-09,2027-05-29
PHC-MP-IND-851,Salbutamol Nebules,DRG-006,Respiratory,170,50,500,ampoules,2026-09-14,2027-05-21
PHC-MP-IND-851,Doxycycline 100mg,DRG-007,Antibiotic,1169,200,2000,tablets,2026-09-04,2027-02-05
PHC-MP-IND-851,Iron Folic Acid tablets,DRG-008,Supplement,2189,500,5000,tablets,2026-08-14,2027-05-08
PHC-MP-IND-851,Metformin 500mg,DRG-009,Anti-diabetic,2382,300,3000,tablets,2026-08-14,2026-12-05
PHC-MP-IND-851,Amlodipine 5mg,DRG-010,Cardiovascular,606,200,2000,tablets,2026-08-16,2027-01-13
PHC-MP-IND-852,ORS Sachets,DRG-001,Essential,4453,500,5000,sachets,2026-08-17,2027-04-30
PHC-MP-IND-852,Zinc Sulfate 20mg,DRG-002,Essential,627,200,2000,tablets,2026-09-17,2027-05-11
PHC-MP-IND-852,Paracetamol 500mg,DRG-003,Analgesic,2008,1000,10000,tablets,2026-09-23,2027-07-26
PHC-MP-IND-852,Amoxicillin 500mg,DRG-004,Antibiotic,2287,300,3000,capsules,2026-09-23,2026-12-08
PHC-MP-IND-852,Polyvalent Anti-Snake Venom (ASV),DRG-005,Antivenom,30,10,50,vials,2026-08-13,2027-05-02
PHC-MP-IND-852,Salbutamol Nebules,DRG-006,Respiratory,207,50,500,ampoules,2026-09-10,2027-04-13
PHC-MP-IND-852,Doxycycline 100mg,DRG-007,Antibiotic,410,200,2000,tablets,2026-08-12,2026-12-26
PHC-MP-IND-852,Iron Folic Acid tablets,DRG-008,Supplement,3097,500,5000,tablets,2026-08-06,2026-12-12
PHC-MP-IND-852,Metformin 500mg,DRG-009,Anti-diabetic,717,300,3000,tablets,2026-09-09,2027-06-03
PHC-MP-IND-852,Amlodipine 5mg,DRG-010,Cardiovascular,603,200,2000,tablets,2026-08-24,2027-06-03
PHC-MP-IND-853,ORS Sachets,DRG-001,Essential,432,500,5000,sachets,2026-09-01,2027-01-25
PHC-MP-IND-853,Zinc Sulfate 20mg,DRG-002,Essential,153,200,2000,tablets,2026-08-03,2027-03-10
PHC-MP-IND-853,Paracetamol 500mg,DRG-003,Analgesic,10,1000,10000,tablets,2026-09-20,2027-02-11
PHC-MP-IND-853,Amoxicillin 500mg,DRG-004,Antibiotic,10,300,3000,capsules,2026-09-23,2027-04-15
PHC-MP-IND-853,Polyvalent Anti-Snake Venom (ASV),DRG-005,Antivenom,8,10,50,vials,2026-08-17,2027-09-09
PHC-MP-IND-853,Salbutamol Nebules,DRG-006,Respiratory,46,50,500,ampoules,2026-08-31,2027-06-27
PHC-MP-IND-853,Doxycycline 100mg,DRG-007,Antibiotic,20,200,2000,tablets,2026-08-29,2026-12-02
PHC-MP-IND-853,Iron Folic Acid tablets,DRG-008,Supplement,136,500,5000,tablets,2026-09-07,2027-05-09
PHC-MP-IND-853,Metformin 500mg,DRG-009,Anti-diabetic,102,300,3000,tablets,2026-08-25,2026-11-12
PHC-MP-IND-853,Amlodipine 5mg,DRG-010,Cardiovascular,109,200,2000,tablets,2026-08-21,2027-08-18
PHC-MP-IND-854,ORS Sachets,DRG-001,Essential,1368,500,5000,sachets,2026-08-04,2027-07-23
PHC-MP-IND-854,Zinc Sulfate 20mg,DRG-002,Essential,738,200,2000,tablets,2026-09-16,2027-08-28
PHC-MP-IND-854,Paracetamol 500mg,DRG-003,Analgesic,6813,1000,10000,tablets,2026-08-03,2027-05-20
PHC-MP-IND-854,Amoxicillin 500mg,DRG-004,Antibiotic,1858,300,3000,capsules,2026-09-05,2027-02-08
PHC-MP-IND-854,Polyvalent Anti-Snake Venom (ASV),DRG-005,Antivenom,34,10,50,vials,2026-08-01,2027-03-08
PHC-MP-IND-854,Salbutamol Nebules,DRG-006,Respiratory,386,50,500,ampoules,2026-08-08,2027-07-04
PHC-MP-IND-854,Doxycycline 100mg,DRG-007,Antibiotic,534,200,2000,tablets,2026-09-06,2027-08-03
PHC-MP-IND-854,Iron Folic Acid tablets,DRG-008,Supplement,2053,500,5000,tablets,2026-08-05,2027-02-12
PHC-MP-IND-854,Metformin 500mg,DRG-009,Anti-diabetic,486,300,3000,tablets,2026-08-20,2027-03-25
PHC-MP-IND-854,Amlodipine 5mg,DRG-010,Cardiovascular,1157,200,2000,tablets,2026-09-23,2027-09-28
PHC-MP-IND-855,ORS Sachets,DRG-001,Essential,2235,500,5000,sachets,2026-09-23,2026-12-24
PHC-MP-IND-855,Zinc Sulfate 20mg,DRG-002,Essential,1330,200,2000,tablets,2026-09-07,2027-01-22
PHC-MP-IND-855,Paracetamol 500mg,DRG-003,Analgesic,3440,1000,10000,tablets,2026-08-10,2027-03-08
PHC-MP-IND-855,Amoxicillin 500mg,DRG-004,Antibiotic,1341,300,3000,capsules,2026-09-12,2027-02-13
PHC-MP-IND-855,Polyvalent Anti-Snake Venom (ASV),DRG-005,Antivenom,20,10,50,vials,2026-09-20,2027-08-15
PHC-MP-IND-855,Salbutamol Nebules,DRG-006,Respiratory,77,50,500,ampoules,2026-08-17,2027-07-11
PHC-MP-IND-855,Doxycycline 100mg,DRG-007,Antibiotic,1401,200,2000,tablets,2026-08-11,2027-06-22
PHC-MP-IND-855,Iron Folic Acid tablets,DRG-008,Supplement,3375,500,5000,tablets,2026-09-11,2027-01-16
PHC-MP-IND-855,Metformin 500mg,DRG-009,Anti-diabetic,1811,300,3000,tablets,2026-09-03,2027-04-05
PHC-MP-IND-855,Amlodipine 5mg,DRG-010,Cardiovascular,959,200,2000,tablets,2026-08-15,2027-04-26
PHC-MP-IND-856,ORS Sachets,DRG-001,Essential,3842,500,5000,sachets,2026-08-08,2027-09-11
PHC-MP-IND-856,Zinc Sulfate 20mg,DRG-002,Essential,1499,200,2000,tablets,2026-09-09,2026-12-11
PHC-MP-IND-856,Paracetamol 500mg,DRG-003,Analgesic,7210,1000,10000,tablets,2026-09-15,2027-03-17
PHC-MP-IND-856,Amoxicillin 500mg,DRG-004,Antibiotic,674,300,3000,capsules,2026-09-01,2027-01-27
PHC-MP-IND-856,Polyvalent Anti-Snake Venom (ASV),DRG-005,Antivenom,22,10,50,vials,2026-09-16,2027-06-17
PHC-MP-IND-856,Salbutamol Nebules,DRG-006,Respiratory,322,50,500,ampoules,2026-08-28,2027-08-14
PHC-MP-IND-856,Doxycycline 100mg,DRG-007,Antibiotic,475,200,2000,tablets,2026-09-04,2027-09-21
PHC-MP-IND-856,Iron Folic Acid tablets,DRG-008,Supplement,1905,500,5000,tablets,2026-08-03,2027-02-17
PHC-MP-IND-856,Metformin 500mg,DRG-009,Anti-diabetic,325,300,3000,tablets,2026-09-24,2027-06-14
PHC-MP-IND-856,Amlodipine 5mg,DRG-010,Cardiovascular,1512,200,2000,tablets,2026-09-01,2027-01-25
PHC-MP-IND-857,ORS Sachets,DRG-001,Essential,4628,500,5000,sachets,2026-08-24,2027-07-14
PHC-MP-IND-857,Zinc Sulfate 20mg,DRG-002,Essential,1702,200,2000,tablets,2026-08-27,2027-09-24
PHC-MP-IND-857,Paracetamol 500mg,DRG-003,Analgesic,8861,1000,10000,tablets,2026-08-21,2027-09-11
PHC-MP-IND-857,Amoxicillin 500mg,DRG-004,Antibiotic,2850,300,3000,capsules,2026-08-24,2026-11-24
PHC-MP-IND-857,Polyvalent Anti-Snake Venom (ASV),DRG-005,Antivenom,37,10,50,vials,2026-09-02,2027-02-13
PHC-MP-IND-857,Salbutamol Nebules,DRG-006,Respiratory,418,50,500,ampoules,2026-09-16,2026-12-14
PHC-MP-IND-857,Doxycycline 100mg,DRG-007,Antibiotic,1228,200,2000,tablets,2026-09-01,2027-02-06
PHC-MP-IND-857,Iron Folic Acid tablets,DRG-008,Supplement,2220,500,5000,tablets,2026-09-22,2027-06-13
PHC-MP-IND-857,Metformin 500mg,DRG-009,Anti-diabetic,735,300,3000,tablets,2026-08-11,2027-09-13
PHC-MP-IND-857,Amlodipine 5mg,DRG-010,Cardiovascular,559,200,2000,tablets,2026-09-14,2026-12-17
PHC-MP-IND-858,ORS Sachets,DRG-001,Essential,3355,500,5000,sachets,2026-07-31,2026-11-23
PHC-MP-IND-858,Zinc Sulfate 20mg,DRG-002,Essential,832,200,2000,tablets,2026-08-25,2027-05-13
PHC-MP-IND-858,Paracetamol 500mg,DRG-003,Analgesic,8787,1000,10000,tablets,2026-09-12,2026-11-08
PHC-MP-IND-858,Amoxicillin 500mg,DRG-004,Antibiotic,1174,300,3000,capsules,2026-09-03,2027-01-22
PHC-MP-IND-858,Polyvalent Anti-Snake Venom (ASV),DRG-005,Antivenom,30,10,50,vials,2026-09-10,2027-09-17
PHC-MP-IND-858,Salbutamol Nebules,DRG-006,Respiratory,369,50,500,ampoules,2026-08-13,2027-01-04
PHC-MP-IND-858,Doxycycline 100mg,DRG-007,Antibiotic,1473,200,2000,tablets,2026-09-03,2027-08-24
PHC-MP-IND-858,Iron Folic Acid tablets,DRG-008,Supplement,818,500,5000,tablets,2026-09-05,2027-01-30
PHC-MP-IND-858,Metformin 500mg,DRG-009,Anti-diabetic,989,300,3000,tablets,2026-09-01,2027-01-14
PHC-MP-IND-858,Amlodipine 5mg,DRG-010,Cardiovascular,455,200,2000,tablets,2026-08-30,2027-09-13
PHC-MP-IND-859,ORS Sachets,DRG-001,Essential,118,500,5000,sachets,2026-09-08,2027-01-26
PHC-MP-IND-859,Zinc Sulfate 20mg,DRG-002,Essential,82,200,2000,tablets,2026-08-04,2026-12-26
PHC-MP-IND-859,Paracetamol 500mg,DRG-003,Analgesic,90,1000,10000,tablets,2026-09-09,2027-07-09
PHC-MP-IND-859,Amoxicillin 500mg,DRG-004,Antibiotic,167,300,3000,capsules,2026-09-03,2027-03-17
PHC-MP-IND-859,Polyvalent Anti-Snake Venom (ASV),DRG-005,Antivenom,2,10,50,vials,2026-08-17,2027-07-28
PHC-MP-IND-859,Salbutamol Nebules,DRG-006,Respiratory,18,50,500,ampoules,2026-07-31,2027-05-30
PHC-MP-IND-859,Doxycycline 100mg,DRG-007,Antibiotic,110,200,2000,tablets,2026-08-20,2027-05-09
PHC-MP-IND-859,Iron Folic Acid tablets,DRG-008,Supplement,248,500,5000,tablets,2026-09-17,2027-07-09
PHC-MP-IND-859,Metformin 500mg,DRG-009,Anti-diabetic,140,300,3000,tablets,2026-09-20,2026-11-20
PHC-MP-IND-859,Amlodipine 5mg,DRG-010,Cardiovascular,60,200,2000,tablets,2026-08-19,2027-03-14
PHC-MP-IND-860,ORS Sachets,DRG-001,Essential,4140,500,5000,sachets,2026-09-19,2027-06-30
PHC-MP-IND-860,Zinc Sulfate 20mg,DRG-002,Essential,223,200,2000,tablets,2026-08-11,2027-06-02
PHC-MP-IND-860,Paracetamol 500mg,DRG-003,Analgesic,8886,1000,10000,tablets,2026-08-06,2027-02-01
PHC-MP-IND-860,Amoxicillin 500mg,DRG-004,Antibiotic,783,300,3000,capsules,2026-09-08,2027-06-16
PHC-MP-IND-860,Polyvalent Anti-Snake Venom (ASV),DRG-005,Antivenom,33,10,50,vials,2026-08-12,2027-06-11
PHC-MP-IND-860,Salbutamol Nebules,DRG-006,Respiratory,179,50,500,ampoules,2026-09-10,2027-03-24
PHC-MP-IND-860,Doxycycline 100mg,DRG-007,Antibiotic,1407,200,2000,tablets,2026-08-28,2027-04-27
PHC-MP-IND-860,Iron Folic Acid tablets,DRG-008,Supplement,3217,500,5000,tablets,2026-07-31,2027-05-09
PHC-MP-IND-860,Metformin 500mg,DRG-009,Anti-diabetic,1517,300,3000,tablets,2026-09-03,2027-02-20
PHC-MP-IND-860,Amlodipine 5mg,DRG-010,Cardiovascular,383,200,2000,tablets,2026-09-04,2027-01-16
PHC-MP-IND-861,ORS Sachets,DRG-001,Essential,1720,500,5000,sachets,2026-09-13,2027-09-27
PHC-MP-IND-861,Zinc Sulfate 20mg,DRG-002,Essential,1617,200,2000,tablets,2026-08-05,2027-01-15
PHC-MP-IND-861,Paracetamol 500mg,DRG-003,Analgesic,3710,1000,10000,tablets,2026-09-19,2027-01-26
PHC-MP-IND-861,Amoxicillin 500mg,DRG-004,Antibiotic,2767,300,3000,capsules,2026-08-21,2026-12-01
PHC-MP-IND-861,Polyvalent Anti-Snake Venom (ASV),DRG-005,Antivenom,36,10,50,vials,2026-09-18,2027-06-12
PHC-MP-IND-861,Salbutamol Nebules,DRG-006,Respiratory,122,50,500,ampoules,2026-08-04,2027-03-21
PHC-MP-IND-861,Doxycycline 100mg,DRG-007,Antibiotic,459,200,2000,tablets,2026-08-13,2027-09-04
PHC-MP-IND-861,Iron Folic Acid tablets,DRG-008,Supplement,1919,500,5000,tablets,2026-08-09,2027-09-21
PHC-MP-IND-861,Metformin 500mg,DRG-009,Anti-diabetic,2595,300,3000,tablets,2026-08-16,2027-07-20
PHC-MP-IND-861,Amlodipine 5mg,DRG-010,Cardiovascular,1536,200,2000,tablets,2026-08-19,2027-03-12
PHC-MP-JAB-862,ORS Sachets,DRG-001,Essential,2620,500,5000,sachets,2026-09-04,2027-01-15
PHC-MP-JAB-862,Zinc Sulfate 20mg,DRG-002,Essential,932,200,2000,tablets,2026-08-17,2027-05-25
PHC-MP-JAB-862,Paracetamol 500mg,DRG-003,Analgesic,1986,1000,10000,tablets,2026-08-04,2026-12-18
PHC-MP-JAB-862,Amoxicillin 500mg,DRG-004,Antibiotic,1170,300,3000,capsules,2026-08-19,2027-05-02
PHC-MP-JAB-862,Polyvalent Anti-Snake Venom (ASV),DRG-005,Antivenom,46,10,50,vials,2026-08-28,2027-03-04
PHC-MP-JAB-862,Salbutamol Nebules,DRG-006,Respiratory,411,50,500,ampoules,2026-09-15,2026-12-12
PHC-MP-JAB-862,Doxycycline 100mg,DRG-007,Antibiotic,921,200,2000,tablets,2026-09-16,2027-05-13
PHC-MP-JAB-862,Iron Folic Acid tablets,DRG-008,Supplement,803,500,5000,tablets,2026-08-07,2027-01-26
PHC-MP-JAB-862,Metformin 500mg,DRG-009,Anti-diabetic,556,300,3000,tablets,2026-08-23,2027-08-02
PHC-MP-JAB-862,Amlodipine 5mg,DRG-010,Cardiovascular,1934,200,2000,tablets,2026-09-24,2026-12-01
PHC-MP-JAB-863,ORS Sachets,DRG-001,Essential,700,500,5000,sachets,2026-09-14,2027-03-30
PHC-MP-JAB-863,Zinc Sulfate 20mg,DRG-002,Essential,1407,200,2000,tablets,2026-09-12,2027-08-29
PHC-MP-JAB-863,Paracetamol 500mg,DRG-003,Analgesic,6128,1000,10000,tablets,2026-08-19,2027-04-13
PHC-MP-JAB-863,Amoxicillin 500mg,DRG-004,Antibiotic,1176,300,3000,capsules,2026-08-29,2027-08-25
PHC-MP-JAB-863,Polyvalent Anti-Snake Venom (ASV),DRG-005,Antivenom,13,10,50,vials,2026-09-18,2027-08-21
PHC-MP-JAB-863,Salbutamol Nebules,DRG-006,Respiratory,317,50,500,ampoules,2026-08-01,2027-08-19
PHC-MP-JAB-863,Doxycycline 100mg,DRG-007,Antibiotic,249,200,2000,tablets,2026-08-23,2027-09-27
PHC-MP-JAB-863,Iron Folic Acid tablets,DRG-008,Supplement,892,500,5000,tablets,2026-09-16,2027-07-01
PHC-MP-JAB-863,Metformin 500mg,DRG-009,Anti-diabetic,1133,300,3000,tablets,2026-09-12,2027-09-21
PHC-MP-JAB-863,Amlodipine 5mg,DRG-010,Cardiovascular,1822,200,2000,tablets,2026-08-05,2027-04-15
PHC-MP-JAB-864,ORS Sachets,DRG-001,Essential,584,500,5000,sachets,2026-09-12,2026-11-01
PHC-MP-JAB-864,Zinc Sulfate 20mg,DRG-002,Essential,1647,200,2000,tablets,2026-09-02,2027-05-07
PHC-MP-JAB-864,Paracetamol 500mg,DRG-003,Analgesic,7084,1000,10000,tablets,2026-09-19,2027-02-24
PHC-MP-JAB-864,Amoxicillin 500mg,DRG-004,Antibiotic,2018,300,3000,capsules,2026-08-24,2027-02-05
PHC-MP-JAB-864,Polyvalent Anti-Snake Venom (ASV),DRG-005,Antivenom,43,10,50,vials,2026-08-13,2027-06-26
PHC-MP-JAB-864,Salbutamol Nebules,DRG-006,Respiratory,154,50,500,ampoules,2026-08-23,2027-07-11
PHC-MP-JAB-864,Doxycycline 100mg,DRG-007,Antibiotic,1861,200,2000,tablets,2026-08-04,2027-03-22
PHC-MP-JAB-864,Iron Folic Acid tablets,DRG-008,Supplement,2159,500,5000,tablets,2026-08-08,2027-09-19
PHC-MP-JAB-864,Metformin 500mg,DRG-009,Anti-diabetic,1634,300,3000,tablets,2026-09-20,2027-01-20
PHC-MP-JAB-864,Amlodipine 5mg,DRG-010,Cardiovascular,1495,200,2000,tablets,2026-09-17,2027-03-28
PHC-MP-JAB-865,ORS Sachets,DRG-001,Essential,2639,500,5000,sachets,2026-09-04,2027-07-13
PHC-MP-JAB-865,Zinc Sulfate 20mg,DRG-002,Essential,361,200,2000,tablets,2026-09-13,2027-08-16
PHC-MP-JAB-865,Paracetamol 500mg,DRG-003,Analgesic,4336,1000,10000,tablets,2026-09-03,2027-04-14
PHC-MP-JAB-865,Amoxicillin 500mg,DRG-004,Antibiotic,1049,300,3000,capsules,2026-08-20,2027-09-18
PHC-MP-JAB-865,Polyvalent Anti-Snake Venom (ASV),DRG-005,Antivenom,28,10,50,vials,2026-08-22,2027-01-24
PHC-MP-JAB-865,Salbutamol Nebules,DRG-006,Respiratory,257,50,500,ampoules,2026-08-10,2027-04-05
PHC-MP-JAB-865,Doxycycline 100mg,DRG-007,Antibiotic,1595,200,2000,tablets,2026-08-25,2027-06-18
PHC-MP-JAB-865,Iron Folic Acid tablets,DRG-008,Supplement,3211,500,5000,tablets,2026-08-04,2027-03-06
PHC-MP-JAB-865,Metformin 500mg,DRG-009,Anti-diabetic,2170,300,3000,tablets,2026-08-17,2026-12-26
PHC-MP-JAB-865,Amlodipine 5mg,DRG-010,Cardiovascular,1784,200,2000,tablets,2026-09-11,2027-05-02
PHC-MP-JAB-866,ORS Sachets,DRG-001,Essential,2454,500,5000,sachets,2026-08-21,2027-03-31
PHC-MP-JAB-866,Zinc Sulfate 20mg,DRG-002,Essential,380,200,2000,tablets,2026-08-24,2027-02-01
PHC-MP-JAB-866,Paracetamol 500mg,DRG-003,Analgesic,7145,1000,10000,tablets,2026-08-04,2026-12-10
PHC-MP-JAB-866,Amoxicillin 500mg,DRG-004,Antibiotic,2219,300,3000,capsules,2026-09-18,2026-12-27
PHC-MP-JAB-866,Polyvalent Anti-Snake Venom (ASV),DRG-005,Antivenom,40,10,50,vials,2026-08-12,2027-07-10
PHC-MP-JAB-866,Salbutamol Nebules,DRG-006,Respiratory,292,50,500,ampoules,2026-09-12,2027-01-20
PHC-MP-JAB-866,Doxycycline 100mg,DRG-007,Antibiotic,807,200,2000,tablets,2026-07-31,2027-08-30
PHC-MP-JAB-866,Iron Folic Acid tablets,DRG-008,Supplement,2331,500,5000,tablets,2026-09-23,2027-02-07
PHC-MP-JAB-866,Metformin 500mg,DRG-009,Anti-diabetic,307,300,3000,tablets,2026-08-08,2026-12-02
PHC-MP-JAB-866,Amlodipine 5mg,DRG-010,Cardiovascular,1178,200,2000,tablets,2026-09-04,2027-09-24
PHC-MP-JAB-867,ORS Sachets,DRG-001,Essential,55,500,5000,sachets,2026-09-13,2026-11-05
PHC-MP-JAB-867,Zinc Sulfate 20mg,DRG-002,Essential,24,200,2000,tablets,2026-08-11,2027-04-05
PHC-MP-JAB-867,Paracetamol 500mg,DRG-003,Analgesic,187,1000,10000,tablets,2026-07-31,2027-04-26
PHC-MP-JAB-867,Amoxicillin 500mg,DRG-004,Antibiotic,37,300,3000,capsules,2026-08-12,2026-11-02
PHC-MP-JAB-867,Polyvalent Anti-Snake Venom (ASV),DRG-005,Antivenom,2,10,50,vials,2026-09-07,2027-03-13
PHC-MP-JAB-867,Salbutamol Nebules,DRG-006,Respiratory,3,50,500,ampoules,2026-09-24,2027-08-15
PHC-MP-JAB-867,Doxycycline 100mg,DRG-007,Antibiotic,24,200,2000,tablets,2026-09-03,2026-12-13
PHC-MP-JAB-867,Iron Folic Acid tablets,DRG-008,Supplement,58,500,5000,tablets,2026-08-16,2027-05-27
PHC-MP-JAB-867,Metformin 500mg,DRG-009,Anti-diabetic,18,300,3000,tablets,2026-08-21,2027-02-09
PHC-MP-JAB-867,Amlodipine 5mg,DRG-010,Cardiovascular,14,200,2000,tablets,2026-08-03,2027-06-28
PHC-MP-JAB-868,ORS Sachets,DRG-001,Essential,2938,500,5000,sachets,2026-09-21,2027-06-26
PHC-MP-JAB-868,Zinc Sulfate 20mg,DRG-002,Essential,1342,200,2000,tablets,2026-09-16,2027-06-09
PHC-MP-JAB-868,Paracetamol 500mg,DRG-003,Analgesic,7561,1000,10000,tablets,2026-08-05,2026-12-23
PHC-MP-JAB-868,Amoxicillin 500mg,DRG-004,Antibiotic,2670,300,3000,capsules,2026-09-17,2026-12-02
PHC-MP-JAB-868,Polyvalent Anti-Snake Venom (ASV),DRG-005,Antivenom,38,10,50,vials,2026-08-14,2027-09-16
PHC-MP-JAB-868,Salbutamol Nebules,DRG-006,Respiratory,461,50,500,ampoules,2026-09-23,2027-02-02
PHC-MP-JAB-868,Doxycycline 100mg,DRG-007,Antibiotic,433,200,2000,tablets,2026-09-13,2027-06-02
PHC-MP-JAB-868,Iron Folic Acid tablets,DRG-008,Supplement,1493,500,5000,tablets,2026-08-17,2027-07-21
PHC-MP-JAB-868,Metformin 500mg,DRG-009,Anti-diabetic,967,300,3000,tablets,2026-09-02,2027-08-30
PHC-MP-JAB-868,Amlodipine 5mg,DRG-010,Cardiovascular,1350,200,2000,tablets,2026-08-02,2027-04-06
PHC-MP-JAB-869,ORS Sachets,DRG-001,Essential,433,500,5000,sachets,2026-08-06,2027-08-07
PHC-MP-JAB-869,Zinc Sulfate 20mg,DRG-002,Essential,110,200,2000,tablets,2026-09-12,2027-05-28
PHC-MP-JAB-869,Paracetamol 500mg,DRG-003,Analgesic,926,1000,10000,tablets,2026-08-01,2027-09-14
PHC-MP-JAB-869,Amoxicillin 500mg,DRG-004,Antibiotic,15,300,3000,capsules,2026-08-17,2027-07-18
PHC-MP-JAB-869,Polyvalent Anti-Snake Venom (ASV),DRG-005,Antivenom,7,10,50,vials,2026-08-26,2027-01-29
PHC-MP-JAB-869,Salbutamol Nebules,DRG-006,Respiratory,44,50,500,ampoules,2026-09-05,2027-02-03
PHC-MP-JAB-869,Doxycycline 100mg,DRG-007,Antibiotic,5,200,2000,tablets,2026-08-09,2027-07-30
PHC-MP-JAB-869,Iron Folic Acid tablets,DRG-008,Supplement,159,500,5000,tablets,2026-08-31,2026-12-29
PHC-MP-JAB-869,Metformin 500mg,DRG-009,Anti-diabetic,169,300,3000,tablets,2026-08-06,2027-02-19
PHC-MP-JAB-869,Amlodipine 5mg,DRG-010,Cardiovascular,103,200,2000,tablets,2026-09-02,2027-09-11
PHC-MP-JAB-870,ORS Sachets,DRG-001,Essential,462,500,5000,sachets,2026-08-31,2026-11-07
PHC-MP-JAB-870,Zinc Sulfate 20mg,DRG-002,Essential,180,200,2000,tablets,2026-08-24,2027-06-01
PHC-MP-JAB-870,Paracetamol 500mg,DRG-003,Analgesic,873,1000,10000,tablets,2026-08-06,2027-07-30
PHC-MP-JAB-870,Amoxicillin 500mg,DRG-004,Antibiotic,147,300,3000,capsules,2026-08-10,2027-03-19
PHC-MP-JAB-870,Polyvalent Anti-Snake Venom (ASV),DRG-005,Antivenom,4,10,50,vials,2026-08-27,2027-01-17
PHC-MP-JAB-870,Salbutamol Nebules,DRG-006,Respiratory,31,50,500,ampoules,2026-09-16,2027-08-05
PHC-MP-JAB-870,Doxycycline 100mg,DRG-007,Antibiotic,190,200,2000,tablets,2026-08-06,2027-05-10
PHC-MP-JAB-870,Iron Folic Acid tablets,DRG-008,Supplement,184,500,5000,tablets,2026-08-19,2026-12-12
PHC-MP-JAB-870,Metformin 500mg,DRG-009,Anti-diabetic,100,300,3000,tablets,2026-09-09,2027-04-24
PHC-MP-JAB-870,Amlodipine 5mg,DRG-010,Cardiovascular,165,200,2000,tablets,2026-09-21,2027-04-07
PHC-MP-JAB-871,ORS Sachets,DRG-001,Essential,4288,500,5000,sachets,2026-08-18,2026-11-03
PHC-MP-JAB-871,Zinc Sulfate 20mg,DRG-002,Essential,1428,200,2000,tablets,2026-08-15,2026-11-19
PHC-MP-JAB-871,Paracetamol 500mg,DRG-003,Analgesic,8672,1000,10000,tablets,2026-08-22,2026-11-07
PHC-MP-JAB-871,Amoxicillin 500mg,DRG-004,Antibiotic,1436,300,3000,capsules,2026-08-25,2027-03-07
PHC-MP-JAB-871,Polyvalent Anti-Snake Venom (ASV),DRG-005,Antivenom,44,10,50,vials,2026-08-03,2027-02-17
PHC-MP-JAB-871,Salbutamol Nebules,DRG-006,Respiratory,371,50,500,ampoules,2026-08-05,2027-09-25
PHC-MP-JAB-871,Doxycycline 100mg,DRG-007,Antibiotic,1942,200,2000,tablets,2026-08-26,2027-07-04
PHC-MP-JAB-871,Iron Folic Acid tablets,DRG-008,Supplement,4540,500,5000,tablets,2026-09-08,2026-11-10
PHC-MP-JAB-871,Metformin 500mg,DRG-009,Anti-diabetic,557,300,3000,tablets,2026-09-17,2027-03-05
PHC-MP-JAB-871,Amlodipine 5mg,DRG-010,Cardiovascular,905,200,2000,tablets,2026-07-31,2027-08-13
PHC-MP-JAB-872,ORS Sachets,DRG-001,Essential,3748,500,5000,sachets,2026-09-04,2026-11-27
PHC-MP-JAB-872,Zinc Sulfate 20mg,DRG-002,Essential,511,200,2000,tablets,2026-08-22,2027-04-10
PHC-MP-JAB-872,Paracetamol 500mg,DRG-003,Analgesic,5591,1000,10000,tablets,2026-09-05,2027-03-04
PHC-MP-JAB-872,Amoxicillin 500mg,DRG-004,Antibiotic,1871,300,3000,capsules,2026-08-18,2027-07-21
PHC-MP-JAB-872,Polyvalent Anti-Snake Venom (ASV),DRG-005,Antivenom,31,10,50,vials,2026-08-29,2027-04-21
PHC-MP-JAB-872,Salbutamol Nebules,DRG-006,Respiratory,442,50,500,ampoules,2026-08-23,2027-02-08
PHC-MP-JAB-872,Doxycycline 100mg,DRG-007,Antibiotic,1843,200,2000,tablets,2026-09-08,2027-09-25
PHC-MP-JAB-872,Iron Folic Acid tablets,DRG-008,Supplement,3312,500,5000,tablets,2026-08-23,2027-04-25
PHC-MP-JAB-872,Metformin 500mg,DRG-009,Anti-diabetic,1121,300,3000,tablets,2026-09-19,2026-12-23
PHC-MP-JAB-872,Amlodipine 5mg,DRG-010,Cardiovascular,1490,200,2000,tablets,2026-08-08,2027-09-01
PHC-MP-JAB-873,ORS Sachets,DRG-001,Essential,4038,500,5000,sachets,2026-08-09,2027-08-14
PHC-MP-JAB-873,Zinc Sulfate 20mg,DRG-002,Essential,660,200,2000,tablets,2026-08-24,2027-04-13
PHC-MP-JAB-873,Paracetamol 500mg,DRG-003,Analgesic,4872,1000,10000,tablets,2026-08-09,2027-04-13
PHC-MP-JAB-873,Amoxicillin 500mg,DRG-004,Antibiotic,1798,300,3000,capsules,2026-09-16,2027-07-01
PHC-MP-JAB-873,Polyvalent Anti-Snake Venom (ASV),DRG-005,Antivenom,20,10,50,vials,2026-08-03,2027-07-20
PHC-MP-JAB-873,Salbutamol Nebules,DRG-006,Respiratory,340,50,500,ampoules,2026-09-21,2027-08-17
PHC-MP-JAB-873,Doxycycline 100mg,DRG-007,Antibiotic,1955,200,2000,tablets,2026-09-14,2026-11-23
PHC-MP-JAB-873,Iron Folic Acid tablets,DRG-008,Supplement,4507,500,5000,tablets,2026-08-06,2027-03-06
PHC-MP-JAB-873,Metformin 500mg,DRG-009,Anti-diabetic,1716,300,3000,tablets,2026-08-27,2026-12-23
PHC-MP-JAB-873,Amlodipine 5mg,DRG-010,Cardiovascular,1419,200,2000,tablets,2026-09-16,2027-07-30
PHC-MP-JAB-874,ORS Sachets,DRG-001,Essential,4668,500,5000,sachets,2026-08-09,2027-08-29
PHC-MP-JAB-874,Zinc Sulfate 20mg,DRG-002,Essential,1361,200,2000,tablets,2026-08-11,2026-12-02
PHC-MP-JAB-874,Paracetamol 500mg,DRG-003,Analgesic,6758,1000,10000,tablets,2026-08-18,2026-11-22
PHC-MP-JAB-874,Amoxicillin 500mg,DRG-004,Antibiotic,979,300,3000,capsules,2026-08-17,2027-06-26
PHC-MP-JAB-874,Polyvalent Anti-Snake Venom (ASV),DRG-005,Antivenom,45,10,50,vials,2026-09-09,2027-07-23
PHC-MP-JAB-874,Salbutamol Nebules,DRG-006,Respiratory,223,50,500,ampoules,2026-09-10,2027-01-10
PHC-MP-JAB-874,Doxycycline 100mg,DRG-007,Antibiotic,1832,200,2000,tablets,2026-09-20,2027-04-09
PHC-MP-JAB-874,Iron Folic Acid tablets,DRG-008,Supplement,2544,500,5000,tablets,2026-08-18,2027-01-18
PHC-MP-JAB-874,Metformin 500mg,DRG-009,Anti-diabetic,399,300,3000,tablets,2026-08-12,2026-12-01
PHC-MP-JAB-874,Amlodipine 5mg,DRG-010,Cardiovascular,1319,200,2000,tablets,2026-08-02,2026-12-12
PHC-MP-JAB-875,ORS Sachets,DRG-001,Essential,3759,500,5000,sachets,2026-09-23,2027-09-14
PHC-MP-JAB-875,Zinc Sulfate 20mg,DRG-002,Essential,1107,200,2000,tablets,2026-09-21,2027-04-15
PHC-MP-JAB-875,Paracetamol 500mg,DRG-003,Analgesic,4869,1000,10000,tablets,2026-09-14,2027-06-28
PHC-MP-JAB-875,Amoxicillin 500mg,DRG-004,Antibiotic,845,300,3000,capsules,2026-09-04,2027-06-16
PHC-MP-JAB-875,Polyvalent Anti-Snake Venom (ASV),DRG-005,Antivenom,34,10,50,vials,2026-09-04,2027-02-21
PHC-MP-JAB-875,Salbutamol Nebules,DRG-006,Respiratory,378,50,500,ampoules,2026-08-18,2027-08-24
PHC-MP-JAB-875,Doxycycline 100mg,DRG-007,Antibiotic,1813,200,2000,tablets,2026-08-27,2027-02-01
PHC-MP-JAB-875,Iron Folic Acid tablets,DRG-008,Supplement,1410,500,5000,tablets,2026-08-30,2026-12-01
PHC-MP-JAB-875,Metformin 500mg,DRG-009,Anti-diabetic,921,300,3000,tablets,2026-09-23,2027-01-19
PHC-MP-JAB-875,Amlodipine 5mg,DRG-010,Cardiovascular,1422,200,2000,tablets,2026-09-21,2026-10-29
PHC-MP-JAB-876,ORS Sachets,DRG-001,Essential,58,500,5000,sachets,2026-08-19,2027-05-28
PHC-MP-JAB-876,Zinc Sulfate 20mg,DRG-002,Essential,17,200,2000,tablets,2026-09-06,2026-10-31
PHC-MP-JAB-876,Paracetamol 500mg,DRG-003,Analgesic,135,1000,10000,tablets,2026-08-17,2027-01-25
PHC-MP-JAB-876,Amoxicillin 500mg,DRG-004,Antibiotic,58,300,3000,capsules,2026-09-09,2027-08-06
PHC-MP-JAB-876,Polyvalent Anti-Snake Venom (ASV),DRG-005,Antivenom,0,10,50,vials,2026-09-04,2027-05-05
PHC-MP-JAB-876,Salbutamol Nebules,DRG-006,Respiratory,10,50,500,ampoules,2026-09-24,2027-04-07
PHC-MP-JAB-876,Doxycycline 100mg,DRG-007,Antibiotic,26,200,2000,tablets,2026-08-14,2027-03-11
PHC-MP-JAB-876,Iron Folic Acid tablets,DRG-008,Supplement,51,500,5000,tablets,2026-08-09,2027-06-30
PHC-MP-JAB-876,Metformin 500mg,DRG-009,Anti-diabetic,41,300,3000,tablets,2026-09-10,2027-01-23
PHC-MP-JAB-876,Amlodipine 5mg,DRG-010,Cardiovascular,29,200,2000,tablets,2026-08-28,2027-04-18
PHC-MP-JAB-877,ORS Sachets,DRG-001,Essential,43,500,5000,sachets,2026-08-31,2027-03-27
PHC-MP-JAB-877,Zinc Sulfate 20mg,DRG-002,Essential,27,200,2000,tablets,2026-08-24,2026-12-24
PHC-MP-JAB-877,Paracetamol 500mg,DRG-003,Analgesic,131,1000,10000,tablets,2026-09-19,2027-08-28
PHC-MP-JAB-877,Amoxicillin 500mg,DRG-004,Antibiotic,38,300,3000,capsules,2026-08-09,2027-04-09
PHC-MP-JAB-877,Polyvalent Anti-Snake Venom (ASV),DRG-005,Antivenom,2,10,50,vials,2026-09-20,2027-01-06
PHC-MP-JAB-877,Salbutamol Nebules,DRG-006,Respiratory,0,50,500,ampoules,2026-08-15,2026-11-11
PHC-MP-JAB-877,Doxycycline 100mg,DRG-007,Antibiotic,16,200,2000,tablets,2026-08-19,2027-09-08
PHC-MP-JAB-877,Iron Folic Acid tablets,DRG-008,Supplement,52,500,5000,tablets,2026-08-20,2027-09-19
PHC-MP-JAB-877,Metformin 500mg,DRG-009,Anti-diabetic,58,300,3000,tablets,2026-08-24,2027-07-26
PHC-MP-JAB-877,Amlodipine 5mg,DRG-010,Cardiovascular,29,200,2000,tablets,2026-08-05,2027-04-29
PHC-MP-JAB-878,ORS Sachets,DRG-001,Essential,3886,500,5000,sachets,2026-08-29,2027-08-19
PHC-MP-JAB-878,Zinc Sulfate 20mg,DRG-002,Essential,551,200,2000,tablets,2026-09-07,2027-05-28
PHC-MP-JAB-878,Paracetamol 500mg,DRG-003,Analgesic,3227,1000,10000,tablets,2026-09-15,2027-07-04
PHC-MP-JAB-878,Amoxicillin 500mg,DRG-004,Antibiotic,2273,300,3000,capsules,2026-09-17,2027-05-01
PHC-MP-JAB-878,Polyvalent Anti-Snake Venom (ASV),DRG-005,Antivenom,23,10,50,vials,2026-08-06,2027-07-13
PHC-MP-JAB-878,Salbutamol Nebules,DRG-006,Respiratory,455,50,500,ampoules,2026-09-01,2027-01-15
PHC-MP-JAB-878,Doxycycline 100mg,DRG-007,Antibiotic,1682,200,2000,tablets,2026-09-01,2026-11-25
PHC-MP-JAB-878,Iron Folic Acid tablets,DRG-008,Supplement,2402,500,5000,tablets,2026-08-11,2027-01-04
PHC-MP-JAB-878,Metformin 500mg,DRG-009,Anti-diabetic,1102,300,3000,tablets,2026-09-14,2027-02-11
PHC-MP-JAB-878,Amlodipine 5mg,DRG-010,Cardiovascular,1059,200,2000,tablets,2026-09-08,2027-09-04
PHC-MP-JAB-879,ORS Sachets,DRG-001,Essential,1163,500,5000,sachets,2026-09-06,2027-02-05
PHC-MP-JAB-879,Zinc Sulfate 20mg,DRG-002,Essential,1555,200,2000,tablets,2026-08-20,2027-04-09
PHC-MP-JAB-879,Paracetamol 500mg,DRG-003,Analgesic,5847,1000,10000,tablets,2026-08-01,2027-07-06
PHC-MP-JAB-879,Amoxicillin 500mg,DRG-004,Antibiotic,310,300,3000,capsules,2026-09-21,2027-05-05
PHC-MP-JAB-879,Polyvalent Anti-Snake Venom (ASV),DRG-005,Antivenom,35,10,50,vials,2026-08-03,2027-03-19
PHC-MP-JAB-879,Salbutamol Nebules,DRG-006,Respiratory,92,50,500,ampoules,2026-08-28,2027-05-23
PHC-MP-JAB-879,Doxycycline 100mg,DRG-007,Antibiotic,645,200,2000,tablets,2026-09-15,2027-03-22
PHC-MP-JAB-879,Iron Folic Acid tablets,DRG-008,Supplement,1806,500,5000,tablets,2026-08-27,2027-07-31
PHC-MP-JAB-879,Metformin 500mg,DRG-009,Anti-diabetic,2888,300,3000,tablets,2026-09-24,2026-12-20
PHC-MP-JAB-879,Amlodipine 5mg,DRG-010,Cardiovascular,813,200,2000,tablets,2026-09-08,2026-10-30
PHC-MP-JAB-880,ORS Sachets,DRG-001,Essential,1277,500,5000,sachets,2026-09-12,2027-04-29
PHC-MP-JAB-880,Zinc Sulfate 20mg,DRG-002,Essential,861,200,2000,tablets,2026-08-20,2027-05-27
PHC-MP-JAB-880,Paracetamol 500mg,DRG-003,Analgesic,2159,1000,10000,tablets,2026-09-12,2027-08-27
PHC-MP-JAB-880,Amoxicillin 500mg,DRG-004,Antibiotic,1171,300,3000,capsules,2026-09-12,2027-04-19
PHC-MP-JAB-880,Polyvalent Anti-Snake Venom (ASV),DRG-005,Antivenom,23,10,50,vials,2026-08-14,2027-02-12
PHC-MP-JAB-880,Salbutamol Nebules,DRG-006,Respiratory,473,50,500,ampoules,2026-08-24,2026-11-17
PHC-MP-JAB-880,Doxycycline 100mg,DRG-007,Antibiotic,1158,200,2000,tablets,2026-08-26,2027-07-26
PHC-MP-JAB-880,Iron Folic Acid tablets,DRG-008,Supplement,4983,500,5000,tablets,2026-09-17,2027-02-10
PHC-MP-JAB-880,Metformin 500mg,DRG-009,Anti-diabetic,2134,300,3000,tablets,2026-08-10,2027-07-30
PHC-MP-JAB-880,Amlodipine 5mg,DRG-010,Cardiovascular,747,200,2000,tablets,2026-08-26,2026-11-19
PHC-MP-JAB-881,ORS Sachets,DRG-001,Essential,425,500,5000,sachets,2026-08-15,2027-08-08
PHC-MP-JAB-881,Zinc Sulfate 20mg,DRG-002,Essential,28,200,2000,tablets,2026-09-11,2027-01-21
PHC-MP-JAB-881,Paracetamol 500mg,DRG-003,Analgesic,989,1000,10000,tablets,2026-08-19,2027-09-17
PHC-MP-JAB-881,Amoxicillin 500mg,DRG-004,Antibiotic,187,300,3000,capsules,2026-09-11,2027-03-18
PHC-MP-JAB-881,Polyvalent Anti-Snake Venom (ASV),DRG-005,Antivenom,5,10,50,vials,2026-09-02,2027-06-06
PHC-MP-JAB-881,Salbutamol Nebules,DRG-006,Respiratory,34,50,500,ampoules,2026-08-01,2026-12-08
PHC-MP-JAB-881,Doxycycline 100mg,DRG-007,Antibiotic,96,200,2000,tablets,2026-09-17,2026-11-19
PHC-MP-JAB-881,Iron Folic Acid tablets,DRG-008,Supplement,123,500,5000,tablets,2026-09-03,2027-09-16
PHC-MP-JAB-881,Metformin 500mg,DRG-009,Anti-diabetic,96,300,3000,tablets,2026-08-30,2027-08-31
PHC-MP-JAB-881,Amlodipine 5mg,DRG-010,Cardiovascular,181,200,2000,tablets,2026-08-05,2027-04-05
PHC-MP-JAB-882,ORS Sachets,DRG-001,Essential,468,500,5000,sachets,2026-09-13,2026-12-20
PHC-MP-JAB-882,Zinc Sulfate 20mg,DRG-002,Essential,32,200,2000,tablets,2026-08-30,2027-07-11
PHC-MP-JAB-882,Paracetamol 500mg,DRG-003,Analgesic,208,1000,10000,tablets,2026-08-16,2027-04-14
PHC-MP-JAB-882,Amoxicillin 500mg,DRG-004,Antibiotic,57,300,3000,capsules,2026-09-15,2027-05-22
PHC-MP-JAB-882,Polyvalent Anti-Snake Venom (ASV),DRG-005,Antivenom,9,10,50,vials,2026-08-11,2027-05-18
PHC-MP-JAB-882,Salbutamol Nebules,DRG-006,Respiratory,17,50,500,ampoules,2026-09-23,2026-11-09
PHC-MP-JAB-882,Doxycycline 100mg,DRG-007,Antibiotic,150,200,2000,tablets,2026-08-20,2026-12-11
PHC-MP-JAB-882,Iron Folic Acid tablets,DRG-008,Supplement,16,500,5000,tablets,2026-08-15,2026-12-27
PHC-MP-JAB-882,Metformin 500mg,DRG-009,Anti-diabetic,1,300,3000,tablets,2026-08-20,2027-04-18
PHC-MP-JAB-882,Amlodipine 5mg,DRG-010,Cardiovascular,11,200,2000,tablets,2026-09-09,2027-06-24
PHC-MP-GWA-883,ORS Sachets,DRG-001,Essential,484,500,5000,sachets,2026-08-17,2026-11-10
PHC-MP-GWA-883,Zinc Sulfate 20mg,DRG-002,Essential,83,200,2000,tablets,2026-08-04,2026-12-07
PHC-MP-GWA-883,Paracetamol 500mg,DRG-003,Analgesic,877,1000,10000,tablets,2026-08-08,2027-01-29
PHC-MP-GWA-883,Amoxicillin 500mg,DRG-004,Antibiotic,155,300,3000,capsules,2026-09-04,2027-06-25
PHC-MP-GWA-883,Polyvalent Anti-Snake Venom (ASV),DRG-005,Antivenom,1,10,50,vials,2026-08-20,2027-06-15
PHC-MP-GWA-883,Salbutamol Nebules,DRG-006,Respiratory,34,50,500,ampoules,2026-09-06,2027-08-28
PHC-MP-GWA-883,Doxycycline 100mg,DRG-007,Antibiotic,30,200,2000,tablets,2026-08-04,2027-04-24
PHC-MP-GWA-883,Iron Folic Acid tablets,DRG-008,Supplement,32,500,5000,tablets,2026-08-28,2026-11-12
PHC-MP-GWA-883,Metformin 500mg,DRG-009,Anti-diabetic,164,300,3000,tablets,2026-09-21,2027-01-19
PHC-MP-GWA-883,Amlodipine 5mg,DRG-010,Cardiovascular,153,200,2000,tablets,2026-08-11,2027-08-21
PHC-MP-GWA-884,ORS Sachets,DRG-001,Essential,704,500,5000,sachets,2026-08-05,2027-09-28
PHC-MP-GWA-884,Zinc Sulfate 20mg,DRG-002,Essential,856,200,2000,tablets,2026-08-06,2026-12-07
PHC-MP-GWA-884,Paracetamol 500mg,DRG-003,Analgesic,6603,1000,10000,tablets,2026-09-09,2027-09-03
PHC-MP-GWA-884,Amoxicillin 500mg,DRG-004,Antibiotic,2335,300,3000,capsules,2026-08-28,2027-03-11
PHC-MP-GWA-884,Polyvalent Anti-Snake Venom (ASV),DRG-005,Antivenom,50,10,50,vials,2026-09-18,2027-09-14
PHC-MP-GWA-884,Salbutamol Nebules,DRG-006,Respiratory,435,50,500,ampoules,2026-09-21,2027-01-20
PHC-MP-GWA-884,Doxycycline 100mg,DRG-007,Antibiotic,913,200,2000,tablets,2026-08-22,2027-02-12
PHC-MP-GWA-884,Iron Folic Acid tablets,DRG-008,Supplement,1176,500,5000,tablets,2026-08-19,2027-02-15
PHC-MP-GWA-884,Metformin 500mg,DRG-009,Anti-diabetic,715,300,3000,tablets,2026-09-02,2027-07-12
PHC-MP-GWA-884,Amlodipine 5mg,DRG-010,Cardiovascular,1528,200,2000,tablets,2026-08-01,2027-08-14
PHC-MP-GWA-885,ORS Sachets,DRG-001,Essential,4217,500,5000,sachets,2026-09-08,2026-11-22
PHC-MP-GWA-885,Zinc Sulfate 20mg,DRG-002,Essential,1537,200,2000,tablets,2026-09-03,2027-08-02
PHC-MP-GWA-885,Paracetamol 500mg,DRG-003,Analgesic,4319,1000,10000,tablets,2026-09-19,2026-11-19
PHC-MP-GWA-885,Amoxicillin 500mg,DRG-004,Antibiotic,1223,300,3000,capsules,2026-08-29,2026-12-18
PHC-MP-GWA-885,Polyvalent Anti-Snake Venom (ASV),DRG-005,Antivenom,11,10,50,vials,2026-09-19,2027-04-03
PHC-MP-GWA-885,Salbutamol Nebules,DRG-006,Respiratory,153,50,500,ampoules,2026-09-15,2027-02-16
PHC-MP-GWA-885,Doxycycline 100mg,DRG-007,Antibiotic,990,200,2000,tablets,2026-08-30,2027-03-01
PHC-MP-GWA-885,Iron Folic Acid tablets,DRG-008,Supplement,1501,500,5000,tablets,2026-08-11,2027-06-04
PHC-MP-GWA-885,Metformin 500mg,DRG-009,Anti-diabetic,1999,300,3000,tablets,2026-08-30,2027-02-27
PHC-MP-GWA-885,Amlodipine 5mg,DRG-010,Cardiovascular,1721,200,2000,tablets,2026-09-02,2026-12-09
PHC-MP-GWA-886,ORS Sachets,DRG-001,Essential,76,500,5000,sachets,2026-08-31,2027-06-29
PHC-MP-GWA-886,Zinc Sulfate 20mg,DRG-002,Essential,8,200,2000,tablets,2026-08-24,2026-11-16
PHC-MP-GWA-886,Paracetamol 500mg,DRG-003,Analgesic,72,1000,10000,tablets,2026-09-08,2027-01-21
PHC-MP-GWA-886,Amoxicillin 500mg,DRG-004,Antibiotic,56,300,3000,capsules,2026-09-05,2026-12-18
PHC-MP-GWA-886,Polyvalent Anti-Snake Venom (ASV),DRG-005,Antivenom,2,10,50,vials,2026-09-02,2027-07-02
PHC-MP-GWA-886,Salbutamol Nebules,DRG-006,Respiratory,1,50,500,ampoules,2026-09-02,2026-12-02
PHC-MP-GWA-886,Doxycycline 100mg,DRG-007,Antibiotic,11,200,2000,tablets,2026-08-23,2027-06-13
PHC-MP-GWA-886,Iron Folic Acid tablets,DRG-008,Supplement,1,500,5000,tablets,2026-08-11,2027-04-02
PHC-MP-GWA-886,Metformin 500mg,DRG-009,Anti-diabetic,3,300,3000,tablets,2026-08-26,2027-01-29
PHC-MP-GWA-886,Amlodipine 5mg,DRG-010,Cardiovascular,17,200,2000,tablets,2026-09-13,2027-03-08
PHC-MP-GWA-887,ORS Sachets,DRG-001,Essential,4742,500,5000,sachets,2026-08-15,2027-09-15
PHC-MP-GWA-887,Zinc Sulfate 20mg,DRG-002,Essential,231,200,2000,tablets,2026-08-08,2027-05-16
PHC-MP-GWA-887,Paracetamol 500mg,DRG-003,Analgesic,7522,1000,10000,tablets,2026-09-17,2026-11-30
PHC-MP-GWA-887,Amoxicillin 500mg,DRG-004,Antibiotic,1020,300,3000,capsules,2026-09-08,2027-05-02
PHC-MP-GWA-887,Polyvalent Anti-Snake Venom (ASV),DRG-005,Antivenom,39,10,50,vials,2026-08-10,2026-12-19
PHC-MP-GWA-887,Salbutamol Nebules,DRG-006,Respiratory,57,50,500,ampoules,2026-08-05,2027-09-10
PHC-MP-GWA-887,Doxycycline 100mg,DRG-007,Antibiotic,1512,200,2000,tablets,2026-08-02,2027-08-08
PHC-MP-GWA-887,Iron Folic Acid tablets,DRG-008,Supplement,1118,500,5000,tablets,2026-08-29,2026-12-20
PHC-MP-GWA-887,Metformin 500mg,DRG-009,Anti-diabetic,1833,300,3000,tablets,2026-08-22,2027-07-24
PHC-MP-GWA-887,Amlodipine 5mg,DRG-010,Cardiovascular,733,200,2000,tablets,2026-08-19,2027-06-14
PHC-MP-GWA-888,ORS Sachets,DRG-001,Essential,3257,500,5000,sachets,2026-09-13,2027-09-18
PHC-MP-GWA-888,Zinc Sulfate 20mg,DRG-002,Essential,1308,200,2000,tablets,2026-09-15,2026-11-02
PHC-MP-GWA-888,Paracetamol 500mg,DRG-003,Analgesic,1290,1000,10000,tablets,2026-09-08,2027-04-15
PHC-MP-GWA-888,Amoxicillin 500mg,DRG-004,Antibiotic,2154,300,3000,capsules,2026-08-19,2027-05-09
PHC-MP-GWA-888,Polyvalent Anti-Snake Venom (ASV),DRG-005,Antivenom,22,10,50,vials,2026-08-26,2027-03-30
PHC-MP-GWA-888,Salbutamol Nebules,DRG-006,Respiratory,453,50,500,ampoules,2026-08-25,2027-08-17
PHC-MP-GWA-888,Doxycycline 100mg,DRG-007,Antibiotic,1684,200,2000,tablets,2026-09-05,2027-01-16
PHC-MP-GWA-888,Iron Folic Acid tablets,DRG-008,Supplement,2392,500,5000,tablets,2026-08-08,2027-02-08
PHC-MP-GWA-888,Metformin 500mg,DRG-009,Anti-diabetic,2644,300,3000,tablets,2026-09-02,2027-07-13
PHC-MP-GWA-888,Amlodipine 5mg,DRG-010,Cardiovascular,1876,200,2000,tablets,2026-09-11,2026-12-16
PHC-MP-GWA-889,ORS Sachets,DRG-001,Essential,2820,500,5000,sachets,2026-08-11,2027-09-09
PHC-MP-GWA-889,Zinc Sulfate 20mg,DRG-002,Essential,1204,200,2000,tablets,2026-08-21,2027-06-24
PHC-MP-GWA-889,Paracetamol 500mg,DRG-003,Analgesic,8535,1000,10000,tablets,2026-08-16,2027-06-09
PHC-MP-GWA-889,Amoxicillin 500mg,DRG-004,Antibiotic,901,300,3000,capsules,2026-08-09,2027-03-29
PHC-MP-GWA-889,Polyvalent Anti-Snake Venom (ASV),DRG-005,Antivenom,46,10,50,vials,2026-09-21,2027-07-02
PHC-MP-GWA-889,Salbutamol Nebules,DRG-006,Respiratory,115,50,500,ampoules,2026-08-03,2026-12-17
PHC-MP-GWA-889,Doxycycline 100mg,DRG-007,Antibiotic,850,200,2000,tablets,2026-08-29,2027-02-17
PHC-MP-GWA-889,Iron Folic Acid tablets,DRG-008,Supplement,4350,500,5000,tablets,2026-07-31,2027-01-26
PHC-MP-GWA-889,Metformin 500mg,DRG-009,Anti-diabetic,751,300,3000,tablets,2026-09-08,2027-08-10
PHC-MP-GWA-889,Amlodipine 5mg,DRG-010,Cardiovascular,1211,200,2000,tablets,2026-08-04,2027-08-25
PHC-MP-GWA-890,ORS Sachets,DRG-001,Essential,3355,500,5000,sachets,2026-08-08,2027-02-18
PHC-MP-GWA-890,Zinc Sulfate 20mg,DRG-002,Essential,1252,200,2000,tablets,2026-08-07,2027-08-28
PHC-MP-GWA-890,Paracetamol 500mg,DRG-003,Analgesic,5259,1000,10000,tablets,2026-09-15,2027-09-01
PHC-MP-GWA-890,Amoxicillin 500mg,DRG-004,Antibiotic,785,300,3000,capsules,2026-09-21,2027-09-20
PHC-MP-GWA-890,Polyvalent Anti-Snake Venom (ASV),DRG-005,Antivenom,26,10,50,vials,2026-08-20,2026-11-11
PHC-MP-GWA-890,Salbutamol Nebules,DRG-006,Respiratory,176,50,500,ampoules,2026-08-20,2027-08-22
PHC-MP-GWA-890,Doxycycline 100mg,DRG-007,Antibiotic,1909,200,2000,tablets,2026-09-06,2027-05-26
PHC-MP-GWA-890,Iron Folic Acid tablets,DRG-008,Supplement,997,500,5000,tablets,2026-09-19,2027-01-02
PHC-MP-GWA-890,Metformin 500mg,DRG-009,Anti-diabetic,689,300,3000,tablets,2026-08-10,2026-11-14
PHC-MP-GWA-890,Amlodipine 5mg,DRG-010,Cardiovascular,1002,200,2000,tablets,2026-08-23,2027-03-12
PHC-MP-GWA-891,ORS Sachets,DRG-001,Essential,2504,500,5000,sachets,2026-08-02,2027-03-11
PHC-MP-GWA-891,Zinc Sulfate 20mg,DRG-002,Essential,595,200,2000,tablets,2026-08-21,2027-06-28
PHC-MP-GWA-891,Paracetamol 500mg,DRG-003,Analgesic,2921,1000,10000,tablets,2026-08-10,2027-01-06
PHC-MP-GWA-891,Amoxicillin 500mg,DRG-004,Antibiotic,1301,300,3000,capsules,2026-09-03,2027-03-30
PHC-MP-GWA-891,Polyvalent Anti-Snake Venom (ASV),DRG-005,Antivenom,49,10,50,vials,2026-07-31,2027-08-10
PHC-MP-GWA-891,Salbutamol Nebules,DRG-006,Respiratory,373,50,500,ampoules,2026-09-02,2027-08-07
PHC-MP-GWA-891,Doxycycline 100mg,DRG-007,Antibiotic,303,200,2000,tablets,2026-09-15,2027-03-23
PHC-MP-GWA-891,Iron Folic Acid tablets,DRG-008,Supplement,4788,500,5000,tablets,2026-09-21,2026-11-22
PHC-MP-GWA-891,Metformin 500mg,DRG-009,Anti-diabetic,691,300,3000,tablets,2026-08-21,2027-01-30
PHC-MP-GWA-891,Amlodipine 5mg,DRG-010,Cardiovascular,1328,200,2000,tablets,2026-09-09,2027-04-07
PHC-MP-GWA-892,ORS Sachets,DRG-001,Essential,2865,500,5000,sachets,2026-08-10,2027-08-07
PHC-MP-GWA-892,Zinc Sulfate 20mg,DRG-002,Essential,670,200,2000,tablets,2026-09-19,2027-04-27
PHC-MP-GWA-892,Paracetamol 500mg,DRG-003,Analgesic,1337,1000,10000,tablets,2026-08-01,2026-11-24
PHC-MP-GWA-892,Amoxicillin 500mg,DRG-004,Antibiotic,2867,300,3000,capsules,2026-09-01,2027-06-17
PHC-MP-GWA-892,Polyvalent Anti-Snake Venom (ASV),DRG-005,Antivenom,37,10,50,vials,2026-09-18,2027-05-25
PHC-MP-GWA-892,Salbutamol Nebules,DRG-006,Respiratory,212,50,500,ampoules,2026-09-02,2027-07-25
PHC-MP-GWA-892,Doxycycline 100mg,DRG-007,Antibiotic,277,200,2000,tablets,2026-08-11,2027-02-04
PHC-MP-GWA-892,Iron Folic Acid tablets,DRG-008,Supplement,1064,500,5000,tablets,2026-08-09,2027-08-25
PHC-MP-GWA-892,Metformin 500mg,DRG-009,Anti-diabetic,2610,300,3000,tablets,2026-08-27,2026-11-13
PHC-MP-GWA-892,Amlodipine 5mg,DRG-010,Cardiovascular,1046,200,2000,tablets,2026-08-13,2026-12-25
PHC-MP-GWA-893,ORS Sachets,DRG-001,Essential,4855,500,5000,sachets,2026-08-26,2027-08-19
PHC-MP-GWA-893,Zinc Sulfate 20mg,DRG-002,Essential,1826,200,2000,tablets,2026-09-12,2027-01-18
PHC-MP-GWA-893,Paracetamol 500mg,DRG-003,Analgesic,5209,1000,10000,tablets,2026-09-03,2027-07-19
PHC-MP-GWA-893,Amoxicillin 500mg,DRG-004,Antibiotic,2209,300,3000,capsules,2026-08-27,2027-07-05
PHC-MP-GWA-893,Polyvalent Anti-Snake Venom (ASV),DRG-005,Antivenom,17,10,50,vials,2026-08-01,2027-07-14
PHC-MP-GWA-893,Salbutamol Nebules,DRG-006,Respiratory,115,50,500,ampoules,2026-09-16,2026-12-02
PHC-MP-GWA-893,Doxycycline 100mg,DRG-007,Antibiotic,469,200,2000,tablets,2026-08-06,2027-06-26
PHC-MP-GWA-893,Iron Folic Acid tablets,DRG-008,Supplement,855,500,5000,tablets,2026-08-09,2027-01-26
PHC-MP-GWA-893,Metformin 500mg,DRG-009,Anti-diabetic,1001,300,3000,tablets,2026-09-04,2027-08-24
PHC-MP-GWA-893,Amlodipine 5mg,DRG-010,Cardiovascular,1894,200,2000,tablets,2026-08-11,2027-08-28
PHC-MP-GWA-894,ORS Sachets,DRG-001,Essential,134,500,5000,sachets,2026-08-23,2027-04-12
PHC-MP-GWA-894,Zinc Sulfate 20mg,DRG-002,Essential,131,200,2000,tablets,2026-08-10,2027-08-09
PHC-MP-GWA-894,Paracetamol 500mg,DRG-003,Analgesic,371,1000,10000,tablets,2026-09-20,2027-03-08
PHC-MP-GWA-894,Amoxicillin 500mg,DRG-004,Antibiotic,128,300,3000,capsules,2026-09-21,2027-04-16
PHC-MP-GWA-894,Polyvalent Anti-Snake Venom (ASV),DRG-005,Antivenom,10,10,50,vials,2026-08-18,2027-05-15
PHC-MP-GWA-894,Salbutamol Nebules,DRG-006,Respiratory,8,50,500,ampoules,2026-08-24,2027-03-09
PHC-MP-GWA-894,Doxycycline 100mg,DRG-007,Antibiotic,22,200,2000,tablets,2026-08-30,2027-09-12
PHC-MP-GWA-894,Iron Folic Acid tablets,DRG-008,Supplement,203,500,5000,tablets,2026-08-18,2026-11-22
PHC-MP-GWA-894,Metformin 500mg,DRG-009,Anti-diabetic,90,300,3000,tablets,2026-08-29,2027-08-10
PHC-MP-GWA-894,Amlodipine 5mg,DRG-010,Cardiovascular,126,200,2000,tablets,2026-08-01,2027-07-29
PHC-MP-GWA-895,ORS Sachets,DRG-001,Essential,2386,500,5000,sachets,2026-08-27,2027-03-30
PHC-MP-GWA-895,Zinc Sulfate 20mg,DRG-002,Essential,1402,200,2000,tablets,2026-08-17,2026-11-17
PHC-MP-GWA-895,Paracetamol 500mg,DRG-003,Analgesic,2460,1000,10000,tablets,2026-08-18,2026-11-08
PHC-MP-GWA-895,Amoxicillin 500mg,DRG-004,Antibiotic,973,300,3000,capsules,2026-09-17,2027-01-29
PHC-MP-GWA-895,Polyvalent Anti-Snake Venom (ASV),DRG-005,Antivenom,34,10,50,vials,2026-08-13,2027-06-18
PHC-MP-GWA-895,Salbutamol Nebules,DRG-006,Respiratory,351,50,500,ampoules,2026-09-02,2027-06-19
PHC-MP-GWA-895,Doxycycline 100mg,DRG-007,Antibiotic,201,200,2000,tablets,2026-08-13,2026-12-19
PHC-MP-GWA-895,Iron Folic Acid tablets,DRG-008,Supplement,3676,500,5000,tablets,2026-09-21,2026-12-28
PHC-MP-GWA-895,Metformin 500mg,DRG-009,Anti-diabetic,1713,300,3000,tablets,2026-08-18,2027-01-17
PHC-MP-GWA-895,Amlodipine 5mg,DRG-010,Cardiovascular,1428,200,2000,tablets,2026-08-02,2027-08-29
PHC-MP-GWA-896,ORS Sachets,DRG-001,Essential,901,500,5000,sachets,2026-08-06,2027-07-07
PHC-MP-GWA-896,Zinc Sulfate 20mg,DRG-002,Essential,227,200,2000,tablets,2026-08-21,2027-02-19
PHC-MP-GWA-896,Paracetamol 500mg,DRG-003,Analgesic,3124,1000,10000,tablets,2026-09-14,2027-08-24
PHC-MP-GWA-896,Amoxicillin 500mg,DRG-004,Antibiotic,1518,300,3000,capsules,2026-08-16,2026-12-31
PHC-MP-GWA-896,Polyvalent Anti-Snake Venom (ASV),DRG-005,Antivenom,38,10,50,vials,2026-09-08,2027-04-20
PHC-MP-GWA-896,Salbutamol Nebules,DRG-006,Respiratory,133,50,500,ampoules,2026-08-11,2027-06-30
PHC-MP-GWA-896,Doxycycline 100mg,DRG-007,Antibiotic,1888,200,2000,tablets,2026-09-20,2027-01-01
PHC-MP-GWA-896,Iron Folic Acid tablets,DRG-008,Supplement,2210,500,5000,tablets,2026-09-20,2027-04-28
PHC-MP-GWA-896,Metformin 500mg,DRG-009,Anti-diabetic,2221,300,3000,tablets,2026-09-15,2027-04-16
PHC-MP-GWA-896,Amlodipine 5mg,DRG-010,Cardiovascular,279,200,2000,tablets,2026-09-09,2027-08-28
PHC-MP-GWA-897,ORS Sachets,DRG-001,Essential,1360,500,5000,sachets,2026-08-19,2027-04-14
PHC-MP-GWA-897,Zinc Sulfate 20mg,DRG-002,Essential,630,200,2000,tablets,2026-08-02,2027-08-21
PHC-MP-GWA-897,Paracetamol 500mg,DRG-003,Analgesic,2645,1000,10000,tablets,2026-08-26,2027-07-01
PHC-MP-GWA-897,Amoxicillin 500mg,DRG-004,Antibiotic,606,300,3000,capsules,2026-09-18,2027-09-14
PHC-MP-GWA-897,Polyvalent Anti-Snake Venom (ASV),DRG-005,Antivenom,41,10,50,vials,2026-08-31,2026-11-16
PHC-MP-GWA-897,Salbutamol Nebules,DRG-006,Respiratory,340,50,500,ampoules,2026-08-31,2027-01-13
PHC-MP-GWA-897,Doxycycline 100mg,DRG-007,Antibiotic,296,200,2000,tablets,2026-09-11,2026-12-04
PHC-MP-GWA-897,Iron Folic Acid tablets,DRG-008,Supplement,742,500,5000,tablets,2026-09-12,2027-06-13
PHC-MP-GWA-897,Metformin 500mg,DRG-009,Anti-diabetic,656,300,3000,tablets,2026-09-24,2027-05-24
PHC-MP-GWA-897,Amlodipine 5mg,DRG-010,Cardiovascular,630,200,2000,tablets,2026-09-23,2026-11-09
PHC-MP-GWA-898,ORS Sachets,DRG-001,Essential,3218,500,5000,sachets,2026-09-16,2027-08-30
PHC-MP-GWA-898,Zinc Sulfate 20mg,DRG-002,Essential,1832,200,2000,tablets,2026-07-31,2027-06-29
PHC-MP-GWA-898,Paracetamol 500mg,DRG-003,Analgesic,5864,1000,10000,tablets,2026-09-06,2027-03-04
PHC-MP-GWA-898,Amoxicillin 500mg,DRG-004,Antibiotic,2770,300,3000,capsules,2026-08-20,2026-11-11
PHC-MP-GWA-898,Polyvalent Anti-Snake Venom (ASV),DRG-005,Antivenom,50,10,50,vials,2026-09-01,2027-04-24
PHC-MP-GWA-898,Salbutamol Nebules,DRG-006,Respiratory,185,50,500,ampoules,2026-08-09,2027-05-31
PHC-MP-GWA-898,Doxycycline 100mg,DRG-007,Antibiotic,383,200,2000,tablets,2026-09-09,2027-05-13
PHC-MP-GWA-898,Iron Folic Acid tablets,DRG-008,Supplement,1309,500,5000,tablets,2026-08-18,2027-03-26
PHC-MP-GWA-898,Metformin 500mg,DRG-009,Anti-diabetic,1075,300,3000,tablets,2026-09-12,2026-12-05
PHC-MP-GWA-898,Amlodipine 5mg,DRG-010,Cardiovascular,724,200,2000,tablets,2026-08-02,2027-01-19
PHC-MP-GWA-899,ORS Sachets,DRG-001,Essential,284,500,5000,sachets,2026-08-14,2027-02-28
PHC-MP-GWA-899,Zinc Sulfate 20mg,DRG-002,Essential,73,200,2000,tablets,2026-09-17,2027-04-09
PHC-MP-GWA-899,Paracetamol 500mg,DRG-003,Analgesic,206,1000,10000,tablets,2026-08-22,2027-02-26
PHC-MP-GWA-899,Amoxicillin 500mg,DRG-004,Antibiotic,81,300,3000,capsules,2026-08-31,2027-06-23
PHC-MP-GWA-899,Polyvalent Anti-Snake Venom (ASV),DRG-005,Antivenom,5,10,50,vials,2026-08-09,2027-06-20
PHC-MP-GWA-899,Salbutamol Nebules,DRG-006,Respiratory,23,50,500,ampoules,2026-08-12,2027-05-28
PHC-MP-GWA-899,Doxycycline 100mg,DRG-007,Antibiotic,149,200,2000,tablets,2026-09-24,2026-12-03
PHC-MP-GWA-899,Iron Folic Acid tablets,DRG-008,Supplement,300,500,5000,tablets,2026-08-29,2027-09-20
PHC-MP-GWA-899,Metformin 500mg,DRG-009,Anti-diabetic,291,300,3000,tablets,2026-08-25,2027-06-05
PHC-MP-GWA-899,Amlodipine 5mg,DRG-010,Cardiovascular,108,200,2000,tablets,2026-08-29,2027-04-25
PHC-MP-GWA-900,ORS Sachets,DRG-001,Essential,267,500,5000,sachets,2026-08-27,2027-03-25
PHC-MP-GWA-900,Zinc Sulfate 20mg,DRG-002,Essential,103,200,2000,tablets,2026-09-17,2027-04-14
PHC-MP-GWA-900,Paracetamol 500mg,DRG-003,Analgesic,602,1000,10000,tablets,2026-08-24,2027-05-24
PHC-MP-GWA-900,Amoxicillin 500mg,DRG-004,Antibiotic,87,300,3000,capsules,2026-09-12,2027-01-19
PHC-MP-GWA-900,Polyvalent Anti-Snake Venom (ASV),DRG-005,Antivenom,3,10,50,vials,2026-08-19,2027-07-04
PHC-MP-GWA-900,Salbutamol Nebules,DRG-006,Respiratory,47,50,500,ampoules,2026-08-13,2027-08-25
PHC-MP-GWA-900,Doxycycline 100mg,DRG-007,Antibiotic,153,200,2000,tablets,2026-09-23,2026-12-26
PHC-MP-GWA-900,Iron Folic Acid tablets,DRG-008,Supplement,291,500,5000,tablets,2026-08-07,2027-06-16
PHC-MP-GWA-900,Metformin 500mg,DRG-009,Anti-diabetic,247,300,3000,tablets,2026-08-17,2026-12-30
PHC-MP-GWA-900,Amlodipine 5mg,DRG-010,Cardiovascular,9,200,2000,tablets,2026-08-20,2027-04-10
PHC-MP-GWA-901,ORS Sachets,DRG-001,Essential,304,500,5000,sachets,2026-08-17,2027-06-21
PHC-MP-GWA-901,Zinc Sulfate 20mg,DRG-002,Essential,108,200,2000,tablets,2026-09-06,2027-09-17
PHC-MP-GWA-901,Paracetamol 500mg,DRG-003,Analgesic,226,1000,10000,tablets,2026-08-25,2027-02-28
PHC-MP-GWA-901,Amoxicillin 500mg,DRG-004,Antibiotic,178,300,3000,capsules,2026-08-23,2027-04-07
PHC-MP-GWA-901,Polyvalent Anti-Snake Venom (ASV),DRG-005,Antivenom,1,10,50,vials,2026-09-11,2027-02-12
PHC-MP-GWA-901,Salbutamol Nebules,DRG-006,Respiratory,43,50,500,ampoules,2026-08-08,2027-01-10
PHC-MP-GWA-901,Doxycycline 100mg,DRG-007,Antibiotic,167,200,2000,tablets,2026-09-16,2027-02-17
PHC-MP-GWA-901,Iron Folic Acid tablets,DRG-008,Supplement,69,500,5000,tablets,2026-08-28,2026-11-27
PHC-MP-GWA-901,Metformin 500mg,DRG-009,Anti-diabetic,147,300,3000,tablets,2026-08-13,2027-09-11
PHC-MP-GWA-901,Amlodipine 5mg,DRG-010,Cardiovascular,149,200,2000,tablets,2026-08-31,2026-11-18
PHC-MP-GWA-902,ORS Sachets,DRG-001,Essential,3035,500,5000,sachets,2026-09-20,2027-09-21
PHC-MP-GWA-902,Zinc Sulfate 20mg,DRG-002,Essential,1886,200,2000,tablets,2026-09-22,2027-05-07
PHC-MP-GWA-902,Paracetamol 500mg,DRG-003,Analgesic,8156,1000,10000,tablets,2026-08-09,2027-07-11
PHC-MP-GWA-902,Amoxicillin 500mg,DRG-004,Antibiotic,729,300,3000,capsules,2026-09-08,2027-09-20
PHC-MP-GWA-902,Polyvalent Anti-Snake Venom (ASV),DRG-005,Antivenom,23,10,50,vials,2026-08-18,2027-01-11
PHC-MP-GWA-902,Salbutamol Nebules,DRG-006,Respiratory,76,50,500,ampoules,2026-08-20,2026-11-14
PHC-MP-GWA-902,Doxycycline 100mg,DRG-007,Antibiotic,1234,200,2000,tablets,2026-08-22,2027-09-24
PHC-MP-GWA-902,Iron Folic Acid tablets,DRG-008,Supplement,2104,500,5000,tablets,2026-07-31,2027-07-27
PHC-MP-GWA-902,Metformin 500mg,DRG-009,Anti-diabetic,400,300,3000,tablets,2026-08-25,2027-06-30
PHC-MP-GWA-902,Amlodipine 5mg,DRG-010,Cardiovascular,1983,200,2000,tablets,2026-08-27,2027-03-22
PHC-MP-GWA-903,ORS Sachets,DRG-001,Essential,3541,500,5000,sachets,2026-09-06,2027-05-28
PHC-MP-GWA-903,Zinc Sulfate 20mg,DRG-002,Essential,1287,200,2000,tablets,2026-09-22,2027-05-06
PHC-MP-GWA-903,Paracetamol 500mg,DRG-003,Analgesic,7652,1000,10000,tablets,2026-08-06,2027-02-02
PHC-MP-GWA-903,Amoxicillin 500mg,DRG-004,Antibiotic,1697,300,3000,capsules,2026-08-02,2027-05-04
PHC-MP-GWA-903,Polyvalent Anti-Snake Venom (ASV),DRG-005,Antivenom,33,10,50,vials,2026-09-23,2027-02-05
PHC-MP-GWA-903,Salbutamol Nebules,DRG-006,Respiratory,82,50,500,ampoules,2026-08-25,2026-11-16
PHC-MP-GWA-903,Doxycycline 100mg,DRG-007,Antibiotic,821,200,2000,tablets,2026-09-14,2027-08-07
PHC-MP-GWA-903,Iron Folic Acid tablets,DRG-008,Supplement,2795,500,5000,tablets,2026-09-21,2027-07-02
PHC-MP-GWA-903,Metformin 500mg,DRG-009,Anti-diabetic,1609,300,3000,tablets,2026-08-13,2027-05-14
PHC-MP-GWA-903,Amlodipine 5mg,DRG-010,Cardiovascular,1828,200,2000,tablets,2026-08-15,2027-07-05
PHC-MP-UJJ-904,ORS Sachets,DRG-001,Essential,4337,500,5000,sachets,2026-09-20,2027-06-29
PHC-MP-UJJ-904,Zinc Sulfate 20mg,DRG-002,Essential,1397,200,2000,tablets,2026-09-04,2027-05-11
PHC-MP-UJJ-904,Paracetamol 500mg,DRG-003,Analgesic,8562,1000,10000,tablets,2026-08-28,2027-03-20
PHC-MP-UJJ-904,Amoxicillin 500mg,DRG-004,Antibiotic,2953,300,3000,capsules,2026-09-19,2027-02-04
PHC-MP-UJJ-904,Polyvalent Anti-Snake Venom (ASV),DRG-005,Antivenom,36,10,50,vials,2026-08-22,2027-07-06
PHC-MP-UJJ-904,Salbutamol Nebules,DRG-006,Respiratory,320,50,500,ampoules,2026-08-23,2027-07-01
PHC-MP-UJJ-904,Doxycycline 100mg,DRG-007,Antibiotic,257,200,2000,tablets,2026-08-05,2026-11-28
PHC-MP-UJJ-904,Iron Folic Acid tablets,DRG-008,Supplement,1717,500,5000,tablets,2026-09-24,2026-12-24
PHC-MP-UJJ-904,Metformin 500mg,DRG-009,Anti-diabetic,1761,300,3000,tablets,2026-09-12,2027-05-27
PHC-MP-UJJ-904,Amlodipine 5mg,DRG-010,Cardiovascular,1372,200,2000,tablets,2026-08-24,2027-03-20
PHC-MP-UJJ-905,ORS Sachets,DRG-001,Essential,636,500,5000,sachets,2026-09-10,2027-08-19
PHC-MP-UJJ-905,Zinc Sulfate 20mg,DRG-002,Essential,368,200,2000,tablets,2026-09-09,2027-09-05
PHC-MP-UJJ-905,Paracetamol 500mg,DRG-003,Analgesic,3749,1000,10000,tablets,2026-09-12,2027-04-12
PHC-MP-UJJ-905,Amoxicillin 500mg,DRG-004,Antibiotic,445,300,3000,capsules,2026-08-31,2027-03-20
PHC-MP-UJJ-905,Polyvalent Anti-Snake Venom (ASV),DRG-005,Antivenom,21,10,50,vials,2026-09-02,2026-11-11
PHC-MP-UJJ-905,Salbutamol Nebules,DRG-006,Respiratory,192,50,500,ampoules,2026-08-22,2026-11-17
PHC-MP-UJJ-905,Doxycycline 100mg,DRG-007,Antibiotic,1519,200,2000,tablets,2026-08-25,2027-03-06
PHC-MP-UJJ-905,Iron Folic Acid tablets,DRG-008,Supplement,2017,500,5000,tablets,2026-08-11,2027-07-19
PHC-MP-UJJ-905,Metformin 500mg,DRG-009,Anti-diabetic,781,300,3000,tablets,2026-08-20,2027-01-21
PHC-MP-UJJ-905,Amlodipine 5mg,DRG-010,Cardiovascular,460,200,2000,tablets,2026-08-17,2027-03-12
PHC-MP-UJJ-906,ORS Sachets,DRG-001,Essential,56,500,5000,sachets,2026-08-15,2026-12-28
PHC-MP-UJJ-906,Zinc Sulfate 20mg,DRG-002,Essential,30,200,2000,tablets,2026-09-01,2026-12-23
PHC-MP-UJJ-906,Paracetamol 500mg,DRG-003,Analgesic,96,1000,10000,tablets,2026-09-04,2027-01-04
PHC-MP-UJJ-906,Amoxicillin 500mg,DRG-004,Antibiotic,40,300,3000,capsules,2026-08-17,2027-03-04
PHC-MP-UJJ-906,Polyvalent Anti-Snake Venom (ASV),DRG-005,Antivenom,1,10,50,vials,2026-08-24,2027-09-02
PHC-MP-UJJ-906,Salbutamol Nebules,DRG-006,Respiratory,10,50,500,ampoules,2026-08-09,2027-06-29
PHC-MP-UJJ-906,Doxycycline 100mg,DRG-007,Antibiotic,0,200,2000,tablets,2026-08-30,2026-11-26
PHC-MP-UJJ-906,Iron Folic Acid tablets,DRG-008,Supplement,9,500,5000,tablets,2026-09-22,2027-09-26
PHC-MP-UJJ-906,Metformin 500mg,DRG-009,Anti-diabetic,19,300,3000,tablets,2026-09-05,2027-01-15
PHC-MP-UJJ-906,Amlodipine 5mg,DRG-010,Cardiovascular,33,200,2000,tablets,2026-08-06,2027-04-17
PHC-MP-UJJ-907,ORS Sachets,DRG-001,Essential,4424,500,5000,sachets,2026-09-13,2027-06-26
PHC-MP-UJJ-907,Zinc Sulfate 20mg,DRG-002,Essential,1324,200,2000,tablets,2026-09-14,2026-12-20
PHC-MP-UJJ-907,Paracetamol 500mg,DRG-003,Analgesic,4556,1000,10000,tablets,2026-08-14,2027-08-05
PHC-MP-UJJ-907,Amoxicillin 500mg,DRG-004,Antibiotic,2500,300,3000,capsules,2026-08-01,2027-08-11
PHC-MP-UJJ-907,Polyvalent Anti-Snake Venom (ASV),DRG-005,Antivenom,42,10,50,vials,2026-08-12,2026-11-13
PHC-MP-UJJ-907,Salbutamol Nebules,DRG-006,Respiratory,383,50,500,ampoules,2026-08-16,2027-03-09
PHC-MP-UJJ-907,Doxycycline 100mg,DRG-007,Antibiotic,614,200,2000,tablets,2026-08-05,2027-08-16
PHC-MP-UJJ-907,Iron Folic Acid tablets,DRG-008,Supplement,3550,500,5000,tablets,2026-08-15,2026-11-22
PHC-MP-UJJ-907,Metformin 500mg,DRG-009,Anti-diabetic,2802,300,3000,tablets,2026-09-19,2027-08-19
PHC-MP-UJJ-907,Amlodipine 5mg,DRG-010,Cardiovascular,1416,200,2000,tablets,2026-08-11,2027-03-09
PHC-MP-UJJ-908,ORS Sachets,DRG-001,Essential,1119,500,5000,sachets,2026-08-16,2027-08-11
PHC-MP-UJJ-908,Zinc Sulfate 20mg,DRG-002,Essential,235,200,2000,tablets,2026-08-02,2027-02-25
PHC-MP-UJJ-908,Paracetamol 500mg,DRG-003,Analgesic,8434,1000,10000,tablets,2026-09-22,2027-04-20
PHC-MP-UJJ-908,Amoxicillin 500mg,DRG-004,Antibiotic,859,300,3000,capsules,2026-09-17,2026-12-18
PHC-MP-UJJ-908,Polyvalent Anti-Snake Venom (ASV),DRG-005,Antivenom,19,10,50,vials,2026-08-20,2027-09-04
PHC-MP-UJJ-908,Salbutamol Nebules,DRG-006,Respiratory,489,50,500,ampoules,2026-09-13,2027-01-20
PHC-MP-UJJ-908,Doxycycline 100mg,DRG-007,Antibiotic,1777,200,2000,tablets,2026-08-05,2026-12-02
PHC-MP-UJJ-908,Iron Folic Acid tablets,DRG-008,Supplement,2484,500,5000,tablets,2026-08-07,2027-05-13
PHC-MP-UJJ-908,Metformin 500mg,DRG-009,Anti-diabetic,2029,300,3000,tablets,2026-08-13,2027-07-17
PHC-MP-UJJ-908,Amlodipine 5mg,DRG-010,Cardiovascular,1025,200,2000,tablets,2026-08-03,2027-06-09
PHC-MP-UJJ-909,ORS Sachets,DRG-001,Essential,1818,500,5000,sachets,2026-08-20,2027-03-11
PHC-MP-UJJ-909,Zinc Sulfate 20mg,DRG-002,Essential,669,200,2000,tablets,2026-08-27,2027-01-24
PHC-MP-UJJ-909,Paracetamol 500mg,DRG-003,Analgesic,2888,1000,10000,tablets,2026-09-22,2027-05-03
PHC-MP-UJJ-909,Amoxicillin 500mg,DRG-004,Antibiotic,680,300,3000,capsules,2026-09-19,2027-04-07
PHC-MP-UJJ-909,Polyvalent Anti-Snake Venom (ASV),DRG-005,Antivenom,23,10,50,vials,2026-08-01,2027-06-04
PHC-MP-UJJ-909,Salbutamol Nebules,DRG-006,Respiratory,66,50,500,ampoules,2026-08-22,2027-01-17
PHC-MP-UJJ-909,Doxycycline 100mg,DRG-007,Antibiotic,749,200,2000,tablets,2026-09-04,2027-03-02
PHC-MP-UJJ-909,Iron Folic Acid tablets,DRG-008,Supplement,4773,500,5000,tablets,2026-09-02,2026-12-08
PHC-MP-UJJ-909,Metformin 500mg,DRG-009,Anti-diabetic,2166,300,3000,tablets,2026-09-07,2027-01-20
PHC-MP-UJJ-909,Amlodipine 5mg,DRG-010,Cardiovascular,1535,200,2000,tablets,2026-08-31,2027-08-17
PHC-MP-UJJ-910,ORS Sachets,DRG-001,Essential,98,500,5000,sachets,2026-08-10,2027-03-01
PHC-MP-UJJ-910,Zinc Sulfate 20mg,DRG-002,Essential,148,200,2000,tablets,2026-09-14,2027-09-16
PHC-MP-UJJ-910,Paracetamol 500mg,DRG-003,Analgesic,872,1000,10000,tablets,2026-07-31,2027-02-03
PHC-MP-UJJ-910,Amoxicillin 500mg,DRG-004,Antibiotic,241,300,3000,capsules,2026-08-27,2027-04-18
PHC-MP-UJJ-910,Polyvalent Anti-Snake Venom (ASV),DRG-005,Antivenom,7,10,50,vials,2026-09-07,2027-09-02
PHC-MP-UJJ-910,Salbutamol Nebules,DRG-006,Respiratory,35,50,500,ampoules,2026-09-16,2027-07-23
PHC-MP-UJJ-910,Doxycycline 100mg,DRG-007,Antibiotic,76,200,2000,tablets,2026-08-06,2027-09-08
PHC-MP-UJJ-910,Iron Folic Acid tablets,DRG-008,Supplement,5,500,5000,tablets,2026-09-21,2027-06-11
PHC-MP-UJJ-910,Metformin 500mg,DRG-009,Anti-diabetic,237,300,3000,tablets,2026-08-11,2027-07-19
PHC-MP-UJJ-910,Amlodipine 5mg,DRG-010,Cardiovascular,131,200,2000,tablets,2026-09-05,2027-02-05
PHC-MP-UJJ-911,ORS Sachets,DRG-001,Essential,3272,500,5000,sachets,2026-08-22,2027-05-25
PHC-MP-UJJ-911,Zinc Sulfate 20mg,DRG-002,Essential,969,200,2000,tablets,2026-08-28,2027-05-28
PHC-MP-UJJ-911,Paracetamol 500mg,DRG-003,Analgesic,6742,1000,10000,tablets,2026-08-13,2027-02-19
PHC-MP-UJJ-911,Amoxicillin 500mg,DRG-004,Antibiotic,2140,300,3000,capsules,2026-08-12,2027-04-14
PHC-MP-UJJ-911,Polyvalent Anti-Snake Venom (ASV),DRG-005,Antivenom,21,10,50,vials,2026-08-27,2027-04-05
PHC-MP-UJJ-911,Salbutamol Nebules,DRG-006,Respiratory,371,50,500,ampoules,2026-09-22,2027-04-06
PHC-MP-UJJ-911,Doxycycline 100mg,DRG-007,Antibiotic,934,200,2000,tablets,2026-09-22,2026-10-30
PHC-MP-UJJ-911,Iron Folic Acid tablets,DRG-008,Supplement,2982,500,5000,tablets,2026-08-13,2027-08-09
PHC-MP-UJJ-911,Metformin 500mg,DRG-009,Anti-diabetic,1838,300,3000,tablets,2026-08-08,2027-04-23
PHC-MP-UJJ-911,Amlodipine 5mg,DRG-010,Cardiovascular,1379,200,2000,tablets,2026-09-13,2027-07-04
PHC-MP-UJJ-912,ORS Sachets,DRG-001,Essential,99,500,5000,sachets,2026-09-03,2027-06-12
PHC-MP-UJJ-912,Zinc Sulfate 20mg,DRG-002,Essential,13,200,2000,tablets,2026-09-20,2027-07-30
PHC-MP-UJJ-912,Paracetamol 500mg,DRG-003,Analgesic,147,1000,10000,tablets,2026-09-09,2026-11-25
PHC-MP-UJJ-912,Amoxicillin 500mg,DRG-004,Antibiotic,20,300,3000,capsules,2026-09-20,2027-06-16
PHC-MP-UJJ-912,Polyvalent Anti-Snake Venom (ASV),DRG-005,Antivenom,0,10,50,vials,2026-08-10,2027-08-05
PHC-MP-UJJ-912,Salbutamol Nebules,DRG-006,Respiratory,0,50,500,ampoules,2026-08-02,2027-04-28
PHC-MP-UJJ-912,Doxycycline 100mg,DRG-007,Antibiotic,2,200,2000,tablets,2026-08-24,2026-11-11
PHC-MP-UJJ-912,Iron Folic Acid tablets,DRG-008,Supplement,4,500,5000,tablets,2026-08-22,2027-05-05
PHC-MP-UJJ-912,Metformin 500mg,DRG-009,Anti-diabetic,21,300,3000,tablets,2026-09-01,2027-09-08
PHC-MP-UJJ-912,Amlodipine 5mg,DRG-010,Cardiovascular,27,200,2000,tablets,2026-08-30,2027-09-22
PHC-MP-UJJ-913,ORS Sachets,DRG-001,Essential,753,500,5000,sachets,2026-08-08,2027-05-24
PHC-MP-UJJ-913,Zinc Sulfate 20mg,DRG-002,Essential,843,200,2000,tablets,2026-08-11,2026-12-27
PHC-MP-UJJ-913,Paracetamol 500mg,DRG-003,Analgesic,3239,1000,10000,tablets,2026-09-05,2026-10-30
PHC-MP-UJJ-913,Amoxicillin 500mg,DRG-004,Antibiotic,2756,300,3000,capsules,2026-09-15,2027-03-22
PHC-MP-UJJ-913,Polyvalent Anti-Snake Venom (ASV),DRG-005,Antivenom,20,10,50,vials,2026-09-22,2027-06-28
PHC-MP-UJJ-913,Salbutamol Nebules,DRG-006,Respiratory,464,50,500,ampoules,2026-08-28,2027-08-12
PHC-MP-UJJ-913,Doxycycline 100mg,DRG-007,Antibiotic,977,200,2000,tablets,2026-08-11,2027-03-10
PHC-MP-UJJ-913,Iron Folic Acid tablets,DRG-008,Supplement,1981,500,5000,tablets,2026-09-02,2027-06-06
PHC-MP-UJJ-913,Metformin 500mg,DRG-009,Anti-diabetic,2442,300,3000,tablets,2026-08-16,2027-03-12
PHC-MP-UJJ-913,Amlodipine 5mg,DRG-010,Cardiovascular,1120,200,2000,tablets,2026-08-30,2027-08-22
PHC-MP-UJJ-914,ORS Sachets,DRG-001,Essential,4129,500,5000,sachets,2026-08-07,2027-05-27
PHC-MP-UJJ-914,Zinc Sulfate 20mg,DRG-002,Essential,1645,200,2000,tablets,2026-08-13,2027-05-23
PHC-MP-UJJ-914,Paracetamol 500mg,DRG-003,Analgesic,2302,1000,10000,tablets,2026-08-22,2027-06-16
PHC-MP-UJJ-914,Amoxicillin 500mg,DRG-004,Antibiotic,2349,300,3000,capsules,2026-08-23,2027-07-14
PHC-MP-UJJ-914,Polyvalent Anti-Snake Venom (ASV),DRG-005,Antivenom,49,10,50,vials,2026-08-26,2027-07-17
PHC-MP-UJJ-914,Salbutamol Nebules,DRG-006,Respiratory,387,50,500,ampoules,2026-08-01,2027-09-12
PHC-MP-UJJ-914,Doxycycline 100mg,DRG-007,Antibiotic,314,200,2000,tablets,2026-09-02,2027-09-02
PHC-MP-UJJ-914,Iron Folic Acid tablets,DRG-008,Supplement,3105,500,5000,tablets,2026-08-10,2027-07-22
PHC-MP-UJJ-914,Metformin 500mg,DRG-009,Anti-diabetic,390,300,3000,tablets,2026-09-06,2026-12-27
PHC-MP-UJJ-914,Amlodipine 5mg,DRG-010,Cardiovascular,755,200,2000,tablets,2026-07-31,2026-11-04
PHC-MP-UJJ-915,ORS Sachets,DRG-001,Essential,3925,500,5000,sachets,2026-09-05,2027-07-23
PHC-MP-UJJ-915,Zinc Sulfate 20mg,DRG-002,Essential,579,200,2000,tablets,2026-08-29,2027-02-21
PHC-MP-UJJ-915,Paracetamol 500mg,DRG-003,Analgesic,2472,1000,10000,tablets,2026-08-16,2026-12-01
PHC-MP-UJJ-915,Amoxicillin 500mg,DRG-004,Antibiotic,1650,300,3000,capsules,2026-08-20,2027-03-12
PHC-MP-UJJ-915,Polyvalent Anti-Snake Venom (ASV),DRG-005,Antivenom,20,10,50,vials,2026-08-13,2027-08-03
PHC-MP-UJJ-915,Salbutamol Nebules,DRG-006,Respiratory,367,50,500,ampoules,2026-08-30,2027-05-27
PHC-MP-UJJ-915,Doxycycline 100mg,DRG-007,Antibiotic,1147,200,2000,tablets,2026-08-23,2027-06-11
PHC-MP-UJJ-915,Iron Folic Acid tablets,DRG-008,Supplement,2484,500,5000,tablets,2026-09-07,2027-03-09
PHC-MP-UJJ-915,Metformin 500mg,DRG-009,Anti-diabetic,2511,300,3000,tablets,2026-08-23,2027-07-10
PHC-MP-UJJ-915,Amlodipine 5mg,DRG-010,Cardiovascular,1778,200,2000,tablets,2026-09-18,2027-01-08
PHC-MP-UJJ-916,ORS Sachets,DRG-001,Essential,20,500,5000,sachets,2026-09-09,2026-11-24
PHC-MP-UJJ-916,Zinc Sulfate 20mg,DRG-002,Essential,11,200,2000,tablets,2026-09-01,2027-02-21
PHC-MP-UJJ-916,Paracetamol 500mg,DRG-003,Analgesic,175,1000,10000,tablets,2026-08-20,2027-08-27
PHC-MP-UJJ-916,Amoxicillin 500mg,DRG-004,Antibiotic,48,300,3000,capsules,2026-08-01,2027-09-10
PHC-MP-UJJ-916,Polyvalent Anti-Snake Venom (ASV),DRG-005,Antivenom,2,10,50,vials,2026-09-18,2027-05-07
PHC-MP-UJJ-916,Salbutamol Nebules,DRG-006,Respiratory,4,50,500,ampoules,2026-09-22,2027-03-02
PHC-MP-UJJ-916,Doxycycline 100mg,DRG-007,Antibiotic,20,200,2000,tablets,2026-09-07,2027-03-03
PHC-MP-UJJ-916,Iron Folic Acid tablets,DRG-008,Supplement,61,500,5000,tablets,2026-08-11,2027-01-01
PHC-MP-UJJ-916,Metformin 500mg,DRG-009,Anti-diabetic,33,300,3000,tablets,2026-08-03,2027-08-11
PHC-MP-UJJ-916,Amlodipine 5mg,DRG-010,Cardiovascular,15,200,2000,tablets,2026-09-17,2027-09-14
PHC-MP-UJJ-917,ORS Sachets,DRG-001,Essential,1995,500,5000,sachets,2026-08-05,2026-11-01
PHC-MP-UJJ-917,Zinc Sulfate 20mg,DRG-002,Essential,470,200,2000,tablets,2026-09-14,2027-07-26
PHC-MP-UJJ-917,Paracetamol 500mg,DRG-003,Analgesic,8219,1000,10000,tablets,2026-08-06,2026-12-23
PHC-MP-UJJ-917,Amoxicillin 500mg,DRG-004,Antibiotic,2080,300,3000,capsules,2026-08-29,2027-06-13
PHC-MP-UJJ-917,Polyvalent Anti-Snake Venom (ASV),DRG-005,Antivenom,32,10,50,vials,2026-09-14,2027-03-03
PHC-MP-UJJ-917,Salbutamol Nebules,DRG-006,Respiratory,298,50,500,ampoules,2026-08-08,2026-11-23
PHC-MP-UJJ-917,Doxycycline 100mg,DRG-007,Antibiotic,1764,200,2000,tablets,2026-09-14,2026-12-19
PHC-MP-UJJ-917,Iron Folic Acid tablets,DRG-008,Supplement,3663,500,5000,tablets,2026-08-20,2027-09-25
PHC-MP-UJJ-917,Metformin 500mg,DRG-009,Anti-diabetic,1917,300,3000,tablets,2026-08-26,2026-12-10
PHC-MP-UJJ-917,Amlodipine 5mg,DRG-010,Cardiovascular,1437,200,2000,tablets,2026-08-22,2027-01-24
PHC-MP-UJJ-918,ORS Sachets,DRG-001,Essential,884,500,5000,sachets,2026-09-02,2027-03-16
PHC-MP-UJJ-918,Zinc Sulfate 20mg,DRG-002,Essential,1018,200,2000,tablets,2026-09-19,2027-03-12
PHC-MP-UJJ-918,Paracetamol 500mg,DRG-003,Analgesic,5185,1000,10000,tablets,2026-08-06,2027-02-23
PHC-MP-UJJ-918,Amoxicillin 500mg,DRG-004,Antibiotic,2030,300,3000,capsules,2026-08-23,2027-02-27
PHC-MP-UJJ-918,Polyvalent Anti-Snake Venom (ASV),DRG-005,Antivenom,33,10,50,vials,2026-09-17,2027-09-26
PHC-MP-UJJ-918,Salbutamol Nebules,DRG-006,Respiratory,283,50,500,ampoules,2026-09-11,2027-09-25
PHC-MP-UJJ-918,Doxycycline 100mg,DRG-007,Antibiotic,671,200,2000,tablets,2026-08-07,2027-02-03
PHC-MP-UJJ-918,Iron Folic Acid tablets,DRG-008,Supplement,2107,500,5000,tablets,2026-08-15,2027-08-08
PHC-MP-UJJ-918,Metformin 500mg,DRG-009,Anti-diabetic,974,300,3000,tablets,2026-09-19,2027-01-10
PHC-MP-UJJ-918,Amlodipine 5mg,DRG-010,Cardiovascular,1715,200,2000,tablets,2026-08-07,2027-08-31
PHC-MP-UJJ-919,ORS Sachets,DRG-001,Essential,256,500,5000,sachets,2026-09-04,2026-12-12
PHC-MP-UJJ-919,Zinc Sulfate 20mg,DRG-002,Essential,62,200,2000,tablets,2026-09-22,2027-03-08
PHC-MP-UJJ-919,Paracetamol 500mg,DRG-003,Analgesic,546,1000,10000,tablets,2026-08-09,2027-07-10
PHC-MP-UJJ-919,Amoxicillin 500mg,DRG-004,Antibiotic,211,300,3000,capsules,2026-09-13,2027-03-13
PHC-MP-UJJ-919,Polyvalent Anti-Snake Venom (ASV),DRG-005,Antivenom,8,10,50,vials,2026-07-31,2027-01-11
PHC-MP-UJJ-919,Salbutamol Nebules,DRG-006,Respiratory,4,50,500,ampoules,2026-08-21,2026-12-17
PHC-MP-UJJ-919,Doxycycline 100mg,DRG-007,Antibiotic,98,200,2000,tablets,2026-08-24,2027-08-29
PHC-MP-UJJ-919,Iron Folic Acid tablets,DRG-008,Supplement,301,500,5000,tablets,2026-09-10,2026-12-18
PHC-MP-UJJ-919,Metformin 500mg,DRG-009,Anti-diabetic,201,300,3000,tablets,2026-09-08,2027-04-24
PHC-MP-UJJ-919,Amlodipine 5mg,DRG-010,Cardiovascular,103,200,2000,tablets,2026-08-16,2027-09-05
PHC-MP-UJJ-920,ORS Sachets,DRG-001,Essential,2304,500,5000,sachets,2026-08-05,2027-08-07
PHC-MP-UJJ-920,Zinc Sulfate 20mg,DRG-002,Essential,1504,200,2000,tablets,2026-08-03,2027-05-11
PHC-MP-UJJ-920,Paracetamol 500mg,DRG-003,Analgesic,6839,1000,10000,tablets,2026-08-18,2027-09-14
PHC-MP-UJJ-920,Amoxicillin 500mg,DRG-004,Antibiotic,1572,300,3000,capsules,2026-09-02,2027-05-10
PHC-MP-UJJ-920,Polyvalent Anti-Snake Venom (ASV),DRG-005,Antivenom,48,10,50,vials,2026-08-10,2027-09-16
PHC-MP-UJJ-920,Salbutamol Nebules,DRG-006,Respiratory,90,50,500,ampoules,2026-08-25,2027-02-16
PHC-MP-UJJ-920,Doxycycline 100mg,DRG-007,Antibiotic,1708,200,2000,tablets,2026-09-22,2027-01-25
PHC-MP-UJJ-920,Iron Folic Acid tablets,DRG-008,Supplement,2832,500,5000,tablets,2026-09-18,2027-06-14
PHC-MP-UJJ-920,Metformin 500mg,DRG-009,Anti-diabetic,1459,300,3000,tablets,2026-09-01,2027-09-15
PHC-MP-UJJ-920,Amlodipine 5mg,DRG-010,Cardiovascular,1953,200,2000,tablets,2026-08-18,2027-07-25
PHC-MP-UJJ-921,ORS Sachets,DRG-001,Essential,3501,500,5000,sachets,2026-08-17,2027-09-14
PHC-MP-UJJ-921,Zinc Sulfate 20mg,DRG-002,Essential,1085,200,2000,tablets,2026-08-25,2026-11-23
PHC-MP-UJJ-921,Paracetamol 500mg,DRG-003,Analgesic,7229,1000,10000,tablets,2026-08-06,2027-06-25
PHC-MP-UJJ-921,Amoxicillin 500mg,DRG-004,Antibiotic,2938,300,3000,capsules,2026-09-12,2027-01-27
PHC-MP-UJJ-921,Polyvalent Anti-Snake Venom (ASV),DRG-005,Antivenom,27,10,50,vials,2026-08-28,2027-06-15
PHC-MP-UJJ-921,Salbutamol Nebules,DRG-006,Respiratory,362,50,500,ampoules,2026-08-19,2026-11-15
PHC-MP-UJJ-921,Doxycycline 100mg,DRG-007,Antibiotic,1656,200,2000,tablets,2026-08-07,2027-08-03
PHC-MP-UJJ-921,Iron Folic Acid tablets,DRG-008,Supplement,3729,500,5000,tablets,2026-08-23,2026-11-09
PHC-MP-UJJ-921,Metformin 500mg,DRG-009,Anti-diabetic,2144,300,3000,tablets,2026-08-27,2027-08-10
PHC-MP-UJJ-921,Amlodipine 5mg,DRG-010,Cardiovascular,588,200,2000,tablets,2026-09-24,2027-02-12
PHC-MP-UJJ-922,ORS Sachets,DRG-001,Essential,6,500,5000,sachets,2026-09-23,2026-11-22
PHC-MP-UJJ-922,Zinc Sulfate 20mg,DRG-002,Essential,106,200,2000,tablets,2026-09-17,2027-08-25
PHC-MP-UJJ-922,Paracetamol 500mg,DRG-003,Analgesic,919,1000,10000,tablets,2026-08-23,2027-01-21
PHC-MP-UJJ-922,Amoxicillin 500mg,DRG-004,Antibiotic,238,300,3000,capsules,2026-09-13,2027-09-04
PHC-MP-UJJ-922,Polyvalent Anti-Snake Venom (ASV),DRG-005,Antivenom,3,10,50,vials,2026-08-02,2027-06-14
PHC-MP-UJJ-922,Salbutamol Nebules,DRG-006,Respiratory,36,50,500,ampoules,2026-08-18,2027-03-13
PHC-MP-UJJ-922,Doxycycline 100mg,DRG-007,Antibiotic,36,200,2000,tablets,2026-09-08,2026-11-30
PHC-MP-UJJ-922,Iron Folic Acid tablets,DRG-008,Supplement,86,500,5000,tablets,2026-08-05,2026-11-25
PHC-MP-UJJ-922,Metformin 500mg,DRG-009,Anti-diabetic,89,300,3000,tablets,2026-08-02,2027-07-18
PHC-MP-UJJ-922,Amlodipine 5mg,DRG-010,Cardiovascular,27,200,2000,tablets,2026-09-07,2027-06-09
PHC-MP-UJJ-923,ORS Sachets,DRG-001,Essential,890,500,5000,sachets,2026-08-01,2026-11-17
PHC-MP-UJJ-923,Zinc Sulfate 20mg,DRG-002,Essential,212,200,2000,tablets,2026-08-20,2027-03-06
PHC-MP-UJJ-923,Paracetamol 500mg,DRG-003,Analgesic,1487,1000,10000,tablets,2026-08-12,2027-06-05
PHC-MP-UJJ-923,Amoxicillin 500mg,DRG-004,Antibiotic,586,300,3000,capsules,2026-08-18,2026-11-02
PHC-MP-UJJ-923,Polyvalent Anti-Snake Venom (ASV),DRG-005,Antivenom,42,10,50,vials,2026-08-15,2027-09-05
PHC-MP-UJJ-923,Salbutamol Nebules,DRG-006,Respiratory,143,50,500,ampoules,2026-08-16,2027-07-27
PHC-MP-UJJ-923,Doxycycline 100mg,DRG-007,Antibiotic,1129,200,2000,tablets,2026-08-13,2027-03-30
PHC-MP-UJJ-923,Iron Folic Acid tablets,DRG-008,Supplement,2803,500,5000,tablets,2026-08-25,2027-07-27
PHC-MP-UJJ-923,Metformin 500mg,DRG-009,Anti-diabetic,422,300,3000,tablets,2026-09-16,2027-03-25
PHC-MP-UJJ-923,Amlodipine 5mg,DRG-010,Cardiovascular,888,200,2000,tablets,2026-09-22,2027-05-25
PHC-MP-UJJ-924,ORS Sachets,DRG-001,Essential,2549,500,5000,sachets,2026-09-07,2027-01-03
PHC-MP-UJJ-924,Zinc Sulfate 20mg,DRG-002,Essential,1163,200,2000,tablets,2026-09-24,2027-01-04
PHC-MP-UJJ-924,Paracetamol 500mg,DRG-003,Analgesic,5953,1000,10000,tablets,2026-08-01,2027-03-14
PHC-MP-UJJ-924,Amoxicillin 500mg,DRG-004,Antibiotic,2716,300,3000,capsules,2026-08-30,2027-08-18
PHC-MP-UJJ-924,Polyvalent Anti-Snake Venom (ASV),DRG-005,Antivenom,31,10,50,vials,2026-09-16,2026-12-21
PHC-MP-UJJ-924,Salbutamol Nebules,DRG-006,Respiratory,168,50,500,ampoules,2026-08-21,2027-08-06
PHC-MP-UJJ-924,Doxycycline 100mg,DRG-007,Antibiotic,1494,200,2000,tablets,2026-09-07,2027-08-13
PHC-MP-UJJ-924,Iron Folic Acid tablets,DRG-008,Supplement,1484,500,5000,tablets,2026-08-15,2027-01-02
PHC-MP-UJJ-924,Metformin 500mg,DRG-009,Anti-diabetic,515,300,3000,tablets,2026-08-22,2027-05-18
PHC-MP-UJJ-924,Amlodipine 5mg,DRG-010,Cardiovascular,1932,200,2000,tablets,2026-08-03,2027-08-25
PHC-AS-GUW-925,ORS Sachets,DRG-001,Essential,182,500,5000,sachets,2026-09-17,2027-02-03
PHC-AS-GUW-925,Zinc Sulfate 20mg,DRG-002,Essential,32,200,2000,tablets,2026-08-11,2027-03-14
PHC-AS-GUW-925,Paracetamol 500mg,DRG-003,Analgesic,316,1000,10000,tablets,2026-09-04,2027-09-17
PHC-AS-GUW-925,Amoxicillin 500mg,DRG-004,Antibiotic,64,300,3000,capsules,2026-08-13,2027-06-30
PHC-AS-GUW-925,Polyvalent Anti-Snake Venom (ASV),DRG-005,Antivenom,7,10,50,vials,2026-08-11,2027-03-26
PHC-AS-GUW-925,Salbutamol Nebules,DRG-006,Respiratory,48,50,500,ampoules,2026-08-21,2027-05-25
PHC-AS-GUW-925,Doxycycline 100mg,DRG-007,Antibiotic,115,200,2000,tablets,2026-08-30,2027-09-12
PHC-AS-GUW-925,Iron Folic Acid tablets,DRG-008,Supplement,31,500,5000,tablets,2026-08-08,2027-07-25
PHC-AS-GUW-925,Metformin 500mg,DRG-009,Anti-diabetic,134,300,3000,tablets,2026-08-28,2027-03-16
PHC-AS-GUW-925,Amlodipine 5mg,DRG-010,Cardiovascular,120,200,2000,tablets,2026-08-02,2027-02-10
PHC-AS-GUW-926,ORS Sachets,DRG-001,Essential,852,500,5000,sachets,2026-09-17,2026-11-18
PHC-AS-GUW-926,Zinc Sulfate 20mg,DRG-002,Essential,1516,200,2000,tablets,2026-08-27,2027-06-02
PHC-AS-GUW-926,Paracetamol 500mg,DRG-003,Analgesic,1548,1000,10000,tablets,2026-09-15,2027-07-21
PHC-AS-GUW-926,Amoxicillin 500mg,DRG-004,Antibiotic,2570,300,3000,capsules,2026-08-27,2027-02-28
PHC-AS-GUW-926,Polyvalent Anti-Snake Venom (ASV),DRG-005,Antivenom,38,10,50,vials,2026-08-21,2027-02-26
PHC-AS-GUW-926,Salbutamol Nebules,DRG-006,Respiratory,165,50,500,ampoules,2026-09-06,2027-09-20
PHC-AS-GUW-926,Doxycycline 100mg,DRG-007,Antibiotic,1518,200,2000,tablets,2026-08-31,2027-03-19
PHC-AS-GUW-926,Iron Folic Acid tablets,DRG-008,Supplement,2875,500,5000,tablets,2026-08-14,2027-09-29
PHC-AS-GUW-926,Metformin 500mg,DRG-009,Anti-diabetic,1172,300,3000,tablets,2026-09-09,2027-01-20
PHC-AS-GUW-926,Amlodipine 5mg,DRG-010,Cardiovascular,705,200,2000,tablets,2026-08-03,2026-11-22
PHC-AS-GUW-927,ORS Sachets,DRG-001,Essential,1753,500,5000,sachets,2026-09-10,2027-08-16
PHC-AS-GUW-927,Zinc Sulfate 20mg,DRG-002,Essential,1994,200,2000,tablets,2026-07-31,2027-07-05
PHC-AS-GUW-927,Paracetamol 500mg,DRG-003,Analgesic,5073,1000,10000,tablets,2026-08-10,2027-07-14
PHC-AS-GUW-927,Amoxicillin 500mg,DRG-004,Antibiotic,1796,300,3000,capsules,2026-08-15,2027-01-01
PHC-AS-GUW-927,Polyvalent Anti-Snake Venom (ASV),DRG-005,Antivenom,43,10,50,vials,2026-09-03,2027-06-05
PHC-AS-GUW-927,Salbutamol Nebules,DRG-006,Respiratory,427,50,500,ampoules,2026-08-09,2027-05-17
PHC-AS-GUW-927,Doxycycline 100mg,DRG-007,Antibiotic,1256,200,2000,tablets,2026-08-18,2027-07-02
PHC-AS-GUW-927,Iron Folic Acid tablets,DRG-008,Supplement,1158,500,5000,tablets,2026-08-12,2026-12-18
PHC-AS-GUW-927,Metformin 500mg,DRG-009,Anti-diabetic,1742,300,3000,tablets,2026-08-02,2027-08-28
PHC-AS-GUW-927,Amlodipine 5mg,DRG-010,Cardiovascular,1995,200,2000,tablets,2026-09-03,2027-09-14
PHC-AS-GUW-928,ORS Sachets,DRG-001,Essential,2729,500,5000,sachets,2026-08-31,2026-11-27
PHC-AS-GUW-928,Zinc Sulfate 20mg,DRG-002,Essential,239,200,2000,tablets,2026-08-19,2027-07-18
PHC-AS-GUW-928,Paracetamol 500mg,DRG-003,Analgesic,2661,1000,10000,tablets,2026-09-21,2027-06-10
PHC-AS-GUW-928,Amoxicillin 500mg,DRG-004,Antibiotic,2399,300,3000,capsules,2026-08-22,2027-02-26
PHC-AS-GUW-928,Polyvalent Anti-Snake Venom (ASV),DRG-005,Antivenom,15,10,50,vials,2026-09-10,2026-11-13
PHC-AS-GUW-928,Salbutamol Nebules,DRG-006,Respiratory,277,50,500,ampoules,2026-09-10,2027-08-16
PHC-AS-GUW-928,Doxycycline 100mg,DRG-007,Antibiotic,593,200,2000,tablets,2026-08-20,2027-05-03
PHC-AS-GUW-928,Iron Folic Acid tablets,DRG-008,Supplement,2879,500,5000,tablets,2026-08-12,2027-01-03
PHC-AS-GUW-928,Metformin 500mg,DRG-009,Anti-diabetic,461,300,3000,tablets,2026-08-06,2027-04-12
PHC-AS-GUW-928,Amlodipine 5mg,DRG-010,Cardiovascular,1299,200,2000,tablets,2026-09-14,2027-03-23
PHC-AS-GUW-929,ORS Sachets,DRG-001,Essential,3616,500,5000,sachets,2026-08-30,2027-06-18
PHC-AS-GUW-929,Zinc Sulfate 20mg,DRG-002,Essential,1784,200,2000,tablets,2026-08-17,2027-05-08
PHC-AS-GUW-929,Paracetamol 500mg,DRG-003,Analgesic,7565,1000,10000,tablets,2026-08-21,2027-09-22
PHC-AS-GUW-929,Amoxicillin 500mg,DRG-004,Antibiotic,327,300,3000,capsules,2026-09-19,2027-05-18
PHC-AS-GUW-929,Polyvalent Anti-Snake Venom (ASV),DRG-005,Antivenom,30,10,50,vials,2026-07-31,2027-09-05
PHC-AS-GUW-929,Salbutamol Nebules,DRG-006,Respiratory,267,50,500,ampoules,2026-09-03,2027-03-18
PHC-AS-GUW-929,Doxycycline 100mg,DRG-007,Antibiotic,1886,200,2000,tablets,2026-08-16,2027-07-23
PHC-AS-GUW-929,Iron Folic Acid tablets,DRG-008,Supplement,3454,500,5000,tablets,2026-08-18,2027-01-14
PHC-AS-GUW-929,Metformin 500mg,DRG-009,Anti-diabetic,2889,300,3000,tablets,2026-09-09,2027-05-27
PHC-AS-GUW-929,Amlodipine 5mg,DRG-010,Cardiovascular,1178,200,2000,tablets,2026-09-19,2026-11-18
PHC-AS-GUW-930,ORS Sachets,DRG-001,Essential,4263,500,5000,sachets,2026-08-17,2027-08-06
PHC-AS-GUW-930,Zinc Sulfate 20mg,DRG-002,Essential,409,200,2000,tablets,2026-09-05,2026-12-31
PHC-AS-GUW-930,Paracetamol 500mg,DRG-003,Analgesic,7527,1000,10000,tablets,2026-09-24,2027-09-12
PHC-AS-GUW-930,Amoxicillin 500mg,DRG-004,Antibiotic,1163,300,3000,capsules,2026-08-27,2027-02-25
PHC-AS-GUW-930,Polyvalent Anti-Snake Venom (ASV),DRG-005,Antivenom,19,10,50,vials,2026-08-25,2027-05-28
PHC-AS-GUW-930,Salbutamol Nebules,DRG-006,Respiratory,161,50,500,ampoules,2026-08-29,2027-03-15
PHC-AS-GUW-930,Doxycycline 100mg,DRG-007,Antibiotic,1210,200,2000,tablets,2026-08-08,2027-08-29
PHC-AS-GUW-930,Iron Folic Acid tablets,DRG-008,Supplement,2468,500,5000,tablets,2026-09-01,2027-08-20
PHC-AS-GUW-930,Metformin 500mg,DRG-009,Anti-diabetic,729,300,3000,tablets,2026-08-26,2026-11-14
PHC-AS-GUW-930,Amlodipine 5mg,DRG-010,Cardiovascular,1031,200,2000,tablets,2026-08-07,2027-08-02
PHC-AS-GUW-931,ORS Sachets,DRG-001,Essential,1906,500,5000,sachets,2026-08-21,2027-06-11
PHC-AS-GUW-931,Zinc Sulfate 20mg,DRG-002,Essential,663,200,2000,tablets,2026-09-05,2026-11-28
PHC-AS-GUW-931,Paracetamol 500mg,DRG-003,Analgesic,2539,1000,10000,tablets,2026-08-10,2027-04-13
PHC-AS-GUW-931,Amoxicillin 500mg,DRG-004,Antibiotic,535,300,3000,capsules,2026-08-04,2027-06-12
PHC-AS-GUW-931,Polyvalent Anti-Snake Venom (ASV),DRG-005,Antivenom,24,10,50,vials,2026-08-26,2026-12-02
PHC-AS-GUW-931,Salbutamol Nebules,DRG-006,Respiratory,285,50,500,ampoules,2026-08-13,2027-02-24
PHC-AS-GUW-931,Doxycycline 100mg,DRG-007,Antibiotic,1397,200,2000,tablets,2026-08-05,2027-03-29
PHC-AS-GUW-931,Iron Folic Acid tablets,DRG-008,Supplement,1968,500,5000,tablets,2026-08-21,2027-03-22
PHC-AS-GUW-931,Metformin 500mg,DRG-009,Anti-diabetic,2713,300,3000,tablets,2026-09-01,2027-08-31
PHC-AS-GUW-931,Amlodipine 5mg,DRG-010,Cardiovascular,1382,200,2000,tablets,2026-08-05,2026-12-18
PHC-AS-GUW-932,ORS Sachets,DRG-001,Essential,213,500,5000,sachets,2026-08-21,2027-09-11
PHC-AS-GUW-932,Zinc Sulfate 20mg,DRG-002,Essential,78,200,2000,tablets,2026-08-16,2027-06-07
PHC-AS-GUW-932,Paracetamol 500mg,DRG-003,Analgesic,214,1000,10000,tablets,2026-08-03,2027-05-23
PHC-AS-GUW-932,Amoxicillin 500mg,DRG-004,Antibiotic,170,300,3000,capsules,2026-09-03,2027-07-21
PHC-AS-GUW-932,Polyvalent Anti-Snake Venom (ASV),DRG-005,Antivenom,1,10,50,vials,2026-08-21,2027-05-14
PHC-AS-GUW-932,Salbutamol Nebules,DRG-006,Respiratory,45,50,500,ampoules,2026-08-23,2026-11-16
PHC-AS-GUW-932,Doxycycline 100mg,DRG-007,Antibiotic,24,200,2000,tablets,2026-08-24,2027-04-16
PHC-AS-GUW-932,Iron Folic Acid tablets,DRG-008,Supplement,479,500,5000,tablets,2026-09-24,2027-02-12
PHC-AS-GUW-932,Metformin 500mg,DRG-009,Anti-diabetic,31,300,3000,tablets,2026-08-06,2027-06-18
PHC-AS-GUW-932,Amlodipine 5mg,DRG-010,Cardiovascular,58,200,2000,tablets,2026-08-02,2027-02-08
PHC-AS-GUW-933,ORS Sachets,DRG-001,Essential,4119,500,5000,sachets,2026-08-15,2027-01-11
PHC-AS-GUW-933,Zinc Sulfate 20mg,DRG-002,Essential,1763,200,2000,tablets,2026-08-08,2027-07-09
PHC-AS-GUW-933,Paracetamol 500mg,DRG-003,Analgesic,4990,1000,10000,tablets,2026-09-12,2027-06-20
PHC-AS-GUW-933,Amoxicillin 500mg,DRG-004,Antibiotic,2602,300,3000,capsules,2026-09-16,2027-01-04
PHC-AS-GUW-933,Polyvalent Anti-Snake Venom (ASV),DRG-005,Antivenom,47,10,50,vials,2026-09-16,2027-09-19
PHC-AS-GUW-933,Salbutamol Nebules,DRG-006,Respiratory,425,50,500,ampoules,2026-09-21,2027-02-06
PHC-AS-GUW-933,Doxycycline 100mg,DRG-007,Antibiotic,1941,200,2000,tablets,2026-09-23,2027-08-16
PHC-AS-GUW-933,Iron Folic Acid tablets,DRG-008,Supplement,2669,500,5000,tablets,2026-08-12,2027-04-01
PHC-AS-GUW-933,Metformin 500mg,DRG-009,Anti-diabetic,1911,300,3000,tablets,2026-08-10,2026-12-24
PHC-AS-GUW-933,Amlodipine 5mg,DRG-010,Cardiovascular,623,200,2000,tablets,2026-08-15,2026-11-29
PHC-AS-GUW-934,ORS Sachets,DRG-001,Essential,4290,500,5000,sachets,2026-07-31,2027-06-21
PHC-AS-GUW-934,Zinc Sulfate 20mg,DRG-002,Essential,1018,200,2000,tablets,2026-09-01,2027-07-29
PHC-AS-GUW-934,Paracetamol 500mg,DRG-003,Analgesic,2210,1000,10000,tablets,2026-08-07,2027-04-04
PHC-AS-GUW-934,Amoxicillin 500mg,DRG-004,Antibiotic,2860,300,3000,capsules,2026-08-13,2026-12-16
PHC-AS-GUW-934,Polyvalent Anti-Snake Venom (ASV),DRG-005,Antivenom,16,10,50,vials,2026-08-16,2027-06-14
PHC-AS-GUW-934,Salbutamol Nebules,DRG-006,Respiratory,184,50,500,ampoules,2026-09-14,2027-07-08
PHC-AS-GUW-934,Doxycycline 100mg,DRG-007,Antibiotic,1064,200,2000,tablets,2026-08-26,2027-09-28
PHC-AS-GUW-934,Iron Folic Acid tablets,DRG-008,Supplement,2526,500,5000,tablets,2026-08-08,2027-03-29
PHC-AS-GUW-934,Metformin 500mg,DRG-009,Anti-diabetic,1674,300,3000,tablets,2026-09-01,2027-06-18
PHC-AS-GUW-934,Amlodipine 5mg,DRG-010,Cardiovascular,332,200,2000,tablets,2026-08-02,2027-07-05
PHC-AS-GUW-935,ORS Sachets,DRG-001,Essential,3211,500,5000,sachets,2026-09-08,2027-04-22
PHC-AS-GUW-935,Zinc Sulfate 20mg,DRG-002,Essential,1674,200,2000,tablets,2026-09-08,2027-07-21
PHC-AS-GUW-935,Paracetamol 500mg,DRG-003,Analgesic,8254,1000,10000,tablets,2026-08-04,2027-07-05
PHC-AS-GUW-935,Amoxicillin 500mg,DRG-004,Antibiotic,1170,300,3000,capsules,2026-08-12,2027-02-08
PHC-AS-GUW-935,Polyvalent Anti-Snake Venom (ASV),DRG-005,Antivenom,45,10,50,vials,2026-09-17,2027-09-16
PHC-AS-GUW-935,Salbutamol Nebules,DRG-006,Respiratory,218,50,500,ampoules,2026-09-07,2027-06-15
PHC-AS-GUW-935,Doxycycline 100mg,DRG-007,Antibiotic,1283,200,2000,tablets,2026-09-12,2027-03-04
PHC-AS-GUW-935,Iron Folic Acid tablets,DRG-008,Supplement,4953,500,5000,tablets,2026-09-06,2027-02-03
PHC-AS-GUW-935,Metformin 500mg,DRG-009,Anti-diabetic,2893,300,3000,tablets,2026-08-15,2027-01-08
PHC-AS-GUW-935,Amlodipine 5mg,DRG-010,Cardiovascular,991,200,2000,tablets,2026-08-20,2027-07-23
PHC-AS-GUW-936,ORS Sachets,DRG-001,Essential,1353,500,5000,sachets,2026-09-21,2027-06-07
PHC-AS-GUW-936,Zinc Sulfate 20mg,DRG-002,Essential,1905,200,2000,tablets,2026-09-05,2026-12-12
PHC-AS-GUW-936,Paracetamol 500mg,DRG-003,Analgesic,5728,1000,10000,tablets,2026-08-02,2027-01-01
PHC-AS-GUW-936,Amoxicillin 500mg,DRG-004,Antibiotic,1045,300,3000,capsules,2026-08-05,2027-08-22
PHC-AS-GUW-936,Polyvalent Anti-Snake Venom (ASV),DRG-005,Antivenom,12,10,50,vials,2026-09-21,2027-09-24
PHC-AS-GUW-936,Salbutamol Nebules,DRG-006,Respiratory,295,50,500,ampoules,2026-08-12,2027-04-09
PHC-AS-GUW-936,Doxycycline 100mg,DRG-007,Antibiotic,1712,200,2000,tablets,2026-09-12,2027-09-16
PHC-AS-GUW-936,Iron Folic Acid tablets,DRG-008,Supplement,3951,500,5000,tablets,2026-09-15,2027-01-18
PHC-AS-GUW-936,Metformin 500mg,DRG-009,Anti-diabetic,1627,300,3000,tablets,2026-08-06,2027-02-04
PHC-AS-GUW-936,Amlodipine 5mg,DRG-010,Cardiovascular,1075,200,2000,tablets,2026-08-25,2026-10-31
PHC-AS-GUW-937,ORS Sachets,DRG-001,Essential,3060,500,5000,sachets,2026-08-28,2027-04-30
PHC-AS-GUW-937,Zinc Sulfate 20mg,DRG-002,Essential,1690,200,2000,tablets,2026-09-10,2027-09-24
PHC-AS-GUW-937,Paracetamol 500mg,DRG-003,Analgesic,4226,1000,10000,tablets,2026-08-17,2026-11-22
PHC-AS-GUW-937,Amoxicillin 500mg,DRG-004,Antibiotic,459,300,3000,capsules,2026-08-04,2027-01-24
PHC-AS-GUW-937,Polyvalent Anti-Snake Venom (ASV),DRG-005,Antivenom,34,10,50,vials,2026-08-17,2027-05-09
PHC-AS-GUW-937,Salbutamol Nebules,DRG-006,Respiratory,145,50,500,ampoules,2026-07-31,2027-03-14
PHC-AS-GUW-937,Doxycycline 100mg,DRG-007,Antibiotic,392,200,2000,tablets,2026-09-04,2026-11-17
PHC-AS-GUW-937,Iron Folic Acid tablets,DRG-008,Supplement,1256,500,5000,tablets,2026-08-17,2027-05-12
PHC-AS-GUW-937,Metformin 500mg,DRG-009,Anti-diabetic,2384,300,3000,tablets,2026-09-07,2027-02-27
PHC-AS-GUW-937,Amlodipine 5mg,DRG-010,Cardiovascular,387,200,2000,tablets,2026-08-09,2027-03-01
PHC-AS-GUW-938,ORS Sachets,DRG-001,Essential,3198,500,5000,sachets,2026-09-07,2027-06-05
PHC-AS-GUW-938,Zinc Sulfate 20mg,DRG-002,Essential,218,200,2000,tablets,2026-08-13,2027-01-20
PHC-AS-GUW-938,Paracetamol 500mg,DRG-003,Analgesic,7243,1000,10000,tablets,2026-08-23,2026-11-11
PHC-AS-GUW-938,Amoxicillin 500mg,DRG-004,Antibiotic,791,300,3000,capsules,2026-08-19,2027-01-29
PHC-AS-GUW-938,Polyvalent Anti-Snake Venom (ASV),DRG-005,Antivenom,46,10,50,vials,2026-09-11,2026-11-29
PHC-AS-GUW-938,Salbutamol Nebules,DRG-006,Respiratory,198,50,500,ampoules,2026-09-01,2027-04-08
PHC-AS-GUW-938,Doxycycline 100mg,DRG-007,Antibiotic,1290,200,2000,tablets,2026-08-12,2027-06-24
PHC-AS-GUW-938,Iron Folic Acid tablets,DRG-008,Supplement,2716,500,5000,tablets,2026-09-10,2027-04-03
PHC-AS-GUW-938,Metformin 500mg,DRG-009,Anti-diabetic,2542,300,3000,tablets,2026-09-05,2026-11-05
PHC-AS-GUW-938,Amlodipine 5mg,DRG-010,Cardiovascular,690,200,2000,tablets,2026-09-08,2027-02-01
PHC-AS-GUW-939,ORS Sachets,DRG-001,Essential,669,500,5000,sachets,2026-08-22,2027-06-25
PHC-AS-GUW-939,Zinc Sulfate 20mg,DRG-002,Essential,1547,200,2000,tablets,2026-08-02,2027-03-29
PHC-AS-GUW-939,Paracetamol 500mg,DRG-003,Analgesic,4165,1000,10000,tablets,2026-08-21,2027-02-20
PHC-AS-GUW-939,Amoxicillin 500mg,DRG-004,Antibiotic,2960,300,3000,capsules,2026-09-22,2027-07-09
PHC-AS-GUW-939,Polyvalent Anti-Snake Venom (ASV),DRG-005,Antivenom,21,10,50,vials,2026-09-10,2026-11-08
PHC-AS-GUW-939,Salbutamol Nebules,DRG-006,Respiratory,433,50,500,ampoules,2026-08-05,2027-01-16
PHC-AS-GUW-939,Doxycycline 100mg,DRG-007,Antibiotic,456,200,2000,tablets,2026-08-22,2027-06-02
PHC-AS-GUW-939,Iron Folic Acid tablets,DRG-008,Supplement,1234,500,5000,tablets,2026-08-07,2027-03-12
PHC-AS-GUW-939,Metformin 500mg,DRG-009,Anti-diabetic,1824,300,3000,tablets,2026-08-17,2026-11-08
PHC-AS-GUW-939,Amlodipine 5mg,DRG-010,Cardiovascular,973,200,2000,tablets,2026-09-02,2027-07-25
PHC-AS-GUW-940,ORS Sachets,DRG-001,Essential,4634,500,5000,sachets,2026-09-08,2027-06-15
PHC-AS-GUW-940,Zinc Sulfate 20mg,DRG-002,Essential,561,200,2000,tablets,2026-08-03,2027-03-27
PHC-AS-GUW-940,Paracetamol 500mg,DRG-003,Analgesic,7112,1000,10000,tablets,2026-08-17,2027-08-15
PHC-AS-GUW-940,Amoxicillin 500mg,DRG-004,Antibiotic,2149,300,3000,capsules,2026-08-01,2027-03-28
PHC-AS-GUW-940,Polyvalent Anti-Snake Venom (ASV),DRG-005,Antivenom,42,10,50,vials,2026-08-28,2027-03-23
PHC-AS-GUW-940,Salbutamol Nebules,DRG-006,Respiratory,240,50,500,ampoules,2026-09-19,2027-08-17
PHC-AS-GUW-940,Doxycycline 100mg,DRG-007,Antibiotic,1900,200,2000,tablets,2026-08-22,2027-07-03
PHC-AS-GUW-940,Iron Folic Acid tablets,DRG-008,Supplement,3296,500,5000,tablets,2026-08-21,2027-02-15
PHC-AS-GUW-940,Metformin 500mg,DRG-009,Anti-diabetic,2341,300,3000,tablets,2026-08-02,2027-01-29
PHC-AS-GUW-940,Amlodipine 5mg,DRG-010,Cardiovascular,1442,200,2000,tablets,2026-09-06,2026-11-14
PHC-AS-GUW-941,ORS Sachets,DRG-001,Essential,4338,500,5000,sachets,2026-09-20,2027-06-27
PHC-AS-GUW-941,Zinc Sulfate 20mg,DRG-002,Essential,1529,200,2000,tablets,2026-08-16,2027-05-29
PHC-AS-GUW-941,Paracetamol 500mg,DRG-003,Analgesic,1965,1000,10000,tablets,2026-08-29,2026-12-24
PHC-AS-GUW-941,Amoxicillin 500mg,DRG-004,Antibiotic,2313,300,3000,capsules,2026-08-09,2026-12-06
PHC-AS-GUW-941,Polyvalent Anti-Snake Venom (ASV),DRG-005,Antivenom,38,10,50,vials,2026-08-14,2027-01-09
PHC-AS-GUW-941,Salbutamol Nebules,DRG-006,Respiratory,179,50,500,ampoules,2026-08-02,2027-03-12
PHC-AS-GUW-941,Doxycycline 100mg,DRG-007,Antibiotic,785,200,2000,tablets,2026-08-17,2027-07-09
PHC-AS-GUW-941,Iron Folic Acid tablets,DRG-008,Supplement,4263,500,5000,tablets,2026-08-10,2027-09-10
PHC-AS-GUW-941,Metformin 500mg,DRG-009,Anti-diabetic,2858,300,3000,tablets,2026-08-08,2027-02-07
PHC-AS-GUW-941,Amlodipine 5mg,DRG-010,Cardiovascular,261,200,2000,tablets,2026-08-24,2027-03-30
PHC-AS-GUW-942,ORS Sachets,DRG-001,Essential,1750,500,5000,sachets,2026-08-30,2027-08-06
PHC-AS-GUW-942,Zinc Sulfate 20mg,DRG-002,Essential,1280,200,2000,tablets,2026-08-25,2027-09-05
PHC-AS-GUW-942,Paracetamol 500mg,DRG-003,Analgesic,7170,1000,10000,tablets,2026-08-14,2027-09-20
PHC-AS-GUW-942,Amoxicillin 500mg,DRG-004,Antibiotic,2199,300,3000,capsules,2026-08-16,2027-04-20
PHC-AS-GUW-942,Polyvalent Anti-Snake Venom (ASV),DRG-005,Antivenom,50,10,50,vials,2026-09-17,2027-03-18
PHC-AS-GUW-942,Salbutamol Nebules,DRG-006,Respiratory,496,50,500,ampoules,2026-07-31,2027-02-23
PHC-AS-GUW-942,Doxycycline 100mg,DRG-007,Antibiotic,1884,200,2000,tablets,2026-08-05,2027-06-28
PHC-AS-GUW-942,Iron Folic Acid tablets,DRG-008,Supplement,2055,500,5000,tablets,2026-09-06,2026-12-30
PHC-AS-GUW-942,Metformin 500mg,DRG-009,Anti-diabetic,878,300,3000,tablets,2026-08-10,2027-03-17
PHC-AS-GUW-942,Amlodipine 5mg,DRG-010,Cardiovascular,558,200,2000,tablets,2026-09-23,2027-07-17
PHC-AS-GUW-943,ORS Sachets,DRG-001,Essential,4451,500,5000,sachets,2026-08-26,2027-05-22
PHC-AS-GUW-943,Zinc Sulfate 20mg,DRG-002,Essential,1708,200,2000,tablets,2026-09-22,2027-08-20
PHC-AS-GUW-943,Paracetamol 500mg,DRG-003,Analgesic,9732,1000,10000,tablets,2026-07-31,2027-02-05
PHC-AS-GUW-943,Amoxicillin 500mg,DRG-004,Antibiotic,1223,300,3000,capsules,2026-09-21,2026-11-22
PHC-AS-GUW-943,Polyvalent Anti-Snake Venom (ASV),DRG-005,Antivenom,16,10,50,vials,2026-08-03,2027-09-09
PHC-AS-GUW-943,Salbutamol Nebules,DRG-006,Respiratory,132,50,500,ampoules,2026-08-12,2027-02-06
PHC-AS-GUW-943,Doxycycline 100mg,DRG-007,Antibiotic,914,200,2000,tablets,2026-08-18,2027-01-13
PHC-AS-GUW-943,Iron Folic Acid tablets,DRG-008,Supplement,3593,500,5000,tablets,2026-08-06,2027-02-14
PHC-AS-GUW-943,Metformin 500mg,DRG-009,Anti-diabetic,2799,300,3000,tablets,2026-09-23,2027-09-09
PHC-AS-GUW-943,Amlodipine 5mg,DRG-010,Cardiovascular,1499,200,2000,tablets,2026-09-04,2027-09-04
PHC-AS-GUW-944,ORS Sachets,DRG-001,Essential,2158,500,5000,sachets,2026-08-25,2027-03-15
PHC-AS-GUW-944,Zinc Sulfate 20mg,DRG-002,Essential,417,200,2000,tablets,2026-08-28,2026-11-20
PHC-AS-GUW-944,Paracetamol 500mg,DRG-003,Analgesic,2635,1000,10000,tablets,2026-07-31,2027-06-19
PHC-AS-GUW-944,Amoxicillin 500mg,DRG-004,Antibiotic,854,300,3000,capsules,2026-08-31,2027-08-04
PHC-AS-GUW-944,Polyvalent Anti-Snake Venom (ASV),DRG-005,Antivenom,45,10,50,vials,2026-08-29,2027-03-30
PHC-AS-GUW-944,Salbutamol Nebules,DRG-006,Respiratory,320,50,500,ampoules,2026-08-21,2027-06-02
PHC-AS-GUW-944,Doxycycline 100mg,DRG-007,Antibiotic,1616,200,2000,tablets,2026-08-24,2027-06-25
PHC-AS-GUW-944,Iron Folic Acid tablets,DRG-008,Supplement,2162,500,5000,tablets,2026-09-05,2027-09-12
PHC-AS-GUW-944,Metformin 500mg,DRG-009,Anti-diabetic,2026,300,3000,tablets,2026-08-17,2027-08-23
PHC-AS-GUW-944,Amlodipine 5mg,DRG-010,Cardiovascular,663,200,2000,tablets,2026-08-22,2027-07-23
PHC-AS-GUW-945,ORS Sachets,DRG-001,Essential,67,500,5000,sachets,2026-08-27,2027-02-14
PHC-AS-GUW-945,Zinc Sulfate 20mg,DRG-002,Essential,12,200,2000,tablets,2026-08-04,2027-02-03
PHC-AS-GUW-945,Paracetamol 500mg,DRG-003,Analgesic,5,1000,10000,tablets,2026-09-03,2027-02-28
PHC-AS-GUW-945,Amoxicillin 500mg,DRG-004,Antibiotic,30,300,3000,capsules,2026-08-01,2026-11-21
PHC-AS-GUW-945,Polyvalent Anti-Snake Venom (ASV),DRG-005,Antivenom,1,10,50,vials,2026-08-08,2027-09-28
PHC-AS-GUW-945,Salbutamol Nebules,DRG-006,Respiratory,0,50,500,ampoules,2026-09-23,2027-07-21
PHC-AS-GUW-945,Doxycycline 100mg,DRG-007,Antibiotic,12,200,2000,tablets,2026-08-29,2027-05-21
PHC-AS-GUW-945,Iron Folic Acid tablets,DRG-008,Supplement,12,500,5000,tablets,2026-08-30,2027-06-20
PHC-AS-GUW-945,Metformin 500mg,DRG-009,Anti-diabetic,0,300,3000,tablets,2026-08-20,2027-03-06
PHC-AS-GUW-945,Amlodipine 5mg,DRG-010,Cardiovascular,1,200,2000,tablets,2026-08-14,2027-09-21
PHC-AS-DIB-946,ORS Sachets,DRG-001,Essential,464,500,5000,sachets,2026-09-20,2027-01-06
PHC-AS-DIB-946,Zinc Sulfate 20mg,DRG-002,Essential,98,200,2000,tablets,2026-08-27,2027-03-19
PHC-AS-DIB-946,Paracetamol 500mg,DRG-003,Analgesic,545,1000,10000,tablets,2026-08-23,2026-12-14
PHC-AS-DIB-946,Amoxicillin 500mg,DRG-004,Antibiotic,176,300,3000,capsules,2026-09-10,2026-12-08
PHC-AS-DIB-946,Polyvalent Anti-Snake Venom (ASV),DRG-005,Antivenom,9,10,50,vials,2026-08-27,2027-01-23
PHC-AS-DIB-946,Salbutamol Nebules,DRG-006,Respiratory,15,50,500,ampoules,2026-09-10,2027-01-17
PHC-AS-DIB-946,Doxycycline 100mg,DRG-007,Antibiotic,1,200,2000,tablets,2026-08-04,2027-01-24
PHC-AS-DIB-946,Iron Folic Acid tablets,DRG-008,Supplement,330,500,5000,tablets,2026-08-07,2027-07-14
PHC-AS-DIB-946,Metformin 500mg,DRG-009,Anti-diabetic,50,300,3000,tablets,2026-08-05,2027-04-01
PHC-AS-DIB-946,Amlodipine 5mg,DRG-010,Cardiovascular,139,200,2000,tablets,2026-09-24,2026-11-14
PHC-AS-DIB-947,ORS Sachets,DRG-001,Essential,962,500,5000,sachets,2026-08-21,2027-03-29
PHC-AS-DIB-947,Zinc Sulfate 20mg,DRG-002,Essential,610,200,2000,tablets,2026-08-03,2027-02-18
PHC-AS-DIB-947,Paracetamol 500mg,DRG-003,Analgesic,5733,1000,10000,tablets,2026-08-28,2026-11-08
PHC-AS-DIB-947,Amoxicillin 500mg,DRG-004,Antibiotic,700,300,3000,capsules,2026-09-22,2026-11-02
PHC-AS-DIB-947,Polyvalent Anti-Snake Venom (ASV),DRG-005,Antivenom,29,10,50,vials,2026-08-20,2026-11-07
PHC-AS-DIB-947,Salbutamol Nebules,DRG-006,Respiratory,182,50,500,ampoules,2026-09-21,2027-06-17
PHC-AS-DIB-947,Doxycycline 100mg,DRG-007,Antibiotic,254,200,2000,tablets,2026-08-03,2026-12-27
PHC-AS-DIB-947,Iron Folic Acid tablets,DRG-008,Supplement,1015,500,5000,tablets,2026-08-15,2027-06-16
PHC-AS-DIB-947,Metformin 500mg,DRG-009,Anti-diabetic,1697,300,3000,tablets,2026-08-07,2027-05-17
PHC-AS-DIB-947,Amlodipine 5mg,DRG-010,Cardiovascular,575,200,2000,tablets,2026-09-17,2026-11-30
PHC-AS-DIB-948,ORS Sachets,DRG-001,Essential,4856,500,5000,sachets,2026-09-11,2027-05-24
PHC-AS-DIB-948,Zinc Sulfate 20mg,DRG-002,Essential,317,200,2000,tablets,2026-08-19,2027-04-28
PHC-AS-DIB-948,Paracetamol 500mg,DRG-003,Analgesic,7345,1000,10000,tablets,2026-09-12,2027-06-10
PHC-AS-DIB-948,Amoxicillin 500mg,DRG-004,Antibiotic,1548,300,3000,capsules,2026-09-20,2027-07-12
PHC-AS-DIB-948,Polyvalent Anti-Snake Venom (ASV),DRG-005,Antivenom,36,10,50,vials,2026-09-24,2027-09-08
PHC-AS-DIB-948,Salbutamol Nebules,DRG-006,Respiratory,91,50,500,ampoules,2026-09-02,2027-04-05
PHC-AS-DIB-948,Doxycycline 100mg,DRG-007,Antibiotic,1262,200,2000,tablets,2026-08-19,2027-08-16
PHC-AS-DIB-948,Iron Folic Acid tablets,DRG-008,Supplement,4012,500,5000,tablets,2026-08-01,2027-07-27
PHC-AS-DIB-948,Metformin 500mg,DRG-009,Anti-diabetic,2397,300,3000,tablets,2026-09-08,2027-08-02
PHC-AS-DIB-948,Amlodipine 5mg,DRG-010,Cardiovascular,1384,200,2000,tablets,2026-08-30,2027-09-14
PHC-AS-DIB-949,ORS Sachets,DRG-001,Essential,1682,500,5000,sachets,2026-09-16,2026-12-04
PHC-AS-DIB-949,Zinc Sulfate 20mg,DRG-002,Essential,1591,200,2000,tablets,2026-08-27,2027-02-03
PHC-AS-DIB-949,Paracetamol 500mg,DRG-003,Analgesic,8406,1000,10000,tablets,2026-08-29,2027-04-13
PHC-AS-DIB-949,Amoxicillin 500mg,DRG-004,Antibiotic,476,300,3000,capsules,2026-09-21,2027-09-02
PHC-AS-DIB-949,Polyvalent Anti-Snake Venom (ASV),DRG-005,Antivenom,20,10,50,vials,2026-08-01,2026-12-18
PHC-AS-DIB-949,Salbutamol Nebules,DRG-006,Respiratory,409,50,500,ampoules,2026-08-11,2027-07-08
PHC-AS-DIB-949,Doxycycline 100mg,DRG-007,Antibiotic,1103,200,2000,tablets,2026-08-27,2027-05-09
PHC-AS-DIB-949,Iron Folic Acid tablets,DRG-008,Supplement,3725,500,5000,tablets,2026-08-30,2027-04-25
PHC-AS-DIB-949,Metformin 500mg,DRG-009,Anti-diabetic,334,300,3000,tablets,2026-08-05,2026-12-24
PHC-AS-DIB-949,Amlodipine 5mg,DRG-010,Cardiovascular,1583,200,2000,tablets,2026-08-14,2027-03-12
PHC-AS-DIB-950,ORS Sachets,DRG-001,Essential,2340,500,5000,sachets,2026-08-10,2027-06-16
PHC-AS-DIB-950,Zinc Sulfate 20mg,DRG-002,Essential,1165,200,2000,tablets,2026-09-17,2027-01-29
PHC-AS-DIB-950,Paracetamol 500mg,DRG-003,Analgesic,1845,1000,10000,tablets,2026-09-21,2026-11-18
PHC-AS-DIB-950,Amoxicillin 500mg,DRG-004,Antibiotic,1704,300,3000,capsules,2026-08-19,2027-05-27
PHC-AS-DIB-950,Polyvalent Anti-Snake Venom (ASV),DRG-005,Antivenom,31,10,50,vials,2026-09-01,2027-07-19
PHC-AS-DIB-950,Salbutamol Nebules,DRG-006,Respiratory,430,50,500,ampoules,2026-08-09,2027-04-04
PHC-AS-DIB-950,Doxycycline 100mg,DRG-007,Antibiotic,1860,200,2000,tablets,2026-08-04,2027-04-10
PHC-AS-DIB-950,Iron Folic Acid tablets,DRG-008,Supplement,3685,500,5000,tablets,2026-08-20,2027-03-21
PHC-AS-DIB-950,Metformin 500mg,DRG-009,Anti-diabetic,1075,300,3000,tablets,2026-08-25,2027-05-07
PHC-AS-DIB-950,Amlodipine 5mg,DRG-010,Cardiovascular,817,200,2000,tablets,2026-08-19,2027-09-29
PHC-AS-DIB-951,ORS Sachets,DRG-001,Essential,288,500,5000,sachets,2026-09-15,2026-10-30
PHC-AS-DIB-951,Zinc Sulfate 20mg,DRG-002,Essential,147,200,2000,tablets,2026-08-09,2027-02-06
PHC-AS-DIB-951,Paracetamol 500mg,DRG-003,Analgesic,47,1000,10000,tablets,2026-09-16,2027-08-11
PHC-AS-DIB-951,Amoxicillin 500mg,DRG-004,Antibiotic,63,300,3000,capsules,2026-09-18,2027-06-21
PHC-AS-DIB-951,Polyvalent Anti-Snake Venom (ASV),DRG-005,Antivenom,5,10,50,vials,2026-08-10,2027-05-18
PHC-AS-DIB-951,Salbutamol Nebules,DRG-006,Respiratory,2,50,500,ampoules,2026-09-03,2027-01-30
PHC-AS-DIB-951,Doxycycline 100mg,DRG-007,Antibiotic,48,200,2000,tablets,2026-09-14,2026-12-30
PHC-AS-DIB-951,Iron Folic Acid tablets,DRG-008,Supplement,497,500,5000,tablets,2026-09-18,2027-04-12
PHC-AS-DIB-951,Metformin 500mg,DRG-009,Anti-diabetic,10,300,3000,tablets,2026-08-19,2027-05-14
PHC-AS-DIB-951,Amlodipine 5mg,DRG-010,Cardiovascular,86,200,2000,tablets,2026-09-12,2026-11-04
PHC-AS-DIB-952,ORS Sachets,DRG-001,Essential,4672,500,5000,sachets,2026-09-06,2026-11-09
PHC-AS-DIB-952,Zinc Sulfate 20mg,DRG-002,Essential,707,200,2000,tablets,2026-09-01,2027-08-23
PHC-AS-DIB-952,Paracetamol 500mg,DRG-003,Analgesic,8817,1000,10000,tablets,2026-08-05,2027-04-20
PHC-AS-DIB-952,Amoxicillin 500mg,DRG-004,Antibiotic,2579,300,3000,capsules,2026-09-21,2027-03-07
PHC-AS-DIB-952,Polyvalent Anti-Snake Venom (ASV),DRG-005,Antivenom,11,10,50,vials,2026-09-09,2027-05-29
PHC-AS-DIB-952,Salbutamol Nebules,DRG-006,Respiratory,203,50,500,ampoules,2026-09-15,2026-11-23
PHC-AS-DIB-952,Doxycycline 100mg,DRG-007,Antibiotic,1556,200,2000,tablets,2026-08-31,2026-12-21
PHC-AS-DIB-952,Iron Folic Acid tablets,DRG-008,Supplement,2147,500,5000,tablets,2026-08-10,2027-07-15
PHC-AS-DIB-952,Metformin 500mg,DRG-009,Anti-diabetic,320,300,3000,tablets,2026-09-08,2027-08-22
PHC-AS-DIB-952,Amlodipine 5mg,DRG-010,Cardiovascular,886,200,2000,tablets,2026-08-25,2027-08-26
PHC-AS-DIB-953,ORS Sachets,DRG-001,Essential,2865,500,5000,sachets,2026-09-09,2026-12-03
PHC-AS-DIB-953,Zinc Sulfate 20mg,DRG-002,Essential,564,200,2000,tablets,2026-09-19,2027-08-04
PHC-AS-DIB-953,Paracetamol 500mg,DRG-003,Analgesic,6043,1000,10000,tablets,2026-07-31,2027-07-29
PHC-AS-DIB-953,Amoxicillin 500mg,DRG-004,Antibiotic,458,300,3000,capsules,2026-08-05,2027-05-11
PHC-AS-DIB-953,Polyvalent Anti-Snake Venom (ASV),DRG-005,Antivenom,21,10,50,vials,2026-08-03,2027-04-09
PHC-AS-DIB-953,Salbutamol Nebules,DRG-006,Respiratory,445,50,500,ampoules,2026-09-17,2027-08-14
PHC-AS-DIB-953,Doxycycline 100mg,DRG-007,Antibiotic,1967,200,2000,tablets,2026-09-13,2027-08-01
PHC-AS-DIB-953,Iron Folic Acid tablets,DRG-008,Supplement,4861,500,5000,tablets,2026-09-18,2027-07-21
PHC-AS-DIB-953,Metformin 500mg,DRG-009,Anti-diabetic,1618,300,3000,tablets,2026-08-19,2027-05-01
PHC-AS-DIB-953,Amlodipine 5mg,DRG-010,Cardiovascular,1426,200,2000,tablets,2026-08-20,2027-05-22
PHC-AS-DIB-954,ORS Sachets,DRG-001,Essential,1698,500,5000,sachets,2026-08-17,2026-11-01
PHC-AS-DIB-954,Zinc Sulfate 20mg,DRG-002,Essential,1181,200,2000,tablets,2026-08-16,2027-09-27
PHC-AS-DIB-954,Paracetamol 500mg,DRG-003,Analgesic,9156,1000,10000,tablets,2026-08-30,2027-01-25
PHC-AS-DIB-954,Amoxicillin 500mg,DRG-004,Antibiotic,1009,300,3000,capsules,2026-08-18,2027-05-16
PHC-AS-DIB-954,Polyvalent Anti-Snake Venom (ASV),DRG-005,Antivenom,28,10,50,vials,2026-09-05,2027-09-21
PHC-AS-DIB-954,Salbutamol Nebules,DRG-006,Respiratory,208,50,500,ampoules,2026-08-15,2027-01-18
PHC-AS-DIB-954,Doxycycline 100mg,DRG-007,Antibiotic,1740,200,2000,tablets,2026-09-03,2026-11-06
PHC-AS-DIB-954,Iron Folic Acid tablets,DRG-008,Supplement,2773,500,5000,tablets,2026-09-14,2027-02-02
PHC-AS-DIB-954,Metformin 500mg,DRG-009,Anti-diabetic,2215,300,3000,tablets,2026-09-04,2027-04-28
PHC-AS-DIB-954,Amlodipine 5mg,DRG-010,Cardiovascular,400,200,2000,tablets,2026-09-07,2027-01-09
PHC-AS-DIB-955,ORS Sachets,DRG-001,Essential,1393,500,5000,sachets,2026-08-17,2027-05-24
PHC-AS-DIB-955,Zinc Sulfate 20mg,DRG-002,Essential,635,200,2000,tablets,2026-09-22,2026-12-03
PHC-AS-DIB-955,Paracetamol 500mg,DRG-003,Analgesic,7536,1000,10000,tablets,2026-08-10,2027-01-18
PHC-AS-DIB-955,Amoxicillin 500mg,DRG-004,Antibiotic,1300,300,3000,capsules,2026-09-18,2027-08-17
PHC-AS-DIB-955,Polyvalent Anti-Snake Venom (ASV),DRG-005,Antivenom,28,10,50,vials,2026-08-05,2027-06-23
PHC-AS-DIB-955,Salbutamol Nebules,DRG-006,Respiratory,252,50,500,ampoules,2026-08-25,2027-05-10
PHC-AS-DIB-955,Doxycycline 100mg,DRG-007,Antibiotic,1193,200,2000,tablets,2026-08-02,2027-02-02
PHC-AS-DIB-955,Iron Folic Acid tablets,DRG-008,Supplement,3913,500,5000,tablets,2026-08-02,2027-07-04
PHC-AS-DIB-955,Metformin 500mg,DRG-009,Anti-diabetic,2508,300,3000,tablets,2026-08-30,2027-08-15
PHC-AS-DIB-955,Amlodipine 5mg,DRG-010,Cardiovascular,1104,200,2000,tablets,2026-08-24,2026-11-05
PHC-AS-DIB-956,ORS Sachets,DRG-001,Essential,2072,500,5000,sachets,2026-09-11,2027-05-15
PHC-AS-DIB-956,Zinc Sulfate 20mg,DRG-002,Essential,1643,200,2000,tablets,2026-08-08,2027-08-21
PHC-AS-DIB-956,Paracetamol 500mg,DRG-003,Analgesic,4973,1000,10000,tablets,2026-08-16,2027-03-13
PHC-AS-DIB-956,Amoxicillin 500mg,DRG-004,Antibiotic,2626,300,3000,capsules,2026-09-17,2027-07-11
PHC-AS-DIB-956,Polyvalent Anti-Snake Venom (ASV),DRG-005,Antivenom,25,10,50,vials,2026-08-24,2027-05-18
PHC-AS-DIB-956,Salbutamol Nebules,DRG-006,Respiratory,122,50,500,ampoules,2026-08-02,2027-01-10
PHC-AS-DIB-956,Doxycycline 100mg,DRG-007,Antibiotic,947,200,2000,tablets,2026-08-18,2026-12-02
PHC-AS-DIB-956,Iron Folic Acid tablets,DRG-008,Supplement,1200,500,5000,tablets,2026-08-30,2027-05-14
PHC-AS-DIB-956,Metformin 500mg,DRG-009,Anti-diabetic,2929,300,3000,tablets,2026-08-23,2027-03-13
PHC-AS-DIB-956,Amlodipine 5mg,DRG-010,Cardiovascular,231,200,2000,tablets,2026-09-01,2027-05-20
PHC-AS-DIB-957,ORS Sachets,DRG-001,Essential,4535,500,5000,sachets,2026-07-31,2027-09-13
PHC-AS-DIB-957,Zinc Sulfate 20mg,DRG-002,Essential,1250,200,2000,tablets,2026-08-05,2027-03-14
PHC-AS-DIB-957,Paracetamol 500mg,DRG-003,Analgesic,7614,1000,10000,tablets,2026-08-01,2027-08-24
PHC-AS-DIB-957,Amoxicillin 500mg,DRG-004,Antibiotic,621,300,3000,capsules,2026-08-09,2027-08-04
PHC-AS-DIB-957,Polyvalent Anti-Snake Venom (ASV),DRG-005,Antivenom,43,10,50,vials,2026-08-10,2027-07-14
PHC-AS-DIB-957,Salbutamol Nebules,DRG-006,Respiratory,395,50,500,ampoules,2026-08-08,2027-06-23
PHC-AS-DIB-957,Doxycycline 100mg,DRG-007,Antibiotic,1241,200,2000,tablets,2026-08-28,2027-08-10
PHC-AS-DIB-957,Iron Folic Acid tablets,DRG-008,Supplement,3321,500,5000,tablets,2026-09-13,2026-10-29
PHC-AS-DIB-957,Metformin 500mg,DRG-009,Anti-diabetic,2946,300,3000,tablets,2026-08-06,2027-03-03
PHC-AS-DIB-957,Amlodipine 5mg,DRG-010,Cardiovascular,1500,200,2000,tablets,2026-08-25,2026-12-30
PHC-AS-DIB-958,ORS Sachets,DRG-001,Essential,11,500,5000,sachets,2026-09-19,2027-07-11
PHC-AS-DIB-958,Zinc Sulfate 20mg,DRG-002,Essential,39,200,2000,tablets,2026-08-21,2027-01-28
PHC-AS-DIB-958,Paracetamol 500mg,DRG-003,Analgesic,152,1000,10000,tablets,2026-09-16,2027-09-27
PHC-AS-DIB-958,Amoxicillin 500mg,DRG-004,Antibiotic,44,300,3000,capsules,2026-08-08,2027-03-25
PHC-AS-DIB-958,Polyvalent Anti-Snake Venom (ASV),DRG-005,Antivenom,2,10,50,vials,2026-09-17,2027-04-20
PHC-AS-DIB-958,Salbutamol Nebules,DRG-006,Respiratory,6,50,500,ampoules,2026-08-20,2027-09-14
PHC-AS-DIB-958,Doxycycline 100mg,DRG-007,Antibiotic,40,200,2000,tablets,2026-08-12,2027-05-05
PHC-AS-DIB-958,Iron Folic Acid tablets,DRG-008,Supplement,79,500,5000,tablets,2026-09-18,2027-05-04
PHC-AS-DIB-958,Metformin 500mg,DRG-009,Anti-diabetic,37,300,3000,tablets,2026-08-26,2027-09-24
PHC-AS-DIB-958,Amlodipine 5mg,DRG-010,Cardiovascular,3,200,2000,tablets,2026-08-04,2027-02-11
PHC-AS-DIB-959,ORS Sachets,DRG-001,Essential,3659,500,5000,sachets,2026-08-28,2027-04-28
PHC-AS-DIB-959,Zinc Sulfate 20mg,DRG-002,Essential,1728,200,2000,tablets,2026-09-08,2027-07-15
PHC-AS-DIB-959,Paracetamol 500mg,DRG-003,Analgesic,6137,1000,10000,tablets,2026-08-02,2027-03-14
PHC-AS-DIB-959,Amoxicillin 500mg,DRG-004,Antibiotic,2316,300,3000,capsules,2026-09-02,2026-12-18
PHC-AS-DIB-959,Polyvalent Anti-Snake Venom (ASV),DRG-005,Antivenom,39,10,50,vials,2026-09-08,2027-05-15
PHC-AS-DIB-959,Salbutamol Nebules,DRG-006,Respiratory,354,50,500,ampoules,2026-08-06,2026-12-30
PHC-AS-DIB-959,Doxycycline 100mg,DRG-007,Antibiotic,1823,200,2000,tablets,2026-08-14,2027-04-23
PHC-AS-DIB-959,Iron Folic Acid tablets,DRG-008,Supplement,2814,500,5000,tablets,2026-08-11,2027-06-09
PHC-AS-DIB-959,Metformin 500mg,DRG-009,Anti-diabetic,2538,300,3000,tablets,2026-08-27,2027-03-16
PHC-AS-DIB-959,Amlodipine 5mg,DRG-010,Cardiovascular,1915,200,2000,tablets,2026-09-02,2027-05-06
PHC-AS-DIB-960,ORS Sachets,DRG-001,Essential,311,500,5000,sachets,2026-09-12,2027-01-16
PHC-AS-DIB-960,Zinc Sulfate 20mg,DRG-002,Essential,162,200,2000,tablets,2026-09-22,2027-07-31
PHC-AS-DIB-960,Paracetamol 500mg,DRG-003,Analgesic,470,1000,10000,tablets,2026-09-09,2027-03-04
PHC-AS-DIB-960,Amoxicillin 500mg,DRG-004,Antibiotic,67,300,3000,capsules,2026-08-08,2027-05-29
PHC-AS-DIB-960,Polyvalent Anti-Snake Venom (ASV),DRG-005,Antivenom,3,10,50,vials,2026-08-22,2027-09-23
PHC-AS-DIB-960,Salbutamol Nebules,DRG-006,Respiratory,40,50,500,ampoules,2026-09-18,2027-01-06
PHC-AS-DIB-960,Doxycycline 100mg,DRG-007,Antibiotic,73,200,2000,tablets,2026-09-05,2027-04-06
PHC-AS-DIB-960,Iron Folic Acid tablets,DRG-008,Supplement,70,500,5000,tablets,2026-09-18,2027-08-27
PHC-AS-DIB-960,Metformin 500mg,DRG-009,Anti-diabetic,104,300,3000,tablets,2026-08-06,2027-07-02
PHC-AS-DIB-960,Amlodipine 5mg,DRG-010,Cardiovascular,122,200,2000,tablets,2026-09-16,2027-07-07
PHC-AS-DIB-961,ORS Sachets,DRG-001,Essential,18,500,5000,sachets,2026-08-06,2027-04-22
PHC-AS-DIB-961,Zinc Sulfate 20mg,DRG-002,Essential,38,200,2000,tablets,2026-07-31,2027-07-25
PHC-AS-DIB-961,Paracetamol 500mg,DRG-003,Analgesic,2,1000,10000,tablets,2026-09-05,2027-01-03
PHC-AS-DIB-961,Amoxicillin 500mg,DRG-004,Antibiotic,43,300,3000,capsules,2026-08-09,2027-04-05
PHC-AS-DIB-961,Polyvalent Anti-Snake Venom (ASV),DRG-005,Antivenom,2,10,50,vials,2026-08-13,2027-04-21
PHC-AS-DIB-961,Salbutamol Nebules,DRG-006,Respiratory,8,50,500,ampoules,2026-08-20,2027-02-18
PHC-AS-DIB-961,Doxycycline 100mg,DRG-007,Antibiotic,37,200,2000,tablets,2026-08-17,2027-04-21
PHC-AS-DIB-961,Iron Folic Acid tablets,DRG-008,Supplement,64,500,5000,tablets,2026-08-14,2027-02-23
PHC-AS-DIB-961,Metformin 500mg,DRG-009,Anti-diabetic,57,300,3000,tablets,2026-09-14,2027-05-31
PHC-AS-DIB-961,Amlodipine 5mg,DRG-010,Cardiovascular,5,200,2000,tablets,2026-09-01,2027-06-27
PHC-AS-DIB-962,ORS Sachets,DRG-001,Essential,104,500,5000,sachets,2026-08-04,2026-11-10
PHC-AS-DIB-962,Zinc Sulfate 20mg,DRG-002,Essential,10,200,2000,tablets,2026-08-07,2027-01-21
PHC-AS-DIB-962,Paracetamol 500mg,DRG-003,Analgesic,447,1000,10000,tablets,2026-08-29,2027-09-15
PHC-AS-DIB-962,Amoxicillin 500mg,DRG-004,Antibiotic,146,300,3000,capsules,2026-08-05,2027-03-21
PHC-AS-DIB-962,Polyvalent Anti-Snake Venom (ASV),DRG-005,Antivenom,1,10,50,vials,2026-09-24,2027-04-03
PHC-AS-DIB-962,Salbutamol Nebules,DRG-006,Respiratory,46,50,500,ampoules,2026-08-31,2027-01-09
PHC-AS-DIB-962,Doxycycline 100mg,DRG-007,Antibiotic,60,200,2000,tablets,2026-08-26,2027-04-25
PHC-AS-DIB-962,Iron Folic Acid tablets,DRG-008,Supplement,314,500,5000,tablets,2026-08-29,2027-07-01
PHC-AS-DIB-962,Metformin 500mg,DRG-009,Anti-diabetic,245,300,3000,tablets,2026-09-11,2026-11-20
PHC-AS-DIB-962,Amlodipine 5mg,DRG-010,Cardiovascular,7,200,2000,tablets,2026-07-31,2027-03-01
PHC-AS-DIB-963,ORS Sachets,DRG-001,Essential,225,500,5000,sachets,2026-09-20,2026-12-17
PHC-AS-DIB-963,Zinc Sulfate 20mg,DRG-002,Essential,56,200,2000,tablets,2026-08-30,2027-06-17
PHC-AS-DIB-963,Paracetamol 500mg,DRG-003,Analgesic,144,1000,10000,tablets,2026-09-07,2027-02-24
PHC-AS-DIB-963,Amoxicillin 500mg,DRG-004,Antibiotic,56,300,3000,capsules,2026-08-15,2027-01-07
PHC-AS-DIB-963,Polyvalent Anti-Snake Venom (ASV),DRG-005,Antivenom,4,10,50,vials,2026-08-24,2027-07-08
PHC-AS-DIB-963,Salbutamol Nebules,DRG-006,Respiratory,24,50,500,ampoules,2026-09-21,2026-11-21
PHC-AS-DIB-963,Doxycycline 100mg,DRG-007,Antibiotic,140,200,2000,tablets,2026-08-15,2026-12-19
PHC-AS-DIB-963,Iron Folic Acid tablets,DRG-008,Supplement,37,500,5000,tablets,2026-09-24,2027-09-12
PHC-AS-DIB-963,Metformin 500mg,DRG-009,Anti-diabetic,77,300,3000,tablets,2026-08-06,2027-05-09
PHC-AS-DIB-963,Amlodipine 5mg,DRG-010,Cardiovascular,152,200,2000,tablets,2026-09-13,2027-07-29
PHC-AS-DIB-964,ORS Sachets,DRG-001,Essential,1062,500,5000,sachets,2026-09-22,2027-08-19
PHC-AS-DIB-964,Zinc Sulfate 20mg,DRG-002,Essential,1589,200,2000,tablets,2026-09-11,2027-06-18
PHC-AS-DIB-964,Paracetamol 500mg,DRG-003,Analgesic,3632,1000,10000,tablets,2026-08-20,2026-12-26
PHC-AS-DIB-964,Amoxicillin 500mg,DRG-004,Antibiotic,1942,300,3000,capsules,2026-09-15,2027-02-15
PHC-AS-DIB-964,Polyvalent Anti-Snake Venom (ASV),DRG-005,Antivenom,15,10,50,vials,2026-09-20,2026-12-09
PHC-AS-DIB-964,Salbutamol Nebules,DRG-006,Respiratory,97,50,500,ampoules,2026-08-26,2027-05-24
PHC-AS-DIB-964,Doxycycline 100mg,DRG-007,Antibiotic,1261,200,2000,tablets,2026-09-03,2027-09-24
PHC-AS-DIB-964,Iron Folic Acid tablets,DRG-008,Supplement,2065,500,5000,tablets,2026-08-25,2026-12-12
PHC-AS-DIB-964,Metformin 500mg,DRG-009,Anti-diabetic,2266,300,3000,tablets,2026-08-01,2027-05-31
PHC-AS-DIB-964,Amlodipine 5mg,DRG-010,Cardiovascular,634,200,2000,tablets,2026-08-13,2027-05-17
PHC-AS-DIB-965,ORS Sachets,DRG-001,Essential,3451,500,5000,sachets,2026-08-07,2026-11-20
PHC-AS-DIB-965,Zinc Sulfate 20mg,DRG-002,Essential,1072,200,2000,tablets,2026-09-15,2027-01-02
PHC-AS-DIB-965,Paracetamol 500mg,DRG-003,Analgesic,6258,1000,10000,tablets,2026-08-18,2027-07-10
PHC-AS-DIB-965,Amoxicillin 500mg,DRG-004,Antibiotic,1611,300,3000,capsules,2026-08-31,2026-12-18
PHC-AS-DIB-965,Polyvalent Anti-Snake Venom (ASV),DRG-005,Antivenom,23,10,50,vials,2026-09-10,2026-11-11
PHC-AS-DIB-965,Salbutamol Nebules,DRG-006,Respiratory,354,50,500,ampoules,2026-09-17,2027-08-14
PHC-AS-DIB-965,Doxycycline 100mg,DRG-007,Antibiotic,1806,200,2000,tablets,2026-08-05,2027-03-16
PHC-AS-DIB-965,Iron Folic Acid tablets,DRG-008,Supplement,1386,500,5000,tablets,2026-09-02,2027-08-28
PHC-AS-DIB-965,Metformin 500mg,DRG-009,Anti-diabetic,2569,300,3000,tablets,2026-09-01,2026-11-13
PHC-AS-DIB-965,Amlodipine 5mg,DRG-010,Cardiovascular,872,200,2000,tablets,2026-08-08,2027-03-18
PHC-AS-DIB-966,ORS Sachets,DRG-001,Essential,4315,500,5000,sachets,2026-08-30,2026-10-29
PHC-AS-DIB-966,Zinc Sulfate 20mg,DRG-002,Essential,1311,200,2000,tablets,2026-08-09,2027-04-12
PHC-AS-DIB-966,Paracetamol 500mg,DRG-003,Analgesic,4223,1000,10000,tablets,2026-08-16,2026-12-18
PHC-AS-DIB-966,Amoxicillin 500mg,DRG-004,Antibiotic,2455,300,3000,capsules,2026-08-26,2026-12-09
PHC-AS-DIB-966,Polyvalent Anti-Snake Venom (ASV),DRG-005,Antivenom,13,10,50,vials,2026-09-06,2026-11-07
PHC-AS-DIB-966,Salbutamol Nebules,DRG-006,Respiratory,348,50,500,ampoules,2026-08-22,2027-01-05
PHC-AS-DIB-966,Doxycycline 100mg,DRG-007,Antibiotic,1919,200,2000,tablets,2026-09-14,2027-03-11
PHC-AS-DIB-966,Iron Folic Acid tablets,DRG-008,Supplement,3526,500,5000,tablets,2026-09-03,2027-02-18
PHC-AS-DIB-966,Metformin 500mg,DRG-009,Anti-diabetic,1704,300,3000,tablets,2026-08-24,2027-08-11
PHC-AS-DIB-966,Amlodipine 5mg,DRG-010,Cardiovascular,361,200,2000,tablets,2026-08-29,2027-01-20
PHC-AS-JOR-967,ORS Sachets,DRG-001,Essential,443,500,5000,sachets,2026-08-03,2027-06-17
PHC-AS-JOR-967,Zinc Sulfate 20mg,DRG-002,Essential,147,200,2000,tablets,2026-09-20,2027-01-06
PHC-AS-JOR-967,Paracetamol 500mg,DRG-003,Analgesic,513,1000,10000,tablets,2026-09-22,2027-07-11
PHC-AS-JOR-967,Amoxicillin 500mg,DRG-004,Antibiotic,89,300,3000,capsules,2026-09-10,2027-06-15
PHC-AS-JOR-967,Polyvalent Anti-Snake Venom (ASV),DRG-005,Antivenom,3,10,50,vials,2026-09-11,2027-09-25
PHC-AS-JOR-967,Salbutamol Nebules,DRG-006,Respiratory,26,50,500,ampoules,2026-08-01,2027-07-28
PHC-AS-JOR-967,Doxycycline 100mg,DRG-007,Antibiotic,86,200,2000,tablets,2026-09-09,2027-08-01
PHC-AS-JOR-967,Iron Folic Acid tablets,DRG-008,Supplement,100,500,5000,tablets,2026-08-25,2026-12-04
PHC-AS-JOR-967,Metformin 500mg,DRG-009,Anti-diabetic,258,300,3000,tablets,2026-09-16,2027-05-04
PHC-AS-JOR-967,Amlodipine 5mg,DRG-010,Cardiovascular,168,200,2000,tablets,2026-09-13,2027-01-28
PHC-AS-JOR-968,ORS Sachets,DRG-001,Essential,3639,500,5000,sachets,2026-09-02,2027-09-21
PHC-AS-JOR-968,Zinc Sulfate 20mg,DRG-002,Essential,1770,200,2000,tablets,2026-08-08,2026-12-18
PHC-AS-JOR-968,Paracetamol 500mg,DRG-003,Analgesic,2569,1000,10000,tablets,2026-09-03,2027-09-25
PHC-AS-JOR-968,Amoxicillin 500mg,DRG-004,Antibiotic,1026,300,3000,capsules,2026-09-21,2027-05-22
PHC-AS-JOR-968,Polyvalent Anti-Snake Venom (ASV),DRG-005,Antivenom,44,10,50,vials,2026-08-30,2027-03-15
PHC-AS-JOR-968,Salbutamol Nebules,DRG-006,Respiratory,465,50,500,ampoules,2026-08-11,2027-06-26
PHC-AS-JOR-968,Doxycycline 100mg,DRG-007,Antibiotic,1376,200,2000,tablets,2026-09-09,2027-09-12
PHC-AS-JOR-968,Iron Folic Acid tablets,DRG-008,Supplement,4996,500,5000,tablets,2026-09-12,2027-03-14
PHC-AS-JOR-968,Metformin 500mg,DRG-009,Anti-diabetic,2857,300,3000,tablets,2026-09-12,2027-06-15
PHC-AS-JOR-968,Amlodipine 5mg,DRG-010,Cardiovascular,955,200,2000,tablets,2026-08-13,2027-08-06
PHC-AS-JOR-969,ORS Sachets,DRG-001,Essential,3100,500,5000,sachets,2026-07-31,2027-08-12
PHC-AS-JOR-969,Zinc Sulfate 20mg,DRG-002,Essential,1936,200,2000,tablets,2026-08-05,2027-04-27
PHC-AS-JOR-969,Paracetamol 500mg,DRG-003,Analgesic,9593,1000,10000,tablets,2026-08-08,2027-05-05
PHC-AS-JOR-969,Amoxicillin 500mg,DRG-004,Antibiotic,2238,300,3000,capsules,2026-08-27,2027-02-09
PHC-AS-JOR-969,Polyvalent Anti-Snake Venom (ASV),DRG-005,Antivenom,33,10,50,vials,2026-08-12,2026-12-18
PHC-AS-JOR-969,Salbutamol Nebules,DRG-006,Respiratory,483,50,500,ampoules,2026-09-11,2027-09-14
PHC-AS-JOR-969,Doxycycline 100mg,DRG-007,Antibiotic,529,200,2000,tablets,2026-08-28,2026-10-29
PHC-AS-JOR-969,Iron Folic Acid tablets,DRG-008,Supplement,3568,500,5000,tablets,2026-08-03,2027-05-24
PHC-AS-JOR-969,Metformin 500mg,DRG-009,Anti-diabetic,1478,300,3000,tablets,2026-07-31,2027-04-15
PHC-AS-JOR-969,Amlodipine 5mg,DRG-010,Cardiovascular,1221,200,2000,tablets,2026-09-14,2027-05-11
PHC-AS-JOR-970,ORS Sachets,DRG-001,Essential,494,500,5000,sachets,2026-09-18,2027-03-04
PHC-AS-JOR-970,Zinc Sulfate 20mg,DRG-002,Essential,144,200,2000,tablets,2026-09-10,2027-03-18
PHC-AS-JOR-970,Paracetamol 500mg,DRG-003,Analgesic,452,1000,10000,tablets,2026-08-31,2027-05-09
PHC-AS-JOR-970,Amoxicillin 500mg,DRG-004,Antibiotic,222,300,3000,capsules,2026-09-04,2027-03-05
PHC-AS-JOR-970,Polyvalent Anti-Snake Venom (ASV),DRG-005,Antivenom,7,10,50,vials,2026-09-24,2026-11-20
PHC-AS-JOR-970,Salbutamol Nebules,DRG-006,Respiratory,30,50,500,ampoules,2026-09-03,2027-06-19
PHC-AS-JOR-970,Doxycycline 100mg,DRG-007,Antibiotic,130,200,2000,tablets,2026-09-21,2027-04-24
PHC-AS-JOR-970,Iron Folic Acid tablets,DRG-008,Supplement,87,500,5000,tablets,2026-09-16,2027-08-16
PHC-AS-JOR-970,Metformin 500mg,DRG-009,Anti-diabetic,118,300,3000,tablets,2026-09-09,2027-09-02
PHC-AS-JOR-970,Amlodipine 5mg,DRG-010,Cardiovascular,50,200,2000,tablets,2026-08-30,2027-04-17
PHC-AS-JOR-971,ORS Sachets,DRG-001,Essential,36,500,5000,sachets,2026-08-13,2026-12-01
PHC-AS-JOR-971,Zinc Sulfate 20mg,DRG-002,Essential,177,200,2000,tablets,2026-08-08,2027-03-28
PHC-AS-JOR-971,Paracetamol 500mg,DRG-003,Analgesic,969,1000,10000,tablets,2026-08-01,2027-07-12
PHC-AS-JOR-971,Amoxicillin 500mg,DRG-004,Antibiotic,285,300,3000,capsules,2026-09-07,2026-12-30
PHC-AS-JOR-971,Polyvalent Anti-Snake Venom (ASV),DRG-005,Antivenom,4,10,50,vials,2026-08-29,2027-02-06
PHC-AS-JOR-971,Salbutamol Nebules,DRG-006,Respiratory,14,50,500,ampoules,2026-09-05,2027-05-12
PHC-AS-JOR-971,Doxycycline 100mg,DRG-007,Antibiotic,40,200,2000,tablets,2026-09-23,2027-03-26
PHC-AS-JOR-971,Iron Folic Acid tablets,DRG-008,Supplement,450,500,5000,tablets,2026-08-20,2026-12-21
PHC-AS-JOR-971,Metformin 500mg,DRG-009,Anti-diabetic,199,300,3000,tablets,2026-08-10,2027-09-12
PHC-AS-JOR-971,Amlodipine 5mg,DRG-010,Cardiovascular,108,200,2000,tablets,2026-08-19,2027-04-29
PHC-AS-JOR-972,ORS Sachets,DRG-001,Essential,2869,500,5000,sachets,2026-08-12,2027-08-13
PHC-AS-JOR-972,Zinc Sulfate 20mg,DRG-002,Essential,870,200,2000,tablets,2026-09-04,2027-03-12
PHC-AS-JOR-972,Paracetamol 500mg,DRG-003,Analgesic,9117,1000,10000,tablets,2026-08-27,2027-05-13
PHC-AS-JOR-972,Amoxicillin 500mg,DRG-004,Antibiotic,1075,300,3000,capsules,2026-08-26,2027-01-12
PHC-AS-JOR-972,Polyvalent Anti-Snake Venom (ASV),DRG-005,Antivenom,29,10,50,vials,2026-09-17,2027-06-03
PHC-AS-JOR-972,Salbutamol Nebules,DRG-006,Respiratory,478,50,500,ampoules,2026-08-28,2027-07-03
PHC-AS-JOR-972,Doxycycline 100mg,DRG-007,Antibiotic,1314,200,2000,tablets,2026-08-07,2027-07-15
PHC-AS-JOR-972,Iron Folic Acid tablets,DRG-008,Supplement,4241,500,5000,tablets,2026-08-29,2027-07-27
PHC-AS-JOR-972,Metformin 500mg,DRG-009,Anti-diabetic,750,300,3000,tablets,2026-08-13,2027-03-05
PHC-AS-JOR-972,Amlodipine 5mg,DRG-010,Cardiovascular,1265,200,2000,tablets,2026-08-23,2027-05-28
PHC-AS-JOR-973,ORS Sachets,DRG-001,Essential,4896,500,5000,sachets,2026-09-07,2027-06-18
PHC-AS-JOR-973,Zinc Sulfate 20mg,DRG-002,Essential,1557,200,2000,tablets,2026-08-08,2027-08-30
PHC-AS-JOR-973,Paracetamol 500mg,DRG-003,Analgesic,4550,1000,10000,tablets,2026-08-10,2027-07-08
PHC-AS-JOR-973,Amoxicillin 500mg,DRG-004,Antibiotic,2116,300,3000,capsules,2026-08-26,2027-03-24
PHC-AS-JOR-973,Polyvalent Anti-Snake Venom (ASV),DRG-005,Antivenom,39,10,50,vials,2026-08-30,2027-05-08
PHC-AS-JOR-973,Salbutamol Nebules,DRG-006,Respiratory,132,50,500,ampoules,2026-08-05,2027-06-19
PHC-AS-JOR-973,Doxycycline 100mg,DRG-007,Antibiotic,266,200,2000,tablets,2026-09-05,2027-01-29
PHC-AS-JOR-973,Iron Folic Acid tablets,DRG-008,Supplement,3086,500,5000,tablets,2026-09-08,2027-07-08
PHC-AS-JOR-973,Metformin 500mg,DRG-009,Anti-diabetic,685,300,3000,tablets,2026-09-11,2027-08-30
PHC-AS-JOR-973,Amlodipine 5mg,DRG-010,Cardiovascular,379,200,2000,tablets,2026-08-15,2026-12-01
PHC-AS-JOR-974,ORS Sachets,DRG-001,Essential,4028,500,5000,sachets,2026-09-06,2027-07-27
PHC-AS-JOR-974,Zinc Sulfate 20mg,DRG-002,Essential,1163,200,2000,tablets,2026-09-23,2027-09-13
PHC-AS-JOR-974,Paracetamol 500mg,DRG-003,Analgesic,1032,1000,10000,tablets,2026-08-01,2026-12-01
PHC-AS-JOR-974,Amoxicillin 500mg,DRG-004,Antibiotic,485,300,3000,capsules,2026-09-15,2027-08-30
PHC-AS-JOR-974,Polyvalent Anti-Snake Venom (ASV),DRG-005,Antivenom,25,10,50,vials,2026-09-06,2027-08-28
PHC-AS-JOR-974,Salbutamol Nebules,DRG-006,Respiratory,278,50,500,ampoules,2026-08-08,2026-11-01
PHC-AS-JOR-974,Doxycycline 100mg,DRG-007,Antibiotic,1938,200,2000,tablets,2026-08-16,2027-07-17
PHC-AS-JOR-974,Iron Folic Acid tablets,DRG-008,Supplement,1870,500,5000,tablets,2026-09-08,2027-01-21
PHC-AS-JOR-974,Metformin 500mg,DRG-009,Anti-diabetic,1468,300,3000,tablets,2026-09-01,2027-06-24
PHC-AS-JOR-974,Amlodipine 5mg,DRG-010,Cardiovascular,464,200,2000,tablets,2026-08-24,2027-05-04
PHC-AS-JOR-975,ORS Sachets,DRG-001,Essential,4537,500,5000,sachets,2026-08-05,2027-08-15
PHC-AS-JOR-975,Zinc Sulfate 20mg,DRG-002,Essential,1470,200,2000,tablets,2026-08-27,2026-12-16
PHC-AS-JOR-975,Paracetamol 500mg,DRG-003,Analgesic,8666,1000,10000,tablets,2026-08-20,2027-05-14
PHC-AS-JOR-975,Amoxicillin 500mg,DRG-004,Antibiotic,1089,300,3000,capsules,2026-09-06,2027-05-12
PHC-AS-JOR-975,Polyvalent Anti-Snake Venom (ASV),DRG-005,Antivenom,20,10,50,vials,2026-09-20,2027-08-19
PHC-AS-JOR-975,Salbutamol Nebules,DRG-006,Respiratory,447,50,500,ampoules,2026-08-09,2027-02-20
PHC-AS-JOR-975,Doxycycline 100mg,DRG-007,Antibiotic,829,200,2000,tablets,2026-09-20,2027-01-08
PHC-AS-JOR-975,Iron Folic Acid tablets,DRG-008,Supplement,2277,500,5000,tablets,2026-08-23,2026-12-13
PHC-AS-JOR-975,Metformin 500mg,DRG-009,Anti-diabetic,498,300,3000,tablets,2026-08-29,2027-08-22
PHC-AS-JOR-975,Amlodipine 5mg,DRG-010,Cardiovascular,878,200,2000,tablets,2026-09-09,2026-12-29
PHC-AS-JOR-976,ORS Sachets,DRG-001,Essential,4580,500,5000,sachets,2026-08-25,2026-12-28
PHC-AS-JOR-976,Zinc Sulfate 20mg,DRG-002,Essential,282,200,2000,tablets,2026-09-12,2027-04-16
PHC-AS-JOR-976,Paracetamol 500mg,DRG-003,Analgesic,9854,1000,10000,tablets,2026-08-08,2027-05-30
PHC-AS-JOR-976,Amoxicillin 500mg,DRG-004,Antibiotic,317,300,3000,capsules,2026-08-26,2026-12-17
PHC-AS-JOR-976,Polyvalent Anti-Snake Venom (ASV),DRG-005,Antivenom,32,10,50,vials,2026-09-19,2027-01-15
PHC-AS-JOR-976,Salbutamol Nebules,DRG-006,Respiratory,153,50,500,ampoules,2026-09-02,2027-05-10
PHC-AS-JOR-976,Doxycycline 100mg,DRG-007,Antibiotic,1887,200,2000,tablets,2026-08-25,2027-07-04
PHC-AS-JOR-976,Iron Folic Acid tablets,DRG-008,Supplement,4776,500,5000,tablets,2026-08-16,2027-08-26
PHC-AS-JOR-976,Metformin 500mg,DRG-009,Anti-diabetic,2424,300,3000,tablets,2026-08-05,2027-04-02
PHC-AS-JOR-976,Amlodipine 5mg,DRG-010,Cardiovascular,1146,200,2000,tablets,2026-09-06,2026-12-06
PHC-AS-JOR-977,ORS Sachets,DRG-001,Essential,1230,500,5000,sachets,2026-09-16,2027-08-14
PHC-AS-JOR-977,Zinc Sulfate 20mg,DRG-002,Essential,1083,200,2000,tablets,2026-08-27,2027-04-05
PHC-AS-JOR-977,Paracetamol 500mg,DRG-003,Analgesic,3224,1000,10000,tablets,2026-07-31,2027-07-31
PHC-AS-JOR-977,Amoxicillin 500mg,DRG-004,Antibiotic,2677,300,3000,capsules,2026-08-24,2027-09-17
PHC-AS-JOR-977,Polyvalent Anti-Snake Venom (ASV),DRG-005,Antivenom,48,10,50,vials,2026-08-24,2027-03-22
PHC-AS-JOR-977,Salbutamol Nebules,DRG-006,Respiratory,201,50,500,ampoules,2026-08-12,2027-03-16
PHC-AS-JOR-977,Doxycycline 100mg,DRG-007,Antibiotic,444,200,2000,tablets,2026-08-29,2027-09-25
PHC-AS-JOR-977,Iron Folic Acid tablets,DRG-008,Supplement,4233,500,5000,tablets,2026-08-25,2027-02-20
PHC-AS-JOR-977,Metformin 500mg,DRG-009,Anti-diabetic,1021,300,3000,tablets,2026-08-17,2027-05-23
PHC-AS-JOR-977,Amlodipine 5mg,DRG-010,Cardiovascular,956,200,2000,tablets,2026-08-11,2026-11-03
PHC-AS-JOR-978,ORS Sachets,DRG-001,Essential,3520,500,5000,sachets,2026-09-18,2027-02-23
PHC-AS-JOR-978,Zinc Sulfate 20mg,DRG-002,Essential,1521,200,2000,tablets,2026-09-02,2026-11-27
PHC-AS-JOR-978,Paracetamol 500mg,DRG-003,Analgesic,3436,1000,10000,tablets,2026-09-18,2027-08-29
PHC-AS-JOR-978,Amoxicillin 500mg,DRG-004,Antibiotic,1701,300,3000,capsules,2026-08-06,2027-04-04
PHC-AS-JOR-978,Polyvalent Anti-Snake Venom (ASV),DRG-005,Antivenom,14,10,50,vials,2026-08-22,2027-01-02
PHC-AS-JOR-978,Salbutamol Nebules,DRG-006,Respiratory,433,50,500,ampoules,2026-09-06,2027-08-23
PHC-AS-JOR-978,Doxycycline 100mg,DRG-007,Antibiotic,1966,200,2000,tablets,2026-09-08,2027-07-28
PHC-AS-JOR-978,Iron Folic Acid tablets,DRG-008,Supplement,4016,500,5000,tablets,2026-08-20,2026-11-06
PHC-AS-JOR-978,Metformin 500mg,DRG-009,Anti-diabetic,1419,300,3000,tablets,2026-08-26,2027-05-16
PHC-AS-JOR-978,Amlodipine 5mg,DRG-010,Cardiovascular,1646,200,2000,tablets,2026-08-25,2027-07-31
PHC-AS-JOR-979,ORS Sachets,DRG-001,Essential,2956,500,5000,sachets,2026-09-04,2027-07-01
PHC-AS-JOR-979,Zinc Sulfate 20mg,DRG-002,Essential,697,200,2000,tablets,2026-09-05,2027-05-10
PHC-AS-JOR-979,Paracetamol 500mg,DRG-003,Analgesic,9870,1000,10000,tablets,2026-08-11,2027-09-12
PHC-AS-JOR-979,Amoxicillin 500mg,DRG-004,Antibiotic,1458,300,3000,capsules,2026-08-28,2026-12-13
PHC-AS-JOR-979,Polyvalent Anti-Snake Venom (ASV),DRG-005,Antivenom,17,10,50,vials,2026-09-10,2027-07-22
PHC-AS-JOR-979,Salbutamol Nebules,DRG-006,Respiratory,236,50,500,ampoules,2026-08-04,2026-11-25
PHC-AS-JOR-979,Doxycycline 100mg,DRG-007,Antibiotic,1888,200,2000,tablets,2026-09-09,2027-03-03
PHC-AS-JOR-979,Iron Folic Acid tablets,DRG-008,Supplement,3996,500,5000,tablets,2026-09-17,2026-11-06
PHC-AS-JOR-979,Metformin 500mg,DRG-009,Anti-diabetic,901,300,3000,tablets,2026-08-16,2027-03-23
PHC-AS-JOR-979,Amlodipine 5mg,DRG-010,Cardiovascular,257,200,2000,tablets,2026-08-29,2027-07-23
PHC-AS-JOR-980,ORS Sachets,DRG-001,Essential,2946,500,5000,sachets,2026-08-08,2027-06-30
PHC-AS-JOR-980,Zinc Sulfate 20mg,DRG-002,Essential,919,200,2000,tablets,2026-08-17,2027-08-06
PHC-AS-JOR-980,Paracetamol 500mg,DRG-003,Analgesic,7829,1000,10000,tablets,2026-08-28,2027-02-12
PHC-AS-JOR-980,Amoxicillin 500mg,DRG-004,Antibiotic,899,300,3000,capsules,2026-08-08,2027-07-01
PHC-AS-JOR-980,Polyvalent Anti-Snake Venom (ASV),DRG-005,Antivenom,25,10,50,vials,2026-08-09,2027-07-16
PHC-AS-JOR-980,Salbutamol Nebules,DRG-006,Respiratory,428,50,500,ampoules,2026-09-02,2026-11-24
PHC-AS-JOR-980,Doxycycline 100mg,DRG-007,Antibiotic,1388,200,2000,tablets,2026-08-16,2027-02-23
PHC-AS-JOR-980,Iron Folic Acid tablets,DRG-008,Supplement,4271,500,5000,tablets,2026-09-20,2027-05-14
PHC-AS-JOR-980,Metformin 500mg,DRG-009,Anti-diabetic,2173,300,3000,tablets,2026-08-10,2027-05-26
PHC-AS-JOR-980,Amlodipine 5mg,DRG-010,Cardiovascular,1507,200,2000,tablets,2026-09-12,2027-07-19
PHC-AS-JOR-981,ORS Sachets,DRG-001,Essential,2794,500,5000,sachets,2026-09-18,2027-04-22
PHC-AS-JOR-981,Zinc Sulfate 20mg,DRG-002,Essential,1337,200,2000,tablets,2026-08-19,2026-11-04
PHC-AS-JOR-981,Paracetamol 500mg,DRG-003,Analgesic,3344,1000,10000,tablets,2026-08-24,2027-07-11
PHC-AS-JOR-981,Amoxicillin 500mg,DRG-004,Antibiotic,633,300,3000,capsules,2026-08-27,2027-04-11
PHC-AS-JOR-981,Polyvalent Anti-Snake Venom (ASV),DRG-005,Antivenom,47,10,50,vials,2026-08-01,2027-09-09
PHC-AS-JOR-981,Salbutamol Nebules,DRG-006,Respiratory,433,50,500,ampoules,2026-08-28,2027-07-12
PHC-AS-JOR-981,Doxycycline 100mg,DRG-007,Antibiotic,1649,200,2000,tablets,2026-08-19,2027-05-15
PHC-AS-JOR-981,Iron Folic Acid tablets,DRG-008,Supplement,3989,500,5000,tablets,2026-09-03,2027-07-18
PHC-AS-JOR-981,Metformin 500mg,DRG-009,Anti-diabetic,697,300,3000,tablets,2026-08-06,2027-02-06
PHC-AS-JOR-981,Amlodipine 5mg,DRG-010,Cardiovascular,1133,200,2000,tablets,2026-08-14,2026-12-18
PHC-AS-JOR-982,ORS Sachets,DRG-001,Essential,2015,500,5000,sachets,2026-08-01,2027-01-14
PHC-AS-JOR-982,Zinc Sulfate 20mg,DRG-002,Essential,1630,200,2000,tablets,2026-08-22,2027-08-13
PHC-AS-JOR-982,Paracetamol 500mg,DRG-003,Analgesic,2491,1000,10000,tablets,2026-07-31,2027-02-03
PHC-AS-JOR-982,Amoxicillin 500mg,DRG-004,Antibiotic,2247,300,3000,capsules,2026-08-12,2027-05-19
PHC-AS-JOR-982,Polyvalent Anti-Snake Venom (ASV),DRG-005,Antivenom,31,10,50,vials,2026-09-18,2027-01-03
PHC-AS-JOR-982,Salbutamol Nebules,DRG-006,Respiratory,277,50,500,ampoules,2026-09-19,2027-09-19
PHC-AS-JOR-982,Doxycycline 100mg,DRG-007,Antibiotic,768,200,2000,tablets,2026-08-14,2027-05-07
PHC-AS-JOR-982,Iron Folic Acid tablets,DRG-008,Supplement,4245,500,5000,tablets,2026-09-06,2026-11-04
PHC-AS-JOR-982,Metformin 500mg,DRG-009,Anti-diabetic,1714,300,3000,tablets,2026-08-30,2027-09-02
PHC-AS-JOR-982,Amlodipine 5mg,DRG-010,Cardiovascular,1997,200,2000,tablets,2026-08-16,2027-07-30
PHC-AS-JOR-983,ORS Sachets,DRG-001,Essential,3451,500,5000,sachets,2026-09-02,2026-11-24
PHC-AS-JOR-983,Zinc Sulfate 20mg,DRG-002,Essential,758,200,2000,tablets,2026-08-23,2026-12-25
PHC-AS-JOR-983,Paracetamol 500mg,DRG-003,Analgesic,8915,1000,10000,tablets,2026-09-04,2027-05-25
PHC-AS-JOR-983,Amoxicillin 500mg,DRG-004,Antibiotic,2107,300,3000,capsules,2026-09-16,2026-12-19
PHC-AS-JOR-983,Polyvalent Anti-Snake Venom (ASV),DRG-005,Antivenom,29,10,50,vials,2026-08-30,2027-06-22
PHC-AS-JOR-983,Salbutamol Nebules,DRG-006,Respiratory,457,50,500,ampoules,2026-08-22,2027-01-28
PHC-AS-JOR-983,Doxycycline 100mg,DRG-007,Antibiotic,1601,200,2000,tablets,2026-08-25,2027-01-07
PHC-AS-JOR-983,Iron Folic Acid tablets,DRG-008,Supplement,2721,500,5000,tablets,2026-09-01,2027-04-23
PHC-AS-JOR-983,Metformin 500mg,DRG-009,Anti-diabetic,708,300,3000,tablets,2026-08-09,2027-02-07
PHC-AS-JOR-983,Amlodipine 5mg,DRG-010,Cardiovascular,263,200,2000,tablets,2026-09-23,2026-12-21
PHC-AS-JOR-984,ORS Sachets,DRG-001,Essential,4184,500,5000,sachets,2026-09-07,2027-01-16
PHC-AS-JOR-984,Zinc Sulfate 20mg,DRG-002,Essential,1139,200,2000,tablets,2026-07-31,2027-01-20
PHC-AS-JOR-984,Paracetamol 500mg,DRG-003,Analgesic,9271,1000,10000,tablets,2026-09-05,2027-07-13
PHC-AS-JOR-984,Amoxicillin 500mg,DRG-004,Antibiotic,2336,300,3000,capsules,2026-08-25,2026-11-29
PHC-AS-JOR-984,Polyvalent Anti-Snake Venom (ASV),DRG-005,Antivenom,48,10,50,vials,2026-09-19,2027-08-13
PHC-AS-JOR-984,Salbutamol Nebules,DRG-006,Respiratory,283,50,500,ampoules,2026-09-14,2027-03-21
PHC-AS-JOR-984,Doxycycline 100mg,DRG-007,Antibiotic,602,200,2000,tablets,2026-08-26,2027-07-12
PHC-AS-JOR-984,Iron Folic Acid tablets,DRG-008,Supplement,1708,500,5000,tablets,2026-09-10,2027-03-22
PHC-AS-JOR-984,Metformin 500mg,DRG-009,Anti-diabetic,2351,300,3000,tablets,2026-09-17,2027-07-08
PHC-AS-JOR-984,Amlodipine 5mg,DRG-010,Cardiovascular,965,200,2000,tablets,2026-09-01,2026-12-03
PHC-AS-JOR-985,ORS Sachets,DRG-001,Essential,553,500,5000,sachets,2026-08-05,2027-06-27
PHC-AS-JOR-985,Zinc Sulfate 20mg,DRG-002,Essential,1285,200,2000,tablets,2026-09-16,2027-08-07
PHC-AS-JOR-985,Paracetamol 500mg,DRG-003,Analgesic,4676,1000,10000,tablets,2026-07-31,2027-01-10
PHC-AS-JOR-985,Amoxicillin 500mg,DRG-004,Antibiotic,558,300,3000,capsules,2026-08-07,2027-09-20
PHC-AS-JOR-985,Polyvalent Anti-Snake Venom (ASV),DRG-005,Antivenom,40,10,50,vials,2026-08-12,2027-08-16
PHC-AS-JOR-985,Salbutamol Nebules,DRG-006,Respiratory,176,50,500,ampoules,2026-09-02,2027-07-04
PHC-AS-JOR-985,Doxycycline 100mg,DRG-007,Antibiotic,459,200,2000,tablets,2026-09-09,2027-04-03
PHC-AS-JOR-985,Iron Folic Acid tablets,DRG-008,Supplement,4772,500,5000,tablets,2026-09-16,2027-06-06
PHC-AS-JOR-985,Metformin 500mg,DRG-009,Anti-diabetic,1299,300,3000,tablets,2026-09-12,2027-06-15
PHC-AS-JOR-985,Amlodipine 5mg,DRG-010,Cardiovascular,1040,200,2000,tablets,2026-09-06,2027-04-12
PHC-AS-JOR-986,ORS Sachets,DRG-001,Essential,825,500,5000,sachets,2026-08-10,2027-09-09
PHC-AS-JOR-986,Zinc Sulfate 20mg,DRG-002,Essential,242,200,2000,tablets,2026-08-01,2026-11-30
PHC-AS-JOR-986,Paracetamol 500mg,DRG-003,Analgesic,8571,1000,10000,tablets,2026-09-14,2027-09-19
PHC-AS-JOR-986,Amoxicillin 500mg,DRG-004,Antibiotic,2609,300,3000,capsules,2026-08-15,2026-11-20
PHC-AS-JOR-986,Polyvalent Anti-Snake Venom (ASV),DRG-005,Antivenom,39,10,50,vials,2026-08-15,2027-01-20
PHC-AS-JOR-986,Salbutamol Nebules,DRG-006,Respiratory,324,50,500,ampoules,2026-09-08,2027-04-15
PHC-AS-JOR-986,Doxycycline 100mg,DRG-007,Antibiotic,737,200,2000,tablets,2026-08-08,2027-07-22
PHC-AS-JOR-986,Iron Folic Acid tablets,DRG-008,Supplement,2821,500,5000,tablets,2026-08-28,2027-08-18
PHC-AS-JOR-986,Metformin 500mg,DRG-009,Anti-diabetic,1886,300,3000,tablets,2026-08-07,2027-05-11
PHC-AS-JOR-986,Amlodipine 5mg,DRG-010,Cardiovascular,362,200,2000,tablets,2026-09-01,2027-09-16
PHC-AS-JOR-987,ORS Sachets,DRG-001,Essential,4129,500,5000,sachets,2026-08-05,2027-05-27
PHC-AS-JOR-987,Zinc Sulfate 20mg,DRG-002,Essential,263,200,2000,tablets,2026-07-31,2026-12-18
PHC-AS-JOR-987,Paracetamol 500mg,DRG-003,Analgesic,3701,1000,10000,tablets,2026-08-31,2027-02-15
PHC-AS-JOR-987,Amoxicillin 500mg,DRG-004,Antibiotic,1327,300,3000,capsules,2026-09-10,2027-06-10
PHC-AS-JOR-987,Polyvalent Anti-Snake Venom (ASV),DRG-005,Antivenom,47,10,50,vials,2026-08-03,2027-04-16
PHC-AS-JOR-987,Salbutamol Nebules,DRG-006,Respiratory,305,50,500,ampoules,2026-08-20,2027-03-22
PHC-AS-JOR-987,Doxycycline 100mg,DRG-007,Antibiotic,1872,200,2000,tablets,2026-08-22,2027-05-12
PHC-AS-JOR-987,Iron Folic Acid tablets,DRG-008,Supplement,4253,500,5000,tablets,2026-09-20,2027-04-19
PHC-AS-JOR-987,Metformin 500mg,DRG-009,Anti-diabetic,1075,300,3000,tablets,2026-08-14,2027-05-31
PHC-AS-JOR-987,Amlodipine 5mg,DRG-010,Cardiovascular,571,200,2000,tablets,2026-09-12,2026-12-28
PHC-AS-SIL-988,ORS Sachets,DRG-001,Essential,217,500,5000,sachets,2026-08-19,2026-11-06
PHC-AS-SIL-988,Zinc Sulfate 20mg,DRG-002,Essential,40,200,2000,tablets,2026-09-17,2027-08-07
PHC-AS-SIL-988,Paracetamol 500mg,DRG-003,Analgesic,205,1000,10000,tablets,2026-09-20,2027-03-15
PHC-AS-SIL-988,Amoxicillin 500mg,DRG-004,Antibiotic,152,300,3000,capsules,2026-08-19,2027-09-14
PHC-AS-SIL-988,Polyvalent Anti-Snake Venom (ASV),DRG-005,Antivenom,5,10,50,vials,2026-08-13,2027-09-03
PHC-AS-SIL-988,Salbutamol Nebules,DRG-006,Respiratory,45,50,500,ampoules,2026-08-02,2027-08-08
PHC-AS-SIL-988,Doxycycline 100mg,DRG-007,Antibiotic,146,200,2000,tablets,2026-08-17,2027-08-30
PHC-AS-SIL-988,Iron Folic Acid tablets,DRG-008,Supplement,484,500,5000,tablets,2026-08-10,2027-08-16
PHC-AS-SIL-988,Metformin 500mg,DRG-009,Anti-diabetic,114,300,3000,tablets,2026-09-22,2027-05-26
PHC-AS-SIL-988,Amlodipine 5mg,DRG-010,Cardiovascular,170,200,2000,tablets,2026-09-07,2027-03-18
PHC-AS-SIL-989,ORS Sachets,DRG-001,Essential,93,500,5000,sachets,2026-08-05,2027-03-08
PHC-AS-SIL-989,Zinc Sulfate 20mg,DRG-002,Essential,30,200,2000,tablets,2026-08-14,2027-01-20
PHC-AS-SIL-989,Paracetamol 500mg,DRG-003,Analgesic,29,1000,10000,tablets,2026-08-22,2027-04-02
PHC-AS-SIL-989,Amoxicillin 500mg,DRG-004,Antibiotic,27,300,3000,capsules,2026-08-11,2027-04-17
PHC-AS-SIL-989,Polyvalent Anti-Snake Venom (ASV),DRG-005,Antivenom,0,10,50,vials,2026-08-21,2027-04-23
PHC-AS-SIL-989,Salbutamol Nebules,DRG-006,Respiratory,8,50,500,ampoules,2026-09-08,2027-07-13
PHC-AS-SIL-989,Doxycycline 100mg,DRG-007,Antibiotic,19,200,2000,tablets,2026-09-06,2027-09-11
PHC-AS-SIL-989,Iron Folic Acid tablets,DRG-008,Supplement,38,500,5000,tablets,2026-08-11,2027-06-06
PHC-AS-SIL-989,Metformin 500mg,DRG-009,Anti-diabetic,40,300,3000,tablets,2026-08-27,2027-09-25
PHC-AS-SIL-989,Amlodipine 5mg,DRG-010,Cardiovascular,7,200,2000,tablets,2026-09-12,2027-09-24
PHC-AS-SIL-990,ORS Sachets,DRG-001,Essential,52,500,5000,sachets,2026-09-12,2027-05-04
PHC-AS-SIL-990,Zinc Sulfate 20mg,DRG-002,Essential,82,200,2000,tablets,2026-08-16,2027-02-22
PHC-AS-SIL-990,Paracetamol 500mg,DRG-003,Analgesic,972,1000,10000,tablets,2026-09-20,2027-01-10
PHC-AS-SIL-990,Amoxicillin 500mg,DRG-004,Antibiotic,192,300,3000,capsules,2026-08-22,2027-04-25
PHC-AS-SIL-990,Polyvalent Anti-Snake Venom (ASV),DRG-005,Antivenom,8,10,50,vials,2026-08-11,2027-09-01
PHC-AS-SIL-990,Salbutamol Nebules,DRG-006,Respiratory,45,50,500,ampoules,2026-09-23,2027-03-16
PHC-AS-SIL-990,Doxycycline 100mg,DRG-007,Antibiotic,14,200,2000,tablets,2026-08-08,2027-04-11
PHC-AS-SIL-990,Iron Folic Acid tablets,DRG-008,Supplement,390,500,5000,tablets,2026-09-20,2027-08-28
PHC-AS-SIL-990,Metformin 500mg,DRG-009,Anti-diabetic,44,300,3000,tablets,2026-08-10,2027-04-11
PHC-AS-SIL-990,Amlodipine 5mg,DRG-010,Cardiovascular,4,200,2000,tablets,2026-09-09,2027-05-16
PHC-AS-SIL-991,ORS Sachets,DRG-001,Essential,100,500,5000,sachets,2026-09-06,2027-05-06
PHC-AS-SIL-991,Zinc Sulfate 20mg,DRG-002,Essential,15,200,2000,tablets,2026-08-07,2027-06-11
PHC-AS-SIL-991,Paracetamol 500mg,DRG-003,Analgesic,18,1000,10000,tablets,2026-09-15,2027-05-13
PHC-AS-SIL-991,Amoxicillin 500mg,DRG-004,Antibiotic,18,300,3000,capsules,2026-08-11,2027-09-01
PHC-AS-SIL-991,Polyvalent Anti-Snake Venom (ASV),DRG-005,Antivenom,1,10,50,vials,2026-09-08,2027-04-15
PHC-AS-SIL-991,Salbutamol Nebules,DRG-006,Respiratory,7,50,500,ampoules,2026-08-07,2027-03-29
PHC-AS-SIL-991,Doxycycline 100mg,DRG-007,Antibiotic,30,200,2000,tablets,2026-08-25,2027-03-06
PHC-AS-SIL-991,Iron Folic Acid tablets,DRG-008,Supplement,12,500,5000,tablets,2026-08-21,2027-03-08
PHC-AS-SIL-991,Metformin 500mg,DRG-009,Anti-diabetic,42,300,3000,tablets,2026-07-31,2026-11-29
PHC-AS-SIL-991,Amlodipine 5mg,DRG-010,Cardiovascular,10,200,2000,tablets,2026-09-14,2027-04-20
PHC-AS-SIL-992,ORS Sachets,DRG-001,Essential,1408,500,5000,sachets,2026-09-17,2026-10-30
PHC-AS-SIL-992,Zinc Sulfate 20mg,DRG-002,Essential,1266,200,2000,tablets,2026-09-24,2027-07-26
PHC-AS-SIL-992,Paracetamol 500mg,DRG-003,Analgesic,3255,1000,10000,tablets,2026-09-01,2027-08-14
PHC-AS-SIL-992,Amoxicillin 500mg,DRG-004,Antibiotic,1692,300,3000,capsules,2026-08-31,2026-12-12
PHC-AS-SIL-992,Polyvalent Anti-Snake Venom (ASV),DRG-005,Antivenom,34,10,50,vials,2026-08-16,2027-01-25
PHC-AS-SIL-992,Salbutamol Nebules,DRG-006,Respiratory,105,50,500,ampoules,2026-08-12,2027-06-29
PHC-AS-SIL-992,Doxycycline 100mg,DRG-007,Antibiotic,936,200,2000,tablets,2026-08-14,2027-01-13
PHC-AS-SIL-992,Iron Folic Acid tablets,DRG-008,Supplement,3299,500,5000,tablets,2026-08-10,2026-12-04
PHC-AS-SIL-992,Metformin 500mg,DRG-009,Anti-diabetic,2653,300,3000,tablets,2026-08-23,2026-11-29
PHC-AS-SIL-992,Amlodipine 5mg,DRG-010,Cardiovascular,712,200,2000,tablets,2026-09-14,2027-05-12
PHC-AS-SIL-993,ORS Sachets,DRG-001,Essential,62,500,5000,sachets,2026-09-21,2027-08-24
PHC-AS-SIL-993,Zinc Sulfate 20mg,DRG-002,Essential,12,200,2000,tablets,2026-08-11,2027-02-10
PHC-AS-SIL-993,Paracetamol 500mg,DRG-003,Analgesic,921,1000,10000,tablets,2026-08-21,2026-11-24
PHC-AS-SIL-993,Amoxicillin 500mg,DRG-004,Antibiotic,181,300,3000,capsules,2026-08-20,2027-05-06
PHC-AS-SIL-993,Polyvalent Anti-Snake Venom (ASV),DRG-005,Antivenom,10,10,50,vials,2026-08-15,2027-05-08
PHC-AS-SIL-993,Salbutamol Nebules,DRG-006,Respiratory,7,50,500,ampoules,2026-08-25,2027-02-17
PHC-AS-SIL-993,Doxycycline 100mg,DRG-007,Antibiotic,31,200,2000,tablets,2026-08-02,2027-05-09
PHC-AS-SIL-993,Iron Folic Acid tablets,DRG-008,Supplement,10,500,5000,tablets,2026-08-05,2026-12-16
PHC-AS-SIL-993,Metformin 500mg,DRG-009,Anti-diabetic,59,300,3000,tablets,2026-08-15,2026-12-11
PHC-AS-SIL-993,Amlodipine 5mg,DRG-010,Cardiovascular,199,200,2000,tablets,2026-09-14,2027-08-13
PHC-AS-SIL-994,ORS Sachets,DRG-001,Essential,194,500,5000,sachets,2026-08-19,2027-07-07
PHC-AS-SIL-994,Zinc Sulfate 20mg,DRG-002,Essential,100,200,2000,tablets,2026-08-02,2027-05-20
PHC-AS-SIL-994,Paracetamol 500mg,DRG-003,Analgesic,225,1000,10000,tablets,2026-09-20,2026-12-26
PHC-AS-SIL-994,Amoxicillin 500mg,DRG-004,Antibiotic,61,300,3000,capsules,2026-09-21,2027-03-30
PHC-AS-SIL-994,Polyvalent Anti-Snake Venom (ASV),DRG-005,Antivenom,8,10,50,vials,2026-09-15,2027-03-12
PHC-AS-SIL-994,Salbutamol Nebules,DRG-006,Respiratory,34,50,500,ampoules,2026-08-27,2027-03-09
PHC-AS-SIL-994,Doxycycline 100mg,DRG-007,Antibiotic,174,200,2000,tablets,2026-09-23,2027-02-11
PHC-AS-SIL-994,Iron Folic Acid tablets,DRG-008,Supplement,452,500,5000,tablets,2026-09-22,2026-11-15
PHC-AS-SIL-994,Metformin 500mg,DRG-009,Anti-diabetic,255,300,3000,tablets,2026-08-21,2027-03-05
PHC-AS-SIL-994,Amlodipine 5mg,DRG-010,Cardiovascular,182,200,2000,tablets,2026-08-07,2027-02-10
PHC-AS-SIL-995,ORS Sachets,DRG-001,Essential,1500,500,5000,sachets,2026-09-06,2027-09-12
PHC-AS-SIL-995,Zinc Sulfate 20mg,DRG-002,Essential,1670,200,2000,tablets,2026-08-16,2026-12-26
PHC-AS-SIL-995,Paracetamol 500mg,DRG-003,Analgesic,5895,1000,10000,tablets,2026-08-24,2026-11-28
PHC-AS-SIL-995,Amoxicillin 500mg,DRG-004,Antibiotic,713,300,3000,capsules,2026-08-13,2027-09-21
PHC-AS-SIL-995,Polyvalent Anti-Snake Venom (ASV),DRG-005,Antivenom,15,10,50,vials,2026-08-13,2027-01-25
PHC-AS-SIL-995,Salbutamol Nebules,DRG-006,Respiratory,105,50,500,ampoules,2026-08-14,2027-06-09
PHC-AS-SIL-995,Doxycycline 100mg,DRG-007,Antibiotic,701,200,2000,tablets,2026-09-03,2027-01-01
PHC-AS-SIL-995,Iron Folic Acid tablets,DRG-008,Supplement,2166,500,5000,tablets,2026-08-15,2027-05-10
PHC-AS-SIL-995,Metformin 500mg,DRG-009,Anti-diabetic,1942,300,3000,tablets,2026-08-04,2027-04-25
PHC-AS-SIL-995,Amlodipine 5mg,DRG-010,Cardiovascular,1190,200,2000,tablets,2026-08-02,2027-07-16
PHC-AS-SIL-996,ORS Sachets,DRG-001,Essential,311,500,5000,sachets,2026-08-02,2027-06-18
PHC-AS-SIL-996,Zinc Sulfate 20mg,DRG-002,Essential,103,200,2000,tablets,2026-08-20,2027-08-09
PHC-AS-SIL-996,Paracetamol 500mg,DRG-003,Analgesic,953,1000,10000,tablets,2026-09-23,2027-06-19
PHC-AS-SIL-996,Amoxicillin 500mg,DRG-004,Antibiotic,88,300,3000,capsules,2026-08-15,2027-06-28
PHC-AS-SIL-996,Polyvalent Anti-Snake Venom (ASV),DRG-005,Antivenom,2,10,50,vials,2026-09-23,2027-09-16
PHC-AS-SIL-996,Salbutamol Nebules,DRG-006,Respiratory,28,50,500,ampoules,2026-08-02,2026-11-15
PHC-AS-SIL-996,Doxycycline 100mg,DRG-007,Antibiotic,167,200,2000,tablets,2026-08-25,2027-02-09
PHC-AS-SIL-996,Iron Folic Acid tablets,DRG-008,Supplement,393,500,5000,tablets,2026-09-09,2027-07-15
PHC-AS-SIL-996,Metformin 500mg,DRG-009,Anti-diabetic,63,300,3000,tablets,2026-08-27,2026-12-23
PHC-AS-SIL-996,Amlodipine 5mg,DRG-010,Cardiovascular,166,200,2000,tablets,2026-08-04,2027-06-29
PHC-AS-SIL-997,ORS Sachets,DRG-001,Essential,332,500,5000,sachets,2026-08-09,2027-07-27
PHC-AS-SIL-997,Zinc Sulfate 20mg,DRG-002,Essential,133,200,2000,tablets,2026-08-15,2027-02-16
PHC-AS-SIL-997,Paracetamol 500mg,DRG-003,Analgesic,869,1000,10000,tablets,2026-08-01,2027-05-24
PHC-AS-SIL-997,Amoxicillin 500mg,DRG-004,Antibiotic,16,300,3000,capsules,2026-09-04,2027-03-10
PHC-AS-SIL-997,Polyvalent Anti-Snake Venom (ASV),DRG-005,Antivenom,9,10,50,vials,2026-08-11,2026-12-08
PHC-AS-SIL-997,Salbutamol Nebules,DRG-006,Respiratory,45,50,500,ampoules,2026-09-23,2027-05-07
PHC-AS-SIL-997,Doxycycline 100mg,DRG-007,Antibiotic,190,200,2000,tablets,2026-08-07,2027-08-27
PHC-AS-SIL-997,Iron Folic Acid tablets,DRG-008,Supplement,398,500,5000,tablets,2026-09-19,2027-05-17
PHC-AS-SIL-997,Metformin 500mg,DRG-009,Anti-diabetic,247,300,3000,tablets,2026-08-15,2027-01-22
PHC-AS-SIL-997,Amlodipine 5mg,DRG-010,Cardiovascular,144,200,2000,tablets,2026-08-25,2027-02-26
PHC-AS-SIL-998,ORS Sachets,DRG-001,Essential,147,500,5000,sachets,2026-08-16,2027-07-24
PHC-AS-SIL-998,Zinc Sulfate 20mg,DRG-002,Essential,162,200,2000,tablets,2026-09-03,2027-03-28
PHC-AS-SIL-998,Paracetamol 500mg,DRG-003,Analgesic,118,1000,10000,tablets,2026-08-27,2026-11-26
PHC-AS-SIL-998,Amoxicillin 500mg,DRG-004,Antibiotic,94,300,3000,capsules,2026-09-21,2027-08-27
PHC-AS-SIL-998,Polyvalent Anti-Snake Venom (ASV),DRG-005,Antivenom,10,10,50,vials,2026-08-30,2027-02-14
PHC-AS-SIL-998,Salbutamol Nebules,DRG-006,Respiratory,3,50,500,ampoules,2026-08-01,2027-02-24
PHC-AS-SIL-998,Doxycycline 100mg,DRG-007,Antibiotic,54,200,2000,tablets,2026-09-12,2027-01-22
PHC-AS-SIL-998,Iron Folic Acid tablets,DRG-008,Supplement,180,500,5000,tablets,2026-08-04,2027-06-04
PHC-AS-SIL-998,Metformin 500mg,DRG-009,Anti-diabetic,184,300,3000,tablets,2026-09-15,2027-05-04
PHC-AS-SIL-998,Amlodipine 5mg,DRG-010,Cardiovascular,104,200,2000,tablets,2026-08-01,2027-05-16
PHC-AS-SIL-999,ORS Sachets,DRG-001,Essential,4422,500,5000,sachets,2026-09-16,2026-10-31
PHC-AS-SIL-999,Zinc Sulfate 20mg,DRG-002,Essential,998,200,2000,tablets,2026-08-10,2027-05-02
PHC-AS-SIL-999,Paracetamol 500mg,DRG-003,Analgesic,8058,1000,10000,tablets,2026-08-24,2026-11-13
PHC-AS-SIL-999,Amoxicillin 500mg,DRG-004,Antibiotic,1427,300,3000,capsules,2026-08-15,2027-08-04
PHC-AS-SIL-999,Polyvalent Anti-Snake Venom (ASV),DRG-005,Antivenom,20,10,50,vials,2026-09-07,2027-01-08
PHC-AS-SIL-999,Salbutamol Nebules,DRG-006,Respiratory,253,50,500,ampoules,2026-08-19,2027-08-07
PHC-AS-SIL-999,Doxycycline 100mg,DRG-007,Antibiotic,663,200,2000,tablets,2026-09-19,2027-06-03
PHC-AS-SIL-999,Iron Folic Acid tablets,DRG-008,Supplement,3685,500,5000,tablets,2026-08-20,2027-07-26
PHC-AS-SIL-999,Metformin 500mg,DRG-009,Anti-diabetic,1848,300,3000,tablets,2026-09-05,2027-03-14
PHC-AS-SIL-999,Amlodipine 5mg,DRG-010,Cardiovascular,1892,200,2000,tablets,2026-08-13,2027-09-17
PHC-AS-SIL-1000,ORS Sachets,DRG-001,Essential,444,500,5000,sachets,2026-08-03,2027-05-21
PHC-AS-SIL-1000,Zinc Sulfate 20mg,DRG-002,Essential,8,200,2000,tablets,2026-08-31,2027-01-10
PHC-AS-SIL-1000,Paracetamol 500mg,DRG-003,Analgesic,925,1000,10000,tablets,2026-09-16,2026-12-06
PHC-AS-SIL-1000,Amoxicillin 500mg,DRG-004,Antibiotic,293,300,3000,capsules,2026-09-04,2027-04-27
PHC-AS-SIL-1000,Polyvalent Anti-Snake Venom (ASV),DRG-005,Antivenom,1,10,50,vials,2026-09-16,2027-06-08
PHC-AS-SIL-1000,Salbutamol Nebules,DRG-006,Respiratory,43,50,500,ampoules,2026-08-07,2027-01-10
PHC-AS-SIL-1000,Doxycycline 100mg,DRG-007,Antibiotic,154,200,2000,tablets,2026-09-16,2027-08-17
PHC-AS-SIL-1000,Iron Folic Acid tablets,DRG-008,Supplement,23,500,5000,tablets,2026-08-09,2026-11-04
PHC-AS-SIL-1000,Metformin 500mg,DRG-009,Anti-diabetic,59,300,3000,tablets,2026-09-17,2027-01-13
PHC-AS-SIL-1000,Amlodipine 5mg,DRG-010,Cardiovascular,38,200,2000,tablets,2026-09-01,2026-11-24
PHC-AS-SIL-1001,ORS Sachets,DRG-001,Essential,68,500,5000,sachets,2026-09-19,2027-06-21
PHC-AS-SIL-1001,Zinc Sulfate 20mg,DRG-002,Essential,30,200,2000,tablets,2026-09-14,2027-02-02
PHC-AS-SIL-1001,Paracetamol 500mg,DRG-003,Analgesic,107,1000,10000,tablets,2026-08-07,2027-06-09
PHC-AS-SIL-1001,Amoxicillin 500mg,DRG-004,Antibiotic,45,300,3000,capsules,2026-09-12,2026-12-20
PHC-AS-SIL-1001,Polyvalent Anti-Snake Venom (ASV),DRG-005,Antivenom,1,10,50,vials,2026-09-22,2027-05-03
PHC-AS-SIL-1001,Salbutamol Nebules,DRG-006,Respiratory,1,50,500,ampoules,2026-08-28,2026-12-13
PHC-AS-SIL-1001,Doxycycline 100mg,DRG-007,Antibiotic,18,200,2000,tablets,2026-09-18,2027-01-03
PHC-AS-SIL-1001,Iron Folic Acid tablets,DRG-008,Supplement,93,500,5000,tablets,2026-07-31,2027-03-16
PHC-AS-SIL-1001,Metformin 500mg,DRG-009,Anti-diabetic,38,300,3000,tablets,2026-09-05,2027-07-08
PHC-AS-SIL-1001,Amlodipine 5mg,DRG-010,Cardiovascular,34,200,2000,tablets,2026-08-29,2027-07-14
PHC-AS-SIL-1002,ORS Sachets,DRG-001,Essential,2592,500,5000,sachets,2026-09-13,2027-09-24
PHC-AS-SIL-1002,Zinc Sulfate 20mg,DRG-002,Essential,477,200,2000,tablets,2026-08-08,2027-06-07
PHC-AS-SIL-1002,Paracetamol 500mg,DRG-003,Analgesic,7077,1000,10000,tablets,2026-08-28,2026-12-12
PHC-AS-SIL-1002,Amoxicillin 500mg,DRG-004,Antibiotic,1724,300,3000,capsules,2026-09-13,2027-03-23
PHC-AS-SIL-1002,Polyvalent Anti-Snake Venom (ASV),DRG-005,Antivenom,48,10,50,vials,2026-09-03,2027-01-01
PHC-AS-SIL-1002,Salbutamol Nebules,DRG-006,Respiratory,285,50,500,ampoules,2026-08-10,2027-01-12
PHC-AS-SIL-1002,Doxycycline 100mg,DRG-007,Antibiotic,642,200,2000,tablets,2026-09-20,2026-11-29
PHC-AS-SIL-1002,Iron Folic Acid tablets,DRG-008,Supplement,1580,500,5000,tablets,2026-08-23,2027-04-22
PHC-AS-SIL-1002,Metformin 500mg,DRG-009,Anti-diabetic,887,300,3000,tablets,2026-08-26,2026-11-11
PHC-AS-SIL-1002,Amlodipine 5mg,DRG-010,Cardiovascular,1677,200,2000,tablets,2026-08-03,2027-09-14
PHC-AS-SIL-1003,ORS Sachets,DRG-001,Essential,1891,500,5000,sachets,2026-09-15,2027-07-09
PHC-AS-SIL-1003,Zinc Sulfate 20mg,DRG-002,Essential,1001,200,2000,tablets,2026-09-18,2026-11-30
PHC-AS-SIL-1003,Paracetamol 500mg,DRG-003,Analgesic,4613,1000,10000,tablets,2026-09-10,2027-08-30
PHC-AS-SIL-1003,Amoxicillin 500mg,DRG-004,Antibiotic,391,300,3000,capsules,2026-09-10,2027-08-01
PHC-AS-SIL-1003,Polyvalent Anti-Snake Venom (ASV),DRG-005,Antivenom,46,10,50,vials,2026-08-22,2026-12-18
PHC-AS-SIL-1003,Salbutamol Nebules,DRG-006,Respiratory,233,50,500,ampoules,2026-08-04,2026-11-22
PHC-AS-SIL-1003,Doxycycline 100mg,DRG-007,Antibiotic,1616,200,2000,tablets,2026-08-08,2027-08-12
PHC-AS-SIL-1003,Iron Folic Acid tablets,DRG-008,Supplement,3603,500,5000,tablets,2026-08-11,2027-08-22
PHC-AS-SIL-1003,Metformin 500mg,DRG-009,Anti-diabetic,1837,300,3000,tablets,2026-08-31,2027-08-12
PHC-AS-SIL-1003,Amlodipine 5mg,DRG-010,Cardiovascular,747,200,2000,tablets,2026-08-24,2027-09-17
PHC-AS-SIL-1004,ORS Sachets,DRG-001,Essential,32,500,5000,sachets,2026-08-06,2027-09-13
PHC-AS-SIL-1004,Zinc Sulfate 20mg,DRG-002,Essential,9,200,2000,tablets,2026-08-20,2026-11-21
PHC-AS-SIL-1004,Paracetamol 500mg,DRG-003,Analgesic,165,1000,10000,tablets,2026-09-05,2027-02-09
PHC-AS-SIL-1004,Amoxicillin 500mg,DRG-004,Antibiotic,50,300,3000,capsules,2026-08-29,2026-12-03
PHC-AS-SIL-1004,Polyvalent Anti-Snake Venom (ASV),DRG-005,Antivenom,2,10,50,vials,2026-08-09,2026-12-04
PHC-AS-SIL-1004,Salbutamol Nebules,DRG-006,Respiratory,0,50,500,ampoules,2026-09-16,2027-08-16
PHC-AS-SIL-1004,Doxycycline 100mg,DRG-007,Antibiotic,11,200,2000,tablets,2026-09-22,2027-04-24
PHC-AS-SIL-1004,Iron Folic Acid tablets,DRG-008,Supplement,8,500,5000,tablets,2026-09-23,2027-05-16
PHC-AS-SIL-1004,Metformin 500mg,DRG-009,Anti-diabetic,22,300,3000,tablets,2026-09-18,2027-08-25
PHC-AS-SIL-1004,Amlodipine 5mg,DRG-010,Cardiovascular,10,200,2000,tablets,2026-09-18,2027-06-30
PHC-AS-SIL-1005,ORS Sachets,DRG-001,Essential,2637,500,5000,sachets,2026-08-08,2027-09-12
PHC-AS-SIL-1005,Zinc Sulfate 20mg,DRG-002,Essential,318,200,2000,tablets,2026-08-05,2027-04-29
PHC-AS-SIL-1005,Paracetamol 500mg,DRG-003,Analgesic,3557,1000,10000,tablets,2026-08-31,2026-11-27
PHC-AS-SIL-1005,Amoxicillin 500mg,DRG-004,Antibiotic,2574,300,3000,capsules,2026-09-20,2026-12-08
PHC-AS-SIL-1005,Polyvalent Anti-Snake Venom (ASV),DRG-005,Antivenom,46,10,50,vials,2026-09-08,2027-06-20
PHC-AS-SIL-1005,Salbutamol Nebules,DRG-006,Respiratory,473,50,500,ampoules,2026-08-28,2027-05-08
PHC-AS-SIL-1005,Doxycycline 100mg,DRG-007,Antibiotic,751,200,2000,tablets,2026-08-01,2027-06-13
PHC-AS-SIL-1005,Iron Folic Acid tablets,DRG-008,Supplement,1695,500,5000,tablets,2026-08-08,2027-03-03
PHC-AS-SIL-1005,Metformin 500mg,DRG-009,Anti-diabetic,1529,300,3000,tablets,2026-08-21,2027-05-10
PHC-AS-SIL-1005,Amlodipine 5mg,DRG-010,Cardiovascular,1459,200,2000,tablets,2026-09-12,2027-04-08
PHC-AS-SIL-1006,ORS Sachets,DRG-001,Essential,3158,500,5000,sachets,2026-08-30,2027-03-12
PHC-AS-SIL-1006,Zinc Sulfate 20mg,DRG-002,Essential,1398,200,2000,tablets,2026-08-27,2026-12-09
PHC-AS-SIL-1006,Paracetamol 500mg,DRG-003,Analgesic,4798,1000,10000,tablets,2026-08-26,2027-07-29
PHC-AS-SIL-1006,Amoxicillin 500mg,DRG-004,Antibiotic,2666,300,3000,capsules,2026-09-01,2027-02-28
PHC-AS-SIL-1006,Polyvalent Anti-Snake Venom (ASV),DRG-005,Antivenom,28,10,50,vials,2026-09-24,2027-09-10
PHC-AS-SIL-1006,Salbutamol Nebules,DRG-006,Respiratory,362,50,500,ampoules,2026-08-21,2026-11-18
PHC-AS-SIL-1006,Doxycycline 100mg,DRG-007,Antibiotic,1037,200,2000,tablets,2026-08-19,2027-04-30
PHC-AS-SIL-1006,Iron Folic Acid tablets,DRG-008,Supplement,2123,500,5000,tablets,2026-08-13,2027-02-26
PHC-AS-SIL-1006,Metformin 500mg,DRG-009,Anti-diabetic,2703,300,3000,tablets,2026-09-20,2027-03-24
PHC-AS-SIL-1006,Amlodipine 5mg,DRG-010,Cardiovascular,694,200,2000,tablets,2026-09-23,2026-12-13
PHC-AS-SIL-1007,ORS Sachets,DRG-001,Essential,266,500,5000,sachets,2026-09-15,2027-06-30
PHC-AS-SIL-1007,Zinc Sulfate 20mg,DRG-002,Essential,52,200,2000,tablets,2026-08-12,2026-12-18
PHC-AS-SIL-1007,Paracetamol 500mg,DRG-003,Analgesic,705,1000,10000,tablets,2026-08-22,2027-08-10
PHC-AS-SIL-1007,Amoxicillin 500mg,DRG-004,Antibiotic,30,300,3000,capsules,2026-08-18,2027-06-06
PHC-AS-SIL-1007,Polyvalent Anti-Snake Venom (ASV),DRG-005,Antivenom,2,10,50,vials,2026-08-06,2027-01-22
PHC-AS-SIL-1007,Salbutamol Nebules,DRG-006,Respiratory,39,50,500,ampoules,2026-09-03,2027-03-18
PHC-AS-SIL-1007,Doxycycline 100mg,DRG-007,Antibiotic,145,200,2000,tablets,2026-08-13,2027-08-21
PHC-AS-SIL-1007,Iron Folic Acid tablets,DRG-008,Supplement,66,500,5000,tablets,2026-08-18,2027-02-20
PHC-AS-SIL-1007,Metformin 500mg,DRG-009,Anti-diabetic,85,300,3000,tablets,2026-08-28,2027-05-20
PHC-AS-SIL-1007,Amlodipine 5mg,DRG-010,Cardiovascular,200,200,2000,tablets,2026-09-13,2026-11-06
PHC-AS-SIL-1008,ORS Sachets,DRG-001,Essential,125,500,5000,sachets,2026-08-13,2027-05-04
PHC-AS-SIL-1008,Zinc Sulfate 20mg,DRG-002,Essential,66,200,2000,tablets,2026-08-07,2027-09-19
PHC-AS-SIL-1008,Paracetamol 500mg,DRG-003,Analgesic,558,1000,10000,tablets,2026-09-24,2027-01-14
PHC-AS-SIL-1008,Amoxicillin 500mg,DRG-004,Antibiotic,94,300,3000,capsules,2026-09-02,2027-09-25
PHC-AS-SIL-1008,Polyvalent Anti-Snake Venom (ASV),DRG-005,Antivenom,4,10,50,vials,2026-09-10,2027-08-03
PHC-AS-SIL-1008,Salbutamol Nebules,DRG-006,Respiratory,34,50,500,ampoules,2026-09-17,2027-05-01
PHC-AS-SIL-1008,Doxycycline 100mg,DRG-007,Antibiotic,70,200,2000,tablets,2026-09-09,2027-01-14
PHC-AS-SIL-1008,Iron Folic Acid tablets,DRG-008,Supplement,166,500,5000,tablets,2026-08-25,2027-08-17
PHC-AS-SIL-1008,Metformin 500mg,DRG-009,Anti-diabetic,160,300,3000,tablets,2026-08-26,2027-02-22
PHC-AS-SIL-1008,Amlodipine 5mg,DRG-010,Cardiovascular,101,200,2000,tablets,2026-08-16,2027-02-16
PHC-AS-TEZ-1009,ORS Sachets,DRG-001,Essential,461,500,5000,sachets,2026-09-13,2026-12-15
PHC-AS-TEZ-1009,Zinc Sulfate 20mg,DRG-002,Essential,53,200,2000,tablets,2026-08-21,2027-01-15
PHC-AS-TEZ-1009,Paracetamol 500mg,DRG-003,Analgesic,762,1000,10000,tablets,2026-09-17,2027-02-23
PHC-AS-TEZ-1009,Amoxicillin 500mg,DRG-004,Antibiotic,26,300,3000,capsules,2026-09-15,2027-09-21
PHC-AS-TEZ-1009,Polyvalent Anti-Snake Venom (ASV),DRG-005,Antivenom,2,10,50,vials,2026-08-07,2027-01-03
PHC-AS-TEZ-1009,Salbutamol Nebules,DRG-006,Respiratory,26,50,500,ampoules,2026-08-05,2026-12-03
PHC-AS-TEZ-1009,Doxycycline 100mg,DRG-007,Antibiotic,35,200,2000,tablets,2026-09-21,2026-10-30
PHC-AS-TEZ-1009,Iron Folic Acid tablets,DRG-008,Supplement,30,500,5000,tablets,2026-09-20,2027-07-31
PHC-AS-TEZ-1009,Metformin 500mg,DRG-009,Anti-diabetic,266,300,3000,tablets,2026-08-30,2027-03-04
PHC-AS-TEZ-1009,Amlodipine 5mg,DRG-010,Cardiovascular,37,200,2000,tablets,2026-09-13,2026-11-24
PHC-AS-TEZ-1010,ORS Sachets,DRG-001,Essential,1087,500,5000,sachets,2026-08-28,2027-02-12
PHC-AS-TEZ-1010,Zinc Sulfate 20mg,DRG-002,Essential,756,200,2000,tablets,2026-09-18,2027-07-28
PHC-AS-TEZ-1010,Paracetamol 500mg,DRG-003,Analgesic,8798,1000,10000,tablets,2026-09-04,2027-03-08
PHC-AS-TEZ-1010,Amoxicillin 500mg,DRG-004,Antibiotic,496,300,3000,capsules,2026-09-01,2027-09-01
PHC-AS-TEZ-1010,Polyvalent Anti-Snake Venom (ASV),DRG-005,Antivenom,29,10,50,vials,2026-09-23,2027-07-03
PHC-AS-TEZ-1010,Salbutamol Nebules,DRG-006,Respiratory,195,50,500,ampoules,2026-08-28,2027-06-19
PHC-AS-TEZ-1010,Doxycycline 100mg,DRG-007,Antibiotic,1534,200,2000,tablets,2026-09-07,2027-05-19
PHC-AS-TEZ-1010,Iron Folic Acid tablets,DRG-008,Supplement,4319,500,5000,tablets,2026-09-11,2027-09-21
PHC-AS-TEZ-1010,Metformin 500mg,DRG-009,Anti-diabetic,2267,300,3000,tablets,2026-08-07,2027-07-07
PHC-AS-TEZ-1010,Amlodipine 5mg,DRG-010,Cardiovascular,1870,200,2000,tablets,2026-09-07,2027-08-09
PHC-AS-TEZ-1011,ORS Sachets,DRG-001,Essential,221,500,5000,sachets,2026-08-05,2027-08-22
PHC-AS-TEZ-1011,Zinc Sulfate 20mg,DRG-002,Essential,181,200,2000,tablets,2026-09-19,2027-03-09
PHC-AS-TEZ-1011,Paracetamol 500mg,DRG-003,Analgesic,126,1000,10000,tablets,2026-08-09,2027-01-15
PHC-AS-TEZ-1011,Amoxicillin 500mg,DRG-004,Antibiotic,299,300,3000,capsules,2026-09-03,2027-02-03
PHC-AS-TEZ-1011,Polyvalent Anti-Snake Venom (ASV),DRG-005,Antivenom,1,10,50,vials,2026-09-24,2026-11-16
PHC-AS-TEZ-1011,Salbutamol Nebules,DRG-006,Respiratory,27,50,500,ampoules,2026-08-09,2027-06-01
PHC-AS-TEZ-1011,Doxycycline 100mg,DRG-007,Antibiotic,78,200,2000,tablets,2026-08-06,2027-04-17
PHC-AS-TEZ-1011,Iron Folic Acid tablets,DRG-008,Supplement,73,500,5000,tablets,2026-08-25,2026-11-12
PHC-AS-TEZ-1011,Metformin 500mg,DRG-009,Anti-diabetic,224,300,3000,tablets,2026-08-23,2027-08-31
PHC-AS-TEZ-1011,Amlodipine 5mg,DRG-010,Cardiovascular,188,200,2000,tablets,2026-09-24,2027-01-05
PHC-AS-TEZ-1012,ORS Sachets,DRG-001,Essential,92,500,5000,sachets,2026-09-10,2027-03-10
PHC-AS-TEZ-1012,Zinc Sulfate 20mg,DRG-002,Essential,117,200,2000,tablets,2026-08-15,2027-03-29
PHC-AS-TEZ-1012,Paracetamol 500mg,DRG-003,Analgesic,145,1000,10000,tablets,2026-08-07,2027-01-31
PHC-AS-TEZ-1012,Amoxicillin 500mg,DRG-004,Antibiotic,149,300,3000,capsules,2026-09-23,2027-06-07
PHC-AS-TEZ-1012,Polyvalent Anti-Snake Venom (ASV),DRG-005,Antivenom,1,10,50,vials,2026-09-01,2027-07-26
PHC-AS-TEZ-1012,Salbutamol Nebules,DRG-006,Respiratory,1,50,500,ampoules,2026-08-30,2027-09-28
PHC-AS-TEZ-1012,Doxycycline 100mg,DRG-007,Antibiotic,119,200,2000,tablets,2026-08-04,2027-08-09
PHC-AS-TEZ-1012,Iron Folic Acid tablets,DRG-008,Supplement,435,500,5000,tablets,2026-08-11,2027-05-13
PHC-AS-TEZ-1012,Metformin 500mg,DRG-009,Anti-diabetic,273,300,3000,tablets,2026-08-16,2027-09-12
PHC-AS-TEZ-1012,Amlodipine 5mg,DRG-010,Cardiovascular,59,200,2000,tablets,2026-09-16,2027-06-27
PHC-AS-TEZ-1013,ORS Sachets,DRG-001,Essential,2226,500,5000,sachets,2026-08-25,2027-06-16
PHC-AS-TEZ-1013,Zinc Sulfate 20mg,DRG-002,Essential,673,200,2000,tablets,2026-08-07,2027-01-10
PHC-AS-TEZ-1013,Paracetamol 500mg,DRG-003,Analgesic,9385,1000,10000,tablets,2026-08-02,2027-04-24
PHC-AS-TEZ-1013,Amoxicillin 500mg,DRG-004,Antibiotic,1736,300,3000,capsules,2026-08-01,2027-02-04
PHC-AS-TEZ-1013,Polyvalent Anti-Snake Venom (ASV),DRG-005,Antivenom,21,10,50,vials,2026-09-07,2026-11-26
PHC-AS-TEZ-1013,Salbutamol Nebules,DRG-006,Respiratory,365,50,500,ampoules,2026-08-07,2027-02-01
PHC-AS-TEZ-1013,Doxycycline 100mg,DRG-007,Antibiotic,1468,200,2000,tablets,2026-08-24,2027-07-27
PHC-AS-TEZ-1013,Iron Folic Acid tablets,DRG-008,Supplement,1369,500,5000,tablets,2026-09-07,2026-10-30
PHC-AS-TEZ-1013,Metformin 500mg,DRG-009,Anti-diabetic,1807,300,3000,tablets,2026-08-24,2027-01-20
PHC-AS-TEZ-1013,Amlodipine 5mg,DRG-010,Cardiovascular,1352,200,2000,tablets,2026-08-28,2027-02-02
PHC-AS-TEZ-1014,ORS Sachets,DRG-001,Essential,2637,500,5000,sachets,2026-09-02,2027-03-07
PHC-AS-TEZ-1014,Zinc Sulfate 20mg,DRG-002,Essential,984,200,2000,tablets,2026-08-21,2027-09-26
PHC-AS-TEZ-1014,Paracetamol 500mg,DRG-003,Analgesic,6559,1000,10000,tablets,2026-08-01,2027-08-06
PHC-AS-TEZ-1014,Amoxicillin 500mg,DRG-004,Antibiotic,2959,300,3000,capsules,2026-08-22,2027-09-04
PHC-AS-TEZ-1014,Polyvalent Anti-Snake Venom (ASV),DRG-005,Antivenom,44,10,50,vials,2026-08-29,2027-07-12
PHC-AS-TEZ-1014,Salbutamol Nebules,DRG-006,Respiratory,208,50,500,ampoules,2026-09-04,2027-06-07
PHC-AS-TEZ-1014,Doxycycline 100mg,DRG-007,Antibiotic,983,200,2000,tablets,2026-09-01,2027-01-17
PHC-AS-TEZ-1014,Iron Folic Acid tablets,DRG-008,Supplement,1399,500,5000,tablets,2026-08-09,2026-11-09
PHC-AS-TEZ-1014,Metformin 500mg,DRG-009,Anti-diabetic,2857,300,3000,tablets,2026-08-10,2027-03-26
PHC-AS-TEZ-1014,Amlodipine 5mg,DRG-010,Cardiovascular,1901,200,2000,tablets,2026-08-12,2026-12-16
PHC-AS-TEZ-1015,ORS Sachets,DRG-001,Essential,1171,500,5000,sachets,2026-08-05,2027-02-20
PHC-AS-TEZ-1015,Zinc Sulfate 20mg,DRG-002,Essential,694,200,2000,tablets,2026-09-10,2027-05-10
PHC-AS-TEZ-1015,Paracetamol 500mg,DRG-003,Analgesic,1706,1000,10000,tablets,2026-08-01,2026-11-21
PHC-AS-TEZ-1015,Amoxicillin 500mg,DRG-004,Antibiotic,1668,300,3000,capsules,2026-09-19,2027-03-04
PHC-AS-TEZ-1015,Polyvalent Anti-Snake Venom (ASV),DRG-005,Antivenom,12,10,50,vials,2026-09-19,2026-11-30
PHC-AS-TEZ-1015,Salbutamol Nebules,DRG-006,Respiratory,158,50,500,ampoules,2026-08-13,2026-12-23
PHC-AS-TEZ-1015,Doxycycline 100mg,DRG-007,Antibiotic,734,200,2000,tablets,2026-08-03,2027-03-19
PHC-AS-TEZ-1015,Iron Folic Acid tablets,DRG-008,Supplement,3083,500,5000,tablets,2026-08-22,2027-02-10
PHC-AS-TEZ-1015,Metformin 500mg,DRG-009,Anti-diabetic,1388,300,3000,tablets,2026-08-13,2027-08-21
PHC-AS-TEZ-1015,Amlodipine 5mg,DRG-010,Cardiovascular,1037,200,2000,tablets,2026-08-05,2027-06-13
PHC-AS-TEZ-1016,ORS Sachets,DRG-001,Essential,186,500,5000,sachets,2026-08-08,2026-11-19
PHC-AS-TEZ-1016,Zinc Sulfate 20mg,DRG-002,Essential,167,200,2000,tablets,2026-08-21,2027-03-10
PHC-AS-TEZ-1016,Paracetamol 500mg,DRG-003,Analgesic,967,1000,10000,tablets,2026-09-02,2027-04-17
PHC-AS-TEZ-1016,Amoxicillin 500mg,DRG-004,Antibiotic,205,300,3000,capsules,2026-09-03,2027-07-22
PHC-AS-TEZ-1016,Polyvalent Anti-Snake Venom (ASV),DRG-005,Antivenom,2,10,50,vials,2026-09-05,2027-04-04
PHC-AS-TEZ-1016,Salbutamol Nebules,DRG-006,Respiratory,45,50,500,ampoules,2026-08-27,2026-12-18
PHC-AS-TEZ-1016,Doxycycline 100mg,DRG-007,Antibiotic,183,200,2000,tablets,2026-08-19,2027-09-05
PHC-AS-TEZ-1016,Iron Folic Acid tablets,DRG-008,Supplement,429,500,5000,tablets,2026-09-18,2027-09-03
PHC-AS-TEZ-1016,Metformin 500mg,DRG-009,Anti-diabetic,272,300,3000,tablets,2026-08-13,2027-02-17
PHC-AS-TEZ-1016,Amlodipine 5mg,DRG-010,Cardiovascular,109,200,2000,tablets,2026-08-31,2027-04-14
PHC-AS-TEZ-1017,ORS Sachets,DRG-001,Essential,3417,500,5000,sachets,2026-09-18,2026-11-28
PHC-AS-TEZ-1017,Zinc Sulfate 20mg,DRG-002,Essential,247,200,2000,tablets,2026-08-29,2027-05-03
PHC-AS-TEZ-1017,Paracetamol 500mg,DRG-003,Analgesic,8821,1000,10000,tablets,2026-09-03,2027-01-10
PHC-AS-TEZ-1017,Amoxicillin 500mg,DRG-004,Antibiotic,1144,300,3000,capsules,2026-09-19,2026-12-28
PHC-AS-TEZ-1017,Polyvalent Anti-Snake Venom (ASV),DRG-005,Antivenom,45,10,50,vials,2026-08-17,2027-06-24
PHC-AS-TEZ-1017,Salbutamol Nebules,DRG-006,Respiratory,324,50,500,ampoules,2026-09-22,2027-04-22
PHC-AS-TEZ-1017,Doxycycline 100mg,DRG-007,Antibiotic,1087,200,2000,tablets,2026-09-11,2027-08-26
PHC-AS-TEZ-1017,Iron Folic Acid tablets,DRG-008,Supplement,2350,500,5000,tablets,2026-08-28,2027-01-18
PHC-AS-TEZ-1017,Metformin 500mg,DRG-009,Anti-diabetic,394,300,3000,tablets,2026-09-10,2027-02-17
PHC-AS-TEZ-1017,Amlodipine 5mg,DRG-010,Cardiovascular,689,200,2000,tablets,2026-09-09,2026-10-29
PHC-AS-TEZ-1018,ORS Sachets,DRG-001,Essential,1219,500,5000,sachets,2026-08-05,2026-11-17
PHC-AS-TEZ-1018,Zinc Sulfate 20mg,DRG-002,Essential,232,200,2000,tablets,2026-08-24,2027-03-08
PHC-AS-TEZ-1018,Paracetamol 500mg,DRG-003,Analgesic,3906,1000,10000,tablets,2026-08-19,2027-02-23
PHC-AS-TEZ-1018,Amoxicillin 500mg,DRG-004,Antibiotic,1606,300,3000,capsules,2026-09-16,2026-11-04
PHC-AS-TEZ-1018,Polyvalent Anti-Snake Venom (ASV),DRG-005,Antivenom,37,10,50,vials,2026-09-21,2026-11-20
PHC-AS-TEZ-1018,Salbutamol Nebules,DRG-006,Respiratory,282,50,500,ampoules,2026-08-24,2027-01-08
PHC-AS-TEZ-1018,Doxycycline 100mg,DRG-007,Antibiotic,1302,200,2000,tablets,2026-09-04,2027-09-26
PHC-AS-TEZ-1018,Iron Folic Acid tablets,DRG-008,Supplement,2625,500,5000,tablets,2026-08-08,2027-07-02
PHC-AS-TEZ-1018,Metformin 500mg,DRG-009,Anti-diabetic,1613,300,3000,tablets,2026-08-27,2027-04-13
PHC-AS-TEZ-1018,Amlodipine 5mg,DRG-010,Cardiovascular,1372,200,2000,tablets,2026-08-06,2027-06-02
PHC-AS-TEZ-1019,ORS Sachets,DRG-001,Essential,4917,500,5000,sachets,2026-09-02,2027-01-24
PHC-AS-TEZ-1019,Zinc Sulfate 20mg,DRG-002,Essential,1138,200,2000,tablets,2026-08-10,2027-06-19
PHC-AS-TEZ-1019,Paracetamol 500mg,DRG-003,Analgesic,6166,1000,10000,tablets,2026-08-14,2026-11-30
PHC-AS-TEZ-1019,Amoxicillin 500mg,DRG-004,Antibiotic,1443,300,3000,capsules,2026-09-20,2027-05-18
PHC-AS-TEZ-1019,Polyvalent Anti-Snake Venom (ASV),DRG-005,Antivenom,18,10,50,vials,2026-08-02,2027-01-11
PHC-AS-TEZ-1019,Salbutamol Nebules,DRG-006,Respiratory,52,50,500,ampoules,2026-08-20,2027-07-26
PHC-AS-TEZ-1019,Doxycycline 100mg,DRG-007,Antibiotic,1775,200,2000,tablets,2026-09-06,2027-04-02
PHC-AS-TEZ-1019,Iron Folic Acid tablets,DRG-008,Supplement,4768,500,5000,tablets,2026-09-21,2026-11-03
PHC-AS-TEZ-1019,Metformin 500mg,DRG-009,Anti-diabetic,1575,300,3000,tablets,2026-08-09,2027-02-10
PHC-AS-TEZ-1019,Amlodipine 5mg,DRG-010,Cardiovascular,1222,200,2000,tablets,2026-09-15,2027-01-14
PHC-AS-TEZ-1020,ORS Sachets,DRG-001,Essential,2760,500,5000,sachets,2026-09-19,2026-12-30
PHC-AS-TEZ-1020,Zinc Sulfate 20mg,DRG-002,Essential,933,200,2000,tablets,2026-08-19,2027-04-05
PHC-AS-TEZ-1020,Paracetamol 500mg,DRG-003,Analgesic,9159,1000,10000,tablets,2026-09-09,2027-08-31
PHC-AS-TEZ-1020,Amoxicillin 500mg,DRG-004,Antibiotic,966,300,3000,capsules,2026-08-28,2027-05-04
PHC-AS-TEZ-1020,Polyvalent Anti-Snake Venom (ASV),DRG-005,Antivenom,34,10,50,vials,2026-09-09,2027-02-16
PHC-AS-TEZ-1020,Salbutamol Nebules,DRG-006,Respiratory,186,50,500,ampoules,2026-09-17,2027-05-19
PHC-AS-TEZ-1020,Doxycycline 100mg,DRG-007,Antibiotic,1679,200,2000,tablets,2026-08-08,2027-01-08
PHC-AS-TEZ-1020,Iron Folic Acid tablets,DRG-008,Supplement,4723,500,5000,tablets,2026-09-05,2027-08-02
PHC-AS-TEZ-1020,Metformin 500mg,DRG-009,Anti-diabetic,1077,300,3000,tablets,2026-08-11,2026-12-13
PHC-AS-TEZ-1020,Amlodipine 5mg,DRG-010,Cardiovascular,908,200,2000,tablets,2026-08-12,2027-08-23
PHC-AS-TEZ-1021,ORS Sachets,DRG-001,Essential,14,500,5000,sachets,2026-09-24,2027-03-18
PHC-AS-TEZ-1021,Zinc Sulfate 20mg,DRG-002,Essential,11,200,2000,tablets,2026-08-08,2026-12-30
PHC-AS-TEZ-1021,Paracetamol 500mg,DRG-003,Analgesic,32,1000,10000,tablets,2026-08-28,2027-06-22
PHC-AS-TEZ-1021,Amoxicillin 500mg,DRG-004,Antibiotic,50,300,3000,capsules,2026-08-17,2027-01-08
PHC-AS-TEZ-1021,Polyvalent Anti-Snake Venom (ASV),DRG-005,Antivenom,0,10,50,vials,2026-09-12,2027-09-13
PHC-AS-TEZ-1021,Salbutamol Nebules,DRG-006,Respiratory,8,50,500,ampoules,2026-08-09,2026-11-23
PHC-AS-TEZ-1021,Doxycycline 100mg,DRG-007,Antibiotic,27,200,2000,tablets,2026-08-02,2027-04-06
PHC-AS-TEZ-1021,Iron Folic Acid tablets,DRG-008,Supplement,55,500,5000,tablets,2026-09-13,2027-02-02
PHC-AS-TEZ-1021,Metformin 500mg,DRG-009,Anti-diabetic,59,300,3000,tablets,2026-09-14,2027-09-23
PHC-AS-TEZ-1021,Amlodipine 5mg,DRG-010,Cardiovascular,6,200,2000,tablets,2026-09-11,2027-01-26
PHC-AS-TEZ-1022,ORS Sachets,DRG-001,Essential,1358,500,5000,sachets,2026-08-12,2027-03-15
PHC-AS-TEZ-1022,Zinc Sulfate 20mg,DRG-002,Essential,646,200,2000,tablets,2026-08-07,2027-04-04
PHC-AS-TEZ-1022,Paracetamol 500mg,DRG-003,Analgesic,4009,1000,10000,tablets,2026-08-17,2027-09-25
PHC-AS-TEZ-1022,Amoxicillin 500mg,DRG-004,Antibiotic,2617,300,3000,capsules,2026-08-07,2026-12-31
PHC-AS-TEZ-1022,Polyvalent Anti-Snake Venom (ASV),DRG-005,Antivenom,20,10,50,vials,2026-08-10,2027-03-16
PHC-AS-TEZ-1022,Salbutamol Nebules,DRG-006,Respiratory,137,50,500,ampoules,2026-08-17,2027-01-29
PHC-AS-TEZ-1022,Doxycycline 100mg,DRG-007,Antibiotic,534,200,2000,tablets,2026-09-18,2027-07-08
PHC-AS-TEZ-1022,Iron Folic Acid tablets,DRG-008,Supplement,2075,500,5000,tablets,2026-08-15,2027-04-18
PHC-AS-TEZ-1022,Metformin 500mg,DRG-009,Anti-diabetic,1980,300,3000,tablets,2026-09-17,2027-02-23
PHC-AS-TEZ-1022,Amlodipine 5mg,DRG-010,Cardiovascular,1924,200,2000,tablets,2026-08-05,2027-04-07
PHC-AS-TEZ-1023,ORS Sachets,DRG-001,Essential,4754,500,5000,sachets,2026-08-28,2027-09-24
PHC-AS-TEZ-1023,Zinc Sulfate 20mg,DRG-002,Essential,348,200,2000,tablets,2026-08-19,2027-05-10
PHC-AS-TEZ-1023,Paracetamol 500mg,DRG-003,Analgesic,5683,1000,10000,tablets,2026-08-02,2027-07-29
PHC-AS-TEZ-1023,Amoxicillin 500mg,DRG-004,Antibiotic,1931,300,3000,capsules,2026-08-20,2027-01-16
PHC-AS-TEZ-1023,Polyvalent Anti-Snake Venom (ASV),DRG-005,Antivenom,42,10,50,vials,2026-08-31,2027-02-12
PHC-AS-TEZ-1023,Salbutamol Nebules,DRG-006,Respiratory,191,50,500,ampoules,2026-08-27,2026-12-18
PHC-AS-TEZ-1023,Doxycycline 100mg,DRG-007,Antibiotic,1582,200,2000,tablets,2026-08-08,2026-12-14
PHC-AS-TEZ-1023,Iron Folic Acid tablets,DRG-008,Supplement,4519,500,5000,tablets,2026-08-05,2027-05-27
PHC-AS-TEZ-1023,Metformin 500mg,DRG-009,Anti-diabetic,1879,300,3000,tablets,2026-09-23,2026-12-24
PHC-AS-TEZ-1023,Amlodipine 5mg,DRG-010,Cardiovascular,336,200,2000,tablets,2026-08-10,2026-12-21
PHC-AS-TEZ-1024,ORS Sachets,DRG-001,Essential,851,500,5000,sachets,2026-08-23,2026-12-21
PHC-AS-TEZ-1024,Zinc Sulfate 20mg,DRG-002,Essential,639,200,2000,tablets,2026-07-31,2027-02-19
PHC-AS-TEZ-1024,Paracetamol 500mg,DRG-003,Analgesic,6670,1000,10000,tablets,2026-09-04,2027-04-03
PHC-AS-TEZ-1024,Amoxicillin 500mg,DRG-004,Antibiotic,1655,300,3000,capsules,2026-08-19,2027-01-30
PHC-AS-TEZ-1024,Polyvalent Anti-Snake Venom (ASV),DRG-005,Antivenom,47,10,50,vials,2026-08-19,2027-05-23
PHC-AS-TEZ-1024,Salbutamol Nebules,DRG-006,Respiratory,276,50,500,ampoules,2026-08-26,2026-12-04
PHC-AS-TEZ-1024,Doxycycline 100mg,DRG-007,Antibiotic,979,200,2000,tablets,2026-08-31,2027-05-03
PHC-AS-TEZ-1024,Iron Folic Acid tablets,DRG-008,Supplement,4996,500,5000,tablets,2026-08-20,2027-03-06
PHC-AS-TEZ-1024,Metformin 500mg,DRG-009,Anti-diabetic,1939,300,3000,tablets,2026-08-29,2026-12-06
PHC-AS-TEZ-1024,Amlodipine 5mg,DRG-010,Cardiovascular,552,200,2000,tablets,2026-08-16,2027-06-25
PHC-AS-TEZ-1025,ORS Sachets,DRG-001,Essential,3028,500,5000,sachets,2026-08-05,2027-08-24
PHC-AS-TEZ-1025,Zinc Sulfate 20mg,DRG-002,Essential,1233,200,2000,tablets,2026-08-15,2027-01-14
PHC-AS-TEZ-1025,Paracetamol 500mg,DRG-003,Analgesic,6225,1000,10000,tablets,2026-08-31,2027-07-19
PHC-AS-TEZ-1025,Amoxicillin 500mg,DRG-004,Antibiotic,1464,300,3000,capsules,2026-08-16,2027-04-25
PHC-AS-TEZ-1025,Polyvalent Anti-Snake Venom (ASV),DRG-005,Antivenom,37,10,50,vials,2026-09-07,2027-03-28
PHC-AS-TEZ-1025,Salbutamol Nebules,DRG-006,Respiratory,399,50,500,ampoules,2026-08-25,2027-02-23
PHC-AS-TEZ-1025,Doxycycline 100mg,DRG-007,Antibiotic,983,200,2000,tablets,2026-08-21,2027-08-13
PHC-AS-TEZ-1025,Iron Folic Acid tablets,DRG-008,Supplement,1025,500,5000,tablets,2026-09-05,2026-11-14
PHC-AS-TEZ-1025,Metformin 500mg,DRG-009,Anti-diabetic,2583,300,3000,tablets,2026-09-04,2027-07-26
PHC-AS-TEZ-1025,Amlodipine 5mg,DRG-010,Cardiovascular,1478,200,2000,tablets,2026-08-02,2027-08-03
PHC-AS-TEZ-1026,ORS Sachets,DRG-001,Essential,246,500,5000,sachets,2026-08-14,2027-07-22
PHC-AS-TEZ-1026,Zinc Sulfate 20mg,DRG-002,Essential,100,200,2000,tablets,2026-08-07,2027-04-18
PHC-AS-TEZ-1026,Paracetamol 500mg,DRG-003,Analgesic,734,1000,10000,tablets,2026-09-14,2027-08-16
PHC-AS-TEZ-1026,Amoxicillin 500mg,DRG-004,Antibiotic,105,300,3000,capsules,2026-08-02,2027-05-22
PHC-AS-TEZ-1026,Polyvalent Anti-Snake Venom (ASV),DRG-005,Antivenom,1,10,50,vials,2026-08-09,2026-11-15
PHC-AS-TEZ-1026,Salbutamol Nebules,DRG-006,Respiratory,21,50,500,ampoules,2026-08-18,2026-12-19
PHC-AS-TEZ-1026,Doxycycline 100mg,DRG-007,Antibiotic,166,200,2000,tablets,2026-08-04,2027-01-02
PHC-AS-TEZ-1026,Iron Folic Acid tablets,DRG-008,Supplement,340,500,5000,tablets,2026-08-30,2027-01-13
PHC-AS-TEZ-1026,Metformin 500mg,DRG-009,Anti-diabetic,75,300,3000,tablets,2026-09-12,2026-11-29
PHC-AS-TEZ-1026,Amlodipine 5mg,DRG-010,Cardiovascular,198,200,2000,tablets,2026-09-09,2027-01-19
PHC-AS-TEZ-1027,ORS Sachets,DRG-001,Essential,3171,500,5000,sachets,2026-08-01,2027-02-09
PHC-AS-TEZ-1027,Zinc Sulfate 20mg,DRG-002,Essential,1841,200,2000,tablets,2026-09-24,2027-08-12
PHC-AS-TEZ-1027,Paracetamol 500mg,DRG-003,Analgesic,6994,1000,10000,tablets,2026-08-15,2027-03-18
PHC-AS-TEZ-1027,Amoxicillin 500mg,DRG-004,Antibiotic,2534,300,3000,capsules,2026-08-24,2027-05-16
PHC-AS-TEZ-1027,Polyvalent Anti-Snake Venom (ASV),DRG-005,Antivenom,13,10,50,vials,2026-08-31,2027-04-01
PHC-AS-TEZ-1027,Salbutamol Nebules,DRG-006,Respiratory,336,50,500,ampoules,2026-09-14,2027-06-22
PHC-AS-TEZ-1027,Doxycycline 100mg,DRG-007,Antibiotic,1273,200,2000,tablets,2026-09-16,2027-05-31
PHC-AS-TEZ-1027,Iron Folic Acid tablets,DRG-008,Supplement,1462,500,5000,tablets,2026-08-19,2027-03-21
PHC-AS-TEZ-1027,Metformin 500mg,DRG-009,Anti-diabetic,2199,300,3000,tablets,2026-08-28,2027-06-17
PHC-AS-TEZ-1027,Amlodipine 5mg,DRG-010,Cardiovascular,1909,200,2000,tablets,2026-08-15,2027-07-27
PHC-AS-TEZ-1028,ORS Sachets,DRG-001,Essential,981,500,5000,sachets,2026-09-01,2027-01-27
PHC-AS-TEZ-1028,Zinc Sulfate 20mg,DRG-002,Essential,1833,200,2000,tablets,2026-08-27,2027-03-19
PHC-AS-TEZ-1028,Paracetamol 500mg,DRG-003,Analgesic,1436,1000,10000,tablets,2026-09-10,2027-01-31
PHC-AS-TEZ-1028,Amoxicillin 500mg,DRG-004,Antibiotic,420,300,3000,capsules,2026-08-16,2027-09-08
PHC-AS-TEZ-1028,Polyvalent Anti-Snake Venom (ASV),DRG-005,Antivenom,13,10,50,vials,2026-08-30,2026-11-09
PHC-AS-TEZ-1028,Salbutamol Nebules,DRG-006,Respiratory,144,50,500,ampoules,2026-08-21,2027-03-25
PHC-AS-TEZ-1028,Doxycycline 100mg,DRG-007,Antibiotic,1838,200,2000,tablets,2026-09-15,2027-09-14
PHC-AS-TEZ-1028,Iron Folic Acid tablets,DRG-008,Supplement,4268,500,5000,tablets,2026-09-09,2027-03-06
PHC-AS-TEZ-1028,Metformin 500mg,DRG-009,Anti-diabetic,2109,300,3000,tablets,2026-09-07,2027-01-03
PHC-AS-TEZ-1028,Amlodipine 5mg,DRG-010,Cardiovascular,896,200,2000,tablets,2026-08-20,2027-06-10
PHC-AS-TEZ-1029,ORS Sachets,DRG-001,Essential,3067,500,5000,sachets,2026-08-18,2027-03-14
PHC-AS-TEZ-1029,Zinc Sulfate 20mg,DRG-002,Essential,1087,200,2000,tablets,2026-09-10,2027-01-24
PHC-AS-TEZ-1029,Paracetamol 500mg,DRG-003,Analgesic,3046,1000,10000,tablets,2026-09-03,2027-06-26
PHC-AS-TEZ-1029,Amoxicillin 500mg,DRG-004,Antibiotic,1836,300,3000,capsules,2026-09-20,2027-04-03
PHC-AS-TEZ-1029,Polyvalent Anti-Snake Venom (ASV),DRG-005,Antivenom,27,10,50,vials,2026-09-03,2027-09-14
PHC-AS-TEZ-1029,Salbutamol Nebules,DRG-006,Respiratory,412,50,500,ampoules,2026-08-04,2027-01-08
PHC-AS-TEZ-1029,Doxycycline 100mg,DRG-007,Antibiotic,873,200,2000,tablets,2026-09-23,2027-04-26
PHC-AS-TEZ-1029,Iron Folic Acid tablets,DRG-008,Supplement,3580,500,5000,tablets,2026-09-07,2027-01-16
PHC-AS-TEZ-1029,Metformin 500mg,DRG-009,Anti-diabetic,2399,300,3000,tablets,2026-09-17,2027-07-09
PHC-AS-TEZ-1029,Amlodipine 5mg,DRG-010,Cardiovascular,852,200,2000,tablets,2026-08-27,2026-11-03
